complaint_id,txn_id,user_id,merchant_id,merchant_category,transaction_timestamp,reported_timestamp,bank_response_timestamp,reporting_delay_days,disputed_amount,amount_imputed,reason_category,complaint_text,severity,resolution_status,channel,txn_link_valid
CBK0002082,TXN00004325,USR97580,MCH1127,Telecom,2026-01-28 00:00:00,2026-02-01 00:00:00,2026-02-10 03:19:10,4.0,20243.78,True,Service & Delivery Failure,Customer says amount was debited twice.,Critical,CLOSED,Ivr,True
CBK0001941,TXN00003720,USR54113,MCH3835,Grocery,2026-02-25 10:24:00,2026-03-05 06:24:15,2026-03-12 06:24:00,7.833506944444444,414.69,False,Fraud & Account Takeover,User reports money deducted but merchant denies receiving payment.,High,IN_PROGRESS,Call Center,True
CBK0001799,TXN00012539,USR17980,MCH3700,Transportation,2026-02-04 00:00:00,2026-02-05 00:00:00,2026-03-06 00:00:00,1.0,7039.0,False,Customer General Dispute,merchant service was not delivered after payment.,Low,IN_PROGRESS,Ivr,True
CBK0002465,TXN00017802,USR76148,MCH4534,Miscellaneous Retail,2026-03-30 00:00:00,2026-04-01 00:00:00,2026-04-07 00:00:00,2.0,1303.05,False,Service & Delivery Failure,Suspicious high-value payment disputed by customer. pls check asap,High,REJECTED,Ivr,True
CBK0001870,TXN00015944,USR24660,MCH1686,Transportation,2026-01-09 00:00:00,2026-01-14 21:01:41,2026-01-26 00:00:00,5.876168981481482,1459.42,False,Service & Delivery Failure,Merchant service was not delivered after payment.,Low,IN_PROGRESS,App,True
CBK0002663,TXN00009741,USR40631,MCH9584,Restaurant,2026-02-05 00:00:00,2026-02-06 00:00:00,2026-02-23 00:00:00,1.0,548.0,False,Service & Delivery Failure,Complaint received after multiple failed attempts. urgent,Low,CLOSED,Branch,True
CBK0000782,TXN00015086,USR58789,MCH6008,Transportation,2026-02-05 00:00:00,2026-02-10 00:00:00,2026-03-03 00:00:00,5.0,1949.6,False,Duplicate Debit & Billing,User says UPI PIN was not entered by them.,Medium,IN_PROGRESS,Chatbot,True
CBK0001838,TXN00014426,USR30157,MCH4526,Grocery,2026-03-26 10:17:08,2026-04-06 04:17:08,2026-04-18 00:00:00,10.75,4193.52,False,Service & Delivery Failure,Merchant service was not delivered after payment. details missing,Medium,IN_PROGRESS,Chatbot,True
CBK0001095,TXN00015316,USR86750,MCH5980,Transportation,2026-01-12 00:00:00,2026-01-13 00:00:00,2026-01-14 00:00:00,1.0,930.83,False,Customer General Dispute,Customer complaint text unclear due to poor call center notes.,High,IN_PROGRESS,Branch,True
CBK0002541,TXN00002822,USR11987,MCH3992,Miscellaneous Retail,2026-03-18 10:04:06,2026-03-23 00:00:00,2026-03-30 00:00:00,4.580486111111111,5724.63,True,Fraud & Account Takeover,User claims account was compromised before transaction.,High,IN_PROGRESS,Ivr,True
CBK0001147,TXN00002456,USR89588,MCH2614,Grocery,2026-02-10 03:16:00,2026-02-12 00:00:00,2026-03-12 14:16:00,1.863888888888889,1805.23,False,Duplicate Debit & Billing,customer says amount was debited twice.,Low,IN_PROGRESS,Chatbot,True
CBK0001137,TXN00015627,USR35882,MCH8913,Transportation,2026-01-21 01:07:00,2026-01-21 00:00:00,2026-02-06 08:07:54,-0.04652777777777778,4853.7,False,Customer General Dispute,Customer says amount was debited twice.,Medium,RESOLVED,Chatbot,True
CBK0002213,TXN00009870,USR79046,MCH8457,Grocery,2026-01-02 00:00:00,2026-02-17 00:00:00,,46.0,12334.0,False,Service & Delivery Failure,Merchant service was not delivered after payment.,Medium,IN_PROGRESS,Ivr,True
CBK0000946,TXN00013141,USR22644,MCH9193,Restaurant,2026-01-26 00:00:00,2026-01-31 14:01:41,,5.584502314814815,7638.7,False,Fraud & Account Takeover,MERCHANT SERVICE WAS NOT DELIVERED AFTER PAYMENT.,Critical,IN_PROGRESS,Email,True
CBK0002366,TXN00012165,USR98915,MCH6399,Grocery,2026-02-20 00:00:00,2026-02-20 00:00:00,2026-02-23 21:48:00,0.0,8602.12,True,Fraud & Account Takeover,Customer says transaction was not authorized.,Low,IN_PROGRESS,Call Center,True
CBK0002026,TXN00019737,USR27262,MCH4852,Grocery,2026-01-13 00:00:00,2026-01-23 00:00:00,2026-02-11 19:25:13,10.0,174.11,False,Duplicate Debit & Billing,Merchant service was not delivered after payment.,Medium,RESOLVED,Ivr,True
CBK0001099,TXN00011289,USR94570,MCH4545,Pharmacy,2026-01-30 04:49:00,2026-02-04 00:00:00,2026-02-28 00:00:00,4.799305555555556,305.0,False,Fraud & Account Takeover,Payment made to unknown merchant as per customer statement.,Critical,CLOSED,Ivr,True
CBK0001197,TXN00006253,USR19220,MCH7286,Restaurant,2026-01-08 00:00:00,2026-01-10 00:00:00,2026-01-20 14:43:26,2.0,4952.0,False,Customer General Dispute,Complaint received after multiple failed attempts.,Medium,REJECTED,Chatbot,True
CBK0002347,TXN00010961,USR55439,MCH7581,Transportation,2026-02-13 00:00:00,2026-03-15 00:00:00,,30.0,1126.18,False,Duplicate Debit & Billing,Customer says transaction was not authorized.,Low,REJECTED,Branch,True
CBK0000289,TXN00005764,USR38028,MCH6758,Transportation,2026-03-12 23:03:00,,,,513.84,False,Fraud & Account Takeover,User claims account was compromised before transaction.,Medium,REJECTED,Chatbot,True
CBK0002002,TXN00010298,USR97772,MCH5269,Grocery,2026-01-03 00:00:00,2026-01-08 00:00:00,2026-02-03 23:32:04,5.0,534.44,False,Service & Delivery Failure,Merchant service was not delivered after payment. urgent,Critical,IN_PROGRESS,Chatbot,True
CBK0000512,TXN00014054,USR27947,MCH7667,Restaurant,2026-01-21 00:00:00,2026-01-26 00:00:00,2026-01-30 00:00:00,5.0,4010.97,False,Fraud & Account Takeover,Customer says amount was debited twice.,Low,CLOSED,Chatbot,True
CBK0001155,TXN00010146,USR94690,MCH3957,Hotel & Lodging,2026-02-09 19:16:42,,2026-02-23 06:16:42,,2637.93,False,Fraud & Account Takeover,Payment made to unknown merchant as per customer statement.,Medium,IN_PROGRESS,Ivr,True
CBK0001330,TXN00005940,USR67471,MCH8738,Hotel & Lodging,2026-03-14 00:34:00,2026-03-15 12:34:00,2026-03-27 00:00:00,1.5,1360.01,False,Duplicate Debit & Billing,Suspicious high-value payment disputed by customer.,Medium,IN_PROGRESS,Chatbot,True
CBK0000259,TXN00017504,USR24872,MCH9291,Restaurant,2026-01-22 00:00:00,2026-01-30 09:27:00,2026-02-13 00:00:00,8.39375,12647.35,False,Fraud & Account Takeover,merchant service was not delivered after payment.,Low,IN_PROGRESS,Chatbot,True
CBK0000164,TXN00010786,USR79443,MCH3729,Grocery,2026-01-08 02:00:24,2026-01-18 00:00:00,2026-01-23 04:00:24,9.91638888888889,2135.0,True,Duplicate Debit & Billing,Payment made to unknown merchant as per customer statement.,Medium,CLOSED,Ivr,True
CBK0000681,TXN00006290,USR89588,MCH9105,Grocery,2026-01-28 00:00:00,2026-02-02 00:00:00,2026-02-28 00:00:00,5.0,11310.86,True,Duplicate Debit & Billing,Merchant service was not delivered after payment.,Low,REJECTED,Ivr,True
CBK0002683,TXN00004094,USR73891,MCH8154,Grocery,2026-01-08 00:00:00,2026-01-06 00:00:00,2026-01-21 00:00:00,-2.0,2519.45,False,Duplicate Debit & Billing,suspicious high-value payment disputed by customer.,High,IN_PROGRESS,Ivr,True
CBK0002792,TXN00005061,USR22154,MCH9022,Grocery,2026-02-28 13:16:03,2026-03-02 00:00:00,2026-03-30 00:00:00,1.4471875,1535.65,False,Fraud & Account Takeover,Customer says amount was debited twice.,High,REJECTED,Chatbot,True
CBK0000594,TXN00065742,USR32980,MCH7020,Department Store,2026-02-19 00:00:00,,2026-02-24 00:00:00,,470.0,False,Service & Delivery Failure,suspicious high-value payment disputed by customer.,Medium,CLOSED,Email,False
CBK0001247,TXN00003165,USR41524,MCH2342,Pharmacy,2026-01-04 00:00:00,2026-01-09 00:00:00,2026-02-03 00:00:00,5.0,2714.54,False,Fraud & Account Takeover,Suspicious high-value payment disputed by customer.,Medium,RESOLVED,Call Center,True
CBK0000566,TXN00000086,USR11727,MCH4948,Grocery,2026-02-23 00:00:00,2026-02-24 02:13:00,2026-03-15 00:00:00,1.0923611111111111,411.83,False,Fraud & Account Takeover,User says UPI PIN was not entered by them.,High,REJECTED,Chatbot,True
CBK0002764,TXN00014418,USR71468,MCH6403,Grocery,2026-03-03 00:00:00,2026-03-05 00:00:00,,2.0,1393.43,False,Service & Delivery Failure,customer complaint text unclear due to poor call center notes.,Medium,IN_PROGRESS,Email,True
CBK0000023,TXN00001464,USR92751,MCH2757,Grocery,2026-03-14 00:00:00,2026-04-13 00:00:00,2026-04-16 00:00:00,30.0,1112.83,False,Service & Delivery Failure,MERCHANT SERVICE WAS NOT DELIVERED AFTER PAYMENT.,Medium,RESOLVED,Ivr,True
CBK0000361,TXN00012527,USR24926,MCH7438,Grocery,2026-02-14 00:00:00,2026-02-16 18:13:57,,2.7596875,2311.0,False,Duplicate Debit & Billing,User claims account was compromised before transaction.,Low,CLOSED,Ivr,True
CBK0002544,TXN00018727,USR27888,MCH5076,Hotel & Lodging,2026-03-20 01:26:11,2026-03-25 00:00:00,2026-04-24 20:26:11,4.940150462962963,10161.06,False,Service & Delivery Failure,merchant service was not delivered after payment.,High,IN_PROGRESS,Chatbot,True
CBK0000430,TXN00018881,USR47299,MCH3382,Grocery,2026-02-11 03:20:31,2026-02-26 00:00:00,2026-03-23 06:20:31,14.860752314814814,2108.9,False,Fraud & Account Takeover,Merchant service was not delivered after payment. urgent,High,IN_PROGRESS,Ivr,True
CBK0001264,TXN00008143,USR92737,MCH4183,Restaurant,2026-03-22 17:21:29,2026-03-25 22:21:00,,3.2079976851851852,240.64,False,Fraud & Account Takeover,Merchant service was not delivered after payment.,Low,IN_PROGRESS,Ivr,True
CBK0001919,TXN00005826,USR72795,MCH2259,Hotel & Lodging,2026-01-31 00:00:00,2026-02-04 14:03:00,2026-02-08 00:00:00,4.585416666666666,1770.58,False,Fraud & Account Takeover,Merchant service was not delivered after payment.,Critical,REJECTED,Ivr,True
CBK0000069,TXN00002744,USR21384,MCH4252,Grocery,2026-01-15 01:24:40,,2026-02-11 00:00:00,,840.07,False,Service & Delivery Failure,USER CLAIMS ACCOUNT WAS COMPROMISED BEFORE TRANSACTION.,Critical,IN_PROGRESS,Email,True
CBK0001760,TXN00017025,USR79110,MCH1320,Hotel & Lodging,,2026-03-24 23:17:18,,,19735.18,True,Fraud & Account Takeover,user says upi pin was not entered by them.,Low,RESOLVED,Ivr,True
CBK0002232,TXN00009269,USR99886,MCH1941,Grocery,2026-01-26 19:24:45,2026-01-29 17:24:45,,2.9166666666666665,385.53,False,Service & Delivery Failure,Payment made to unknown merchant as per customer statement.,Medium,CLOSED,Chatbot,True
CBK0002798,TXN00066039,USR24087,MCH6965,Pharmacy,2026-01-14 00:00:00,2026-01-22 06:27:51,2026-02-09 00:00:00,8.269340277777777,1372.0,False,Service & Delivery Failure,User reports money deducted but merchant denies receiving payment.,Low,RESOLVED,Chatbot,False
CBK0000080,TXN00007630,USR70905,MCH7833,Grocery,2026-01-11 19:35:00,2026-01-12 06:35:00,2026-01-24 00:00:00,0.4583333333333333,963.14,False,Duplicate Debit & Billing,user claims account was compromised before transaction.,Low,IN_PROGRESS,Branch,True
CBK0000789,TXN00006632,USR56899,MCH7296,Miscellaneous Retail,2026-03-28 00:00:00,2026-04-03 00:00:00,,6.0,4124.85,False,Fraud & Account Takeover,Merchant service was not delivered after payment.,Low,IN_PROGRESS,Email,True
CBK0002564,TXN00013473,USR78994,MCH2383,Restaurant,2026-02-16 02:17:00,2026-02-26 00:00:00,2026-03-04 00:00:00,9.904861111111112,2485.28,False,Customer General Dispute,Customer says amount was debited twice.,Medium,IN_PROGRESS,Chatbot,True
CBK0000359,TXN00014970,USR35935,MCH3100,Transportation,,2026-02-20 00:00:00,2026-03-12 18:19:47,,3336.7,False,Fraud & Account Takeover,user reports money deducted but merchant denies receiving payment.,Medium,IN_PROGRESS,Chatbot,True
CBK0002003,TXN00015085,USR71636,MCH4256,Transportation,2026-01-16 00:00:00,2026-01-18 06:11:00,2026-02-09 00:00:00,2.2576388888888888,-956.46,False,Service & Delivery Failure,suspicious high-value payment disputed by customer.,Medium,IN_PROGRESS,App,True
CBK0002463,TXN00014364,USR87498,MCH4089,Grocery,2026-01-19 00:00:00,2026-01-21 17:18:16,2026-02-11 00:00:00,2.7210185185185187,2489.04,False,Fraud & Account Takeover,Customer says amount was debited twice.,Low,RESOLVED,Chatbot,True
CBK0001171,TXN00006955,USR26685,MCH3901,Pharmacy,,2026-02-16 16:57:27,2026-02-19 00:00:00,,1336.86,False,Fraud & Account Takeover,payment made to unknown merchant as per customer statement.,Low,IN_PROGRESS,Chatbot,True
CBK0002716,TXN00003119,USR34955,MCH8691,Restaurant,,2026-02-24 21:58:58,,,1198.29,False,Fraud & Account Takeover,Payment made to unknown merchant as per customer statement.,Low,CLOSED,Email,True
CBK0001839,TXN00004638,USR67862,MCH8953,Hotel & Lodging,2026-02-12 09:49:00,2026-02-12 11:49:00,2026-02-17 00:00:00,0.08333333333333333,1651.94,False,Duplicate Debit & Billing,User reports money deducted but merchant denies receiving payment.,High,IN_PROGRESS,Email,True
CBK0002314,TXN00014145,USR21162,MCH2383,Pharmacy,2026-03-09 00:00:00,2026-03-10 21:03:16,2026-04-07 00:00:00,1.8772685185185185,3888.0,False,Fraud & Account Takeover,Complaint received after multiple failed attempts.,Low,CLOSED,Ivr,True
CBK0000406,TXN00007974,USR33394,MCH3064,Hotel & Lodging,,2026-03-11 00:00:00,2026-03-20 06:27:39,,4101.89,False,Duplicate Debit & Billing,user claims account was compromised before transaction.,Low,IN_PROGRESS,Ivr,True
CBK0002718,TXN00013934,USR84084,MCH7370,Hotel & Lodging,2026-02-20 00:00:00,2026-03-22 23:15:17,2026-04-04 00:00:00,30.96894675925926,7727.87,False,Fraud & Account Takeover,User claims account was compromised before transaction.,Low,IN_PROGRESS,Ivr,True
CBK0002400,TXN00015733,USR87357,MCH9878,Restaurant,2026-01-22 00:00:00,2026-01-25 00:00:00,2026-02-22 00:00:00,3.0,2313.86,False,Fraud & Account Takeover,customer complaint text unclear due to poor call center notes.,Medium,CLOSED,Ivr,True
CBK0002758,,USR60667,MCH2383,Telecom,2026-03-23 06:19:08,2026-03-25 00:00:00,2026-04-13 00:00:00,1.736712962962963,1225.29,False,Fraud & Account Takeover,payment made to unknown merchant as per customer statement.,Medium,IN_PROGRESS,Branch,False
CBK0002250,TXN00008645,USR60783,MCH8613,Transportation,2026-01-12 12:57:11,2026-01-19 00:00:00,,6.460289351851852,5443.5,False,Fraud & Account Takeover,PAYMENT MADE TO UNKNOWN MERCHANT AS PER CUSTOMER STATEMENT.,High,CLOSED,Call Center,True
CBK0000661,TXN00012553,USR87727,MCH8876,Restaurant,2026-01-21 17:03:00,2026-01-23 00:00:00,2026-02-15 06:03:00,1.2895833333333333,901.62,False,Service & Delivery Failure,User claims account was compromised before transaction.,Low,RESOLVED,Ivr,True
CBK0001020,TXN00084758,USR36590,MCH1368,Miscellaneous Retail,2026-02-23 00:00:00,2026-02-26 00:00:00,2026-03-15 00:00:00,3.0,,False,Service & Delivery Failure,User says UPI PIN was not entered by them.,High,IN_PROGRESS,Ivr,False
CBK0002104,TXN00006293,USR48479,MCH8779,Pharmacy,2026-01-08 00:00:00,2026-01-19 00:00:00,,11.0,2214.27,False,Duplicate Debit & Billing,Complaint received after multiple failed attempts.,Low,REJECTED,Branch,True
CBK0002572,TXN00002760,USR49176,MCH2925,Restaurant,2026-01-15 14:26:16,2026-01-30 00:00:00,2026-02-09 00:00:00,14.398425925925926,1345.79,False,Fraud & Account Takeover,User says UPI PIN was not entered by them.,Low,RESOLVED,Ivr,True
CBK0000929,TXN00014710,USR38547,MCH5541,Transportation,2026-01-23 13:11:04,2026-02-03 12:11:04,2026-02-04 12:11:00,10.958333333333334,3089.13,False,Fraud & Account Takeover,Merchant service was not delivered after payment.,Medium,IN_PROGRESS,Ivr,True
CBK0002608,TXN00012654,USR13367,MCH8076,Hotel & Lodging,2026-03-29 04:01:37,,2026-04-24 19:01:00,,326.32,False,Fraud & Account Takeover,User claims account was compromised before transaction.,Low,RESOLVED,App,True
CBK0002430,TXN00019681,USR37650,MCH5655,Hotel & Lodging,2026-01-29 00:00:00,2026-02-04 00:00:00,2026-02-15 00:00:00,6.0,9661.7,False,Service & Delivery Failure,Customer says amount was debited twice.,High,RESOLVED,Ivr,True
CBK0002156,TXN00013206,USR11987,MCH6665,Restaurant,2026-01-24 09:52:00,2026-01-25 04:52:00,,0.7916666666666666,26477.69,False,Customer General Dispute,Complaint received after multiple failed attempts.,High,IN_PROGRESS,Email,True
CBK0000366,TXN00002078,USR73403,MCH5076,Grocery,2026-03-02 18:29:32,2026-03-04 00:00:00,,1.2294907407407407,6907.46,False,Duplicate Debit & Billing,Customer says transaction was not authorized.,Low,CLOSED,Call Center,True
CBK0000432,TXN00094213,USR96958,MCH7286,Miscellaneous Retail,2026-01-29 00:00:00,2026-02-01 00:00:00,2026-02-02 00:00:00,3.0,-1411.26,False,Fraud & Account Takeover,User reports money deducted but merchant denies receiving payment.,High,RESOLVED,Email,False
CBK0001972,TXN00001376,USR12133,MCH6555,Grocery,2026-02-01 02:24:08,2026-02-06 04:24:08,,5.083333333333333,1261.15,False,Service & Delivery Failure,Merchant service was not delivered after payment.,Medium,CLOSED,Chatbot,True
CBK0001250,TXN00015587,USR11697,MCH8741,Restaurant,2026-02-02 00:00:00,2026-02-05 00:00:00,,3.0,11364.57,False,Service & Delivery Failure,Complaint received after multiple failed attempts.,Low,IN_PROGRESS,App,True
CBK0001283,TXN00002013,USR31545,MCH5974,Restaurant,,2026-03-04 02:59:29,2026-03-28 00:00:00,,439.0,False,Fraud & Account Takeover,Suspicious high-value payment disputed by customer.,Medium,REJECTED,Call Center,True
CBK0000973,TXN00016040,USR25345,MCH3851,Hotel & Lodging,2026-02-04 00:00:00,2026-02-06 00:00:00,2026-03-07 00:00:00,2.0,3127.0,False,Fraud & Account Takeover,Complaint received after multiple failed attempts.,Low,IN_PROGRESS,Ivr,True
CBK0000578,TXN00006468,USR71457,MCH6810,Grocery,2026-01-09 11:52:43,2026-01-11 20:52:43,2026-01-13 00:00:00,2.375,7884.04,False,Fraud & Account Takeover,Suspicious high-value payment disputed by customer.,Low,IN_PROGRESS,Ivr,True
CBK0001696,TXN00019601,USR19556,MCH5844,Transportation,2026-03-08 00:00:00,2026-03-09 13:14:00,2026-04-03 00:00:00,1.551388888888889,9956.85,False,Fraud & Account Takeover,Suspicious high-value payment disputed by customer.,High,CLOSED,Chatbot,True
CBK0002333,TXN00002832,USR10042,MCH1611,Transportation,2026-03-02 13:26:00,2026-03-05 00:00:00,2026-04-04 00:00:00,2.4402777777777778,8214.17,False,Fraud & Account Takeover,Merchant service was not delivered after payment.,Medium,REJECTED,Ivr,True
CBK0001122,TXN00015275,USR61052,MCH8979,Restaurant,2026-03-07 00:00:00,2026-03-13 16:27:48,2026-04-11 16:27:48,6.685972222222222,320.53,False,Service & Delivery Failure,Complaint received after multiple failed attempts.,Medium,REJECTED,Ivr,True
CBK0000959,TXN00011129,USR50320,MCH6319,Grocery,2026-02-07 00:00:00,2026-03-09 11:52:00,,30.494444444444444,4888.42,False,Fraud & Account Takeover,User reports money deducted but merchant denies receiving payment.,Medium,CLOSED,Email,True
CBK0001968,,USR46599,MCH1320,Apparel,2026-03-21 00:00:00,2026-03-23 00:00:00,2026-04-13 03:36:00,2.0,2799.09,False,Customer General Dispute,Customer says amount was debited twice.,Medium,IN_PROGRESS,Email,False
CBK0001828,TXN00016623,USR59679,MCH8755,Transportation,2026-01-05 00:00:00,2026-01-15 08:21:37,2026-02-03 08:21:37,10.348344907407407,818.66,False,Fraud & Account Takeover,Customer says amount was debited twice. pls check asap,High,IN_PROGRESS,Branch,True
CBK0001654,TXN00012039,USR76792,MCH6492,Grocery,2026-02-05 00:00:00,2026-02-07 05:28:28,2026-02-22 05:28:00,2.228101851851852,966.0,False,Duplicate Debit & Billing,User reports money deducted but merchant denies receiving payment.,High,IN_PROGRESS,Call Center,True
CBK0002440,TXN00014010,USR71922,MCH6703,Pharmacy,2026-01-31 08:39:15,2026-02-01 08:39:00,,0.9998263888888889,1883.55,False,Fraud & Account Takeover,complaint received after multiple failed attempts.,High,IN_PROGRESS,Ivr,True
CBK0001278,TXN00008385,USR17657,MCH3542,Restaurant,2026-02-20 00:00:00,2026-04-06 00:00:00,,45.0,1944.27,False,Customer General Dispute,PAYMENT MADE TO UNKNOWN MERCHANT AS PER CUSTOMER STATEMENT.,Low,RESOLVED,Chatbot,True
CBK0002370,TXN00001816,USR24664,MCH3992,Pharmacy,2026-03-25 00:00:00,2026-03-26 19:41:41,2026-04-13 00:00:00,1.820613425925926,6501.45,False,Duplicate Debit & Billing,Payment made to unknown merchant as per customer statement.,Low,IN_PROGRESS,Call Center,True
CBK0001105,TXN00019695,USR34180,MCH6310,Grocery,2026-03-04 00:00:00,,,,1782.96,False,Duplicate Debit & Billing,User reports money deducted but merchant denies receiving payment.,Medium,IN_PROGRESS,Chatbot,True
CBK0000180,TXN00019503,USR70812,MCH3936,Pharmacy,2026-01-18 00:00:00,2026-01-22 00:00:00,2026-02-02 00:00:00,4.0,1537.27,False,Service & Delivery Failure,user claims account was compromised before transaction.,Low,IN_PROGRESS,Branch,True
CBK0000369,TXN00008758,USR86274,MCH3418,Transportation,2026-03-18 04:15:38,2026-03-20 15:15:38,,2.4583333333333335,11352.0,False,Fraud & Account Takeover,User says UPI PIN was not entered by them.,Medium,IN_PROGRESS,Ivr,True
CBK0002303,TXN00016593,USR96415,MCH1320,Hotel & Lodging,2026-01-11 00:00:00,2026-01-13 00:00:00,2026-01-22 01:23:48,2.0,6511.97,False,Fraud & Account Takeover,Customer complaint text unclear due to poor call center notes.,Medium,RESOLVED,Ivr,True
CBK0001525,TXN00004103,USR18453,MCH7793,Grocery,,2026-01-28 00:00:00,2026-02-01 00:00:00,,4864.83,False,Fraud & Account Takeover,User claims account was compromised before transaction.,Medium,CLOSED,Email,True
CBK0000316,TXN00016400,USR40842,MCH3815,Transportation,2026-03-18 00:00:00,2026-04-18 00:00:00,2026-05-03 00:00:00,31.0,1616.81,False,Duplicate Debit & Billing,COMPLAINT RECEIVED AFTER MULTIPLE FAILED ATTEMPTS.,Medium,RESOLVED,Chatbot,True
CBK0001238,TXN00006193,USR35817,MCH7061,Hotel & Lodging,2026-03-12 00:00:00,2026-03-13 00:00:00,2026-04-10 00:00:00,1.0,26207.56,False,Fraud & Account Takeover,Customer says amount was debited twice.,Low,IN_PROGRESS,App,True
CBK0002585,TXN00018187,USR23937,MCH4560,Restaurant,2026-03-24 00:00:00,2026-03-27 00:00:00,2026-04-14 14:38:55,3.0,1651.6,True,Fraud & Account Takeover,Customer complaint text unclear due to poor call center notes.,Medium,RESOLVED,Chatbot,True
CBK0001427,TXN00019824,USR76289,MCH5563,Pharmacy,2026-01-06 00:00:00,2026-02-05 00:00:00,2026-03-03 08:07:00,30.0,755.08,False,Service & Delivery Failure,Suspicious high-value payment disputed by customer.,Critical,REJECTED,Email,True
CBK0002514,TXN00001801,USR99493,MCH3992,Pharmacy,2026-03-12 14:53:38,,2026-03-19 00:00:00,,4455.8,False,Service & Delivery Failure,Customer says transaction was not authorized.,Low,IN_PROGRESS,Branch,True
CBK0001680,TXN00009645,USR11085,MCH7073,Transportation,2026-01-31 16:31:00,2026-02-02 00:00:00,,1.3118055555555554,3937.19,False,Service & Delivery Failure,Complaint received after multiple failed attempts.,Medium,IN_PROGRESS,Chatbot,True
CBK0002041,TXN00015934,USR69637,MCH2240,Grocery,,2026-03-24 00:00:00,2026-04-17 00:00:00,,1508.23,False,Customer General Dispute,Customer complaint text unclear due to poor call center notes.,High,CLOSED,Chatbot,True
CBK0002780,TXN00040959,USR75376,MCH4293,Miscellaneous Retail,2026-02-26 00:00:00,2026-03-13 00:00:00,,15.0,823.15,False,Service & Delivery Failure,User says UPI PIN was not entered by them.,High,IN_PROGRESS,Chatbot,False
CBK0000294,TXN00019876,USR55690,MCH6739,Miscellaneous Retail,,,2026-03-20 23:37:00,,2134.32,False,Duplicate Debit & Billing,CUSTOMER COMPLAINT TEXT UNCLEAR DUE TO POOR CALL CENTER NOTES.,Low,IN_PROGRESS,Ivr,True
CBK0002617,TXN00016671,USR60544,MCH7838,Grocery,2026-02-09 00:00:00,2026-02-24 00:00:00,2026-03-17 23:17:16,15.0,1587.1,False,Customer General Dispute,User claims account was compromised before transaction.,Low,REJECTED,Call Center,True
CBK0001175,TXN00061071,USR22543,MCH3116,Miscellaneous Retail,2026-02-04 15:43:17,2026-02-10 00:00:00,2026-02-22 11:43:00,5.344942129629629,,False,Customer General Dispute,customer says amount was debited twice.,Critical,IN_PROGRESS,Chatbot,False
CBK0001087,TXN00014733,USR20889,MCH5264,Pharmacy,2026-02-06 00:00:00,2026-02-06 00:00:00,,0.0,1558.23,False,Service & Delivery Failure,Suspicious high-value payment disputed by customer.,High,IN_PROGRESS,Call Center,True
CBK0002077,TXN00005419,USR55970,MCH9128,Pharmacy,2026-01-22 00:00:00,2026-01-30 00:00:00,2026-02-25 00:00:00,8.0,8383.0,False,Fraud & Account Takeover,Payment made to unknown merchant as per customer statement.,Low,REJECTED,Call Center,True
CBK0001820,TXN00007866,USR51854,MCH1450,Telecom,2026-02-21 00:00:00,2026-02-22 00:00:00,2026-03-23 19:57:00,1.0,-2477.45,False,Duplicate Debit & Billing,complaint received after multiple failed attempts.,Low,REJECTED,Email,True
CBK0001018,TXN00018348,USR13510,MCH1320,Transportation,2026-01-28 00:00:00,2026-02-13 05:26:28,2026-02-17 00:00:00,16.226712962962964,1207.49,False,Fraud & Account Takeover,Complaint received after multiple failed attempts.,Low,RESOLVED,App,True
CBK0001949,TXN00000319,USR60096,MCH4998,Pharmacy,2026-02-19 00:00:00,2026-02-24 00:00:00,2026-03-21 00:00:00,5.0,2189.0,False,Customer General Dispute,Customer says amount was debited twice.,Medium,IN_PROGRESS,Email,True
CBK0000860,TXN00007296,USR97580,MCH3701,Grocery,2026-02-04 00:00:00,,,,1425.61,False,Service & Delivery Failure,Suspicious high-value payment disputed by customer.,Medium,IN_PROGRESS,Chatbot,True
CBK0000879,TXN00018041,USR59366,MCH6145,Restaurant,2026-03-14 00:00:00,2026-03-24 00:00:00,2026-03-25 00:00:00,10.0,479.19,False,Fraud & Account Takeover,Customer complaint text unclear due to poor call center notes.,Low,IN_PROGRESS,Ivr,True
CBK0001383,TXN00005315,USR50648,MCH2822,Miscellaneous Retail,2026-03-06 00:00:00,2026-03-12 00:00:00,2026-03-27 05:23:46,6.0,819.89,False,Customer General Dispute,User reports money deducted but merchant denies receiving payment.,Low,IN_PROGRESS,Chatbot,True
CBK0001532,,USR52450,MCH6244,Hotel & Lodging,,2026-03-12 00:00:00,2026-03-30 00:00:00,,3174.58,False,Customer General Dispute,User reports money deducted but merchant denies receiving payment.,Low,REJECTED,Ivr,False
CBK0000448,TXN00013063,USR62513,MCH8391,Department Store,2026-02-14 00:00:00,,2026-02-17 10:59:00,,395.16,False,Service & Delivery Failure,Suspicious high-value payment disputed by customer.,Medium,REJECTED,Email,True
CBK0002336,TXN00014456,USR56287,MCH4473,Grocery,,2026-01-10 09:07:37,2026-02-05 00:00:00,,4534.17,False,Service & Delivery Failure,Merchant service was not delivered after payment.,Low,IN_PROGRESS,Email,True
CBK0001121,TXN00005396,USR14769,MCH8455,Pharmacy,2026-01-23 08:19:00,,,,2926.18,False,Fraud & Account Takeover,Customer says transaction was not authorized.,Medium,IN_PROGRESS,Email,True
CBK0001266,TXN00017098,USR19427,MCH5980,Transportation,2026-01-30 00:00:00,2026-02-02 14:20:47,2026-02-03 00:00:00,3.5977662037037037,1358.37,False,Duplicate Debit & Billing,Complaint received after multiple failed attempts.,Medium,REJECTED,Chatbot,True
CBK0001732,TXN00007456,USR17657,MCH3806,Hotel & Lodging,2026-03-17 00:00:00,2026-03-17 00:00:00,,0.0,2655.0,False,Fraud & Account Takeover,User claims account was compromised before transaction.,Critical,CLOSED,Branch,True
CBK0000575,TXN00009966,USR40897,MCH9575,Pharmacy,2026-02-23 00:00:00,2026-02-23 00:00:00,,0.0,606.33,False,Service & Delivery Failure,merchant service was not delivered after payment.,Critical,REJECTED,Email,True
CBK0002268,TXN00008063,USR89588,MCH1457,Restaurant,2026-03-08 00:00:00,2026-03-19 00:00:00,2026-03-28 00:00:00,11.0,2296.42,False,Customer General Dispute,User says UPI PIN was not entered by them.,High,IN_PROGRESS,Branch,True
CBK0001126,TXN00007982,USR35882,MCH4473,Transportation,2026-03-28 21:42:00,,,,-3415.3,False,Fraud & Account Takeover,Merchant service was not delivered after payment.,High,CLOSED,Email,True
CBK0002517,TXN00011567,USR30157,MCH1130,Pharmacy,2026-01-26 00:00:00,2026-01-26 22:31:00,2026-01-30 22:31:46,0.9381944444444444,-7727.83,False,Customer General Dispute,Customer says transaction was not authorized. urgent,Medium,CLOSED,Call Center,True
CBK0001815,TXN00017040,USR53591,MCH4590,Transportation,2026-03-11 16:43:08,,2026-04-05 00:00:00,,2935.06,False,Service & Delivery Failure,Payment made to unknown merchant as per customer statement.,Medium,IN_PROGRESS,Ivr,True
CBK0000752,TXN00012584,USR47668,MCH3678,Transportation,2026-01-17 00:00:00,2026-02-16 00:00:00,,30.0,397.91,False,Customer General Dispute,COMPLAINT RECEIVED AFTER MULTIPLE FAILED ATTEMPTS.,Low,CLOSED,App,True
CBK0000688,TXN00018235,USR63160,MCH6399,Pharmacy,2026-02-17 08:49:47,2026-02-19 00:00:00,2026-03-18 00:00:00,1.6320949074074074,5681.16,False,Customer General Dispute,User says UPI PIN was not entered by them.,High,REJECTED,App,True
CBK0001827,TXN00003656,USR60742,MCH3472,Grocery,2026-03-26 00:00:00,2026-04-11 00:00:00,,16.0,1011.36,False,Customer General Dispute,complaint received after multiple failed attempts.,Low,REJECTED,Branch,True
CBK0001798,TXN00017706,USR24802,MCH9650,Grocery,2026-01-22 20:39:26,2026-01-24 00:00:00,2026-02-18 20:39:00,1.1392824074074075,1159.44,False,Fraud & Account Takeover,User says UPI PIN was not entered by them.,Low,CLOSED,Branch,True
CBK0001588,TXN00006200,USR71373,MCH4370,Telecom,2026-01-25 00:00:00,2026-01-28 00:00:00,,3.0,5233.09,False,Service & Delivery Failure,Customer says transaction was not authorized.,High,IN_PROGRESS,Email,True
CBK0001960,TXN00008459,USR48339,MCH3765,Miscellaneous Retail,2026-01-07 05:57:00,2026-01-12 00:00:00,2026-02-09 00:00:00,4.752083333333333,3145.24,False,Fraud & Account Takeover,Customer complaint text unclear due to poor call center notes.,Medium,IN_PROGRESS,Call Center,True
CBK0000227,TXN00013273,USR34180,MCH1485,Grocery,2026-02-07 00:00:00,2026-02-09 08:37:14,,2.359189814814815,465.76,False,Fraud & Account Takeover,User claims account was compromised before transaction.,High,IN_PROGRESS,Email,True
CBK0001487,TXN00015922,USR41135,MCH5982,Pharmacy,2026-02-23 00:00:00,2026-02-25 00:00:00,2026-03-16 00:00:00,2.0,-759.33,False,Customer General Dispute,Complaint received after multiple failed attempts.,High,IN_PROGRESS,Ivr,True
CBK0002403,TXN00000926,USR32749,MCH6945,Hotel & Lodging,2026-03-17 00:00:00,2026-03-19 13:26:00,2026-04-17 13:26:01,2.5597222222222222,486.0,False,Service & Delivery Failure,SUSPICIOUS HIGH-VALUE PAYMENT DISPUTED BY CUSTOMER.,Medium,IN_PROGRESS,Chatbot,True
CBK0001606,TXN00006400,USR91446,MCH8696,Transportation,2026-01-29 00:00:00,2026-02-01 00:00:00,2026-02-13 00:00:00,3.0,3582.55,False,Fraud & Account Takeover,Suspicious high-value payment disputed by customer. call dropped,High,IN_PROGRESS,Email,True
CBK0002158,TXN00015104,USR76750,MCH6228,Grocery,2026-01-19 00:00:00,2026-01-25 00:00:00,2026-01-30 00:00:00,6.0,2517.56,False,Customer General Dispute,User claims account was compromised before transaction.,Low,REJECTED,Branch,True
CBK0000247,TXN00019340,USR75302,MCH7286,Transportation,2026-01-04 20:29:59,2026-01-04 00:00:00,2026-01-18 00:00:00,-0.8541550925925926,1486.0,False,Service & Delivery Failure,Customer says transaction was not authorized.,High,RESOLVED,Call Center,True
CBK0002588,TXN00008732,USR22039,MCH2374,Pharmacy,2026-03-22 00:00:00,2026-04-01 00:00:00,,10.0,3491.72,False,Duplicate Debit & Billing,User says UPI PIN was not entered by them.,High,CLOSED,Chatbot,True
CBK0001636,TXN00012003,USR66224,MCH3992,Grocery,2026-02-20 00:00:00,2026-02-27 00:00:00,,7.0,1641.33,False,Duplicate Debit & Billing,SUSPICIOUS HIGH-VALUE PAYMENT DISPUTED BY CUSTOMER.,Medium,IN_PROGRESS,App,True
CBK0001542,TXN00007849,USR68559,MCH4064,Hotel & Lodging,2026-01-21 03:43:00,2026-01-23 03:43:00,2026-02-15 03:43:00,2.0,1413.0,False,Service & Delivery Failure,Complaint received after multiple failed attempts.,Medium,IN_PROGRESS,Branch,True
CBK0000088,TXN00002716,USR62830,MCH4381,Grocery,2026-01-22 00:00:00,2026-01-25 00:00:00,2026-02-15 00:00:00,3.0,8825.16,False,Duplicate Debit & Billing,merchant service was not delivered after payment.,Medium,REJECTED,Call Center,True
CBK0002664,TXN00008946,USR84093,MCH1298,Hotel & Lodging,2026-01-06 13:57:53,2026-01-09 07:57:53,2026-02-08 07:57:00,2.75,815.57,False,Fraud & Account Takeover,Suspicious high-value payment disputed by customer. details missing,Medium,REJECTED,Ivr,True
CBK0001415,TXN00018932,USR90778,MCH1764,Pharmacy,2026-03-29 04:23:47,2026-03-31 10:23:00,2026-04-15 10:23:47,2.2494560185185186,1825.0,False,Fraud & Account Takeover,complaint received after multiple failed attempts.,High,IN_PROGRESS,Ivr,True
CBK0000390,TXN00006356,USR12919,MCH6810,Grocery,2026-03-23 00:00:00,2026-05-07 00:00:00,2026-06-03 00:00:00,45.0,-344.33,False,Customer General Dispute,User says UPI PIN was not entered by them.,Low,RESOLVED,Call Center,True
CBK0000693,TXN00018137,USR29306,MCH7744,Hotel & Lodging,2026-02-15 00:00:00,2026-02-18 00:00:00,2026-02-18 00:00:00,3.0,7022.75,False,Duplicate Debit & Billing,Customer says txn was not authorized.,Medium,IN_PROGRESS,Ivr,True
CBK0002485,TXN00010063,USR21384,MCH6470,Grocery,2026-03-03 00:00:00,2026-03-05 00:00:00,,2.0,-1603.64,False,Service & Delivery Failure,complaint received after multiple failed attempts.,Medium,IN_PROGRESS,Branch,True
CBK0002258,TXN00014019,USR41320,MCH3992,Transportation,2026-03-09 00:00:00,2026-03-11 00:00:00,2026-03-31 00:00:00,2.0,1550.0,False,Fraud & Account Takeover,User claims account was compromised before transaction.,Low,RESOLVED,Email,True
CBK0002045,TXN00002711,USR57231,MCH4181,Grocery,2026-01-23 00:00:00,2026-01-31 00:00:00,2026-02-12 00:00:00,8.0,3969.0,False,Service & Delivery Failure,Customer complaint text unclear due to poor call center notes.,Low,CLOSED,Chatbot,True
CBK0000122,TXN00015011,USR79150,MCH7474,Transportation,2026-02-25 00:00:00,2026-03-07 00:00:00,2026-03-18 00:00:00,10.0,1339.61,False,Fraud & Account Takeover,User reports money deducted but merchant denies receiving payment.,Low,IN_PROGRESS,Email,True
CBK0002239,TXN00004673,USR82373,MCH4473,Apparel,2026-02-13 09:50:18,2026-02-19 00:00:00,2026-02-26 04:50:18,5.5900694444444445,1272.25,False,Customer General Dispute,Customer says amount was debited twice.,Low,RESOLVED,Chatbot,True
CBK0001382,,USR57424,MCH4684,Miscellaneous Retail,2026-01-02 00:00:00,2026-01-03 00:00:00,2026-02-01 00:00:00,1.0,678.56,False,Fraud & Account Takeover,Customer complaint text unclear due to poor call center notes.,Low,IN_PROGRESS,Ivr,False
CBK0002315,TXN00012331,USR91192,MCH2718,Pharmacy,,2026-02-14 00:00:00,,,1246.25,False,Fraud & Account Takeover,Customer complaint text unclear due to poor call center notes.,Medium,IN_PROGRESS,Branch,True
CBK0001978,TXN00012089,USR83284,MCH4334,Pharmacy,2026-03-31 04:45:00,2026-04-04 00:00:00,2026-04-28 00:00:00,3.8020833333333335,1931.29,False,Fraud & Account Takeover,User reports money deducted but merchant denies receiving payment.,Low,IN_PROGRESS,Ivr,True
CBK0001151,TXN00002195,USR98362,MCH1468,Pharmacy,2026-03-30 22:38:33,2026-04-05 01:38:00,,5.124618055555556,4960.35,False,Fraud & Account Takeover,Complaint received after multiple failed attempts.,Low,REJECTED,App,True
CBK0000424,TXN00095161,USR40061,MCH1589,Miscellaneous Retail,2026-03-22 09:02:49,2026-03-24 00:00:00,2026-04-20 00:00:00,1.6230439814814814,4157.35,False,Duplicate Debit & Billing,Payment made to unknown merchant as per customer statement.,Low,IN_PROGRESS,Ivr,False
CBK0002543,TXN00001628,USR11727,MCH7286,Transportation,2026-02-09 00:00:00,,2026-02-20 00:00:00,,13400.33,True,Duplicate Debit & Billing,Payment made to unknown merchant as per customer statement.,Medium,IN_PROGRESS,Ivr,True
CBK0000371,TXN00002374,USR58639,MCH5954,Transportation,2026-03-31 00:00:00,2026-04-03 04:13:08,,3.175787037037037,1428.93,False,Fraud & Account Takeover,Customer complaint text unclear due to poor call center notes.,High,RESOLVED,App,True
CBK0001586,TXN00001182,USR80241,MCH7734,Hotel & Lodging,2026-03-30 00:00:00,2026-04-04 00:00:00,,5.0,261.51,False,Service & Delivery Failure,User says UPI PIN was not entered by them. pls check asap,Medium,IN_PROGRESS,Branch,True
CBK0002553,TXN00012590,USR41260,MCH4089,Hotel & Lodging,2026-03-16 00:00:00,2026-03-31 00:00:00,2026-04-17 00:00:00,15.0,8645.0,False,Customer General Dispute,COMPLAINT RECEIVED AFTER MULTIPLE FAILED ATTEMPTS.,Critical,CLOSED,Ivr,True
CBK0002432,TXN00013381,USR11036,MCH9344,Pharmacy,2026-03-31 00:00:00,2026-04-02 05:19:00,2026-04-15 00:00:00,2.2215277777777778,738.73,False,Duplicate Debit & Billing,User claims account was compromised before transaction.,Medium,IN_PROGRESS,Ivr,True
CBK0001998,TXN00000406,USR93650,MCH2266,Pharmacy,2026-01-31 22:47:03,2026-02-01 00:00:00,2026-02-06 01:47:00,0.050659722222222224,2066.08,False,Fraud & Account Takeover,Customer says amount was debited twice.,High,IN_PROGRESS,Chatbot,True
CBK0002566,TXN00000405,USR64878,MCH8953,Pharmacy,2026-03-13 09:18:13,2026-03-24 00:00:00,2026-04-08 00:00:00,10.612349537037037,3060.38,False,Service & Delivery Failure,suspicious high-value payment disputed by customer.,Low,IN_PROGRESS,App,True
CBK0001756,TXN00005028,USR40684,MCH7978,Transportation,2026-02-22 00:00:00,,2026-03-10 00:00:00,,1800.13,False,Fraud & Account Takeover,User reports money deducted but merchant denies receiving payment.,High,IN_PROGRESS,Chatbot,True
CBK0002645,TXN00004392,USR43033,MCH3019,Hotel & Lodging,2026-02-18 00:00:00,2026-02-21 12:13:00,2026-03-09 12:13:05,3.509027777777778,272.46,False,Service & Delivery Failure,User claims account was compromised before transaction.,Low,REJECTED,Chatbot,True
CBK0002230,TXN00009287,USR50434,MCH1683,Pharmacy,2026-01-10 00:00:00,2026-01-13 00:00:00,2026-02-03 00:00:00,3.0,1407.0,False,Fraud & Account Takeover,Merchant service was not delivered after payment.,Medium,IN_PROGRESS,Chatbot,True
CBK0000526,TXN00006600,USR65622,MCH3129,Restaurant,2026-01-28 00:00:00,2026-01-31 21:13:00,2026-02-05 00:00:00,3.884027777777778,14543.91,True,Service & Delivery Failure,Customer complaint text unclear due to poor call center notes.,Medium,IN_PROGRESS,App,True
CBK0001449,TXN00008116,USR21449,MCH7397,Hotel & Lodging,2026-03-27 00:00:00,2026-03-29 15:23:00,2026-03-29 00:00:00,2.640972222222222,19544.3,False,Fraud & Account Takeover,Customer says amount was debited twice.,Medium,RESOLVED,Email,True
CBK0002686,TXN00017656,USR69648,MCH9430,Pharmacy,,2026-01-03 03:37:00,2026-01-08 00:00:00,,-447.83,False,Fraud & Account Takeover,Customer complaint text unclear due to poor call center notes.,Medium,RESOLVED,Chatbot,True
CBK0000533,TXN00001047,USR30500,MCH9291,Grocery,2026-01-19 06:20:45,2026-01-21 00:00:00,,1.7355902777777779,518.0,False,Service & Delivery Failure,suspicious high-value payment disputed by customer.,Low,RESOLVED,Chatbot,True
CBK0001709,TXN00014343,USR26622,MCH8668,Hotel & Lodging,2026-02-04 00:00:00,2026-02-02 00:00:00,2026-02-17 00:00:00,-2.0,2893.0,False,Service & Delivery Failure,User says UPI PIN was not entered by them.,Medium,IN_PROGRESS,Branch,True
CBK0001509,TXN00011866,USR37594,MCH9858,Grocery,2026-02-16 12:27:00,2026-02-27 00:00:00,,10.48125,628.55,False,Service & Delivery Failure,Customer says transaction was not authorized.,Low,RESOLVED,Chatbot,True
CBK0000303,TXN00015469,USR54853,MCH2556,Grocery,2026-01-11 14:40:00,2026-02-26 00:00:00,,45.388888888888886,18523.03,True,Duplicate Debit & Billing,Customer complaint text unclear due to poor call center notes.,Medium,IN_PROGRESS,Chatbot,True
CBK0001911,TXN00009220,USR30497,MCH8391,Pharmacy,2026-02-23 14:29:24,2026-02-27 00:00:00,2026-03-14 00:00:00,3.39625,914.0,False,Service & Delivery Failure,User says UPI PIN was not entered by them.,Medium,IN_PROGRESS,App,True
CBK0000626,TXN00018979,USR61349,MCH5687,Grocery,2026-02-02 04:41:35,,2026-02-28 00:00:00,,2995.87,False,Fraud & Account Takeover,Customer says transaction was not authorized.,Medium,IN_PROGRESS,Chatbot,True
CBK0000415,TXN00009182,USR26627,MCH9291,Restaurant,2026-03-28 00:00:00,2026-03-29 12:42:00,2026-04-16 12:42:25,1.5291666666666666,-4153.73,False,Duplicate Debit & Billing,user claims account was compromised before transaction.,Medium,REJECTED,Ivr,True
CBK0002793,TXN00005174,USR39885,MCH8673,Restaurant,2026-02-06 00:00:00,2026-02-12 00:00:00,2026-02-12 00:00:00,6.0,1679.19,False,Fraud & Account Takeover,user reports money deducted but merchant denies receiving payment.,High,RESOLVED,Chatbot,True
CBK0001629,TXN00012665,USR52097,MCH2757,Hotel & Lodging,2026-03-16 00:00:00,2026-03-19 00:00:00,,3.0,3223.69,False,Service & Delivery Failure,Complaint received after multiple failed attempts.,Critical,IN_PROGRESS,Email,True
CBK0001065,TXN00018250,USR21407,MCH5172,Pharmacy,2026-01-11 00:00:00,2026-01-14 23:22:45,2026-01-19 00:00:00,3.9741319444444443,4835.58,False,Fraud & Account Takeover,Customer complaint text unclear due to poor call center notes.,Low,CLOSED,Ivr,True
CBK0002087,TXN00011160,USR29051,MCH4590,Restaurant,2026-03-17 00:00:00,2026-03-18 00:00:00,2026-04-03 09:26:00,1.0,1773.89,False,Service & Delivery Failure,Customer says amount was debited twice.,Low,REJECTED,Branch,True
CBK0001063,TXN00000271,USR23350,MCH6258,Restaurant,2026-03-17 03:29:28,2026-03-18 00:00:00,,0.854537037037037,16937.48,False,Fraud & Account Takeover,Customer says amount was debited twice.,Medium,IN_PROGRESS,Ivr,True
CBK0002348,TXN00012938,USR62273,MCH3100,Grocery,2026-03-09 00:00:00,2026-03-19 00:00:00,2026-03-20 00:00:00,10.0,3749.0,False,Fraud & Account Takeover,User claims account was compromised before transaction.,Low,IN_PROGRESS,App,True
CBK0002447,TXN00012629,USR35956,MCH8605,Grocery,2026-02-13 00:00:00,2026-03-16 00:00:00,2026-04-04 00:00:00,31.0,3056.74,False,Service & Delivery Failure,Customer says transaction was not authorized. NA,Medium,IN_PROGRESS,Call Center,True
CBK0001531,TXN00018893,USR98962,MCH8250,Transportation,2026-02-28 21:20:00,2026-03-01 00:00:00,,0.1111111111111111,3450.22,False,Duplicate Debit & Billing,User claims account was compromised before transaction. pls check asap,Medium,IN_PROGRESS,Email,True
CBK0000921,TXN00009757,USR21384,MCH6474,Grocery,2026-02-12 02:48:37,2026-02-17 09:48:37,2026-03-06 00:00:00,5.291666666666667,6075.45,True,Duplicate Debit & Billing,Merchant service was not delivered after payment.,Low,REJECTED,Branch,True
CBK0002660,TXN00015268,USR84844,MCH9709,Grocery,2026-03-23 00:00:00,2026-03-25 00:00:00,2026-04-20 10:49:25,2.0,4086.0,False,Service & Delivery Failure,Suspicious high-value payment disputed by customer.,Medium,IN_PROGRESS,Email,True
CBK0000513,TXN00003962,USR43455,MCH5580,Transportation,2026-02-16 00:00:00,2026-02-21 00:00:00,2026-03-16 12:04:00,5.0,12077.97,False,Duplicate Debit & Billing,Complaint received after multiple failed attempts. urgent,Critical,RESOLVED,Chatbot,True
CBK0000969,TXN00014162,USR45011,MCH6383,Transportation,2026-02-18 00:00:00,2026-03-06 00:00:00,2026-03-19 11:52:22,16.0,4363.63,False,Service & Delivery Failure,payment made to unknown merchant as per customer statement.,Low,IN_PROGRESS,Branch,True
CBK0000468,TXN00004108,USR22727,MCH3160,Restaurant,2026-02-25 00:00:00,2026-03-01 01:25:00,2026-03-18 00:00:00,4.059027777777778,5763.03,False,Fraud & Account Takeover,User says UPI PIN was not entered by them.,High,RESOLVED,Chatbot,True
CBK0002014,TXN00016742,USR94725,MCH8212,Hotel & Lodging,2026-01-24 00:00:00,,,,1163.64,False,Fraud & Account Takeover,Complaint received after multiple failed attempts.,Low,IN_PROGRESS,Email,True
CBK0000951,TXN00000025,USR43827,MCH5400,Grocery,,2026-03-28 00:00:00,2026-04-10 00:00:00,,1302.18,False,Service & Delivery Failure,Suspicious high-value payment disputed by customer. details missing,Low,CLOSED,App,True
CBK0001507,TXN00014680,USR38336,MCH1475,Hotel & Lodging,2026-01-29 00:00:00,2026-02-28 00:00:00,2026-03-25 00:00:00,30.0,6017.37,False,Duplicate Debit & Billing,Payment made to unknown merchant as per customer statement.,Low,REJECTED,Chatbot,True
CBK0000470,TXN00016736,USR95074,MCH2822,Grocery,2026-02-08 00:00:00,2026-02-10 17:51:46,2026-03-12 00:00:00,2.7442824074074075,15548.64,False,Fraud & Account Takeover,User claims account was compromised before transaction.,Medium,REJECTED,Chatbot,True
CBK0000453,TXN00008829,USR76027,MCH5301,Pharmacy,2026-03-25 17:00:00,2026-03-29 00:00:00,2026-04-13 13:00:00,3.2916666666666665,19778.02,False,Service & Delivery Failure,CUSTOMER COMPLAINT TEXT UNCLEAR DUE TO POOR CALL CENTER NOTES.,Critical,IN_PROGRESS,Branch,True
CBK0000183,TXN00018275,USR61083,MCH2383,Grocery,2026-03-29 06:16:45,2026-04-08 07:16:00,2026-04-29 00:00:00,10.041145833333333,894.24,False,Duplicate Debit & Billing,Suspicious high-value payment disputed by customer.,Low,REJECTED,Call Center,True
CBK0000309,TXN00008361,USR59660,MCH3485,Transportation,2026-02-12 00:00:00,2026-02-23 00:00:00,2026-03-12 00:00:00,11.0,5163.82,False,Customer General Dispute,User claims account was compromised before transaction.,Low,IN_PROGRESS,Email,True
CBK0001243,TXN00018079,USR63150,MCH6850,Grocery,2026-03-25 00:00:00,2026-03-29 00:00:00,2026-04-07 02:25:00,4.0,8988.28,False,Duplicate Debit & Billing,Complaint received after multiple failed attempts.,Medium,RESOLVED,Chatbot,True
CBK0000692,TXN00005181,USR70317,MCH3740,Grocery,2026-03-01 13:57:00,2026-03-05 00:00:00,2026-03-15 00:57:00,3.41875,1107.86,False,Service & Delivery Failure,Merchant service was not delivered after payment.,Low,IN_PROGRESS,Chatbot,True
CBK0000685,TXN00011648,USR24719,MCH5852,Grocery,2026-02-08 00:00:00,2026-02-11 00:00:00,,3.0,2218.94,False,Duplicate Debit & Billing,User claims account was compromised before transaction.,Medium,REJECTED,Email,True
CBK0000550,TXN00015783,USR50831,MCH8921,Transportation,2026-03-27 00:00:00,,2026-04-07 00:00:00,,2852.68,False,Fraud & Account Takeover,Customer complaint text unclear due to poor call center notes.,High,IN_PROGRESS,Ivr,True
CBK0000201,TXN00011466,USR99920,MCH9344,Grocery,2026-02-06 00:00:00,2026-02-09 00:00:00,2026-03-04 00:00:00,3.0,860.0,False,Fraud & Account Takeover,User reports money deducted but merchant denies receiving payment.,High,IN_PROGRESS,Email,True
CBK0001657,TXN00002770,USR79332,MCH7033,Miscellaneous Retail,2026-03-19 00:00:00,2026-03-22 00:00:00,2026-03-28 17:25:00,3.0,1004.64,False,Fraud & Account Takeover,Customer says transaction was not authorized.,Medium,IN_PROGRESS,Email,True
CBK0002790,TXN00005364,USR44424,MCH3678,Transportation,2026-02-03 00:00:00,2026-02-05 00:00:00,2026-03-04 00:00:00,2.0,17377.3,True,Service & Delivery Failure,PAYMENT MADE TO UNKNOWN MERCHANT AS PER CUSTOMER STATEMENT.,Critical,CLOSED,Email,True
CBK0001692,TXN00054083,USR37452,MCH4658,Department Store,2026-02-02 00:00:00,2026-02-05 00:00:00,2026-02-12 08:27:52,3.0,664.5,False,Fraud & Account Takeover,customer says transaction was not authorized.,Medium,REJECTED,Call Center,False
CBK0000389,TXN00015997,USR38082,MCH5891,Grocery,,2026-02-27 01:44:30,2026-03-04 01:44:00,,1370.91,False,Fraud & Account Takeover,Customer says amount was debited twice.,Low,IN_PROGRESS,Ivr,True
CBK0001599,TXN00018048,USR45408,MCH4590,Transportation,2026-02-03 07:57:00,2026-02-05 16:57:00,,2.375,2467.08,False,Service & Delivery Failure,Customer complaint text unclear due to poor call center notes.,High,IN_PROGRESS,Chatbot,True
CBK0000152,TXN00056695,USR13925,MCH6810,Miscellaneous Retail,2026-03-24 11:00:00,2026-03-19 11:00:00,2026-04-13 11:00:46,-5.0,-3475.46,False,Fraud & Account Takeover,Suspicious high-value payment disputed by customer.,Critical,IN_PROGRESS,Email,False
CBK0001688,TXN00015571,USR42338,MCH6498,Hotel & Lodging,2026-02-03 00:00:00,2026-02-07 00:00:00,2026-02-15 13:16:00,4.0,722.56,False,Fraud & Account Takeover,Merchant service was not delivered after payment.,Medium,CLOSED,Call Center,True
CBK0002187,TXN00007012,USR73010,MCH4473,Hotel & Lodging,2026-01-01 00:00:00,,2026-01-25 00:00:00,,1064.0,False,Customer General Dispute,Payment made to unknown merchant as per customer statement.,High,CLOSED,App,True
CBK0001704,TXN00005100,USR11419,MCH1320,Grocery,2026-03-11 00:00:00,2026-03-19 18:04:00,2026-03-22 18:04:40,8.752777777777778,-3671.61,False,Fraud & Account Takeover,User reports money deducted but merchant denies receiving payment.,Low,IN_PROGRESS,Chatbot,True
CBK0002113,TXN00002480,USR12658,MCH3815,Pharmacy,2026-03-27 00:00:00,2026-04-02 00:00:00,2026-04-13 15:09:41,6.0,5722.09,False,Fraud & Account Takeover,Merchant service was not delivered after payment.,High,REJECTED,Chatbot,True
CBK0001594,TXN00004839,USR23350,MCH9444,Restaurant,2026-03-25 14:10:57,2026-04-24 00:00:00,2026-04-24 21:10:57,29.4090625,955.91,False,Service & Delivery Failure,customer says amount was debited twice.,High,CLOSED,Chatbot,True
CBK0000893,TXN00017214,USR89151,MCH7710,Restaurant,2026-03-06 00:00:00,2026-03-08 00:00:00,2026-03-21 00:00:00,2.0,-1267.1,False,Fraud & Account Takeover,User reports money deducted but merchant denies receiving payment.,Medium,IN_PROGRESS,Email,True
CBK0002372,TXN00037348,USR79864,MCH6026,Books & Stationery,2026-01-04 00:00:00,2026-01-05 18:15:09,,1.7605208333333333,2069.0,False,Duplicate Debit & Billing,Customer says transaction was not authorized.,Medium,IN_PROGRESS,Chatbot,False
CBK0002491,TXN00019091,USR41955,MCH3954,Grocery,2026-02-20 18:20:01,2026-02-24 00:00:00,2026-03-15 00:00:00,3.236099537037037,11124.0,False,Service & Delivery Failure,User reports money deducted but merchant denies receiving payment.,Medium,IN_PROGRESS,Email,True
CBK0000133,TXN00011403,USR18453,MCH9291,Transportation,2026-01-14 00:00:00,2026-01-19 00:00:00,2026-02-17 16:25:35,5.0,3000.84,False,Customer General Dispute,Suspicious high-value payment disputed by customer.,High,IN_PROGRESS,Call Center,True
CBK0002280,TXN00002173,USR47525,MCH1015,Pharmacy,2026-03-05 03:02:00,2026-03-06 00:00:00,2026-03-15 22:02:04,0.8736111111111111,856.42,False,Duplicate Debit & Billing,Merchant service was not delivered after payment.,Low,IN_PROGRESS,Branch,True
CBK0002322,TXN00009493,USR71348,MCH1425,Restaurant,2026-02-26 00:00:00,2026-03-13 11:10:29,,15.465613425925927,270.77,False,Service & Delivery Failure,user claims account was compromised before transaction.,Medium,RESOLVED,Ivr,True
CBK0002139,TXN00012172,USR85655,MCH2375,Hotel & Lodging,2026-01-01 00:00:00,2026-01-02 15:32:47,2026-01-24 00:00:00,1.6477662037037037,21986.64,True,Fraud & Account Takeover,CUSTOMER SAYS TRANSACTION WAS NOT AUTHORIZED.,Low,REJECTED,App,True
CBK0001864,,USR51310,MCH8220,Grocery,2026-03-17 12:10:45,2026-03-23 00:00:00,2026-04-07 00:00:00,5.4925347222222225,464.81,False,Fraud & Account Takeover,Merchant service was not delivered after payment.,Low,CLOSED,Chatbot,False
CBK0002285,TXN00005474,USR53527,MCH4473,Transportation,2026-01-29 00:00:00,2026-01-30 00:00:00,,1.0,271.69,False,Customer General Dispute,User claims account was compromised before transaction.,Medium,CLOSED,Ivr,True
CBK0000840,TXN00018717,USR16257,MCH3019,Restaurant,2026-02-20 08:58:00,2026-03-02 15:58:44,2026-03-13 00:00:00,10.292175925925926,4563.14,False,Service & Delivery Failure,User claims account was compromised before transaction.,Low,IN_PROGRESS,Ivr,True
CBK0000783,,USR96677,MCH2556,Books & Stationery,2026-02-23 00:00:00,2026-02-23 00:00:00,,0.0,4726.95,False,Fraud & Account Takeover,User says UPI PIN was not entered by them.,Medium,CLOSED,Chatbot,False
CBK0002629,TXN00010196,USR41172,MCH4588,Pharmacy,2026-02-21 00:00:00,2026-02-18 02:42:14,,-2.8873379629629627,852.0,False,Fraud & Account Takeover,User says UPI PIN was not entered by them.,High,REJECTED,Ivr,True
CBK0001589,TXN00088540,USR96555,MCH2757,Apparel,2026-01-30 00:47:43,2026-01-31 00:00:00,2026-02-24 20:47:43,0.9668634259259259,221.01,False,Fraud & Account Takeover,Merchant service was not delivered after payment.,High,REJECTED,Ivr,False
CBK0000809,TXN00013144,USR51720,MCH9790,Miscellaneous Retail,2026-03-09 00:00:00,2026-03-19 23:09:00,,10.964583333333334,688.92,False,Fraud & Account Takeover,CUSTOMER SAYS TRANSACTION WAS NOT AUTHORIZED.,High,IN_PROGRESS,Call Center,True
CBK0000654,TXN00013810,USR50022,MCH5980,Grocery,2026-03-07 00:00:00,2026-03-08 07:44:45,,1.3227430555555555,4552.67,False,Fraud & Account Takeover,complaint received after multiple failed attempts.,Low,CLOSED,Ivr,True
CBK0001614,TXN00017424,USR36509,MCH1316,Restaurant,2026-02-18 00:00:00,2026-02-19 00:00:00,2026-03-21 00:00:00,1.0,9374.52,False,Service & Delivery Failure,customer says transaction was not authorized.,Medium,IN_PROGRESS,Chatbot,True
CBK0000291,TXN00003485,USR79977,MCH3900,Transportation,2026-02-10 00:00:00,,,,485.1,False,Service & Delivery Failure,User reports money deducted but merchant denies receiving payment.,Low,IN_PROGRESS,Branch,True
CBK0002114,TXN00004014,USR25900,MCH4717,Hotel & Lodging,2026-03-12 00:00:00,2026-03-19 00:00:00,2026-04-17 22:25:36,7.0,4940.23,False,Service & Delivery Failure,Customer complaint text unclear due to poor call center notes. urgent,High,RESOLVED,Chatbot,True
CBK0000739,TXN00017315,USR29561,MCH5980,Grocery,2026-01-04 00:00:00,,2026-01-24 06:45:30,,704.73,False,Fraud & Account Takeover,User says UPI PIN was not entered by them.,High,IN_PROGRESS,Ivr,True
CBK0002251,TXN00017472,USR79175,MCH4488,Pharmacy,2026-02-23 08:37:00,2026-03-10 13:37:56,2026-04-01 00:00:00,15.208981481481482,14012.62,False,Customer General Dispute,Suspicious high-value payment disputed by customer.,Critical,RESOLVED,Ivr,True
CBK0001438,TXN00008449,USR22964,MCH2194,Transportation,2026-03-22 00:00:00,2026-03-26 00:00:00,2026-04-07 00:00:00,4.0,653.0,False,Customer General Dispute,Complaint received after multiple failed attempts. urgent,Medium,RESOLVED,App,True
CBK0001884,TXN00019164,USR22644,MCH9648,Department Store,2026-02-08 00:00:00,2026-02-12 07:08:18,2026-02-14 00:00:00,4.297430555555556,1364.5,False,Fraud & Account Takeover,suspicious high-value payment disputed by customer.,Low,IN_PROGRESS,Chatbot,True
CBK0001771,TXN00011619,USR17315,MCH2722,Pharmacy,2026-01-25 21:15:13,2026-01-26 00:00:00,,0.11443287037037037,-893.52,False,Service & Delivery Failure,Merchant service was not delivered after payment. call dropped,Low,IN_PROGRESS,Email,True
CBK0001406,TXN00010864,USR66856,MCH7459,Transportation,,2026-03-23 04:34:25,2026-04-20 04:34:25,,2891.42,False,Fraud & Account Takeover,Customer complaint text unclear due to poor call center notes. pls check asap,Critical,IN_PROGRESS,Chatbot,True
CBK0001268,TXN00004622,USR97580,MCH1348,Restaurant,2026-01-24 00:00:00,2026-01-24 17:29:00,2026-01-31 00:00:00,0.7284722222222222,1330.95,False,Service & Delivery Failure,Merchant service was not delivered after payment.,Medium,REJECTED,Ivr,True
CBK0001693,TXN00009578,USR55777,MCH8533,Grocery,2026-02-01 00:00:00,2026-02-04 17:25:23,2026-03-01 17:25:00,3.725960648148148,5287.35,False,Duplicate Debit & Billing,complaint received after multiple failed attempts.,Medium,CLOSED,App,True
CBK0002368,TXN00004923,USR50207,MCH8391,Grocery,2026-01-27 00:00:00,,,,1673.05,False,Duplicate Debit & Billing,Merchant service was not delivered after payment.,Low,CLOSED,Ivr,True
CBK0000452,TXN00002107,USR52224,MCH4529,Grocery,2026-02-28 04:18:55,2026-03-10 00:00:00,2026-03-27 12:18:55,9.82019675925926,6251.19,False,Service & Delivery Failure,MERCHANT SERVICE WAS NOT DELIVERED AFTER PAYMENT.,High,REJECTED,Ivr,True
CBK0001628,TXN00008857,USR61151,MCH4796,Grocery,2026-03-19 00:00:00,2026-03-22 09:53:18,2026-04-04 09:53:18,3.4120138888888887,5937.26,False,Duplicate Debit & Billing,Payment made to unknown merchant as per cust statement.,Low,REJECTED,Call Center,True
CBK0000543,TXN00001593,USR30157,MCH9787,Restaurant,2026-03-27 00:00:00,2026-03-28 00:00:00,2026-04-01 00:00:00,1.0,759.56,False,Service & Delivery Failure,User claims account was compromised before transaction.,High,IN_PROGRESS,Call Center,True
CBK0002740,TXN00013424,USR71939,MCH4819,Pharmacy,2026-02-13 22:58:37,2026-02-16 00:00:00,2026-03-04 13:58:00,2.0426273148148146,3989.1,False,Service & Delivery Failure,User reports money deducted but merchant denies receiving payment.,Low,IN_PROGRESS,Chatbot,True
CBK0001471,TXN00003290,USR25087,MCH3815,Miscellaneous Retail,2026-03-08 00:00:00,2026-03-09 00:00:00,2026-03-20 00:00:00,1.0,991.51,False,Service & Delivery Failure,Customer complaint text unclear due to poor call center notes. NA,High,CLOSED,Email,True
CBK0001808,TXN00004140,USR30844,MCH8779,Grocery,,2026-02-14 00:00:00,2026-03-04 00:00:00,,378.0,False,Customer General Dispute,User says UPI PIN was not entered by them.,Critical,IN_PROGRESS,Branch,True
CBK0002225,TXN00011962,USR12961,MCH8953,Grocery,2026-03-02 02:36:15,2026-03-03 23:36:15,,1.875,6403.5,False,Fraud & Account Takeover,Payment made to unknown merchant as per customer statement.,Low,CLOSED,Ivr,True
CBK0000353,TXN00017372,USR56234,MCH7986,Hotel & Lodging,2026-02-02 18:14:36,2026-02-05 01:14:36,2026-02-25 00:00:00,2.2916666666666665,1275.74,False,Fraud & Account Takeover,Customer complaint text unclear due to poor call center notes.,High,REJECTED,Ivr,True
CBK0002065,TXN00010646,USR10669,MCH3100,Transportation,2026-01-27 00:00:00,2026-01-29 00:00:00,2026-02-10 00:00:00,2.0,-5027.32,False,Duplicate Debit & Billing,Customer says transaction was not authorized. NA,Critical,IN_PROGRESS,Ivr,True
CBK0000833,TXN00007902,USR66726,MCH6087,Transportation,2026-02-26 00:00:00,2026-03-09 00:00:00,2026-03-28 04:34:00,11.0,5099.0,False,Duplicate Debit & Billing,Merchant service was not delivered after payment. NA,High,IN_PROGRESS,Ivr,True
CBK0002388,TXN00018528,USR77072,MCH5954,Grocery,,2026-03-14 00:00:00,2026-03-21 00:00:00,,3336.11,False,Fraud & Account Takeover,Complaint received after multiple failed attempts.,Medium,RESOLVED,Ivr,True
CBK0001420,TXN00010436,USR26201,MCH9908,Pharmacy,2026-03-16 06:56:10,2026-03-21 13:56:00,2026-04-16 00:00:00,5.291550925925926,509.15,False,Service & Delivery Failure,User says UPI PIN was not entered by them.,Medium,REJECTED,Ivr,True
CBK0001795,TXN00017402,USR78513,MCH4226,Miscellaneous Retail,2026-01-23 04:47:03,2026-01-31 00:47:03,2026-02-11 00:47:03,7.833333333333333,2837.81,False,Fraud & Account Takeover,Complaint received after multiple failed attempts.,Low,REJECTED,Ivr,True
CBK0001315,TXN00005438,USR68023,MCH5877,Pharmacy,2026-02-16 00:00:00,2026-02-22 07:46:00,,6.323611111111111,1581.74,False,Duplicate Debit & Billing,Merchant service was not delivered after payment. urgent,High,IN_PROGRESS,Branch,True
CBK0000115,TXN00000541,USR20121,MCH8779,Transportation,2026-02-20 00:00:00,2026-03-23 03:31:09,2026-04-05 00:00:00,31.146631944444444,1346.0,False,Customer General Dispute,Customer says amount was debited twice.,Low,RESOLVED,Email,True
CBK0000627,TXN00003619,USR39542,MCH7650,Grocery,2026-03-22 00:00:00,2026-03-22 00:00:00,,0.0,-4189.62,False,Duplicate Debit & Billing,suspicious high-value payment disputed by customer.,Medium,IN_PROGRESS,Call Center,True
CBK0000510,TXN00007774,USR73010,MCH1407,Transportation,2026-03-07 00:00:00,2026-03-09 00:00:00,2026-04-04 00:00:00,2.0,1443.57,False,Fraud & Account Takeover,User claims account was compromised before txn.,Medium,REJECTED,Ivr,True
CBK0001979,TXN00007772,USR77274,MCH7833,Hotel & Lodging,2026-03-24 00:00:00,2026-03-31 00:00:00,2026-04-17 10:47:26,7.0,1320.83,False,Duplicate Debit & Billing,Customer complaint text unclear due to poor call center notes.,Critical,IN_PROGRESS,Ivr,True
CBK0001738,TXN00010457,USR59679,MCH9291,Restaurant,2026-03-05 00:00:00,2026-03-06 00:00:00,2026-03-17 18:20:16,1.0,2161.39,False,Fraud & Account Takeover,Merchant service was not delivered after payment.,Critical,IN_PROGRESS,Call Center,True
CBK0002680,TXN00009041,USR82433,MCH4594,Grocery,2026-02-07 00:00:00,2026-02-10 00:00:00,2026-02-16 00:00:00,3.0,865.19,False,Duplicate Debit & Billing,User says UPI PIN was not entered by them.,Low,IN_PROGRESS,Email,True
CBK0001521,TXN00010065,USR51069,MCH8953,Grocery,2026-02-14 00:00:00,2026-03-17 18:07:42,2026-04-10 00:00:00,31.755347222222223,4146.46,False,Service & Delivery Failure,user reports money deducted but merchant denies receiving payment.,Low,CLOSED,Chatbot,True
CBK0000013,TXN00019943,USR42818,MCH6838,Grocery,2026-01-02 14:58:54,2026-01-05 00:00:00,,2.375763888888889,728.13,False,Customer General Dispute,User says UPI PIN was not entered by them. call dropped,Low,IN_PROGRESS,App,True
CBK0002262,TXN00088490,USR30627,MCH2594,Miscellaneous Retail,,2026-03-17 00:00:00,,,4274.13,False,Service & Delivery Failure,User reports money deducted but merchant denies receiving payment. NA,High,IN_PROGRESS,Chatbot,False
CBK0000718,TXN00011539,USR60803,MCH7874,Miscellaneous Retail,2026-03-09 18:51:51,2026-03-10 00:00:00,2026-03-31 00:00:00,0.21399305555555556,1528.98,False,Fraud & Account Takeover,customer complaint text unclear due to poor call center notes.,High,IN_PROGRESS,Chatbot,True
CBK0000446,TXN00010750,USR17864,MCH4002,Transportation,2026-01-12 00:00:00,2026-01-15 00:00:00,2026-01-31 20:48:17,3.0,2928.89,False,Service & Delivery Failure,Payment made to unknown merchant as per customer statement.,Medium,REJECTED,Call Center,True
CBK0000258,TXN00017642,USR41056,MCH9394,Grocery,2026-02-26 00:19:00,2026-03-01 00:00:00,2026-03-24 00:00:00,2.9868055555555557,1505.96,False,Customer General Dispute,Customer says amount was debited twice.,High,RESOLVED,Chatbot,True
CBK0000449,TXN00007492,USR66286,MCH2383,Transportation,2026-02-19 00:00:00,2026-02-20 00:00:00,2026-02-25 00:00:00,1.0,2062.69,False,Customer General Dispute,Merchant service was not delivered after payment.,Low,IN_PROGRESS,App,True
CBK0000486,TXN00002729,USR58335,MCH6810,Transportation,,2026-01-14 19:40:25,2026-01-30 19:40:00,,1526.62,False,Duplicate Debit & Billing,Payment made to unknown merchant as per customer statement.,Low,IN_PROGRESS,Call Center,True
CBK0000888,TXN00015372,USR10047,MCH6850,Hotel & Lodging,2026-02-12 00:00:00,2026-02-14 00:00:00,2026-03-02 00:00:00,2.0,1341.86,False,Duplicate Debit & Billing,PAYMENT MADE TO UNKNOWN MERCHANT AS PER CUSTOMER STATEMENT.,Critical,IN_PROGRESS,Chatbot,True
CBK0000711,TXN00015632,USR47206,MCH3217,Grocery,2026-03-05 00:00:00,2026-03-06 00:00:00,2026-04-01 23:17:35,1.0,386.01,False,Customer General Dispute,User says UPI PIN was not entered by them.,Low,IN_PROGRESS,Branch,True
CBK0001690,TXN00011230,USR60327,MCH9976,Pharmacy,2026-02-15 00:00:00,,2026-03-13 00:00:00,,-2395.8,False,Customer General Dispute,Complaint received after multiple failed attempts.,Low,IN_PROGRESS,Chatbot,True
CBK0001395,TXN00016017,USR47363,MCH9787,Restaurant,2026-02-23 00:00:00,2026-02-27 00:00:00,2026-03-24 05:41:00,4.0,-849.31,False,Customer General Dispute,User claims account was compromised before transaction.,High,IN_PROGRESS,Chatbot,True
CBK0002728,TXN00014794,USR60133,MCH9291,Transportation,2026-03-03 15:24:00,2026-03-04 11:24:00,2026-03-12 00:00:00,0.8333333333333334,975.44,False,Customer General Dispute,Payment made to unknown merchant as per customer statement.,Medium,IN_PROGRESS,Chatbot,True
CBK0001237,TXN00015341,USR87558,MCH4264,Grocery,2026-01-10 19:48:33,2026-01-12 14:48:33,,1.7916666666666667,6901.63,False,Service & Delivery Failure,Complaint received after multiple failed attempts.,Critical,IN_PROGRESS,Ivr,True
CBK0002749,TXN00019208,USR22131,MCH6084,Restaurant,2026-03-08 00:00:00,2026-03-10 01:16:17,2026-03-12 00:00:00,2.052974537037037,1146.96,False,Customer General Dispute,Suspicious high-value payment disputed by customer.,Medium,REJECTED,Chatbot,True
CBK0001101,TXN00002219,USR11618,MCH1518,Transportation,2026-03-15 00:00:00,2026-03-17 00:00:00,2026-04-12 00:00:00,2.0,3127.19,False,Service & Delivery Failure,COMPLAINT RECEIVED AFTER MULTIPLE FAILED ATTEMPTS.,High,IN_PROGRESS,Chatbot,True
CBK0000963,TXN00003306,USR42884,MCH8953,Restaurant,2026-01-04 00:00:00,,2026-02-01 00:48:55,,2280.54,False,Duplicate Debit & Billing,Payment made to unknown merchant as per customer statement.,Medium,IN_PROGRESS,Email,True
CBK0000772,TXN00010034,USR25196,MCH1320,Hotel & Lodging,2026-01-06 00:00:00,2026-01-08 09:22:06,2026-02-05 00:00:00,2.390347222222222,305.0,False,Customer General Dispute,Customer says amount was debited twice.,Critical,IN_PROGRESS,Chatbot,True
CBK0002005,,USR66391,MCH8391,Apparel,2026-03-16 13:33:00,2026-03-24 00:00:00,2026-04-16 00:00:00,7.435416666666667,1171.4,False,Service & Delivery Failure,customer says amount was debited twice.,Low,RESOLVED,Chatbot,False
CBK0000345,TXN00007052,USR24877,MCH7863,Restaurant,2026-03-07 06:24:54,2026-03-09 00:00:00,2026-03-22 22:24:54,1.7327083333333333,13186.11,True,Customer General Dispute,Payment made to unknown merchant as per customer statement.,Low,IN_PROGRESS,Chatbot,True
CBK0000194,TXN00009105,USR80813,MCH3548,Restaurant,2026-03-10 07:37:00,2026-03-12 03:37:00,2026-03-25 00:00:00,1.8333333333333333,3394.12,True,Service & Delivery Failure,Customer complaint text unclear due to poor call center notes.,Low,REJECTED,App,True
CBK0002591,TXN00004763,USR40127,MCH4473,Transportation,2026-03-10 00:00:00,2026-03-12 23:20:31,2026-03-19 23:20:31,2.9725810185185186,2865.75,False,Duplicate Debit & Billing,Customer says transaction was not authorized.,Medium,IN_PROGRESS,Chatbot,True
CBK0001957,TXN00009699,USR64159,MCH2134,Grocery,2026-02-03 10:47:22,2026-02-06 00:00:00,2026-03-03 00:00:00,2.5504398148148146,3917.9,False,Duplicate Debit & Billing,MERCHANT SERVICE WAS NOT DELIVERED AFTER PAYMENT.,High,IN_PROGRESS,Chatbot,True
CBK0000922,TXN00018185,USR61372,MCH8331,Miscellaneous Retail,2026-02-27 00:00:00,2026-02-28 00:00:00,,1.0,660.0,False,Service & Delivery Failure,user reports money deducted but merchant denies receiving payment.,Critical,IN_PROGRESS,Email,True
CBK0000118,TXN00008970,USR64312,MCH2858,Pharmacy,2026-01-26 00:00:00,,,,450.63,False,Fraud & Account Takeover,Payment made to unknown merchant as per customer statement.,Low,CLOSED,Ivr,True
CBK0002416,TXN00007831,USR38240,MCH6533,Restaurant,2026-01-06 01:46:00,2026-01-07 00:00:00,2026-01-28 08:46:41,0.9263888888888889,905.66,False,Fraud & Account Takeover,Suspicious high-value payment disputed by customer.,Low,IN_PROGRESS,Email,True
CBK0000075,TXN00014086,USR84007,MCH8154,Pharmacy,2026-03-18 00:00:00,2026-03-25 00:00:00,2026-03-26 00:00:00,7.0,1493.94,False,Fraud & Account Takeover,User reports money deducted but merchant denies receiving payment.,Medium,RESOLVED,App,True
CBK0001584,TXN00016151,USR53727,MCH3815,Restaurant,2026-02-03 00:00:00,2026-02-04 08:28:07,2026-03-06 00:00:00,1.3528587962962964,1236.73,False,Fraud & Account Takeover,Merchant service was not delivered after payment.,Low,IN_PROGRESS,Call Center,True
CBK0001958,TXN00018222,USR46902,MCH5561,Hotel & Lodging,2026-03-08 00:00:00,2026-03-10 18:32:00,,2.772222222222222,1611.0,False,Service & Delivery Failure,Customer complaint text unclear due to poor call center notes.,Low,CLOSED,Branch,True
CBK0001192,,USR17450,MCH6659,Miscellaneous Retail,2026-03-24 09:19:34,2026-03-31 00:00:00,2026-04-30 20:19:34,6.611412037037037,4315.76,False,Fraud & Account Takeover,CUSTOMER SAYS AMOUNT WAS DEBITED TWICE.,Low,REJECTED,Ivr,False
CBK0002096,TXN00008557,USR89656,MCH4345,Pharmacy,2026-03-14 00:00:00,2026-03-20 00:00:00,,6.0,752.0,False,Fraud & Account Takeover,Payment made to unknown merchant as per customer statement.,High,REJECTED,Chatbot,True
CBK0000989,TXN00012972,USR33348,MCH5173,Grocery,2026-03-03 18:36:37,2026-03-14 13:36:37,2026-03-20 00:00:00,10.791666666666666,1647.57,False,Fraud & Account Takeover,Customer says amount was debited twice.,Critical,RESOLVED,Ivr,True
CBK0002306,TXN00008650,USR32641,MCH1565,Hotel & Lodging,2026-02-18 00:00:00,2026-02-19 00:00:00,2026-03-12 00:00:00,1.0,1166.57,False,Service & Delivery Failure,user claims account was compromised before transaction.,Medium,IN_PROGRESS,Chatbot,True
CBK0001387,TXN00008870,USR26871,MCH3687,Restaurant,2026-01-20 19:35:20,2026-01-23 00:00:00,,2.1837962962962965,4628.47,False,Fraud & Account Takeover,Suspicious high-value payment disputed by customer.,Medium,REJECTED,Chatbot,True
CBK0000996,TXN00000021,USR22644,MCH4473,Hotel & Lodging,2026-01-07 00:00:00,2026-01-17 19:42:38,2026-02-11 00:00:00,10.821273148148148,1284.05,False,Customer General Dispute,Complaint received after multiple failed attempts. pls check asap,Low,REJECTED,Chatbot,True
CBK0001421,TXN00015594,USR50434,MCH6889,Grocery,2026-01-26 00:00:00,2026-01-30 00:00:00,2026-02-17 10:08:54,4.0,1421.26,False,Fraud & Account Takeover,Customer complaint text unclear due to poor call center notes.,Low,IN_PROGRESS,Email,True
CBK0000238,TXN00008222,USR40061,MCH2274,Grocery,2026-02-19 00:00:00,2026-02-22 00:00:00,,3.0,4360.22,False,Customer General Dispute,User reports money deducted but merchant denies receiving payment.,Low,IN_PROGRESS,App,True
CBK0001241,TXN00019245,USR99206,MCH4590,Grocery,2026-03-11 00:00:00,2026-03-12 00:00:00,2026-04-06 00:00:00,1.0,2987.16,False,Fraud & Account Takeover,Customer complaint text unclear due to poor call center notes.,Medium,CLOSED,Branch,True
CBK0000558,TXN00006037,USR26658,MCH7509,Grocery,2026-02-13 00:00:00,2026-02-14 00:00:00,2026-02-22 03:45:00,1.0,739.74,False,Customer General Dispute,user reports money deducted but merchant denies receiving payment.,Low,CLOSED,Email,True
CBK0001977,TXN00000225,USR94159,MCH5655,Grocery,2026-03-07 00:00:00,2026-03-07 22:21:00,,0.93125,666.0,False,Customer General Dispute,Payment made to unknown merchant as per customer statement.,High,RESOLVED,Branch,True
CBK0000076,TXN00001158,USR27355,MCH5963,Grocery,2026-01-04 00:00:00,2026-01-05 22:59:45,2026-01-09 22:59:00,1.9581597222222222,461.85,False,Service & Delivery Failure,CUSTOMER SAYS TRANSACTION WAS NOT AUTHORIZED.,Low,REJECTED,Ivr,True
CBK0002083,TXN00014640,USR17657,MCH2822,Pharmacy,2026-03-25 00:00:00,2026-03-27 00:00:00,2026-04-03 14:05:27,2.0,5247.0,False,Service & Delivery Failure,Suspicious high-value payment disputed by customer. NA,Low,CLOSED,Email,True
CBK0001948,TXN00014225,USR73728,MCH8953,Transportation,2026-02-17 00:00:00,2026-02-18 00:00:00,,1.0,13050.0,True,Fraud & Account Takeover,Payment made to unknown merchant as per customer statement.,Medium,IN_PROGRESS,Call Center,True
CBK0002583,TXN00016902,USR33856,MCH4131,Transportation,2026-01-15 15:10:59,2026-01-17 22:10:59,2026-02-10 00:00:00,2.2916666666666665,1595.05,False,Fraud & Account Takeover,Customer says amount was debited twice.,Low,IN_PROGRESS,Branch,True
CBK0002069,TXN00019571,USR23992,MCH5315,Restaurant,,2026-03-05 00:00:00,2026-04-04 21:12:20,,475.0,False,Fraud & Account Takeover,User claims account was compromised before transaction.,Medium,IN_PROGRESS,Branch,True
CBK0000924,TXN00003076,USR28031,MCH8603,Grocery,2026-01-01 00:00:00,,2026-01-24 01:31:00,,342.0,False,Customer General Dispute,User says UPI PIN was not entered by them.,Medium,IN_PROGRESS,App,True
CBK0002449,TXN00010509,USR57946,MCH4966,Grocery,2026-02-26 06:53:00,2026-02-28 00:00:00,2026-03-25 00:00:00,1.7131944444444445,1835.21,False,Service & Delivery Failure,Suspicious high-value payment disputed by customer.,Medium,IN_PROGRESS,Ivr,True
CBK0000169,TXN00084777,USR83541,MCH9196,Hotel & Lodging,2026-03-02 00:00:00,,2026-03-22 00:00:00,,-1091.87,False,Fraud & Account Takeover,Payment made to unknown merchant as per customer statement.,Medium,IN_PROGRESS,App,False
CBK0001675,TXN00007698,USR30500,MCH1290,Pharmacy,2026-03-25 00:00:00,2026-03-27 00:00:00,2026-04-10 05:50:27,2.0,1746.55,False,Duplicate Debit & Billing,Merchant service was not delivered after payment.,Medium,RESOLVED,Branch,True
CBK0002129,TXN00005777,USR99787,MCH8779,Hotel & Lodging,2026-03-05 00:00:00,2026-03-21 00:00:00,2026-04-02 00:00:00,16.0,891.95,False,Fraud & Account Takeover,Customer says amount was debited twice.,High,IN_PROGRESS,Call Center,True
CBK0000286,TXN00017361,USR62049,MCH6810,Pharmacy,2026-02-01 02:57:51,2026-02-11 00:00:00,2026-02-28 00:00:00,9.876493055555555,1755.45,False,Fraud & Account Takeover,user claims account was compromised before transaction.,Low,IN_PROGRESS,Ivr,True
CBK0002438,TXN00006364,USR79500,MCH2963,Hotel & Lodging,2026-02-17 00:00:00,2026-02-18 21:05:00,2026-03-16 00:00:00,1.8784722222222223,2678.39,False,Service & Delivery Failure,Complaint received after multiple failed attempts.,Low,CLOSED,Email,True
CBK0002365,TXN00000567,USR77716,MCH2387,Transportation,2026-03-15 16:57:45,2026-03-19 00:00:00,2026-04-12 05:57:00,3.293229166666667,1015.09,False,Fraud & Account Takeover,suspicious high-value payment disputed by customer.,Low,IN_PROGRESS,Chatbot,True
CBK0002224,TXN00008421,USR39089,MCH2822,Grocery,2026-01-06 00:00:00,2026-01-11 00:00:00,2026-01-17 00:00:00,5.0,964.56,False,Fraud & Account Takeover,User claims account was compromised before transaction.,Low,CLOSED,Call Center,True
CBK0000686,TXN00000850,USR54783,MCH8420,Hotel & Lodging,2026-01-23 00:00:00,2026-01-20 00:00:00,,-3.0,1203.18,False,Fraud & Account Takeover,Customer says txn was not authorized.,Medium,IN_PROGRESS,Branch,True
CBK0002291,TXN00000916,USR59058,MCH4473,Grocery,2026-01-01 00:19:40,2026-01-03 00:00:00,,1.9863425925925926,577.0,False,Fraud & Account Takeover,Merchant service was not delivered after payment. details missing,High,IN_PROGRESS,Ivr,True
CBK0000999,TXN00009812,USR25934,MCH4473,Transportation,2026-03-11 14:54:18,2026-03-15 00:00:00,2026-04-01 00:00:00,3.3789583333333333,2069.51,False,Customer General Dispute,User reports money deducted but merchant denies receiving payment. details missing,Low,IN_PROGRESS,Call Center,True
CBK0002761,TXN00017387,USR73413,MCH2266,Hotel & Lodging,2026-03-09 00:00:00,2026-03-12 11:20:23,2026-03-30 00:00:00,3.472488425925926,303.26,False,Fraud & Account Takeover,User says UPI PIN was not entered by them.,Medium,IN_PROGRESS,App,True
CBK0002125,TXN00011157,USR38625,MCH3327,Pharmacy,2026-01-26 03:53:00,2026-02-10 00:00:00,2026-02-16 06:53:00,14.838194444444444,-2138.06,False,Customer General Dispute,Customer says transaction was not authorized. urgent,Medium,IN_PROGRESS,Ivr,True
CBK0002511,TXN00014471,USR91311,MCH8100,Restaurant,2026-02-21 00:00:00,2026-02-27 00:00:00,,6.0,2509.27,False,Fraud & Account Takeover,COMPLAINT RECEIVED AFTER MULTIPLE FAILED ATTEMPTS.,High,IN_PROGRESS,Ivr,True
CBK0002548,TXN00003431,USR51725,MCH1320,Pharmacy,2026-01-01 00:00:00,2026-01-09 00:00:00,2026-01-09 00:08:00,8.0,3242.15,False,Service & Delivery Failure,User reports money deducted but merchant denies receiving payment.,Medium,IN_PROGRESS,Chatbot,True
CBK0002220,TXN00018020,USR89284,MCH2757,Restaurant,2026-03-15 13:36:00,2026-03-18 00:00:00,2026-04-10 01:36:14,2.433333333333333,1238.72,False,Service & Delivery Failure,Payment made to unknown merchant as per customer statement.,Low,CLOSED,Call Center,True
CBK0000131,,USR16031,MCH4997,Miscellaneous Retail,2026-02-21 20:10:28,2026-02-23 00:00:00,2026-03-21 00:00:00,1.1593981481481481,1424.0,False,Fraud & Account Takeover,Customer complaint text unclear due to poor call center notes.,High,IN_PROGRESS,Call Center,False
CBK0001441,TXN00017441,USR80479,MCH2733,Transportation,2026-01-12 00:00:00,2026-01-15 00:00:00,,3.0,766.94,False,Fraud & Account Takeover,Customer says amount was debited twice.,High,IN_PROGRESS,Call Center,True
CBK0001641,TXN00012030,USR59679,MCH5954,Hotel & Lodging,2026-03-30 18:54:00,,2026-04-23 00:00:00,,7738.63,True,Service & Delivery Failure,Customer complaint text unclear due to poor call center notes.,Low,REJECTED,Call Center,True
CBK0002766,TXN00011236,USR61715,MCH4062,Restaurant,2026-02-17 00:00:00,2026-02-19 00:00:00,2026-02-26 00:00:00,2.0,12760.0,True,Fraud & Account Takeover,Customer says amount was debited twice.,Low,RESOLVED,Ivr,True
CBK0001084,TXN00017437,USR13933,MCH2265,Miscellaneous Retail,2026-01-17 10:41:08,2026-01-18 00:00:00,2026-02-09 00:00:00,0.5547685185185185,1311.0,False,Customer General Dispute,Customer complaint text unclear due to poor call center notes.,Medium,IN_PROGRESS,Chatbot,True
CBK0001109,TXN00008405,USR77137,MCH8779,Pharmacy,2026-02-18 00:00:00,2026-02-20 00:00:00,2026-02-28 01:12:00,2.0,-1327.89,False,Duplicate Debit & Billing,Suspicious high-value payment disputed by customer.,Medium,CLOSED,App,True
CBK0001142,TXN00013418,USR55881,MCH1320,Transportation,2026-01-13 19:02:00,2026-01-15 00:00:00,,1.2069444444444444,6925.85,False,Service & Delivery Failure,User claims account was compromised before transaction.,Medium,CLOSED,Ivr,True
CBK0000777,,USR41853,MCH3327,Pharmacy,2026-03-01 00:00:00,,,,7674.18,False,Fraud & Account Takeover,Customer says amount was debited twice.,Low,IN_PROGRESS,Chatbot,False
CBK0002610,TXN00011255,USR62673,MCH3100,Transportation,2026-01-06 00:00:00,2026-01-21 17:51:37,2026-01-25 17:51:37,15.744178240740741,2068.22,False,Fraud & Account Takeover,Merchant service was not delivered after payment.,Low,IN_PROGRESS,Call Center,True
CBK0000938,TXN00011273,USR80424,MCH1874,Hotel & Lodging,2026-02-16 00:00:00,2026-02-21 00:00:00,2026-02-28 00:00:00,5.0,1062.27,False,Service & Delivery Failure,Customer says amount was debited twice.,Critical,RESOLVED,Branch,True
CBK0000720,TXN00009292,USR62461,MCH8044,Hotel & Lodging,2026-01-16 00:00:00,2026-01-21 00:00:00,,5.0,2299.02,False,Fraud & Account Takeover,Payment made to unknown merchant as per cust statement.,Low,IN_PROGRESS,Chatbot,True
CBK0000534,TXN00009187,USR89514,MCH5319,Transportation,2026-01-18 00:00:00,2026-01-19 00:00:00,2026-02-07 00:00:00,1.0,3008.39,False,Service & Delivery Failure,User says UPI PIN was not entered by them. details missing,Low,CLOSED,Email,True
CBK0001713,TXN00019900,USR24117,MCH3622,Grocery,2026-01-19 00:00:00,2026-01-27 00:00:00,,8.0,4072.76,False,Service & Delivery Failure,Complaint received after multiple failed attempts. call dropped,Medium,IN_PROGRESS,Branch,True
CBK0002694,TXN00017451,USR11727,MCH6810,Miscellaneous Retail,2026-03-04 00:00:00,2026-03-06 17:47:56,2026-03-25 00:00:00,2.7416203703703705,1007.69,False,Service & Delivery Failure,Customer says transaction was not authorized.,Low,IN_PROGRESS,Ivr,True
CBK0002018,TXN00005542,USR80304,MCH8953,Hotel & Lodging,2026-01-31 00:00:00,2026-02-01 10:25:53,,1.4346412037037037,236.16,False,Duplicate Debit & Billing,Complaint received after multiple failed attempts.,Medium,IN_PROGRESS,App,True
CBK0002775,TXN00018203,USR60939,MCH9570,Restaurant,,2026-02-12 08:26:59,2026-02-15 08:26:00,,1403.54,False,Fraud & Account Takeover,Complaint received after multiple failed attempts.,Low,CLOSED,App,True
CBK0002030,TXN00019111,USR11036,MCH5122,Grocery,2026-01-15 00:00:00,2026-01-19 03:25:00,2026-01-22 00:00:00,4.142361111111111,1094.0,False,Fraud & Account Takeover,Payment made to unknown merchant as per customer statement.,High,REJECTED,Email,True
CBK0002007,TXN00018681,USR53356,MCH5076,Restaurant,2026-03-06 00:00:00,2026-03-06 00:00:00,,0.0,5525.44,False,Duplicate Debit & Billing,merchant service was not delivered after payment.,Medium,IN_PROGRESS,Chatbot,True
CBK0001825,TXN00000995,USR60939,MCH9788,Hotel & Lodging,,2026-02-22 00:00:00,2026-03-06 00:00:00,,9030.74,True,Fraud & Account Takeover,customer says amount was debited twice.,Medium,IN_PROGRESS,App,True
CBK0000191,TXN00016165,USR22024,MCH5684,Miscellaneous Retail,2026-02-10 00:00:00,2026-02-16 00:00:00,2026-02-19 00:00:00,6.0,4335.54,False,Service & Delivery Failure,Merchant service was not delivered after payment. urgent,High,CLOSED,Branch,True
CBK0001412,TXN00007645,USR75440,MCH4862,Hotel & Lodging,2026-02-23 00:00:00,2026-02-23 00:00:00,2026-03-21 10:58:05,0.0,-1667.95,False,Service & Delivery Failure,Customer says transaction was not authorized.,Critical,IN_PROGRESS,Email,True
CBK0000015,TXN00003408,USR88037,MCH7845,Pharmacy,,,2026-04-01 14:30:26,,895.1,False,Service & Delivery Failure,Suspicious high-value payment disputed by cust.,Medium,IN_PROGRESS,Ivr,True
CBK0001722,TXN00001041,USR72483,MCH9013,Grocery,2026-01-06 00:00:00,2026-01-08 00:00:00,2026-01-18 00:00:00,2.0,1977.08,False,Duplicate Debit & Billing,customer says amount was debited twice.,Low,IN_PROGRESS,Branch,True
CBK0000826,TXN00002919,USR50535,MCH2014,Restaurant,2026-01-11 00:00:00,2026-01-13 00:00:00,,2.0,4331.37,False,Fraud & Account Takeover,customer says amount was debited twice.,High,IN_PROGRESS,Ivr,True
CBK0001912,TXN00004776,USR25848,MCH1193,Grocery,2026-01-17 01:51:00,2026-01-22 00:00:00,2026-01-30 21:51:51,4.922916666666667,2319.55,False,Service & Delivery Failure,Complaint received after multiple failed attempts.,High,REJECTED,Chatbot,True
CBK0002561,TXN00002204,USR14039,MCH6810,Restaurant,2026-03-04 00:00:00,2026-03-08 00:00:00,2026-03-11 00:00:00,4.0,455.59,False,Fraud & Account Takeover,User says UPI PIN was not entered by them.,High,IN_PROGRESS,Ivr,True
CBK0000224,TXN00019488,USR33856,MCH7833,Grocery,,2026-01-11 04:59:00,,,6544.91,False,Fraud & Account Takeover,User says UPI PIN was not entered by them. urgent,Medium,CLOSED,Chatbot,True
CBK0000554,TXN00016199,USR58457,MCH2818,Restaurant,2026-03-03 00:00:00,2026-03-13 00:00:00,2026-03-20 00:00:00,10.0,4366.91,False,Fraud & Account Takeover,Payment made to unknown merchant as per customer statement.,High,IN_PROGRESS,Chatbot,True
CBK0001687,TXN00003168,USR79935,MCH8154,Grocery,2026-02-26 00:00:00,2026-03-01 00:00:00,2026-03-11 03:30:00,3.0,2132.64,False,Fraud & Account Takeover,merchant service was not delivered after payment.,Medium,IN_PROGRESS,Chatbot,True
CBK0001186,TXN00018221,USR54313,MCH9511,Telecom,2026-01-30 00:00:00,2026-03-17 00:00:00,2026-04-03 00:00:00,46.0,119.0,False,Duplicate Debit & Billing,User claims account was compromised before transaction. pls check asap,Low,IN_PROGRESS,Branch,True
CBK0000923,TXN00094657,USR35229,MCH1505,Miscellaneous Retail,2026-03-23 00:00:00,2026-04-23 00:00:00,2026-04-26 00:00:00,31.0,2556.0,False,Duplicate Debit & Billing,Merchant service was not delivered after payment.,High,CLOSED,Branch,False
CBK0000322,TXN00019719,USR68594,MCH8391,Grocery,2026-03-23 00:00:00,2026-04-02 20:20:18,2026-04-18 20:20:18,10.847430555555556,4373.83,False,Service & Delivery Failure,merchant service was not delivered after payment.,High,CLOSED,Branch,True
CBK0000056,TXN00002715,USR49193,MCH9467,Hotel & Lodging,2026-01-23 00:00:00,2026-02-03 08:44:00,,11.363888888888889,43.83,True,Service & Delivery Failure,Merchant service was not delivered after payment.,High,REJECTED,Chatbot,True
CBK0000778,TXN00004797,USR73637,MCH1026,Transportation,2026-01-12 03:41:00,2026-02-27 00:00:00,,45.84652777777778,3784.33,False,Fraud & Account Takeover,customer says transaction was not authorized.,Medium,RESOLVED,Call Center,True
CBK0001904,TXN00006057,USR27947,MCH5098,Grocery,2026-01-23 08:43:00,2026-01-26 00:00:00,2026-02-15 09:43:00,2.6368055555555556,378.18,False,Duplicate Debit & Billing,Merchant service was not delivered after payment.,High,IN_PROGRESS,Call Center,True
CBK0001858,TXN00019309,USR57601,MCH7194,Pharmacy,2026-01-10 00:00:00,2026-01-11 00:00:00,,1.0,6862.58,False,Customer General Dispute,User claims account was compromised before transaction.,High,IN_PROGRESS,App,True
CBK0001327,TXN00010704,USR57352,MCH9854,Grocery,2026-01-15 20:40:00,2026-01-21 00:00:00,,5.138888888888889,2880.65,False,Fraud & Account Takeover,Complaint received after multiple failed attempts.,Low,IN_PROGRESS,Branch,True
CBK0000612,TXN00008353,USR59073,MCH2016,Grocery,2026-03-04 00:00:00,2026-03-06 18:57:42,2026-03-11 18:57:00,2.7900694444444443,1208.71,False,Fraud & Account Takeover,customer says transaction was not authorized.,Medium,REJECTED,Branch,True
CBK0001251,TXN00007334,USR34180,MCH8904,Transportation,2026-03-05 00:00:00,2026-03-08 00:00:00,2026-03-19 00:00:00,3.0,903.47,False,Service & Delivery Failure,PAYMENT MADE TO UNKNOWN MERCHANT AS PER CUSTOMER STATEMENT.,Low,CLOSED,Chatbot,True
CBK0000036,TXN00007642,USR23143,MCH2032,Miscellaneous Retail,2026-01-14 00:00:00,2026-01-17 16:21:03,2026-02-05 16:21:03,3.6812847222222222,1258.0,False,Customer General Dispute,Customer says transaction was not authorized. NA,Critical,REJECTED,Email,True
CBK0001074,TXN00016035,USR30137,MCH4252,Transportation,2026-03-18 00:00:00,2026-03-20 00:00:00,,2.0,2162.74,False,Duplicate Debit & Billing,Customer complaint text unclear due to poor call center notes.,Medium,IN_PROGRESS,Branch,True
CBK0000045,TXN00018877,USR30701,MCH8391,Grocery,,2026-03-10 00:00:00,,,2653.61,False,Service & Delivery Failure,Payment made to unknown merchant as per customer statement.,Critical,IN_PROGRESS,Chatbot,True
CBK0002044,TXN00012234,USR38814,MCH2495,Miscellaneous Retail,2026-02-25 00:00:00,2026-04-11 00:00:00,2026-04-17 00:00:00,45.0,1786.57,False,Fraud & Account Takeover,Customer says amount was debited twice.,Critical,IN_PROGRESS,Ivr,True
CBK0002390,TXN00008564,USR53527,MCH1450,Grocery,2026-03-14 00:00:00,2026-03-20 12:52:19,2026-04-18 00:00:00,6.536331018518519,7520.47,False,Service & Delivery Failure,USER CLAIMS ACCOUNT WAS COMPROMISED BEFORE TRANSACTION.,Medium,RESOLVED,Chatbot,True
CBK0000991,TXN00016978,USR85967,MCH9642,Restaurant,2026-03-28 06:01:00,2026-04-12 20:01:14,2026-04-12 00:00:00,15.58349537037037,3895.0,False,Fraud & Account Takeover,Customer says amount was debited twice.,Medium,CLOSED,Ivr,True
CBK0001740,TXN00009712,USR32707,MCH4181,Miscellaneous Retail,2026-01-28 00:00:00,2026-01-29 00:00:00,2026-02-28 00:00:00,1.0,803.59,False,Customer General Dispute,User reports money deducted but merchant denies receiving payment.,Medium,CLOSED,App,True
CBK0000182,TXN00013078,USR91108,MCH4931,Pharmacy,2026-02-06 21:01:00,2026-02-06 00:00:00,2026-03-01 00:00:00,-0.8756944444444444,3943.46,False,Service & Delivery Failure,Suspicious high-value payment disputed by customer.,Critical,IN_PROGRESS,App,True
CBK0002641,TXN00005655,USR10307,MCH4859,Grocery,2026-02-27 00:00:00,2026-03-03 00:00:00,,4.0,5976.8,False,Duplicate Debit & Billing,Merchant service was not delivered after payment.,High,IN_PROGRESS,Chatbot,True
CBK0001106,TXN00081951,USR84942,MCH2073,Miscellaneous Retail,2026-02-12 01:12:00,,2026-03-12 00:00:00,,3816.43,False,Fraud & Account Takeover,Customer says transaction was not authorized. call dropped,Medium,IN_PROGRESS,Branch,False
CBK0002466,TXN00013029,USR16995,MCH7040,Grocery,2026-01-13 05:39:00,2026-01-15 19:39:00,2026-01-25 19:39:06,2.5833333333333335,1491.88,False,Service & Delivery Failure,Customer says transaction was not authorized.,Medium,REJECTED,Email,True
CBK0001305,TXN00017826,USR89617,MCH5076,Restaurant,2026-01-18 23:38:00,2026-02-03 00:00:00,2026-02-24 00:00:00,15.015277777777778,5617.04,False,Fraud & Account Takeover,Payment made to unknown merchant as per customer statement.,Low,IN_PROGRESS,Ivr,True
CBK0002675,TXN00007158,USR38065,MCH6195,Pharmacy,2026-02-10 00:00:00,2026-02-25 18:38:29,2026-02-25 00:00:00,15.776724537037037,-1520.53,False,Service & Delivery Failure,User reports money deducted but merchant denies receiving payment.,High,IN_PROGRESS,Ivr,True
CBK0002337,TXN00008947,USR74187,MCH2877,Pharmacy,2026-01-05 00:00:00,2026-01-08 00:00:00,2026-01-14 00:00:00,3.0,4079.0,False,Customer General Dispute,Customer says amount was debited twice.,Low,RESOLVED,Ivr,True
CBK0000211,TXN00019098,USR76655,MCH2383,Pharmacy,2026-02-12 00:00:00,2026-02-27 00:00:00,2026-03-14 00:00:00,15.0,536.94,False,Fraud & Account Takeover,Complaint received after multiple failed attempts.,Medium,IN_PROGRESS,Email,True
CBK0000042,TXN00001246,USR48537,MCH2700,Grocery,2026-02-08 00:00:00,,2026-02-25 00:00:00,,702.0,False,Customer General Dispute,customer says transaction was not authorized.,High,CLOSED,Ivr,True
CBK0002778,TXN00034155,USR63286,MCH5795,Hotel & Lodging,2026-03-31 00:00:00,2026-05-15 00:00:00,,45.0,736.99,False,Service & Delivery Failure,Suspicious high-value payment disputed by customer.,Medium,IN_PROGRESS,Chatbot,False
CBK0002652,TXN00008454,USR79705,MCH2757,Pharmacy,,2026-02-27 00:00:00,2026-03-14 00:00:00,,268.0,False,Fraud & Account Takeover,Suspicious high-value payment disputed by customer.,Medium,IN_PROGRESS,Chatbot,True
CBK0000226,TXN00015815,USR35149,MCH8971,Grocery,2026-02-11 01:43:00,2026-02-26 00:00:00,,14.928472222222222,458.03,False,Customer General Dispute,Customer complaint text unclear due to poor call center notes.,Low,IN_PROGRESS,Email,True
CBK0001226,TXN00014655,USR64776,MCH4837,Grocery,2026-01-19 00:00:00,2026-01-29 00:00:00,2026-02-08 00:00:00,10.0,290.31,False,Duplicate Debit & Billing,customer complaint text unclear due to poor call center notes.,High,IN_PROGRESS,Chatbot,True
CBK0001961,TXN00004780,USR62254,MCH9817,Transportation,2026-02-05 00:00:00,2026-02-06 00:00:00,,1.0,-673.13,False,Fraud & Account Takeover,Customer says transaction was not authorized.,High,IN_PROGRESS,Ivr,True
CBK0001650,TXN00007842,USR43371,MCH9291,Hotel & Lodging,2026-03-24 00:00:00,2026-03-27 00:00:00,2026-04-21 00:00:00,3.0,5443.0,False,Duplicate Debit & Billing,Customer says amount was debited twice.,Low,IN_PROGRESS,Ivr,True
CBK0002294,TXN00004771,USR12753,MCH9267,Grocery,2026-02-03 00:00:00,2026-02-19 00:00:00,,16.0,5005.08,False,Customer General Dispute,Complaint received after multiple failed attempts.,Critical,IN_PROGRESS,Chatbot,True
CBK0000256,TXN00001617,USR63778,MCH6614,Transportation,2026-01-29 00:00:00,2026-01-30 00:00:00,2026-02-17 00:00:00,1.0,14278.2,False,Service & Delivery Failure,User reports money deducted but merchant denies receiving payment.,Low,IN_PROGRESS,Ivr,True
CBK0000634,TXN00003160,USR20310,MCH5168,Grocery,2026-03-14 00:00:00,2026-03-14 07:16:00,,0.30277777777777776,11376.0,False,Duplicate Debit & Billing,USER SAYS UPI PIN WAS NOT ENTERED BY THEM.,Low,REJECTED,Email,True
CBK0001898,TXN00012370,USR72048,MCH5535,Grocery,2026-03-29 00:00:00,2026-04-02 00:00:00,,4.0,-9690.23,False,Duplicate Debit & Billing,User claims account was compromised before transaction.,Medium,IN_PROGRESS,Call Center,True
CBK0001953,TXN00002867,USR48061,MCH8600,Hotel & Lodging,2026-01-15 00:00:00,2026-01-16 10:12:56,2026-01-24 00:00:00,1.4256481481481482,4361.29,False,Customer General Dispute,Suspicious high-value payment disputed by customer.,Low,IN_PROGRESS,Email,True
CBK0000414,TXN00071282,USR51465,MCH8403,Miscellaneous Retail,2026-03-05 00:00:00,2026-03-21 02:45:00,2026-03-30 02:45:00,16.114583333333332,4105.21,False,Fraud & Account Takeover,USER CLAIMS ACCOUNT WAS COMPROMISED BEFORE TRANSACTION.,Critical,IN_PROGRESS,Call Center,False
CBK0000229,TXN00011498,USR25152,MCH5516,Transportation,2026-03-10 08:33:00,2026-03-13 00:00:00,2026-03-18 16:33:39,2.64375,1209.77,False,Fraud & Account Takeover,User says UPI PIN was not entered by them.,Low,IN_PROGRESS,Chatbot,True
CBK0002621,TXN00013196,USR25302,MCH2285,Grocery,2026-01-05 00:00:00,2026-01-08 00:00:00,2026-02-06 00:00:00,3.0,4814.0,False,Service & Delivery Failure,Merchant service was not delivered after payment.,Medium,IN_PROGRESS,Branch,True
CBK0002599,TXN00015427,USR46465,MCH3243,Hotel & Lodging,2026-03-04 00:00:00,2026-04-04 00:00:00,2026-04-18 00:00:00,31.0,1089.6,False,Fraud & Account Takeover,Customer says transaction was not authorized. NA,Medium,IN_PROGRESS,Chatbot,True
CBK0001385,TXN00015532,USR43241,MCH2822,Miscellaneous Retail,2026-02-02 21:47:00,2026-02-03 00:00:00,2026-02-15 00:00:00,0.09236111111111112,90.26,False,Fraud & Account Takeover,Customer says transaction was not authorized.,Critical,IN_PROGRESS,App,True
CBK0001645,TXN00004849,USR87914,MCH2065,Hotel & Lodging,2026-03-31 15:04:00,2026-04-03 00:00:00,2026-04-04 09:04:41,2.3722222222222222,1212.0,False,Service & Delivery Failure,Payment made to unknown merchant as per customer statement.,Medium,IN_PROGRESS,Branch,True
CBK0000995,TXN00005999,USR40639,MCH1381,Hotel & Lodging,2026-01-11 20:47:00,2026-01-13 00:00:00,,1.1340277777777779,-3530.1,False,Service & Delivery Failure,COMPLAINT RECEIVED AFTER MULTIPLE FAILED ATTEMPTS.,Low,IN_PROGRESS,Chatbot,True
CBK0000553,TXN00001388,USR38124,MCH8462,Grocery,2026-03-07 00:00:00,2026-03-09 16:59:00,2026-03-18 00:00:00,2.707638888888889,-5809.0,False,Service & Delivery Failure,merchant service was not delivered after payment.,High,CLOSED,Email,True
CBK0000812,TXN00003721,USR76959,MCH8190,Grocery,,2026-03-05 00:00:00,,,-3807.76,False,Fraud & Account Takeover,User says UPI PIN was not entered by them.,High,CLOSED,Branch,True
CBK0000841,TXN00007967,USR49028,MCH7643,Miscellaneous Retail,2026-03-31 00:00:00,2026-04-11 00:00:00,2026-04-12 01:44:00,11.0,6879.64,True,Service & Delivery Failure,Customer says transaction was not authorized. call dropped,High,REJECTED,Ivr,True
CBK0000266,TXN00006755,USR13301,MCH5226,Hotel & Lodging,2026-01-07 00:00:00,2026-01-07 00:00:00,2026-02-02 18:44:26,0.0,1874.0,False,Duplicate Debit & Billing,Customer complaint text unclear due to poor call center notes. call dropped,Medium,CLOSED,Call Center,True
CBK0002431,TXN00015350,USR95800,MCH4448,Transportation,2026-03-26 01:08:15,2026-03-28 03:08:15,2026-04-10 03:08:00,2.0833333333333335,676.77,False,Fraud & Account Takeover,Customer complaint text unclear due to poor call center notes.,Low,IN_PROGRESS,Call Center,True
CBK0000907,TXN00018961,USR73332,MCH5096,Restaurant,2026-03-24 00:00:00,,,,409.0,False,Fraud & Account Takeover,Merchant service was not delivered after payment.,Low,RESOLVED,Ivr,True
CBK0000568,TXN00005915,USR19528,MCH9192,Grocery,,2026-02-24 00:00:00,,,215.32,False,Fraud & Account Takeover,Customer says transaction was not authorized. urgent,Medium,IN_PROGRESS,Chatbot,True
CBK0002248,TXN00018611,USR80560,MCH1043,Restaurant,2026-02-11 00:00:00,2026-02-13 00:00:00,2026-02-28 00:00:00,2.0,1143.89,False,Duplicate Debit & Billing,Customer says amount was debited twice.,Medium,IN_PROGRESS,Branch,True
CBK0001578,TXN00008775,USR61019,MCH8496,Grocery,2026-03-30 13:32:00,2026-03-31 00:00:00,2026-04-22 00:00:00,0.4361111111111111,8304.41,False,Fraud & Account Takeover,Customer says amount was debited twice.,Low,RESOLVED,Email,True
CBK0001548,TXN00000463,USR79013,MCH7615,Grocery,,2026-01-05 20:53:00,2026-01-10 00:00:00,,18653.66,True,Service & Delivery Failure,User says UPI PIN was not entered by them.,High,RESOLVED,Branch,True
CBK0002013,TXN00007063,USR45520,MCH1320,Grocery,2026-03-01 06:39:21,2026-03-02 00:00:00,2026-03-17 00:00:00,0.7226736111111111,370.32,False,Fraud & Account Takeover,User says UPI PIN was not entered by them.,Low,IN_PROGRESS,Chatbot,True
CBK0001094,TXN00017457,USR13306,MCH4473,Hotel & Lodging,2026-03-07 08:44:00,2026-03-10 00:00:00,,2.636111111111111,23666.33,True,Duplicate Debit & Billing,Merchant service was not delivered after payment. NA,Low,IN_PROGRESS,Call Center,True
CBK0001077,TXN00009149,USR88897,MCH5127,Grocery,2026-02-02 00:00:00,2026-02-04 00:00:00,,2.0,-2970.62,False,Fraud & Account Takeover,Payment made to unknown merchant as per cust statement.,Critical,REJECTED,Email,True
CBK0001003,TXN00006075,USR31466,MCH8516,Grocery,2026-02-07 03:40:00,2026-02-12 09:40:00,,5.25,1413.0,False,Service & Delivery Failure,User claims account was compromised before transaction.,Critical,IN_PROGRESS,Email,True
CBK0002093,TXN00017223,USR95193,MCH2383,Miscellaneous Retail,2026-03-25 00:00:00,2026-03-20 21:23:30,2026-04-14 00:00:00,-4.108680555555556,-711.68,False,Fraud & Account Takeover,CUSTOMER SAYS TRANSACTION WAS NOT AUTHORIZED.,Low,CLOSED,Call Center,True
CBK0001520,TXN00005376,USR68623,MCH8701,Transportation,2026-03-31 00:00:00,2026-04-03 00:00:00,2026-04-18 00:00:00,3.0,6375.04,False,Service & Delivery Failure,User claims account was compromised before transaction.,Medium,IN_PROGRESS,App,True
CBK0002269,TXN00002609,USR70968,MCH6810,Transportation,2026-03-06 00:00:00,2026-04-05 00:00:00,2026-04-22 00:00:00,30.0,3155.0,False,Duplicate Debit & Billing,MERCHANT SERVICE WAS NOT DELIVERED AFTER PAYMENT.,Medium,IN_PROGRESS,Email,True
CBK0001060,TXN00004377,USR65291,MCH5076,Restaurant,2026-01-08 00:00:00,2026-01-12 13:45:00,2026-02-06 00:00:00,4.572916666666667,6954.75,False,Customer General Dispute,Payment made to unknown merchant as per customer statement.,Low,IN_PROGRESS,Chatbot,True
CBK0000878,TXN00017227,USR23617,MCH9290,Transportation,2026-02-28 16:25:00,2026-03-08 13:25:00,2026-03-09 00:00:00,7.875,2799.72,False,Duplicate Debit & Billing,User claims account was compromised before transaction. urgent,High,IN_PROGRESS,Chatbot,True
CBK0002419,TXN00008154,USR61213,MCH1320,Grocery,2026-02-25 14:30:00,2026-04-12 00:00:00,,45.395833333333336,1654.89,False,Service & Delivery Failure,suspicious high-value payment disputed by customer.,Medium,IN_PROGRESS,App,True
CBK0000142,TXN00017373,USR22644,MCH2266,Grocery,,2026-03-17 00:00:00,2026-04-15 15:50:00,,4758.01,False,Fraud & Account Takeover,Merchant service was not delivered after payment.,Medium,IN_PROGRESS,Email,True
CBK0000028,TXN00005785,USR15008,MCH4604,Restaurant,2026-02-03 15:28:00,2026-03-06 00:28:00,2026-03-28 00:00:00,30.375,222.95,False,Duplicate Debit & Billing,Payment made to unknown merchant as per cust statement.,Medium,CLOSED,Ivr,True
CBK0000090,TXN00018546,USR70795,MCH3992,Hotel & Lodging,2026-02-26 00:00:00,2026-02-23 00:00:00,2026-03-03 00:00:00,-3.0,7492.62,False,Service & Delivery Failure,MERCHANT SERVICE WAS NOT DELIVERED AFTER PAYMENT.,High,CLOSED,Ivr,True
CBK0000644,TXN00007288,USR97139,MCH2822,Miscellaneous Retail,2026-02-03 00:00:00,2026-02-06 00:00:00,2026-02-12 15:55:43,3.0,320.6,False,Fraud & Account Takeover,Suspicious high-value payment disputed by customer.,Low,IN_PROGRESS,Branch,True
CBK0000171,TXN00003032,USR85839,MCH4965,Hotel & Lodging,2026-02-02 06:26:00,2026-03-04 00:00:00,,29.731944444444444,988.93,False,Service & Delivery Failure,User says UPI PIN was not entered by them.,High,REJECTED,Chatbot,True
CBK0002288,TXN00001620,USR79613,MCH2822,Pharmacy,2026-03-07 00:00:00,2026-03-07 00:00:00,,0.0,650.47,False,Duplicate Debit & Billing,User reports money deducted but merchant denies receiving payment.,High,CLOSED,Chatbot,True
CBK0000236,TXN00015982,USR78462,MCH5980,Transportation,2026-02-19 02:15:55,2026-03-21 00:00:00,2026-04-14 00:00:00,29.905613425925925,3445.69,False,Customer General Dispute,Suspicious high-value payment disputed by customer.,Low,IN_PROGRESS,Ivr,True
CBK0001256,TXN00012543,USR97472,MCH2266,Grocery,2026-03-26 00:00:00,2026-03-29 00:00:00,2026-04-12 01:21:00,3.0,-5621.9,False,Duplicate Debit & Billing,Payment made to unknown merchant as per customer statement. NA,Low,CLOSED,Chatbot,True
CBK0002263,TXN00017565,USR25091,MCH2757,Hotel & Lodging,2026-03-25 00:00:00,,2026-04-08 00:00:00,,3265.92,False,Service & Delivery Failure,User claims account was compromised before transaction.,Medium,IN_PROGRESS,App,True
CBK0000491,TXN00012981,USR53356,MCH3100,Miscellaneous Retail,2026-02-28 00:00:00,2026-03-01 00:00:00,2026-03-09 00:00:00,1.0,1168.0,False,Service & Delivery Failure,MERCHANT SERVICE WAS NOT DELIVERED AFTER PAYMENT.,High,IN_PROGRESS,Ivr,True
CBK0000790,TXN00010376,USR31294,MCH2721,Pharmacy,2026-02-21 00:00:00,2026-02-21 00:00:00,,0.0,3789.0,False,Duplicate Debit & Billing,suspicious high-value payment disputed by customer.,Medium,IN_PROGRESS,App,True
CBK0002734,TXN00086247,USR30500,MCH9900,Miscellaneous Retail,2026-01-02 00:00:00,2026-01-04 00:00:00,,2.0,1425.14,False,Fraud & Account Takeover,SUSPICIOUS HIGH-VALUE PAYMENT DISPUTED BY CUSTOMER.,High,IN_PROGRESS,Chatbot,False
CBK0000108,TXN00012720,USR63044,MCH3342,Grocery,2026-01-03 07:04:00,2026-01-05 00:00:00,2026-01-05 00:00:00,1.7055555555555555,1297.0,False,Fraud & Account Takeover,User reports money deducted but merchant denies receiving payment.,Low,RESOLVED,Chatbot,True
CBK0000228,TXN00001207,USR43461,MCH2457,Grocery,2026-02-10 00:00:00,2026-02-06 21:57:00,2026-02-17 21:57:00,-3.0854166666666667,5779.34,False,Fraud & Account Takeover,Complaint received after multiple failed attempts.,Medium,REJECTED,Ivr,True
CBK0002532,TXN00014807,USR72152,MCH4189,Apparel,2026-03-26 00:00:00,2026-03-30 00:00:00,2026-04-25 00:00:00,4.0,7264.53,True,Fraud & Account Takeover,Customer says amount was debited twice.,Critical,IN_PROGRESS,Chatbot,True
CBK0000489,TXN00009790,USR14874,MCH3965,Restaurant,2026-02-24 00:00:00,2026-02-25 23:38:39,,1.9851736111111111,1114.59,False,Service & Delivery Failure,Customer says txn was not authorized.,Medium,RESOLVED,Chatbot,True
CBK0001085,TXN00007125,USR27848,MCH8555,Restaurant,2026-03-14 00:00:00,2026-03-16 00:00:00,,2.0,1467.82,False,Service & Delivery Failure,user reports money deducted but merchant denies receiving payment.,Critical,IN_PROGRESS,Chatbot,True
CBK0002462,TXN00017340,USR67399,MCH8154,Grocery,2026-02-10 00:00:00,2026-03-28 00:00:00,2026-04-17 00:00:00,46.0,1945.77,False,Fraud & Account Takeover,PAYMENT MADE TO UNKNOWN MERCHANT AS PER CUSTOMER STATEMENT.,Low,IN_PROGRESS,Ivr,True
CBK0002197,TXN00006372,USR66647,MCH5779,Transportation,2026-02-17 13:16:55,2026-02-21 00:00:00,,3.4465856481481483,5763.76,False,Fraud & Account Takeover,user reports money deducted but merchant denies receiving payment.,Medium,IN_PROGRESS,Chatbot,True
CBK0000814,TXN00017418,USR91623,MCH6810,Transportation,,2026-01-03 02:57:39,2026-01-29 00:00:00,,1350.91,False,Duplicate Debit & Billing,Merchant service was not delivered after payment.,Low,IN_PROGRESS,Email,True
CBK0001792,TXN00002522,USR78192,MCH5237,Transportation,2026-01-23 04:37:11,2026-01-24 00:00:00,,0.807511574074074,877.59,False,Service & Delivery Failure,User reports money deducted but merchant denies receiving payment. pls check asap,Medium,CLOSED,Ivr,True
CBK0001103,TXN00006537,USR64942,MCH8349,Grocery,2026-02-25 00:00:00,2026-03-12 23:58:49,2026-03-21 23:58:00,15.99917824074074,418.0,False,Customer General Dispute,User says UPI PIN was not entered by them.,Medium,IN_PROGRESS,Ivr,True
CBK0000208,TXN00011412,USR90908,MCH1460,Grocery,2026-01-05 00:00:00,,2026-02-04 00:00:00,,1142.95,False,Service & Delivery Failure,User says UPI PIN was not entered by them.,Low,REJECTED,Ivr,True
CBK0002160,TXN00003789,USR91387,MCH3992,Restaurant,2026-03-09 00:00:00,2026-03-13 00:02:43,2026-03-31 00:00:00,4.001886574074074,1061.09,False,Customer General Dispute,COMPLAINT RECEIVED AFTER MULTIPLE FAILED ATTEMPTS.,Medium,IN_PROGRESS,Call Center,True
CBK0002355,TXN00010287,USR83793,MCH2036,Restaurant,2026-02-28 07:09:59,2026-03-03 00:00:00,,2.701400462962963,852.14,False,Service & Delivery Failure,USER SAYS UPI PIN WAS NOT ENTERED BY THEM.,Critical,RESOLVED,Chatbot,True
CBK0001555,TXN00010998,USR55626,MCH3270,Transportation,2026-03-23 00:00:00,2026-03-23 23:29:00,2026-04-03 00:00:00,0.9784722222222222,1074.0,False,Fraud & Account Takeover,Merchant service was not delivered after payment. NA,Critical,CLOSED,Call Center,True
CBK0000947,TXN00013726,USR83095,MCH5410,Grocery,2026-03-28 00:00:00,2026-03-29 11:05:48,,1.462361111111111,6019.31,False,Duplicate Debit & Billing,suspicious high-value payment disputed by customer.,High,IN_PROGRESS,Branch,True
CBK0002261,TXN00000527,USR82246,MCH6318,Grocery,2026-01-18 00:00:00,2026-01-20 00:00:00,2026-01-29 03:15:21,2.0,3784.42,False,Duplicate Debit & Billing,Customer complaint text unclear due to poor call center notes.,Low,IN_PROGRESS,Branch,True
CBK0001921,TXN00018097,USR29054,MCH8796,Pharmacy,,2026-02-27 00:00:00,2026-03-03 02:06:00,,2522.66,False,Service & Delivery Failure,Complaint received after multiple failed attempts.,High,CLOSED,Ivr,True
CBK0000150,TXN00004153,USR21449,MCH8072,Grocery,2026-03-21 00:00:00,2026-03-22 00:00:00,2026-03-24 09:18:00,1.0,3630.27,False,Fraud & Account Takeover,Suspicious high-value payment disputed by customer.,High,IN_PROGRESS,App,True
CBK0001255,,USR63146,MCH9614,Miscellaneous Retail,2026-02-21 00:00:00,2026-02-27 00:00:00,2026-02-27 00:00:00,6.0,1677.54,False,Service & Delivery Failure,Customer says transaction was not authorized.,Low,IN_PROGRESS,Chatbot,False
CBK0002165,TXN00011788,USR69706,MCH3368,Restaurant,2026-01-04 00:00:00,2026-01-07 00:00:00,2026-01-16 00:00:00,3.0,4428.67,False,Duplicate Debit & Billing,Customer says amount was debited twice. details missing,Low,REJECTED,Ivr,True
CBK0001143,TXN00010812,USR29995,MCH2068,Pharmacy,2026-02-11 00:00:00,2026-02-13 00:00:00,2026-03-14 00:00:00,2.0,-752.91,False,Duplicate Debit & Billing,User says UPI PIN was not entered by them.,Low,IN_PROGRESS,Chatbot,True
CBK0001369,TXN00016708,USR40818,MCH6534,Grocery,,,2026-02-27 00:00:00,,2567.69,False,Fraud & Account Takeover,Customer says amount was debited twice.,Medium,IN_PROGRESS,Ivr,True
CBK0001216,TXN00002147,USR51748,MCH7793,Transportation,2026-01-25 00:00:00,2026-01-28 00:00:00,,3.0,1064.06,False,Fraud & Account Takeover,Complaint received after multiple failed attempts.,High,REJECTED,Branch,True
CBK0000495,TXN00010199,USR31808,MCH4590,Grocery,2026-01-17 00:00:00,2026-01-27 00:00:00,2026-02-07 00:00:00,10.0,3450.0,False,Service & Delivery Failure,Customer says transaction was not authorized.,High,IN_PROGRESS,Ivr,True
CBK0002274,TXN00008466,USR84517,MCH6508,Grocery,2026-01-21 00:00:00,2026-01-23 00:00:00,,2.0,494.63,False,Fraud & Account Takeover,user claims account was compromised before transaction.,Medium,IN_PROGRESS,Ivr,True
CBK0000001,TXN00000797,USR85565,MCH8779,Grocery,2026-02-04 20:55:03,2026-02-03 00:00:00,2026-02-13 00:00:00,-1.8715625,1020.66,False,Service & Delivery Failure,Suspicious high-value payment disputed by customer. details missing,Low,RESOLVED,Email,True
CBK0000101,TXN00010812,USR81116,MCH4055,Pharmacy,,2026-04-04 00:00:00,2026-04-05 00:00:00,,3506.0,False,Duplicate Debit & Billing,payment made to unknown merchant as per customer statement.,Low,IN_PROGRESS,Chatbot,True
CBK0001075,TXN00013358,USR12571,MCH7477,Miscellaneous Retail,,2026-02-27 00:00:00,2026-03-16 00:00:00,,2097.39,False,Service & Delivery Failure,Customer says transaction was not authorized.,Low,REJECTED,Chatbot,True
CBK0000412,TXN00007488,USR50260,MCH1591,Miscellaneous Retail,2026-01-14 05:30:00,2026-02-13 00:00:00,2026-02-19 00:00:00,29.770833333333332,384.26,False,Duplicate Debit & Billing,USER REPORTS MONEY DEDUCTED BUT MERCHANT DENIES RECEIVING PAYMENT.,High,IN_PROGRESS,Ivr,True
CBK0001587,TXN00016352,USR29556,MCH9289,Hotel & Lodging,2026-01-14 00:00:00,2026-01-18 00:00:00,2026-01-18 00:00:00,4.0,6616.61,False,Service & Delivery Failure,Complaint received after multiple failed attempts.,Medium,IN_PROGRESS,Chatbot,True
CBK0001232,TXN00009374,USR51626,MCH6929,Hotel & Lodging,2026-01-03 00:00:00,2026-01-06 09:58:50,2026-01-28 00:00:00,3.4158564814814816,21842.11,True,Duplicate Debit & Billing,User says UPI PIN was not entered by them.,Low,REJECTED,Ivr,True
CBK0000381,TXN00014178,USR27107,MCH3113,Hotel & Lodging,2026-01-05 17:14:00,2026-01-11 00:00:00,2026-01-27 00:00:00,5.281944444444444,431.5,False,Duplicate Debit & Billing,customer says transaction was not authorized.,Low,REJECTED,Ivr,True
CBK0002726,TXN00003733,USR34851,MCH8714,Transportation,2026-01-10 00:00:00,2026-01-12 06:21:00,2026-02-09 00:00:00,2.2645833333333334,11173.4,True,Fraud & Account Takeover,Customer says amount was debited twice.,Low,REJECTED,Chatbot,True
CBK0000805,TXN00009314,USR13620,MCH3239,Transportation,2026-01-21 00:00:00,2026-01-24 00:00:00,,3.0,766.0,False,Customer General Dispute,User says UPI PIN was not entered by them.,Low,IN_PROGRESS,Email,True
CBK0000901,TXN00012155,USR12240,MCH4226,Restaurant,2026-02-27 00:00:00,2026-03-04 15:39:00,2026-03-12 15:39:05,5.652083333333334,348.42,False,Customer General Dispute,Customer says amount was debited twice.,Medium,IN_PROGRESS,App,True
CBK0002226,TXN00005923,USR15487,MCH2547,Transportation,2026-01-26 00:00:00,2026-02-06 03:51:00,2026-02-20 00:00:00,11.160416666666666,1759.97,False,Fraud & Account Takeover,Customer says transaction was not authorized.,Medium,RESOLVED,Email,True
CBK0000630,TXN00019233,USR41212,MCH3129,Pharmacy,2026-03-01 00:00:00,2026-03-08 15:33:27,2026-03-28 00:00:00,7.648229166666667,1007.91,False,Fraud & Account Takeover,User reports money deducted but merchant denies receiving payment.,Low,REJECTED,Email,True
CBK0000965,TXN00009897,USR16439,MCH2212,Hotel & Lodging,2026-01-11 00:00:00,2026-01-12 00:00:00,2026-01-14 00:00:00,1.0,1827.19,False,Duplicate Debit & Billing,User claims account was compromised before transaction.,High,REJECTED,Call Center,True
CBK0001952,TXN00013367,USR59329,MCH3526,Pharmacy,2026-01-08 00:00:00,2026-01-11 00:00:00,2026-01-20 01:50:10,3.0,18514.67,False,Fraud & Account Takeover,User claims account was compromised before transaction.,Low,IN_PROGRESS,Email,True
CBK0001962,TXN00008141,USR88930,MCH5655,Restaurant,2026-01-21 00:00:00,2026-01-27 00:00:00,2026-02-06 06:00:00,6.0,4306.86,False,Fraud & Account Takeover,Customer complaint text unclear due to poor call center notes.,Medium,IN_PROGRESS,App,True
CBK0000785,TXN00012403,USR98061,MCH9923,Transportation,2026-03-24 00:00:00,2026-03-29 08:53:42,2026-03-29 00:00:00,5.370625,10286.57,True,Customer General Dispute,User claims account was compromised before transaction. details missing,Critical,IN_PROGRESS,Branch,True
CBK0000492,TXN00008504,USR51736,MCH8181,Miscellaneous Retail,2026-01-12 00:00:00,2026-01-15 03:05:53,,3.129085648148148,303.99,False,Duplicate Debit & Billing,Customer complaint text unclear due to poor call center notes.,Low,IN_PROGRESS,Ivr,True
CBK0001072,TXN00006554,USR20930,MCH7833,Restaurant,2026-01-11 00:00:00,2026-02-11 00:00:00,2026-03-04 00:59:16,31.0,4172.97,False,Service & Delivery Failure,merchant service was not delivered after payment.,Medium,IN_PROGRESS,Email,True
CBK0002427,TXN00003973,USR79707,MCH2266,Restaurant,,2026-03-23 01:55:27,2026-04-14 01:55:27,,2121.87,False,Duplicate Debit & Billing,USER REPORTS MONEY DEDUCTED BUT MERCHANT DENIES RECEIVING PAYMENT.,Low,IN_PROGRESS,Email,True
CBK0000433,TXN00046623,USR96958,MCH2105,Pharmacy,2026-03-03 11:55:57,2026-03-05 12:55:00,,2.0410069444444443,6432.0,False,Fraud & Account Takeover,User claims account was compromised before transaction.,High,IN_PROGRESS,Chatbot,False
CBK0001685,TXN00009635,USR26009,MCH8203,Grocery,2026-01-29 11:05:25,2026-02-13 00:00:00,2026-02-13 00:00:00,14.537905092592593,1538.91,False,Duplicate Debit & Billing,USER REPORTS MONEY DEDUCTED BUT MERCHANT DENIES RECEIVING PAYMENT.,Low,IN_PROGRESS,Chatbot,True
CBK0001581,TXN00096928,USR33856,MCH8779,Restaurant,2026-01-06 00:00:00,2026-01-08 02:03:43,2026-01-20 00:00:00,2.085914351851852,2456.94,False,Customer General Dispute,Payment made to unknown merchant as per customer statement.,Low,IN_PROGRESS,Call Center,False
CBK0002730,TXN00004070,USR84719,MCH4590,Miscellaneous Retail,2026-02-15 00:00:00,2026-02-16 00:00:00,2026-02-26 00:00:00,1.0,3047.23,False,Fraud & Account Takeover,Complaint received after multiple failed attempts.,Medium,IN_PROGRESS,Chatbot,True
CBK0000523,TXN00014885,USR52281,MCH1833,Hotel & Lodging,2026-01-16 00:00:00,2026-01-26 00:00:00,2026-02-10 00:00:00,10.0,573.0,False,Customer General Dispute,Complaint received after multiple failed attempts.,High,IN_PROGRESS,Chatbot,True
CBK0000301,TXN00016908,USR68915,MCH4590,Books & Stationery,,2026-03-26 00:00:00,2026-03-29 02:20:18,,2938.45,False,Fraud & Account Takeover,Payment made to unknown merchant as per customer statement.,Low,IN_PROGRESS,App,True
CBK0000742,TXN00007076,USR36630,MCH5264,Miscellaneous Retail,2026-02-26 00:00:00,2026-02-28 00:00:00,2026-03-23 11:58:36,2.0,533.33,False,Service & Delivery Failure,Customer complaint text unclear due to poor call center notes.,Medium,IN_PROGRESS,App,True
CBK0002215,TXN00007143,USR62254,MCH6359,Restaurant,,2026-01-29 00:00:00,2026-02-28 00:00:00,,-2415.01,False,Customer General Dispute,Customer complaint text unclear due to poor call center notes.,Medium,IN_PROGRESS,App,True
CBK0000062,TXN00012210,USR39698,MCH5302,Pharmacy,2026-01-22 10:10:40,2026-01-25 00:00:00,,2.575925925925926,1467.32,False,Duplicate Debit & Billing,Customer says amount was debited twice.,High,CLOSED,Ivr,True
CBK0002222,TXN00017740,USR92520,MCH5264,Hotel & Lodging,2026-02-18 17:42:00,2026-02-19 04:42:00,2026-02-20 04:42:36,0.4583333333333333,2328.0,False,Service & Delivery Failure,User claims account was compromised before transaction.,Medium,IN_PROGRESS,Chatbot,True
CBK0001068,TXN00011141,USR85237,MCH9377,Grocery,2026-01-13 20:39:53,2026-01-14 00:00:00,2026-01-26 00:00:00,0.13896990740740742,1466.29,False,Service & Delivery Failure,user says upi pin was not entered by them.,Medium,CLOSED,Ivr,True
CBK0000903,TXN00009145,USR87189,MCH8391,Transportation,2026-01-14 00:00:00,2026-01-14 00:00:00,2026-01-19 18:38:44,0.0,1922.11,False,Fraud & Account Takeover,Customer says transaction was not authorized.,Low,IN_PROGRESS,Ivr,True
CBK0001360,TXN00018073,USR38459,MCH1267,Pharmacy,2026-01-17 05:43:30,2026-01-18 00:00:00,2026-01-30 00:00:00,0.7614583333333333,171.37,False,Service & Delivery Failure,User claims account was compromised before transaction.,Low,IN_PROGRESS,Call Center,True
CBK0002773,TXN00003172,USR63475,MCH3441,Hotel & Lodging,2026-02-09 00:00:00,2026-02-11 00:00:00,2026-03-03 00:00:00,2.0,-3809.65,False,Duplicate Debit & Billing,User reports money deducted but merchant denies receiving payment.,Low,IN_PROGRESS,Chatbot,True
CBK0001595,TXN00019657,USR11057,MCH7114,Restaurant,2026-03-10 01:00:24,2026-03-20 14:00:00,2026-04-13 00:00:00,10.54138888888889,18735.0,False,Customer General Dispute,Merchant service was not delivered after payment.,Medium,CLOSED,App,True
CBK0001556,TXN00003293,USR34180,MCH4663,Restaurant,2026-03-09 21:48:00,,2026-03-22 00:00:00,,2045.0,False,Duplicate Debit & Billing,User reports money deducted but merchant denies receiving payment.,Medium,RESOLVED,Email,True
CBK0001298,TXN00007668,USR64776,MCH6492,Hotel & Lodging,2026-02-13 00:00:00,2026-02-16 00:00:00,2026-03-02 00:00:00,3.0,872.83,False,Fraud & Account Takeover,Complaint received after multiple failed attempts.,Low,REJECTED,Ivr,True
CBK0002671,TXN00018559,USR95364,MCH3979,Grocery,2026-02-16 00:00:00,2026-02-17 02:27:10,2026-03-14 02:27:10,1.1021990740740741,9404.0,False,Fraud & Account Takeover,User says UPI PIN was not entered by them.,Low,REJECTED,Call Center,True
CBK0000319,,USR75218,MCH7937,Miscellaneous Retail,2026-03-23 19:09:00,2026-03-25 00:00:00,2026-04-01 00:00:00,1.2020833333333334,-659.11,False,Duplicate Debit & Billing,USER REPORTS MONEY DEDUCTED BUT MERCHANT DENIES RECEIVING PAYMENT.,Low,REJECTED,Ivr,False
CBK0000794,TXN00013962,USR28913,MCH9984,Grocery,2026-01-12 10:51:00,2026-01-28 00:00:00,,15.547916666666667,1826.0,False,Service & Delivery Failure,User claims account was compromised before transaction.,Medium,CLOSED,Email,True
CBK0000484,TXN00005084,USR96003,MCH8682,Transportation,2026-03-06 05:20:24,2026-03-08 00:00:00,2026-03-30 23:20:24,1.7775,12351.07,False,Service & Delivery Failure,Customer says amount was debited twice.,Low,IN_PROGRESS,Ivr,True
CBK0002284,TXN00019560,USR71503,MCH7874,Restaurant,2026-01-17 12:10:09,2026-01-19 00:00:00,2026-02-05 00:00:00,1.4929513888888888,4923.1,False,Service & Delivery Failure,Complaint received after multiple failed attempts.,Critical,IN_PROGRESS,App,True
CBK0001920,TXN00011275,USR18736,MCH4473,Restaurant,2026-02-21 00:00:00,2026-02-17 00:00:00,2026-02-23 12:13:00,-4.0,10469.69,False,Fraud & Account Takeover,User claims account was compromised before txn.,High,IN_PROGRESS,App,True
CBK0000338,TXN00014545,USR52948,MCH4069,Transportation,2026-02-28 00:00:00,2026-03-06 00:00:00,,6.0,1623.27,False,Customer General Dispute,CUSTOMER SAYS AMOUNT WAS DEBITED TWICE.,Critical,CLOSED,Chatbot,True
CBK0002530,TXN00008558,USR71564,MCH4848,Miscellaneous Retail,2026-01-29 00:00:00,2026-02-01 06:28:44,2026-02-17 06:28:44,3.269953703703704,1053.3,False,Fraud & Account Takeover,User says UPI PIN was not entered by them. call dropped,High,CLOSED,Ivr,True
CBK0002211,TXN00013107,USR37685,MCH8309,Transportation,2026-01-17 04:52:50,2026-01-18 00:00:00,2026-01-24 00:00:00,0.7966435185185186,2345.09,False,Duplicate Debit & Billing,Customer complaint text unclear due to poor call center notes.,High,IN_PROGRESS,Ivr,True
CBK0000646,TXN00018578,USR49324,MCH3174,Grocery,2026-03-01 01:31:22,2026-03-02 00:00:00,2026-03-11 00:00:00,0.9365509259259259,4970.0,False,Fraud & Account Takeover,User says UPI PIN was not entered by them.,Medium,IN_PROGRESS,Chatbot,True
CBK0002328,TXN00016836,USR20310,MCH6341,Transportation,2026-02-12 16:33:00,2026-02-14 00:00:00,,1.3104166666666666,3288.32,True,Duplicate Debit & Billing,Customer says transaction was not authorized.,Medium,IN_PROGRESS,App,True
CBK0001817,TXN00010816,USR54649,MCH5999,Transportation,2026-01-20 00:00:00,2026-01-21 00:00:00,2026-01-27 00:00:00,1.0,1622.49,False,Customer General Dispute,Customer complaint text unclear due to poor call center notes.,Critical,IN_PROGRESS,Chatbot,True
CBK0000700,TXN00001244,USR88147,MCH2972,Grocery,2026-02-13 00:00:00,2026-03-31 00:00:00,2026-04-04 00:00:00,46.0,1404.94,False,Service & Delivery Failure,User claims account was compromised before transaction.,Medium,IN_PROGRESS,Chatbot,True
CBK0000223,TXN00005582,USR74418,MCH4130,Grocery,2026-02-19 15:03:20,,2026-02-25 03:03:20,,16352.81,False,Fraud & Account Takeover,User claims account was compromised before transaction.,High,RESOLVED,Call Center,True
CBK0000775,TXN00004439,USR27107,MCH7732,Hotel & Lodging,2026-01-21 00:00:00,2026-01-24 00:00:00,,3.0,1706.04,False,Service & Delivery Failure,Merchant service was not delivered after payment.,High,REJECTED,Ivr,True
CBK0000625,TXN00000101,USR93581,MCH5578,Transportation,2026-02-16 00:00:00,2026-02-19 00:00:00,,3.0,703.07,False,Service & Delivery Failure,Customer says transaction was not authorized.,Critical,RESOLVED,App,True
CBK0001883,TXN00014046,USR51538,MCH5600,Hotel & Lodging,2026-03-18 00:00:00,2026-03-20 13:07:18,2026-03-25 00:00:00,2.546736111111111,4405.58,False,Service & Delivery Failure,User says UPI PIN was not entered by them.,Low,IN_PROGRESS,App,True
CBK0000292,,USR21921,MCH4375,Department Store,2026-03-15 21:06:18,2026-03-21 00:00:00,2026-03-27 00:00:00,5.120625,,False,Duplicate Debit & Billing,Complaint received after multiple failed attempts. details missing,Low,IN_PROGRESS,Branch,False
CBK0001167,TXN00007185,USR30821,MCH4473,Grocery,2026-03-14 00:00:00,2026-03-15 00:00:00,2026-03-28 06:08:16,1.0,5710.23,True,Fraud & Account Takeover,Customer says amount was debited twice.,Medium,CLOSED,Ivr,True
CBK0001821,TXN00015418,USR40538,MCH3027,Hotel & Lodging,2026-02-09 00:00:00,2026-02-07 19:59:09,,-1.1672569444444445,-2520.29,False,Duplicate Debit & Billing,Payment made to unknown merchant as per customer statement.,Medium,IN_PROGRESS,Ivr,True
CBK0001959,TXN00011213,USR97266,MCH6311,Grocery,2026-03-23 11:07:04,,,,1071.93,False,Fraud & Account Takeover,Customer complaint text unclear due to poor call center notes.,Low,RESOLVED,Email,True
CBK0001011,TXN00016394,USR71985,MCH8514,Grocery,2026-02-24 05:25:21,2026-03-11 17:25:21,,15.5,4322.92,True,Service & Delivery Failure,User reports money deducted but merchant denies receiving payment.,High,IN_PROGRESS,Chatbot,True
CBK0001468,TXN00016367,USR57411,MCH5305,Restaurant,2026-03-12 10:03:31,2026-03-11 00:00:00,,-1.4191087962962963,6490.82,False,Customer General Dispute,Payment made to unknown merchant as per customer statement.,Medium,IN_PROGRESS,Email,True
CBK0002451,TXN00008228,USR86411,MCH8154,Grocery,2026-01-13 05:23:00,2026-01-18 00:00:00,2026-01-29 09:23:00,4.7756944444444445,-443.81,False,Fraud & Account Takeover,customer complaint text unclear due to poor call center notes.,Low,RESOLVED,Email,True
CBK0000026,TXN00001919,USR39089,MCH5042,Transportation,2026-03-03 00:00:00,2026-03-05 00:00:00,2026-03-27 22:56:15,2.0,1859.77,False,Service & Delivery Failure,Complaint received after multiple failed attempts.,Low,REJECTED,Ivr,True
CBK0002558,TXN00011898,USR64312,MCH7218,Restaurant,2026-01-14 19:22:13,2026-01-18 00:00:00,2026-02-04 00:00:00,3.192905092592593,2771.91,False,Duplicate Debit & Billing,Customer complaint text unclear due to poor call center notes.,Low,REJECTED,Branch,True
CBK0001307,TXN00008095,USR42956,MCH9637,Grocery,2026-03-11 05:18:57,2026-03-15 03:18:57,2026-03-26 00:00:00,3.9166666666666665,13312.0,True,Customer General Dispute,User claims account was compromised before transaction.,High,IN_PROGRESS,Branch,True
CBK0001225,TXN00015094,USR34566,MCH5674,Grocery,2026-03-03 00:00:00,2026-03-05 00:00:00,,2.0,12640.85,False,Duplicate Debit & Billing,Customer complaint text unclear due to poor call center notes.,Low,IN_PROGRESS,App,True
CBK0000822,TXN00005564,USR76792,MCH6388,Grocery,2026-03-15 00:00:00,2026-03-16 02:35:00,2026-04-08 02:35:00,1.1076388888888888,1858.07,False,Service & Delivery Failure,Customer says amount was debited twice.,Medium,IN_PROGRESS,Ivr,True
CBK0000596,TXN00006654,USR37722,MCH4208,Pharmacy,2026-01-02 00:00:00,2026-01-08 17:27:00,,6.727083333333334,2733.0,False,Fraud & Account Takeover,User reports money deducted but merchant denies receiving payment.,Low,CLOSED,Chatbot,True
CBK0001259,TXN00012199,USR39404,MCH2849,Apparel,2026-03-30 00:00:00,2026-04-06 00:00:00,2026-04-13 00:00:00,7.0,879.0,False,Customer General Dispute,User claims account was compromised before transaction.,Low,IN_PROGRESS,Chatbot,True
CBK0001764,TXN00007180,USR97480,MCH8142,Grocery,2026-01-31 00:00:00,2026-02-01 00:00:00,2026-02-10 00:00:00,1.0,671.37,False,Service & Delivery Failure,User reports money deducted but merchant denies receiving payment.,High,IN_PROGRESS,Email,True
CBK0002513,TXN00003753,USR11110,MCH5076,Pharmacy,2026-01-03 00:00:00,2026-01-06 09:06:26,2026-01-29 09:06:00,3.3794675925925928,691.4,False,Customer General Dispute,Suspicious high-value payment disputed by customer.,Medium,IN_PROGRESS,Call Center,True
CBK0001370,TXN00017169,USR14813,MCH6201,Restaurant,2026-03-05 07:45:00,2026-03-12 00:00:00,2026-03-14 07:45:00,6.677083333333333,696.63,False,Duplicate Debit & Billing,Complaint received after multiple failed attempts.,Low,REJECTED,Branch,True
CBK0002247,TXN00013006,USR65627,MCH4411,Pharmacy,2026-02-19 23:35:31,2026-02-21 00:00:00,2026-03-21 00:00:00,1.0170023148148148,-1637.49,False,Fraud & Account Takeover,User says UPI PIN was not entered by them.,Medium,RESOLVED,App,True
CBK0000563,TXN00011206,USR97772,MCH7503,Transportation,2026-02-17 00:00:00,2026-02-19 20:32:51,2026-02-28 00:00:00,2.856145833333333,22887.67,True,Duplicate Debit & Billing,complaint received after multiple failed attempts.,Low,REJECTED,Chatbot,True
CBK0000347,TXN00015951,USR35882,MCH6839,Restaurant,2026-03-01 00:00:00,2026-03-02 22:57:12,2026-03-10 00:00:00,1.956388888888889,607.62,False,Fraud & Account Takeover,CUSTOMER SAYS AMOUNT WAS DEBITED TWICE.,Medium,IN_PROGRESS,Call Center,True
CBK0002509,TXN00002022,USR85958,MCH7739,Restaurant,,2026-02-22 16:14:00,2026-03-15 00:00:00,,7834.45,False,Fraud & Account Takeover,Merchant service was not delivered after payment.,High,RESOLVED,Call Center,True
CBK0002177,TXN00018087,USR50619,MCH1160,Restaurant,2026-01-07 00:00:00,2026-01-15 00:00:00,2026-01-22 00:00:00,8.0,2152.04,False,Service & Delivery Failure,CUSTOMER SAYS TRANSACTION WAS NOT AUTHORIZED.,Low,REJECTED,Call Center,True
CBK0001158,TXN00016429,USR80809,MCH9349,Grocery,2026-01-10 00:00:00,2026-01-12 05:11:00,2026-01-17 05:11:04,2.2159722222222222,276.59,False,Service & Delivery Failure,Payment made to unknown merchant as per customer statement.,Medium,RESOLVED,Branch,True
CBK0000277,TXN00013423,USR88037,MCH4048,Hotel & Lodging,2026-01-11 00:00:00,2026-01-14 07:32:19,,3.3141087962962965,498.7,False,Service & Delivery Failure,Customer says amount was debited twice.,Medium,IN_PROGRESS,App,True
CBK0001620,TXN00013592,USR47384,MCH9347,Hotel & Lodging,,2026-02-08 00:00:00,2026-02-27 09:15:00,,1528.43,False,Service & Delivery Failure,User says UPI PIN was not entered by them.,Low,CLOSED,App,True
CBK0000264,TXN00012389,USR77084,MCH4475,Grocery,2026-01-23 11:24:20,2026-01-28 00:00:00,,4.524768518518519,1247.52,False,Duplicate Debit & Billing,Customer complaint text unclear due to poor call center notes. call dropped,Low,IN_PROGRESS,Email,True
CBK0000105,TXN00004321,USR86889,MCH1166,Miscellaneous Retail,,2026-03-27 00:00:00,2026-04-01 06:28:32,,2032.79,False,Service & Delivery Failure,Customer complaint text unclear due to poor call center notes.,Low,IN_PROGRESS,App,True
CBK0001461,,USR21469,MCH3425,Miscellaneous Retail,2026-02-26 00:00:00,2026-02-28 21:04:00,2026-03-24 00:00:00,2.8777777777777778,1041.71,False,Fraud & Account Takeover,User reports money deducted but merchant denies receiving payment.,Low,IN_PROGRESS,Branch,False
CBK0000459,TXN00018065,USR75856,MCH6850,Pharmacy,2026-02-11 19:04:00,2026-02-14 14:04:54,2026-03-01 14:04:00,2.792291666666667,4568.57,False,Fraud & Account Takeover,merchant service was not delivered after payment.,Low,IN_PROGRESS,Ivr,True
CBK0001462,TXN00002045,USR58805,MCH2842,Transportation,2026-03-02 00:00:00,2026-03-01 00:00:00,2026-03-21 12:45:23,-1.0,3144.27,False,Fraud & Account Takeover,Suspicious high-value payment disputed by customer.,Medium,IN_PROGRESS,Email,True
CBK0002257,TXN00041888,USR36095,MCH2102,Restaurant,2026-02-17 00:00:00,,2026-03-15 00:00:00,,3064.59,False,Service & Delivery Failure,Customer says transaction was not authorized.,High,REJECTED,Branch,False
CBK0002657,TXN00017047,USR97927,MCH9426,Restaurant,2026-01-26 00:00:00,2026-02-05 00:00:00,2026-03-04 00:00:00,10.0,1731.53,False,Fraud & Account Takeover,Complaint received after multiple failed attempts.,Low,IN_PROGRESS,Call Center,True
CBK0000483,,USR36499,MCH5954,Restaurant,2026-03-28 16:40:00,2026-03-31 00:00:00,2026-04-19 15:40:00,2.3055555555555554,2047.0,False,Service & Delivery Failure,User reports money deducted but merchant denies receiving payment.,Low,IN_PROGRESS,App,False
CBK0001914,TXN00009715,USR93782,MCH5614,Hotel & Lodging,2026-02-12 00:00:00,2026-02-13 03:25:21,2026-02-24 00:00:00,1.1426041666666666,1483.0,False,Fraud & Account Takeover,Suspicious high-value payment disputed by customer.,Critical,IN_PROGRESS,App,True
CBK0002052,TXN00019589,USR55253,MCH4612,Transportation,2026-03-16 00:00:00,2026-03-17 00:00:00,,1.0,2150.0,False,Customer General Dispute,user says upi pin was not entered by them.,High,RESOLVED,Email,True
CBK0002592,TXN00003766,USR79094,MCH8315,Transportation,2026-01-17 13:54:40,2026-01-21 00:00:00,2026-01-28 00:00:00,3.4203703703703705,587.08,False,Fraud & Account Takeover,Suspicious high-value payment disputed by customer.,Medium,IN_PROGRESS,Email,True
CBK0001281,TXN00018888,USR76747,MCH3704,Grocery,,2026-04-17 00:00:00,2026-05-04 06:27:57,,18360.4,True,Duplicate Debit & Billing,User reports money deducted but merchant denies receiving payment.,Medium,REJECTED,Ivr,True
CBK0001484,TXN00014252,USR18345,MCH7982,Restaurant,2026-03-15 00:00:00,2026-03-10 00:00:00,,-5.0,-5943.18,False,Customer General Dispute,Payment made to unknown merchant as per customer statement.,Critical,IN_PROGRESS,App,True
CBK0001969,TXN00002091,USR88037,MCH7819,Grocery,2026-03-21 00:00:00,2026-03-29 07:59:18,,8.332847222222222,497.48,False,Fraud & Account Takeover,Payment made to unknown merchant as per customer statement.,High,REJECTED,Ivr,True
CBK0000333,TXN00009429,USR43447,MCH6659,Grocery,2026-03-06 05:06:00,2026-03-13 17:06:24,2026-03-30 00:00:00,7.500277777777778,1275.75,False,Service & Delivery Failure,Complaint received after multiple failed attempts.,Low,IN_PROGRESS,App,True
CBK0001285,TXN00011614,USR22620,MCH8730,Transportation,2026-01-25 15:04:08,2026-01-26 00:00:00,2026-02-13 00:00:00,0.37212962962962964,459.43,False,Duplicate Debit & Billing,Customer says amount was debited twice.,Medium,RESOLVED,Chatbot,True
CBK0001834,TXN00009538,USR93486,MCH1097,Grocery,2026-03-25 23:42:00,2026-03-28 00:00:00,2026-04-12 00:00:00,2.0125,1124.0,False,Fraud & Account Takeover,Merchant service was not delivered after payment. call dropped,Medium,CLOSED,Email,True
CBK0000834,TXN00006801,USR60701,MCH8625,Restaurant,2026-01-04 16:40:24,2026-01-19 00:00:00,,14.305277777777778,-1623.25,False,Duplicate Debit & Billing,CUSTOMER SAYS AMOUNT WAS DEBITED TWICE.,High,CLOSED,Ivr,True
CBK0001644,TXN00015953,USR99110,MCH2723,Miscellaneous Retail,,2026-03-20 00:00:00,2026-03-31 12:00:12,,8373.0,True,Service & Delivery Failure,Merchant service was not delivered after payment.,Low,REJECTED,Chatbot,True
CBK0002357,TXN00009106,USR64172,MCH7722,Transportation,2026-03-05 00:00:00,2026-03-09 07:38:31,2026-04-05 07:38:31,4.318414351851852,1104.0,False,Fraud & Account Takeover,Merchant service was not delivered after payment.,Medium,REJECTED,Chatbot,True
CBK0001454,TXN00011270,USR25463,MCH7713,Restaurant,2026-01-12 23:29:29,2026-02-12 00:00:00,2026-03-14 00:00:00,30.02119212962963,2315.0,False,Fraud & Account Takeover,Complaint received after multiple failed attempts.,Medium,IN_PROGRESS,Ivr,True
CBK0002467,TXN00018324,USR12011,MCH6969,Grocery,2026-03-09 02:28:51,2026-03-11 00:00:00,,1.8966319444444444,1624.65,False,Duplicate Debit & Billing,Customer says amount was debited twice.,Low,IN_PROGRESS,Call Center,True
CBK0001570,TXN00015345,USR50434,MCH4720,Grocery,2026-03-14 05:36:46,2026-03-21 13:36:00,,7.332800925925926,891.13,False,Fraud & Account Takeover,Payment made to unknown merchant as per customer statement.,Low,RESOLVED,Branch,True
CBK0000899,TXN00019564,USR29187,MCH8779,Hotel & Lodging,2026-03-19 00:00:00,2026-03-20 00:00:00,2026-04-04 08:18:37,1.0,17075.88,False,Duplicate Debit & Billing,user reports money deducted but merchant denies receiving payment.,Low,IN_PROGRESS,Email,True
CBK0001181,TXN00009419,USR39500,MCH9291,Pharmacy,2026-03-06 15:17:00,2026-04-21 00:00:00,,45.363194444444446,16164.46,False,Service & Delivery Failure,Complaint received after multiple failed attempts.,Low,IN_PROGRESS,Ivr,True
CBK0002788,TXN00007182,USR38163,MCH5980,Hotel & Lodging,2026-03-11 00:00:00,2026-03-13 01:58:00,2026-03-24 00:00:00,2.0819444444444444,7942.83,False,Customer General Dispute,Customer says transaction was not authorized.,Low,IN_PROGRESS,Branch,True
CBK0000419,TXN00018842,USR61484,MCH8719,Transportation,2026-03-13 16:46:00,2026-03-29 08:46:00,,15.666666666666666,1397.32,False,Duplicate Debit & Billing,Payment made to unknown merchant as per customer statement.,Medium,CLOSED,Email,True
CBK0001389,TXN00013530,USR54156,MCH6601,Restaurant,2026-01-09 13:45:32,2026-01-15 00:00:00,,5.426712962962963,11913.51,False,Duplicate Debit & Billing,Customer says transaction was not authorized.,Low,IN_PROGRESS,Ivr,True
CBK0000747,TXN00015384,USR91399,MCH3815,Hotel & Lodging,2026-02-21 00:00:00,2026-03-04 07:27:02,,11.310439814814815,452.46,False,Customer General Dispute,user claims account was compromised before transaction.,Low,CLOSED,Chatbot,True
CBK0002757,TXN00002386,USR65855,MCH2446,Transportation,2026-01-07 14:37:01,2026-01-03 14:37:01,,-4.0,4215.68,False,Service & Delivery Failure,Customer says amount was debited twice.,Low,IN_PROGRESS,Call Center,True
CBK0000332,TXN00005378,USR88270,MCH4590,Restaurant,2026-03-31 00:00:00,2026-05-16 14:52:28,2026-05-16 14:52:28,46.61976851851852,1274.1,False,Service & Delivery Failure,Complaint received after multiple failed attempts.,Medium,IN_PROGRESS,Call Center,True
CBK0002051,TXN00008348,USR53527,MCH2721,Hotel & Lodging,,2026-01-25 00:00:00,2026-02-23 23:19:00,,7413.72,False,Duplicate Debit & Billing,User claims account was compromised before transaction.,Critical,REJECTED,Email,True
CBK0002634,TXN00017469,USR67399,MCH4047,Hotel & Lodging,2026-02-04 00:00:00,2026-02-05 00:00:00,2026-02-20 00:00:00,1.0,1016.01,False,Duplicate Debit & Billing,User reports money deducted but merchant denies receiving payment.,Low,REJECTED,Ivr,True
CBK0000497,TXN00001489,USR78501,MCH8779,Grocery,2026-03-22 14:52:27,2026-05-07 01:52:00,2026-05-19 00:00:00,45.458020833333336,6345.72,False,Service & Delivery Failure,Merchant service was not delivered after payment.,High,RESOLVED,App,True
CBK0001504,TXN00058280,USR46847,MCH9988,Pharmacy,,2026-01-31 00:00:00,2026-02-09 22:09:00,,834.87,False,Duplicate Debit & Billing,User says UPI PIN was not entered by them.,Medium,IN_PROGRESS,Branch,False
CBK0000746,TXN00006761,USR27533,MCH9632,Grocery,2026-01-09 00:00:00,2026-01-16 00:00:00,2026-01-25 23:15:33,7.0,1870.83,False,Duplicate Debit & Billing,CUSTOMER COMPLAINT TEXT UNCLEAR DUE TO POOR CALL CENTER NOTES.,Medium,IN_PROGRESS,Chatbot,True
CBK0000073,TXN00007186,USR55692,MCH9079,Miscellaneous Retail,2026-02-14 01:49:22,2026-02-21 00:00:00,2026-02-21 00:00:00,6.9240509259259255,7193.48,False,Duplicate Debit & Billing,Customer says amount was debited twice.,Medium,REJECTED,Email,True
CBK0001239,,USR43165,MCH9882,Telecom,,2026-02-28 00:00:00,2026-02-28 00:00:00,,8059.65,False,Duplicate Debit & Billing,Customer says amount was debited twice.,Medium,REJECTED,App,False
CBK0000454,TXN00010362,USR13559,MCH3717,Grocery,2026-02-01 00:00:00,2026-02-04 00:00:00,2026-02-10 00:00:00,3.0,721.17,False,Duplicate Debit & Billing,Payment made to unknown merchant as per customer statement.,Medium,IN_PROGRESS,Chatbot,True
CBK0000202,TXN00003879,USR22628,MCH4977,Grocery,2026-01-14 00:00:00,2026-01-20 00:00:00,2026-02-05 00:00:00,6.0,-2999.94,False,Duplicate Debit & Billing,CUSTOMER SAYS TRANSACTION WAS NOT AUTHORIZED.,Low,IN_PROGRESS,Ivr,True
CBK0000384,TXN00007704,USR74500,MCH5267,Transportation,2026-02-07 00:00:00,2026-02-09 00:00:00,,2.0,1568.0,False,Duplicate Debit & Billing,Customer says amount was debited twice.,Low,CLOSED,Chatbot,True
CBK0002015,TXN00003845,USR71348,MCH6074,Transportation,2026-01-20 00:00:00,2026-01-23 00:00:00,2026-02-18 00:40:34,3.0,2182.0,False,Fraud & Account Takeover,Customer says amount was debited twice.,High,RESOLVED,Chatbot,True
CBK0002359,TXN00004169,USR59679,MCH4473,Restaurant,2026-01-03 08:56:00,2026-01-08 00:00:00,2026-01-16 14:56:06,4.627777777777778,13744.99,False,Fraud & Account Takeover,Customer complaint text unclear due to poor call center notes.,Critical,CLOSED,Email,True
CBK0001364,TXN00018217,USR92659,MCH6674,Grocery,,,2026-01-06 00:00:00,,1300.73,False,Customer General Dispute,User claims account was compromised before transaction.,High,IN_PROGRESS,Chatbot,True
CBK0002379,TXN00008645,USR61509,MCH1914,Transportation,2026-03-27 00:00:00,2026-03-29 00:00:00,,2.0,-3501.28,False,Fraud & Account Takeover,Complaint received after multiple failed attempts.,Medium,REJECTED,Ivr,True
CBK0000039,TXN00010340,USR89475,MCH2478,Miscellaneous Retail,2026-01-07 12:28:00,2026-01-12 00:00:00,2026-01-31 00:00:00,4.480555555555555,8382.0,False,Fraud & Account Takeover,Payment made to unknown merchant as per customer statement.,Medium,IN_PROGRESS,Chatbot,True
CBK0002254,TXN00016982,USR48692,MCH4326,Pharmacy,2026-01-08 00:00:00,2026-01-10 00:00:00,2026-01-27 22:58:49,2.0,662.25,False,Fraud & Account Takeover,User says UPI PIN was not entered by them.,Medium,IN_PROGRESS,App,True
CBK0000443,TXN00003234,USR48070,MCH7286,Grocery,2026-02-25 00:00:00,2026-02-26 00:00:00,2026-03-21 00:00:00,1.0,8014.91,False,Fraud & Account Takeover,Suspicious high-value payment disputed by customer.,High,REJECTED,Ivr,True
CBK0001214,TXN00084117,USR58335,MCH8999,Transportation,2026-02-06 00:00:00,2026-02-11 21:36:27,2026-02-27 00:00:00,5.9003125,3956.74,False,Service & Delivery Failure,user reports money deducted but merchant denies receiving payment.,High,CLOSED,Branch,False
CBK0002038,TXN00005021,USR23918,MCH2822,Restaurant,2026-02-15 01:06:00,2026-02-17 05:06:57,2026-03-01 00:00:00,2.1673263888888887,7640.62,False,Service & Delivery Failure,Customer says transaction was not authorized.,Low,RESOLVED,Email,True
CBK0000298,TXN00003788,USR83977,MCH4437,Hotel & Lodging,2026-02-03 23:13:39,2026-02-05 03:13:00,2026-02-24 00:00:00,1.1662152777777777,5092.34,False,Service & Delivery Failure,Merchant service was not delivered after payment.,Low,IN_PROGRESS,Chatbot,True
CBK0001464,TXN00032619,USR22277,MCH4473,Miscellaneous Retail,2026-01-02 00:00:00,2026-01-05 19:21:00,2026-01-30 00:00:00,3.80625,2826.04,False,Service & Delivery Failure,User claims account was compromised before transaction.,Medium,RESOLVED,Email,False
CBK0001736,TXN00006569,USR82594,MCH5200,Pharmacy,2026-03-07 00:00:00,2026-03-09 00:00:00,,2.0,3352.04,False,Service & Delivery Failure,Merchant service was not delivered after payment. details missing,High,RESOLVED,App,True
CBK0000761,TXN00001654,USR73010,MCH6154,Grocery,2026-02-05 00:00:00,2026-02-08 03:55:59,2026-02-10 00:00:00,3.163877314814815,11920.81,False,Fraud & Account Takeover,Suspicious high-value payment disputed by cust.,Low,IN_PROGRESS,Ivr,True
CBK0002190,TXN00074121,USR68897,MCH4316,Miscellaneous Retail,2026-03-13 12:21:29,2026-03-19 00:00:00,2026-03-26 00:00:00,5.485081018518518,1678.99,False,Fraud & Account Takeover,Customer says transaction was not authorized.,Medium,IN_PROGRESS,Chatbot,False
CBK0001234,TXN00011425,USR22130,MCH7915,Miscellaneous Retail,2026-02-07 06:14:00,2026-02-07 00:00:00,2026-03-01 00:00:00,-0.25972222222222224,-3369.42,False,Fraud & Account Takeover,customer says transaction was not authorized.,Medium,IN_PROGRESS,Ivr,True
CBK0000307,TXN00010177,USR34955,MCH8749,Restaurant,2026-02-22 00:00:00,2026-02-23 16:33:27,2026-03-23 16:33:27,1.6898958333333334,690.45,False,Duplicate Debit & Billing,customer complaint text unclear due to poor call center notes.,High,IN_PROGRESS,Ivr,True
CBK0000368,TXN00005138,USR72854,MCH3135,Restaurant,2026-03-03 00:00:00,2026-03-08 18:14:00,2026-03-19 18:14:00,5.759722222222222,1597.23,False,Service & Delivery Failure,Customer says amount was debited twice.,Medium,IN_PROGRESS,Chatbot,True
CBK0001276,TXN00003403,USR85655,MCH1234,Restaurant,2026-03-14 00:00:00,2026-03-13 00:00:00,,-1.0,24972.33,True,Customer General Dispute,Merchant service was not delivered after payment.,Medium,IN_PROGRESS,Call Center,True
CBK0002659,TXN00003213,USR61306,MCH7286,Transportation,2026-03-25 00:00:00,2026-03-28 00:00:00,2026-04-13 00:00:00,3.0,1246.38,False,Duplicate Debit & Billing,Customer says transaction was not authorized.,High,IN_PROGRESS,Ivr,True
CBK0000061,TXN00010949,USR32546,MCH9169,Pharmacy,2026-01-06 00:00:00,2026-01-07 06:45:00,2026-01-12 00:00:00,1.28125,2673.31,False,Service & Delivery Failure,User says UPI PIN was not entered by them. call dropped,Medium,CLOSED,App,True
CBK0000987,TXN00003201,USR35236,MCH3555,Transportation,2026-02-03 15:38:55,2026-03-05 23:38:00,,30.33269675925926,993.95,False,Fraud & Account Takeover,Suspicious high-value payment disputed by customer. pls check asap,Low,REJECTED,Chatbot,True
CBK0001927,TXN00011359,USR71316,MCH5954,Grocery,2026-03-14 00:00:00,2026-03-22 14:50:33,2026-04-09 14:50:33,8.6184375,6170.83,False,Fraud & Account Takeover,Customer says amount was debited twice.,Medium,CLOSED,Chatbot,True
CBK0001093,,USR43765,MCH9369,Hotel & Lodging,2026-02-20 06:25:08,2026-02-21 00:00:00,2026-03-19 00:00:00,0.7325462962962963,1407.25,False,Duplicate Debit & Billing,Customer says transaction was not authorized.,Medium,IN_PROGRESS,Ivr,False
CBK0000217,TXN00010428,USR35582,MCH8391,Transportation,,2026-03-17 00:00:00,,,2580.03,False,Fraud & Account Takeover,User claims account was compromised before transaction.,High,IN_PROGRESS,Email,True
CBK0000902,TXN00019180,USR18416,MCH3100,Grocery,2026-02-28 00:00:00,2026-03-04 08:02:37,,4.335150462962963,163.0,False,Service & Delivery Failure,Complaint received after multiple failed attempts.,High,IN_PROGRESS,Branch,True
CBK0000652,TXN00015166,USR42412,MCH2811,Transportation,2026-01-06 00:00:00,2026-01-09 00:00:00,2026-01-26 00:00:00,3.0,732.38,False,Service & Delivery Failure,USER SAYS UPI PIN WAS NOT ENTERED BY THEM.,High,IN_PROGRESS,Ivr,True
CBK0001358,TXN00013107,USR31479,MCH2757,Transportation,2026-01-20 00:15:51,,2026-02-26 00:00:00,,1035.74,False,Fraud & Account Takeover,Payment made to unknown merchant as per customer statement.,Low,CLOSED,Ivr,True
CBK0001023,TXN00007154,USR60699,MCH6910,Grocery,2026-01-24 02:08:45,2026-01-29 13:08:00,,5.4578125,3092.99,False,Duplicate Debit & Billing,User claims account was compromised before transaction.,Low,REJECTED,Chatbot,True
CBK0001630,TXN00011150,USR97781,MCH4684,Miscellaneous Retail,2026-03-04 21:59:00,2026-03-07 00:00:00,,2.0840277777777776,3344.0,False,Duplicate Debit & Billing,Customer says transaction was not authorized.,Medium,RESOLVED,Call Center,True
CBK0002123,TXN00015926,USR65059,MCH5703,Books & Stationery,,2026-03-12 14:21:21,2026-04-07 00:00:00,,851.0,False,Service & Delivery Failure,User claims account was compromised before transaction.,Medium,IN_PROGRESS,Chatbot,True
CBK0000421,TXN00010803,USR72422,MCH2757,Grocery,2026-02-24 00:00:00,2026-02-27 00:00:00,,3.0,7913.77,False,Fraud & Account Takeover,Payment made to unknown merchant as per customer statement.,Medium,IN_PROGRESS,Branch,True
CBK0002771,TXN00003740,USR43341,MCH4181,Grocery,2026-02-07 00:00:00,2026-02-08 09:22:00,2026-03-08 00:00:00,1.3902777777777777,6434.35,False,Customer General Dispute,user says upi pin was not entered by them.,Low,IN_PROGRESS,Branch,True
CBK0002424,TXN00002184,USR26661,MCH1213,Pharmacy,2026-01-02 15:21:00,,2026-01-24 00:00:00,,3019.75,False,Fraud & Account Takeover,Payment made to unknown merchant as per customer statement.,Medium,CLOSED,Email,True
CBK0000631,TXN00004185,USR21843,MCH5007,Miscellaneous Retail,2026-01-16 00:00:00,,2026-01-26 00:00:00,,7433.73,False,Duplicate Debit & Billing,USER REPORTS MONEY DEDUCTED BUT MERCHANT DENIES RECEIVING PAYMENT.,Low,IN_PROGRESS,Chatbot,True
CBK0001390,TXN00017748,USR66250,MCH1711,Pharmacy,2026-03-04 16:20:03,2026-03-19 19:20:03,2026-03-20 00:00:00,15.125,8160.0,False,Fraud & Account Takeover,User says UPI PIN was not entered by them.,Low,RESOLVED,App,True
CBK0002141,TXN00009768,USR20378,MCH9291,Grocery,2026-03-20 00:00:00,2026-03-30 17:28:30,2026-04-03 00:00:00,10.728125,2335.0,False,Fraud & Account Takeover,User says UPI PIN was not entered by them.,Medium,IN_PROGRESS,App,True
CBK0002126,TXN00010837,USR17697,MCH6219,Miscellaneous Retail,2026-03-15 07:18:08,2026-03-16 11:18:08,,1.1666666666666667,3555.94,False,Duplicate Debit & Billing,User reports money deducted but merchant denies receiving payment.,Low,RESOLVED,Chatbot,True
CBK0000494,TXN00017891,USR29919,MCH9291,Department Store,2026-01-01 08:32:31,2026-01-12 00:00:00,2026-01-31 00:00:00,10.644085648148149,3343.99,False,Service & Delivery Failure,Merchant service was not delivered after payment.,Critical,REJECTED,App,True
CBK0000727,TXN00008469,USR71348,MCH9319,Transportation,2026-01-03 19:11:00,2026-01-11 00:00:00,2026-02-04 00:00:00,7.200694444444444,-604.81,False,Duplicate Debit & Billing,User says UPI PIN was not entered by them.,Medium,REJECTED,App,True
CBK0000531,TXN00014058,USR49275,MCH9836,Pharmacy,2026-01-24 00:00:00,2026-01-30 00:00:07,2026-02-20 00:00:00,6.000081018518519,1009.36,False,Duplicate Debit & Billing,User claims account was compromised before transaction.,Critical,IN_PROGRESS,Ivr,True
CBK0001139,TXN00009825,USR93426,MCH6856,Grocery,2026-03-03 00:00:00,2026-03-06 14:42:00,2026-03-23 14:42:18,3.6125,-6446.22,False,Duplicate Debit & Billing,Customer says amount was debited twice. urgent,Critical,IN_PROGRESS,App,True
CBK0001402,TXN00004276,USR93581,MCH2383,Grocery,2026-01-22 09:19:32,2026-01-28 05:19:32,2026-02-22 00:00:00,5.833333333333333,-3192.45,False,Fraud & Account Takeover,User reports money deducted but merchant denies receiving payment.,Medium,IN_PROGRESS,Ivr,True
CBK0002461,TXN00017240,USR28613,MCH1420,Pharmacy,2026-02-12 06:09:18,2026-02-18 00:00:00,2026-03-03 00:00:00,5.743541666666666,7674.03,False,Service & Delivery Failure,Merchant service was not delivered after payment.,Low,IN_PROGRESS,App,True
CBK0000246,TXN00019885,USR90720,MCH8625,Pharmacy,2026-02-22 05:29:58,2026-02-23 00:00:00,,0.7708564814814814,2738.74,False,Duplicate Debit & Billing,Payment made to unknown merchant as per customer statement.,Medium,IN_PROGRESS,Ivr,True
CBK0001110,TXN00013301,USR82155,MCH9291,Restaurant,2026-03-27 08:05:22,2026-03-30 06:05:00,,2.916412037037037,12924.85,True,Fraud & Account Takeover,Complaint received after multiple failed attempts.,High,RESOLVED,Chatbot,True
CBK0000372,TXN00010170,USR38969,MCH7294,Transportation,2026-01-03 19:40:32,2026-01-18 00:00:00,,14.180185185185184,11446.22,True,Customer General Dispute,Payment made to unknown merchant as per customer statement.,Medium,RESOLVED,App,True
CBK0002016,TXN00007362,USR90209,MCH9344,Grocery,2026-03-23 00:00:00,2026-04-03 14:15:00,2026-04-17 00:00:00,11.59375,3269.55,False,Service & Delivery Failure,Customer says transaction was not authorized.,Low,IN_PROGRESS,Chatbot,True
CBK0002498,TXN00009704,USR26525,MCH4212,Grocery,2026-01-24 00:00:00,2026-01-26 03:33:00,2026-01-26 00:00:00,2.1479166666666667,2595.11,False,Service & Delivery Failure,Customer says amount was debited twice.,Low,RESOLVED,Call Center,True
CBK0001481,TXN00001735,USR85139,MCH3100,Grocery,2026-02-26 00:00:00,2026-03-28 00:00:00,2026-03-28 00:00:00,30.0,-3084.74,False,Service & Delivery Failure,Merchant service was not delivered after payment.,Medium,CLOSED,Ivr,True
CBK0002392,TXN00006668,USR61084,MCH2875,Grocery,2026-01-28 00:00:00,2026-01-30 00:00:00,2026-02-17 12:08:01,2.0,1736.0,False,Customer General Dispute,payment made to unknown merchant as per customer statement.,High,RESOLVED,Email,True
CBK0000614,TXN00000040,USR94585,MCH8779,Miscellaneous Retail,2026-01-20 00:00:00,2026-01-25 00:00:00,2026-02-10 00:00:00,5.0,-1389.07,False,Fraud & Account Takeover,Complaint received after multiple failed attempts. call dropped,Low,RESOLVED,App,True
CBK0002520,TXN00006276,USR55226,MCH7826,Restaurant,2026-01-21 00:00:00,2026-01-22 00:00:00,2026-01-24 16:37:21,1.0,1890.0,False,Duplicate Debit & Billing,Merchant service was not delivered after payment.,Critical,IN_PROGRESS,Branch,True
CBK0000593,TXN00013111,USR25826,MCH9808,Restaurant,2026-02-26 00:00:00,2026-03-05 18:10:06,2026-03-15 00:00:00,7.757013888888889,5583.0,True,Fraud & Account Takeover,Customer says transaction was not authorized.,High,IN_PROGRESS,Ivr,True
CBK0000551,TXN00012467,USR71976,MCH4344,Grocery,2026-02-01 10:46:36,2026-02-05 08:46:36,2026-03-07 00:00:00,3.9166666666666665,1654.78,False,Customer General Dispute,Suspicious high-value payment disputed by customer.,Low,IN_PROGRESS,Chatbot,True
CBK0000138,TXN00003017,USR74855,MCH9944,Grocery,2026-01-12 10:06:13,2026-01-18 08:06:13,2026-02-13 00:00:00,5.916666666666667,707.43,False,Fraud & Account Takeover,Customer complaint text unclear due to poor call center notes.,Low,REJECTED,Email,True
CBK0000100,TXN00017882,USR54020,MCH3381,Restaurant,2026-01-17 00:00:00,2026-01-20 00:00:00,2026-02-17 00:00:00,3.0,732.66,False,Duplicate Debit & Billing,User reports money deducted but merchant denies receiving payment.,High,IN_PROGRESS,App,True
CBK0000620,TXN00014536,USR49473,MCH9291,Apparel,2026-01-08 10:01:00,2026-01-10 00:00:00,,1.582638888888889,-12058.7,False,Duplicate Debit & Billing,Suspicious high-value payment disputed by customer.,Medium,IN_PROGRESS,Ivr,True
CBK0000787,TXN00015064,USR33856,MCH8652,Hotel & Lodging,2026-02-03 00:00:00,2026-03-20 00:00:00,2026-03-25 00:00:00,45.0,981.9,False,Duplicate Debit & Billing,User reports money deducted but merchant denies receiving payment.,Medium,IN_PROGRESS,Ivr,True
CBK0002134,TXN00009374,USR27878,MCH5264,Hotel & Lodging,2026-03-30 13:34:53,2026-04-02 15:34:53,,3.0833333333333335,50.0,False,Customer General Dispute,Customer says amount was debited twice.,Medium,IN_PROGRESS,Ivr,True
CBK0001981,TXN00014392,USR72048,MCH4590,Pharmacy,2026-03-17 00:00:00,2026-03-20 00:00:00,2026-03-23 00:00:00,3.0,4520.19,False,Duplicate Debit & Billing,user claims account was compromised before transaction.,Low,REJECTED,App,True
CBK0001249,TXN00003498,USR73675,MCH3822,Pharmacy,2026-03-31 00:00:00,2026-04-08 14:29:36,2026-04-20 00:00:00,8.60388888888889,3661.3,False,Fraud & Account Takeover,user reports money deducted but merchant denies receiving payment.,Medium,RESOLVED,Email,True
CBK0002554,TXN00000914,USR21146,MCH2266,Grocery,2026-02-08 11:30:00,2026-03-25 00:00:00,2026-04-02 00:00:00,44.520833333333336,1207.28,False,Service & Delivery Failure,User claims account was compromised before txn.,High,IN_PROGRESS,Branch,True
CBK0002602,TXN00012801,USR20795,MCH5787,Grocery,2026-02-11 00:00:00,2026-02-18 00:00:00,2026-03-09 12:23:30,7.0,2374.29,False,Service & Delivery Failure,Suspicious high-value payment disputed by customer.,Medium,RESOLVED,Call Center,True
CBK0002797,TXN00013910,USR34880,MCH1320,Grocery,2026-01-21 11:46:59,2026-01-27 08:46:00,,5.874317129629629,877.44,False,Fraud & Account Takeover,USER REPORTS MONEY DEDUCTED BUT MERCHANT DENIES RECEIVING PAYMENT.,High,IN_PROGRESS,Chatbot,True
CBK0000521,TXN00019385,USR20822,MCH6549,Grocery,2026-03-19 19:31:42,2026-03-21 00:00:00,2026-04-11 11:31:42,1.1863194444444445,1082.82,False,Fraud & Account Takeover,Suspicious high-value payment disputed by customer.,High,IN_PROGRESS,Branch,True
CBK0001422,TXN00013883,USR59251,MCH7833,Pharmacy,2026-01-13 00:00:00,2026-01-15 11:58:51,2026-01-21 00:00:00,2.499201388888889,3588.0,False,Fraud & Account Takeover,Payment made to unknown merchant as per customer statement.,Medium,IN_PROGRESS,Chatbot,True
CBK0000458,TXN00016719,USR26895,MCH4723,Pharmacy,2026-01-16 00:00:00,2026-01-19 00:00:00,2026-02-03 00:00:00,3.0,2956.42,False,Customer General Dispute,User claims account was compromised before txn.,Low,RESOLVED,Chatbot,True
CBK0000085,TXN00004176,USR35280,MCH8030,Grocery,2026-01-08 00:00:00,2026-01-09 21:57:00,2026-01-27 21:57:00,1.9145833333333333,1105.82,False,Fraud & Account Takeover,Customer complaint text unclear due to poor call center notes.,High,CLOSED,Branch,True
CBK0000376,TXN00010928,USR62685,MCH9719,Hotel & Lodging,2026-02-26 00:00:00,2026-03-01 05:50:00,2026-03-17 05:50:00,3.2430555555555554,1538.0,False,Duplicate Debit & Billing,Customer says transaction was not authorized. urgent,High,CLOSED,Chatbot,True
CBK0002059,,USR69096,MCH6070,Miscellaneous Retail,2026-02-03 00:00:00,2026-02-06 07:00:00,,3.2916666666666665,-599.01,False,Fraud & Account Takeover,user says upi pin was not entered by them.,Low,RESOLVED,Branch,False
CBK0002759,TXN00003778,USR65783,MCH3028,Restaurant,2026-02-06 00:00:00,2026-02-07 12:51:27,2026-02-25 00:00:00,1.5357291666666666,7597.0,False,Duplicate Debit & Billing,User claims account was compromised before transaction.,Medium,IN_PROGRESS,Call Center,True
CBK0000425,TXN00019652,USR51854,MCH4908,Hotel & Lodging,2026-03-06 00:00:00,,2026-03-25 08:31:28,,1289.49,False,Fraud & Account Takeover,Payment made to unknown merchant as per customer statement.,Critical,IN_PROGRESS,App,True
CBK0000473,TXN00006355,USR15888,MCH5561,Transportation,2026-01-12 00:00:00,2026-01-14 00:00:00,2026-01-18 13:37:06,2.0,1211.72,False,Service & Delivery Failure,Customer says transaction was not authorized.,Medium,RESOLVED,Branch,True
CBK0002609,TXN00005872,USR71348,MCH9291,Grocery,2026-03-31 04:58:00,2026-04-16 00:00:00,2026-05-11 00:00:00,15.793055555555556,2023.21,False,Fraud & Account Takeover,Customer complaint text unclear due to poor call center notes.,Low,RESOLVED,Chatbot,True
CBK0002781,TXN00007463,USR88712,MCH4226,Pharmacy,2026-02-08 10:50:00,2026-02-09 00:00:00,,0.5486111111111112,540.0,False,Service & Delivery Failure,Merchant service was not delivered after payment.,Medium,IN_PROGRESS,Ivr,True
CBK0000437,TXN00008304,USR31182,MCH7390,Department Store,2026-03-17 00:00:00,2026-03-19 00:00:00,,2.0,6321.44,False,Fraud & Account Takeover,Merchant service was not delivered after payment. NA,Medium,IN_PROGRESS,Chatbot,True
CBK0001434,TXN00014276,USR37196,MCH2407,Grocery,2026-03-27 00:00:00,2026-03-30 00:00:00,2026-04-08 00:00:00,3.0,637.61,False,Duplicate Debit & Billing,payment made to unknown merchant as per customer statement.,Medium,IN_PROGRESS,Ivr,True
CBK0002012,TXN00012346,USR40998,MCH3992,Grocery,2026-01-07 00:00:00,2026-01-10 15:42:32,,3.654537037037037,1010.1,False,Fraud & Account Takeover,Customer says amount was debited twice.,High,IN_PROGRESS,Call Center,True
CBK0000297,TXN00019269,USR53731,MCH9458,Transportation,2026-02-08 09:15:08,2026-02-11 00:00:00,2026-02-15 00:00:00,2.6144907407407407,2732.12,False,Fraud & Account Takeover,CUSTOMER SAYS TRANSACTION WAS NOT AUTHORIZED.,Medium,CLOSED,Ivr,True
CBK0002058,TXN00010832,USR29952,MCH6418,Transportation,2026-02-22 21:09:00,2026-02-28 00:00:00,2026-03-16 00:00:00,5.11875,1882.0,False,Fraud & Account Takeover,User says UPI PIN was not entered by them. urgent,Low,IN_PROGRESS,Chatbot,True
CBK0000267,,USR13313,MCH9823,Restaurant,2026-02-09 00:00:00,2026-02-12 00:00:00,2026-03-03 00:00:00,3.0,1878.56,False,Fraud & Account Takeover,Complaint received after multiple failed attempts.,Medium,CLOSED,Chatbot,False
CBK0000035,TXN00004120,USR53171,MCH6920,Transportation,2026-03-07 00:00:00,2026-03-05 00:00:00,2026-04-02 00:00:00,-2.0,5701.53,False,Duplicate Debit & Billing,user reports money deducted but merchant denies receiving payment.,Low,IN_PROGRESS,Ivr,True
CBK0002020,TXN00019784,USR89588,MCH8760,Restaurant,2026-03-08 00:00:00,2026-03-10 00:00:00,,2.0,2591.32,False,Fraud & Account Takeover,Customer says amount was debited twice.,Low,RESOLVED,Ivr,True
CBK0001016,TXN00018653,USR39211,MCH1376,Hotel & Lodging,2026-02-19 00:00:00,2026-02-22 00:00:00,2026-03-05 00:00:00,3.0,2423.45,False,Fraud & Account Takeover,User reports money deducted but merchant denies receiving payment.,Low,REJECTED,Chatbot,True
CBK0000905,TXN00003495,USR37693,MCH8091,Pharmacy,2026-01-08 00:00:00,2026-02-08 00:07:18,,31.005069444444445,2983.97,False,Service & Delivery Failure,Complaint received after multiple failed attempts.,Low,IN_PROGRESS,Email,True
CBK0000394,TXN00000779,USR64440,MCH8614,Grocery,2026-02-03 13:21:00,2026-03-06 00:00:00,2026-03-28 00:00:00,30.44375,4511.29,False,Duplicate Debit & Billing,User claims account was compromised before txn.,Medium,IN_PROGRESS,Chatbot,True
CBK0000059,TXN00011102,USR87051,MCH4693,Transportation,2026-03-06 00:00:00,2026-03-07 00:00:00,2026-03-09 00:00:00,1.0,1825.45,False,Fraud & Account Takeover,COMPLAINT RECEIVED AFTER MULTIPLE FAILED ATTEMPTS.,Low,IN_PROGRESS,Call Center,True
CBK0001956,TXN00004350,USR48482,MCH1641,Pharmacy,2026-03-16 00:00:00,2026-03-22 00:00:00,2026-03-30 00:00:00,6.0,2131.37,False,Fraud & Account Takeover,user claims account was compromised before transaction.,Low,IN_PROGRESS,Chatbot,True
CBK0002439,TXN00009347,USR87914,MCH6751,Transportation,,2026-03-12 20:47:00,2026-03-24 00:00:00,,1704.94,False,Duplicate Debit & Billing,Suspicious high-value payment disputed by customer.,Low,IN_PROGRESS,Ivr,True
CBK0002733,TXN00015766,USR87074,MCH6810,Pharmacy,2026-03-26 15:10:36,2026-04-05 00:00:00,,9.367638888888889,198.26,False,Fraud & Account Takeover,User reports money deducted but merchant denies receiving payment.,Low,IN_PROGRESS,Chatbot,True
CBK0000344,TXN00018344,USR11559,MCH4841,Apparel,2026-02-05 00:00:00,2026-03-07 00:00:00,2026-03-08 22:10:00,30.0,9060.0,False,Fraud & Account Takeover,Merchant service was not delivered after payment.,High,CLOSED,Ivr,True
CBK0000704,TXN00015091,USR45203,MCH9864,Grocery,2026-03-28 00:00:00,2026-04-03 18:18:00,2026-05-01 00:00:00,6.7625,20286.73,False,Service & Delivery Failure,Suspicious high-value payment disputed by customer. NA,High,IN_PROGRESS,Chatbot,True
CBK0001841,TXN00005953,USR96307,MCH1423,Miscellaneous Retail,2026-03-28 00:00:00,2026-03-29 00:00:00,2026-04-18 00:00:00,1.0,1742.0,False,Service & Delivery Failure,Payment made to unknown merchant as per customer statement.,Low,REJECTED,Ivr,True
CBK0000305,TXN00002303,USR21074,MCH1320,Grocery,2026-02-04 00:00:00,2026-02-09 00:00:00,2026-02-22 00:00:00,5.0,1712.22,False,Service & Delivery Failure,Customer says amount was debited twice.,Low,IN_PROGRESS,App,True
CBK0002157,TXN00010666,USR74780,MCH6850,Hotel & Lodging,2026-02-07 00:00:00,2026-03-09 00:00:00,2026-03-27 00:00:00,30.0,1349.33,False,Duplicate Debit & Billing,Payment made to unknown merchant as per customer statement.,Low,CLOSED,Branch,True
CBK0000219,TXN00076688,USR63208,MCH6288,Miscellaneous Retail,2026-03-31 00:00:00,2026-04-06 00:00:00,2026-05-05 00:00:00,6.0,355.19,False,Service & Delivery Failure,User claims account was compromised before transaction.,Low,RESOLVED,Branch,False
CBK0000503,TXN00009139,USR87033,MCH8779,Grocery,2026-03-05 00:00:00,2026-03-08 00:00:00,2026-03-29 10:48:07,3.0,1518.49,False,Fraud & Account Takeover,Payment made to unknown merchant as per customer statement.,Critical,CLOSED,Email,True
CBK0002098,TXN00012193,USR22644,MCH5980,Restaurant,2026-03-19 04:04:00,2026-03-20 00:00:00,2026-03-24 00:00:00,0.8305555555555556,1913.11,False,Fraud & Account Takeover,Merchant service was not delivered after payment.,High,CLOSED,Call Center,True
CBK0002395,TXN00010795,USR24347,MCH3677,Transportation,2026-03-30 00:00:00,2026-04-14 00:00:00,2026-05-10 12:23:00,15.0,-933.13,False,Duplicate Debit & Billing,User reports money deducted but merchant denies receiving payment.,Low,IN_PROGRESS,Chatbot,True
CBK0001580,TXN00004779,USR38912,MCH6908,Transportation,2026-01-12 10:59:00,2026-01-13 09:59:00,2026-01-16 00:00:00,0.9583333333333334,1565.13,False,Fraud & Account Takeover,customer says amount was debited twice.,Medium,IN_PROGRESS,Email,True
CBK0000388,TXN00000433,USR50784,MCH6968,Grocery,2026-02-18 00:00:00,2026-02-23 19:00:44,2026-03-19 00:00:00,5.792175925925926,979.0,False,Duplicate Debit & Billing,User says UPI PIN was not entered by them.,Low,IN_PROGRESS,Branch,True
CBK0000891,TXN00017408,USR10307,MCH7766,Transportation,2026-03-23 00:00:00,2026-03-23 00:00:00,,0.0,836.19,False,Service & Delivery Failure,user reports money deducted but merchant denies receiving payment.,Low,IN_PROGRESS,Email,True
CBK0000501,TXN00019009,USR96611,MCH3763,Transportation,2026-01-10 00:00:00,2026-01-15 00:00:00,2026-01-27 15:33:00,5.0,1552.99,False,Duplicate Debit & Billing,Customer complaint text unclear due to poor call center notes.,High,IN_PROGRESS,App,True
CBK0002227,TXN00097124,USR21632,MCH9291,Apparel,2026-02-25 20:48:05,2026-04-12 00:00:00,2026-04-26 00:00:00,45.13327546296296,1596.33,False,Duplicate Debit & Billing,User reports money deducted but merchant denies receiving payment.,High,RESOLVED,App,False
CBK0000060,TXN00004672,USR95647,MCH3815,Grocery,,2026-01-09 00:00:00,2026-02-04 00:00:00,,985.98,False,Service & Delivery Failure,Suspicious high-value payment disputed by customer.,High,RESOLVED,Ivr,True
CBK0002174,,USR75213,MCH2779,Miscellaneous Retail,2026-02-28 00:00:00,2026-04-14 23:11:36,2026-05-10 00:00:00,45.966388888888886,484.07,False,Fraud & Account Takeover,User reports money deducted but merchant denies receiving payment.,Medium,CLOSED,Branch,False
CBK0000869,TXN00011061,USR71557,MCH8342,Transportation,2026-03-03 00:00:00,2026-03-14 00:00:00,2026-04-11 00:00:00,11.0,-211.84,False,Customer General Dispute,Merchant service was not delivered after payment.,Low,CLOSED,Call Center,True
CBK0001381,TXN00011623,USR99837,MCH8765,Hotel & Lodging,2026-01-28 09:27:00,2026-01-30 21:27:00,,2.5,3487.78,False,Service & Delivery Failure,Customer says amount was debited twice. NA,High,CLOSED,Ivr,True
CBK0002396,TXN00000711,USR70575,MCH1910,Grocery,2026-02-25 00:00:00,,,,19008.09,True,Customer General Dispute,User says UPI PIN was not entered by them. NA,High,RESOLVED,Ivr,True
CBK0000723,TXN00001222,USR96458,MCH9291,Restaurant,2026-01-14 00:00:00,2026-01-16 04:31:14,,2.1883564814814815,3784.94,True,Service & Delivery Failure,PAYMENT MADE TO UNKNOWN MERCHANT AS PER CUSTOMER STATEMENT.,Low,RESOLVED,Email,True
CBK0000504,TXN00008435,USR93535,MCH7466,Transportation,,2026-02-06 00:00:00,2026-03-03 09:34:59,,755.82,False,Service & Delivery Failure,Customer says amount was debited twice.,Medium,REJECTED,Email,True
CBK0002746,TXN00015136,USR57117,MCH5167,Grocery,2026-02-24 00:00:00,2026-02-26 00:00:00,2026-03-27 08:47:00,2.0,661.74,False,Service & Delivery Failure,Customer complaint text unclear due to poor call center notes.,Low,IN_PROGRESS,Call Center,True
CBK0002737,TXN00005881,USR91565,MCH2757,Grocery,2026-02-03 19:55:07,2026-02-07 00:00:00,2026-02-13 08:55:00,3.1700578703703703,2284.0,False,Duplicate Debit & Billing,Merchant service was not delivered after payment.,Medium,REJECTED,Email,True
CBK0002270,TXN00000045,USR73010,MCH6294,Restaurant,2026-01-03 00:00:03,2026-01-05 22:00:00,2026-01-11 22:00:03,2.9166319444444446,1101.8,False,Fraud & Account Takeover,Customer says transaction was not authorized.,Medium,CLOSED,Call Center,True
CBK0001994,TXN00000296,USR71624,MCH4650,Restaurant,2026-03-29 00:00:00,2026-03-29 17:25:00,2026-03-30 00:00:00,0.7256944444444444,512.0,False,Fraud & Account Takeover,Complaint received after multiple failed attempts.,High,RESOLVED,App,True
CBK0002612,TXN00010607,USR32830,MCH9346,Grocery,2026-03-01 00:00:00,2026-03-17 00:00:00,2026-04-07 00:00:00,16.0,397.65,False,Fraud & Account Takeover,CUSTOMER SAYS AMOUNT WAS DEBITED TWICE.,High,RESOLVED,Branch,True
CBK0001950,TXN00002053,USR33960,MCH5223,Grocery,2026-03-26 00:00:00,2026-03-27 11:08:07,2026-04-08 11:08:00,1.4639699074074075,2130.67,False,Duplicate Debit & Billing,Customer complaint text unclear due to poor call center notes.,Medium,IN_PROGRESS,Email,True
CBK0000757,TXN00010601,USR53404,MCH4311,Grocery,2026-03-20 14:22:47,2026-03-26 10:22:00,2026-04-22 00:00:00,5.832789351851852,1363.12,False,Service & Delivery Failure,User says UPI PIN was not entered by them.,Medium,CLOSED,Ivr,True
CBK0000159,TXN00001671,USR51888,MCH8727,Grocery,2026-02-19 00:00:00,2026-02-24 00:00:00,2026-02-24 00:00:00,5.0,2605.0,False,Duplicate Debit & Billing,User says UPI PIN was not entered by them.,High,IN_PROGRESS,Ivr,True
CBK0001270,TXN00015781,USR60184,MCH5412,Pharmacy,2026-02-22 00:00:00,2026-02-25 18:53:25,2026-02-25 18:53:25,3.7870949074074076,6433.23,False,Duplicate Debit & Billing,Customer says transaction was not authorized.,High,IN_PROGRESS,Chatbot,True
CBK0001833,TXN00009923,USR24660,MCH3434,Grocery,2026-01-04 12:15:00,2025-12-30 12:15:20,2025-12-31 00:00:00,-4.999768518518518,2940.0,False,Customer General Dispute,Merchant service was not delivered after payment.,Medium,IN_PROGRESS,Call Center,True
CBK0000148,,USR37395,MCH3992,Miscellaneous Retail,2026-02-25 00:00:00,2026-02-28 00:00:00,2026-03-09 00:00:00,3.0,,False,Customer General Dispute,Suspicious high-value payment disputed by customer.,Critical,CLOSED,Ivr,False
CBK0002188,TXN00011115,USR83988,MCH3113,Restaurant,,2026-01-03 00:00:00,2026-01-14 02:37:33,,3037.16,False,Customer General Dispute,User reports money deducted but merchant denies receiving payment.,Low,IN_PROGRESS,Chatbot,True
CBK0000906,TXN00009979,USR59679,MCH6645,Restaurant,2026-02-02 22:05:54,2026-02-04 00:00:00,2026-02-13 00:00:00,1.079236111111111,876.91,False,Fraud & Account Takeover,User claims account was compromised before transaction.,Medium,REJECTED,App,True
CBK0001190,TXN00017091,USR51699,MCH7327,Hotel & Lodging,2026-02-17 00:00:00,2026-02-28 00:00:00,2026-03-11 02:20:08,11.0,2254.1,False,Fraud & Account Takeover,User says UPI PIN was not entered by them.,High,IN_PROGRESS,App,True
CBK0000325,TXN00011027,USR51987,MCH6810,Restaurant,2026-01-04 03:24:27,2026-01-06 00:00:00,2026-01-16 00:00:00,1.8580208333333332,3285.5,False,Fraud & Account Takeover,Customer says txn was not authorized.,Medium,IN_PROGRESS,App,True
CBK0002358,TXN00012958,USR45319,MCH4022,Grocery,2026-02-23 16:54:56,2026-03-03 00:00:00,2026-03-20 03:54:56,7.295185185185185,1142.21,False,Duplicate Debit & Billing,Customer complaint text unclear due to poor call center notes. call dropped,Low,IN_PROGRESS,Ivr,True
CBK0001443,TXN00003853,USR70317,MCH6921,Pharmacy,2026-02-19 00:00:00,2026-02-22 00:00:00,2026-02-26 00:00:00,3.0,2342.78,False,Service & Delivery Failure,PAYMENT MADE TO UNKNOWN MERCHANT AS PER CUSTOMER STATEMENT.,Medium,CLOSED,Ivr,True
CBK0001944,TXN00005059,USR14388,MCH5076,Pharmacy,2026-03-10 22:25:51,2026-04-25 00:00:00,2026-04-26 05:25:51,45.06538194444445,4128.34,False,Duplicate Debit & Billing,CUSTOMER SAYS AMOUNT WAS DEBITED TWICE.,Critical,IN_PROGRESS,Ivr,True
CBK0000097,TXN00014288,USR75999,MCH4226,Grocery,2026-03-14 12:10:00,2026-03-13 00:00:00,,-1.5069444444444444,4255.52,False,Customer General Dispute,Payment made to unknown merchant as per customer statement.,Medium,IN_PROGRESS,Ivr,True
CBK0000609,TXN00001796,USR77277,MCH2970,Grocery,2026-01-06 00:00:00,2026-01-11 00:00:00,,5.0,2128.95,True,Service & Delivery Failure,User reports money deducted but merchant denies receiving payment.,Low,CLOSED,Branch,True
CBK0000920,TXN00000546,USR20076,MCH2383,Grocery,2026-03-02 00:00:00,2026-04-17 13:17:00,2026-04-27 00:00:00,46.553472222222226,427.33,False,Duplicate Debit & Billing,Complaint received after multiple failed attempts.,Low,IN_PROGRESS,App,True
CBK0001945,TXN00015576,USR59679,MCH5013,Hotel & Lodging,2026-02-28 04:17:48,2026-03-03 00:00:00,2026-03-07 00:00:00,2.820972222222222,2182.01,False,Duplicate Debit & Billing,MERCHANT SERVICE WAS NOT DELIVERED AFTER PAYMENT.,High,IN_PROGRESS,Ivr,True
CBK0002769,TXN00003447,USR76233,MCH8735,Grocery,2026-02-19 00:00:00,2026-02-21 00:00:00,2026-03-03 00:00:00,2.0,1984.96,False,Duplicate Debit & Billing,Payment made to unknown merchant as per cust statement.,Medium,REJECTED,Chatbot,True
CBK0002138,TXN00000295,USR86497,MCH2786,Grocery,2026-01-10 00:00:00,2026-01-16 00:00:00,2026-01-30 00:00:00,6.0,731.69,False,Fraud & Account Takeover,Customer says amount was debited twice.,Low,IN_PROGRESS,Chatbot,True
CBK0001973,TXN00013275,USR71371,MCH9810,Pharmacy,2026-03-19 00:00:00,2026-03-27 00:00:00,2026-04-19 00:00:00,8.0,666.32,False,Service & Delivery Failure,Complaint received after multiple failed attempts.,Medium,IN_PROGRESS,Chatbot,True
CBK0000440,TXN00019212,USR83469,MCH7067,Transportation,,2026-01-20 03:57:35,2026-01-28 03:57:35,,2786.25,False,Fraud & Account Takeover,customer says transaction was not authorized.,Low,IN_PROGRESS,Call Center,True
CBK0001313,TXN00002015,USR70926,MCH8374,Hotel & Lodging,2026-03-24 00:00:00,2026-03-26 22:40:05,2026-04-11 22:40:00,2.9445023148148146,2615.98,False,Fraud & Account Takeover,Merchant service was not delivered after payment.,Critical,IN_PROGRESS,Chatbot,True
CBK0001519,TXN00000459,USR36461,MCH6850,Pharmacy,2026-01-05 01:52:09,2026-02-20 00:52:09,2026-03-19 00:00:00,45.958333333333336,8278.26,False,Customer General Dispute,Customer says amount was debited twice.,High,IN_PROGRESS,Call Center,True
CBK0001153,TXN00007272,USR23407,MCH9088,Grocery,2026-03-13 04:40:00,2026-03-14 00:00:00,2026-03-19 23:40:22,0.8055555555555556,928.0,False,Fraud & Account Takeover,Merchant service was not delivered after payment.,High,IN_PROGRESS,Chatbot,True
CBK0000490,TXN00019708,USR89588,MCH9291,Pharmacy,2026-02-23 01:22:04,,2026-04-18 23:22:00,,1943.24,False,Customer General Dispute,customer says amount was debited twice.,Low,IN_PROGRESS,Call Center,True
CBK0000306,TXN00000680,USR62254,MCH5980,Miscellaneous Retail,2026-01-26 00:00:00,2026-02-02 00:00:00,2026-02-21 12:35:42,7.0,589.63,False,Fraud & Account Takeover,User says UPI PIN was not entered by them.,High,IN_PROGRESS,Chatbot,True
CBK0001088,TXN00012038,USR14244,MCH5655,Grocery,2026-01-19 00:00:00,2026-01-23 00:00:00,,4.0,21278.79,True,Duplicate Debit & Billing,Customer complaint text unclear due to poor call center notes.,Low,CLOSED,Email,True
CBK0002181,TXN00014627,USR41247,MCH7342,Restaurant,2026-03-02 00:00:00,2026-03-04 00:00:00,,2.0,4363.55,False,Customer General Dispute,Customer says amount was debited twice.,Medium,IN_PROGRESS,Chatbot,True
CBK0000863,TXN00016767,USR90880,MCH2841,Grocery,2026-03-06 00:00:00,2026-03-07 21:23:05,2026-04-03 00:00:00,1.8910300925925927,1273.0,False,Service & Delivery Failure,customer says transaction was not authorized.,High,CLOSED,Email,True
CBK0000178,TXN00004134,USR75133,MCH1949,Miscellaneous Retail,2026-02-24 00:00:00,,2026-03-06 06:12:04,,794.23,False,Fraud & Account Takeover,Customer complaint text unclear due to poor call center notes.,High,IN_PROGRESS,Ivr,True
CBK0000340,TXN00006753,USR93690,MCH7199,Transportation,2026-01-18 00:00:00,2026-01-15 19:42:11,2026-01-16 00:00:00,-2.179039351851852,-6262.28,False,Service & Delivery Failure,Suspicious high-value payment disputed by customer.,Low,IN_PROGRESS,App,True
CBK0001772,TXN00010231,USR49951,MCH4775,Restaurant,2026-01-29 11:52:47,2026-01-30 00:00:00,2026-02-08 00:00:00,0.505011574074074,12820.0,True,Fraud & Account Takeover,payment made to unknown merchant as per customer statement.,Medium,REJECTED,App,True
CBK0002100,TXN00012645,USR65267,MCH1601,Department Store,2026-03-30 00:00:00,2026-04-03 00:00:00,,4.0,-1273.59,False,Fraud & Account Takeover,Customer says transaction was not authorized.,Low,CLOSED,Ivr,True
CBK0001757,TXN00018643,USR46650,MCH2383,Miscellaneous Retail,2026-02-16 00:00:00,2026-02-19 16:58:00,2026-03-16 00:00:00,3.7069444444444444,12207.21,True,Service & Delivery Failure,User reports money deducted but merchant denies receiving payment.,Low,IN_PROGRESS,Chatbot,True
CBK0000314,TXN00017581,USR74438,MCH2757,Transportation,2026-01-04 00:00:00,2026-01-08 21:56:24,2026-01-11 00:00:00,4.914166666666667,1299.7,False,Fraud & Account Takeover,Customer says transaction was not authorized.,Critical,CLOSED,Chatbot,True
CBK0002107,TXN00013202,USR27107,MCH9715,Restaurant,2026-03-29 00:00:00,2026-04-01 00:00:00,2026-04-21 00:00:00,3.0,1331.0,False,Fraud & Account Takeover,Customer says amount was debited twice.,Critical,IN_PROGRESS,Ivr,True
CBK0001444,TXN00003678,USR50434,MCH5076,Grocery,2026-01-01 07:55:22,2026-01-04 00:00:00,,2.669884259259259,8722.75,False,Service & Delivery Failure,User claims account was compromised before transaction.,High,CLOSED,Chatbot,True
CBK0001899,TXN00000835,USR11194,MCH1631,Hotel & Lodging,2026-03-27 15:04:48,2026-03-29 00:00:00,,1.3716666666666666,12464.21,True,Customer General Dispute,Suspicious high-value payment disputed by customer.,Low,REJECTED,Ivr,True
CBK0001951,TXN00007053,USR17824,MCH8057,Hotel & Lodging,2026-03-26 16:44:00,2026-05-10 00:00:00,2026-06-09 00:00:00,44.30277777777778,3545.44,False,Duplicate Debit & Billing,User claims account was compromised before transaction.,High,CLOSED,Branch,True
CBK0000193,TXN00011628,USR15884,MCH9002,Transportation,2026-01-10 00:00:00,2026-01-13 11:20:14,2026-01-30 11:20:14,3.4723842592592593,6328.27,False,Customer General Dispute,Customer complaint text unclear due to poor call center notes.,Critical,IN_PROGRESS,Ivr,True
CBK0001867,TXN00017191,USR13167,MCH3106,Grocery,2026-03-28 20:09:00,2026-04-01 06:09:00,2026-04-22 00:00:00,3.4166666666666665,-13889.45,False,Service & Delivery Failure,CUSTOMER COMPLAINT TEXT UNCLEAR DUE TO POOR CALL CENTER NOTES.,Medium,RESOLVED,Email,True
CBK0001712,TXN00007450,USR20950,MCH4523,Grocery,2026-03-24 11:00:00,2026-04-23 00:00:00,2026-04-24 00:00:00,29.541666666666668,-1985.25,False,Service & Delivery Failure,Merchant service was not delivered after payment.,High,IN_PROGRESS,Chatbot,True
CBK0000165,TXN00013500,USR82240,MCH3046,Grocery,2026-01-23 09:33:00,2026-03-09 00:00:00,2026-03-16 19:33:00,44.60208333333333,-3214.54,False,Duplicate Debit & Billing,User reports money deducted but merchant denies receiving payment.,Low,IN_PROGRESS,Ivr,True
CBK0002719,TXN00016715,USR73639,MCH6051,Grocery,2026-01-09 00:00:00,2026-01-14 00:00:00,,5.0,1128.27,False,Fraud & Account Takeover,payment made to unknown merchant as per customer statement.,Medium,REJECTED,Ivr,True
CBK0001706,TXN00012764,USR22644,MCH1401,Grocery,2026-03-10 00:00:00,2026-03-18 08:08:27,,8.339201388888888,9737.34,False,Service & Delivery Failure,Complaint received after multiple failed attempts.,Medium,CLOSED,Chatbot,True
CBK0000945,TXN00003565,USR46365,MCH4473,Pharmacy,2026-03-14 00:00:00,2026-03-14 00:00:00,2026-04-08 03:51:15,0.0,1723.81,False,Fraud & Account Takeover,merchant service was not delivered after payment.,High,REJECTED,Branch,True
CBK0001335,TXN00016756,USR44060,MCH7471,Transportation,2026-03-14 00:00:00,2026-03-14 00:00:00,2026-03-18 00:00:00,0.0,455.72,False,Duplicate Debit & Billing,Customer complaint text unclear due to poor call center notes.,Medium,REJECTED,Call Center,True
CBK0000852,TXN00010668,USR81745,MCH4420,Grocery,2026-03-06 00:00:00,2026-04-06 15:52:29,2026-04-25 00:00:00,31.66144675925926,1305.45,False,Fraud & Account Takeover,Customer says amount was debited twice. NA,Medium,IN_PROGRESS,App,True
CBK0002796,TXN00001679,USR97772,MCH2029,Miscellaneous Retail,2026-02-27 08:22:56,2026-03-04 14:22:56,2026-03-17 00:00:00,5.25,-705.52,False,Fraud & Account Takeover,Complaint received after multiple failed attempts.,Medium,IN_PROGRESS,Ivr,True
CBK0000318,TXN00001878,USR10693,MCH5303,Restaurant,2026-03-08 00:00:00,2026-03-15 00:00:00,,7.0,3834.0,False,Service & Delivery Failure,Suspicious high-value payment disputed by customer.,High,IN_PROGRESS,Ivr,True
CBK0001790,TXN00000533,USR46536,MCH5535,Hotel & Lodging,2026-01-18 17:59:52,2026-02-03 00:00:00,2026-02-13 00:00:00,15.250092592592592,6055.78,False,Fraud & Account Takeover,CUSTOMER SAYS TRANSACTION WAS NOT AUTHORIZED.,Medium,IN_PROGRESS,Email,True
CBK0000283,TXN00017871,USR39576,MCH3354,Grocery,2026-01-17 10:50:06,2026-02-01 00:00:00,,14.548541666666667,1129.96,True,Fraud & Account Takeover,Payment made to unknown merchant as per cust statement.,High,REJECTED,Ivr,True
CBK0001613,TXN00012902,USR20076,MCH8345,Restaurant,2026-02-18 00:00:00,2026-02-20 00:00:00,2026-03-21 05:15:27,2.0,586.88,False,Service & Delivery Failure,Customer says transaction was not authorized.,Low,IN_PROGRESS,Email,True
CBK0002598,TXN00012208,USR54794,MCH2336,Transportation,2026-01-06 00:00:00,2026-01-09 00:00:00,2026-01-10 00:00:00,3.0,5802.45,False,Fraud & Account Takeover,Payment made to unknown merchant as per cust statement.,Medium,CLOSED,Branch,True
CBK0001754,TXN00006873,USR95486,MCH1520,Pharmacy,2026-02-12 00:00:00,2026-02-14 11:52:00,2026-03-12 00:00:00,2.4944444444444445,15503.83,True,Service & Delivery Failure,Customer says amount was debited twice. call dropped,Critical,REJECTED,Branch,True
CBK0000642,TXN00009627,USR88037,MCH4516,Restaurant,2026-02-04 00:00:00,2026-02-07 00:00:00,2026-02-09 00:00:00,3.0,10535.8,False,Customer General Dispute,Merchant service was not delivered after payment.,Low,IN_PROGRESS,Call Center,True
CBK0000637,TXN00005214,USR91453,MCH6014,Pharmacy,2026-02-06 00:00:00,2026-02-07 00:00:00,2026-03-06 00:00:00,1.0,18907.24,True,Service & Delivery Failure,Suspicious high-value payment disputed by customer.,Medium,IN_PROGRESS,Chatbot,True
CBK0001718,TXN00033788,USR58639,MCH2757,Apparel,2026-01-06 14:14:30,2026-01-07 00:00:00,2026-01-26 16:14:30,0.4065972222222222,-664.74,False,Duplicate Debit & Billing,User reports money deducted but merchant denies receiving payment.,Low,IN_PROGRESS,Branch,False
CBK0002437,TXN00007105,USR45914,MCH3247,Hotel & Lodging,2026-03-27 00:00:00,2026-03-27 21:16:00,2026-04-10 00:00:00,0.8861111111111111,6549.17,True,Duplicate Debit & Billing,Payment made to unknown merchant as per customer statement. details missing,Medium,IN_PROGRESS,Call Center,True
CBK0000245,TXN00010561,USR45218,MCH8515,Hotel & Lodging,2026-02-05 03:39:40,2026-02-06 00:00:00,,0.8474537037037037,865.55,False,Duplicate Debit & Billing,Customer says amount was debited twice.,Low,RESOLVED,Chatbot,True
CBK0001410,TXN00012186,USR14130,MCH6048,Pharmacy,2026-01-04 00:00:00,2026-01-06 00:00:00,,2.0,4466.44,False,Fraud & Account Takeover,User says UPI PIN was not entered by them.,Low,IN_PROGRESS,Ivr,True
CBK0001558,TXN00018011,USR70587,MCH9995,Grocery,2026-02-12 15:33:24,2026-02-12 00:00:00,2026-03-07 00:00:00,-0.6481944444444444,550.29,False,Duplicate Debit & Billing,User claims account was compromised before transaction. NA,Low,IN_PROGRESS,Email,True
CBK0000610,TXN00014090,USR65211,MCH6850,Hotel & Lodging,2026-03-24 17:38:00,2026-04-01 06:38:00,,7.541666666666667,848.3,False,Fraud & Account Takeover,User says UPI PIN was not entered by them.,Medium,IN_PROGRESS,Ivr,True
CBK0002304,TXN00005004,USR24536,MCH6507,Restaurant,2026-02-25 16:37:09,,2026-03-23 00:00:00,,1095.0,False,Fraud & Account Takeover,Customer says transaction was not authorized.,Medium,RESOLVED,Branch,True
CBK0000205,TXN00009947,USR49302,MCH7335,Hotel & Lodging,2026-01-24 11:39:04,2026-02-04 04:39:04,2026-03-05 00:00:00,10.708333333333334,8278.87,True,Fraud & Account Takeover,Complaint received after multiple failed attempts.,Critical,IN_PROGRESS,App,True
CBK0002199,TXN00083913,USR69345,MCH1289,Miscellaneous Retail,2026-03-17 20:54:58,2026-03-20 07:54:58,2026-03-21 00:00:00,2.4583333333333335,732.0,False,Duplicate Debit & Billing,Payment made to unknown merchant as per customer statement.,High,IN_PROGRESS,Branch,False
CBK0000096,TXN00015289,USR24926,MCH9472,Pharmacy,2026-03-29 09:32:00,2026-04-05 00:00:00,2026-04-26 00:00:00,6.602777777777778,2649.1,False,Service & Delivery Failure,Payment made to unknown merchant as per customer statement.,Low,CLOSED,Ivr,True
CBK0001480,TXN00010969,USR40561,MCH9717,Grocery,2026-02-17 00:00:00,2026-02-20 00:00:00,2026-03-04 00:00:00,3.0,1918.05,False,Service & Delivery Failure,Customer says amount was debited twice. call dropped,Low,IN_PROGRESS,Call Center,True
CBK0001125,TXN00011934,USR25357,MCH8928,Grocery,2026-02-18 00:00:00,,2026-03-06 11:31:18,,4074.0,True,Service & Delivery Failure,User claims account was compromised before transaction.,Medium,CLOSED,Call Center,True
CBK0000842,TXN00002437,USR58147,MCH1299,Restaurant,2026-01-27 09:34:13,2026-02-02 00:00:00,2026-03-01 00:00:00,5.601238425925926,1368.83,False,Fraud & Account Takeover,Suspicious high-value payment disputed by customer.,High,IN_PROGRESS,Call Center,True
CBK0002364,TXN00001342,USR61151,MCH5245,Hotel & Lodging,2026-02-23 23:42:23,2026-03-03 00:00:00,2026-03-24 09:42:23,7.012233796296297,2534.0,False,Duplicate Debit & Billing,Customer complaint text unclear due to poor call center notes.,High,IN_PROGRESS,Ivr,True
CBK0000474,TXN00009795,USR24690,MCH8976,Miscellaneous Retail,2026-03-27 00:00:00,2026-03-27 09:12:31,2026-04-22 00:00:00,0.3836921296296296,1506.67,False,Duplicate Debit & Billing,Suspicious high-value payment disputed by customer.,Low,RESOLVED,Ivr,True
CBK0001677,TXN00005417,USR53957,MCH2848,Hotel & Lodging,2026-01-02 00:00:00,,2026-02-02 00:00:00,,2380.3,False,Service & Delivery Failure,Payment made to unknown merchant as per customer statement.,Medium,CLOSED,App,True
CBK0002352,TXN00009981,USR92382,MCH2075,Grocery,2026-03-11 00:00:00,2026-03-12 00:00:00,2026-03-28 10:00:00,1.0,1850.41,False,Fraud & Account Takeover,Customer says transaction was not authorized.,High,CLOSED,Call Center,True
CBK0000055,TXN00017357,USR15485,MCH3992,Transportation,2026-03-27 00:00:00,2026-03-29 00:00:00,,2.0,3043.82,False,Customer General Dispute,User claims account was compromised before txn.,Critical,IN_PROGRESS,Chatbot,True
CBK0002441,TXN00007492,USR71182,MCH9948,Transportation,,2026-03-12 00:00:00,,,1969.45,False,Duplicate Debit & Billing,Customer says transaction was not authorized.,Low,IN_PROGRESS,Chatbot,True
CBK0001193,TXN00014849,USR27328,MCH4912,Department Store,2026-01-19 00:00:00,2026-01-30 00:00:00,2026-02-09 00:04:06,11.0,2302.0,False,Duplicate Debit & Billing,merchant service was not delivered after payment.,High,REJECTED,Branch,True
CBK0002705,TXN00005717,USR91772,MCH2757,Restaurant,2026-01-19 17:45:15,2026-01-22 00:00:00,2026-01-24 00:00:00,2.2602430555555557,2449.38,False,Duplicate Debit & Billing,Customer complaint text unclear due to poor call center notes.,Low,IN_PROGRESS,Ivr,True
CBK0001851,TXN00006293,USR95875,MCH2065,Pharmacy,2026-02-27 00:00:00,2026-03-07 00:00:00,2026-03-30 00:00:00,8.0,2387.22,False,Service & Delivery Failure,Merchant service was not delivered after payment.,Medium,IN_PROGRESS,Ivr,True
CBK0002384,TXN00005874,USR26867,MCH5264,Restaurant,,2026-03-06 03:25:03,2026-03-22 00:00:00,,20750.19,True,Duplicate Debit & Billing,User says UPI PIN was not entered by them.,Medium,RESOLVED,Email,True
CBK0001729,TXN00002228,USR56148,MCH6141,Transportation,2026-02-09 09:11:00,2026-02-13 00:00:00,2026-03-01 00:00:00,3.6173611111111112,378.3,False,Duplicate Debit & Billing,User claims account was compromised before transaction.,High,IN_PROGRESS,Chatbot,True
CBK0001485,TXN00000921,USR25087,MCH2266,Hotel & Lodging,2026-03-03 18:48:32,2026-03-08 00:00:00,,4.216296296296297,1585.45,False,Service & Delivery Failure,user claims account was compromised before transaction.,Low,CLOSED,Email,True
CBK0002550,TXN00001381,USR44152,MCH1993,Telecom,,2026-03-09 00:00:00,,,1001.43,False,Duplicate Debit & Billing,User claims account was compromised before transaction.,Low,IN_PROGRESS,Ivr,True
CBK0001475,TXN00017932,USR30591,MCH4204,Pharmacy,2026-01-28 00:00:00,,2026-02-23 12:38:55,,4452.54,False,Service & Delivery Failure,Suspicious high-value payment disputed by customer. details missing,Critical,IN_PROGRESS,Branch,True
CBK0000033,TXN00009708,USR97772,MCH5076,Restaurant,2026-01-18 00:00:00,2026-01-24 11:33:49,2026-02-18 00:00:00,6.481817129629629,3007.22,False,Duplicate Debit & Billing,merchant service was not delivered after payment.,High,REJECTED,Ivr,True
CBK0001804,TXN00008462,USR37261,MCH2030,Pharmacy,2026-03-04 19:34:51,2026-03-06 00:00:00,2026-03-11 01:34:51,1.1841319444444445,-884.33,False,Fraud & Account Takeover,Customer says amount was debited twice.,Low,REJECTED,Email,True
CBK0000724,TXN00001310,USR27947,MCH2065,Grocery,2026-02-13 06:58:57,2026-02-16 00:00:00,2026-02-17 00:00:00,2.7090625,2026.3,False,Fraud & Account Takeover,Merchant service was not delivered after payment.,Low,IN_PROGRESS,Branch,True
CBK0002240,TXN00000019,USR40246,MCH4062,Miscellaneous Retail,2026-02-26 00:00:00,2026-03-01 01:49:00,2026-03-08 01:49:15,3.0756944444444443,377.11,False,Fraud & Account Takeover,Customer says amount was debited twice.,High,IN_PROGRESS,Chatbot,True
CBK0001379,TXN00010182,USR52335,MCH5954,Transportation,2026-03-31 00:00:00,2026-04-02 00:00:00,2026-04-26 00:00:00,2.0,1252.47,False,Fraud & Account Takeover,User says UPI PIN was not entered by them.,Low,CLOSED,Branch,True
CBK0000668,TXN00011231,USR61576,MCH7063,Grocery,2026-03-19 00:00:00,2026-03-15 00:00:00,2026-04-03 00:00:00,-4.0,4533.6,False,Fraud & Account Takeover,User reports money deducted but merchant denies receiving payment. details missing,Medium,IN_PROGRESS,Ivr,True
CBK0000799,TXN00012446,USR75853,MCH2771,Miscellaneous Retail,2026-02-02 22:34:00,2026-02-03 21:34:00,,0.9583333333333334,1105.07,False,Fraud & Account Takeover,Customer says transaction was not authorized.,Medium,REJECTED,Ivr,True
CBK0000762,TXN00003810,USR65062,MCH5911,Hotel & Lodging,2026-01-23 00:00:00,2026-01-25 00:00:00,2026-02-12 00:00:00,2.0,861.41,False,Service & Delivery Failure,User reports money deducted but merchant denies receiving payment.,Medium,IN_PROGRESS,Ivr,True
CBK0002241,TXN00009947,USR75572,MCH3262,Hotel & Lodging,2026-01-01 00:00:00,2026-01-03 00:00:00,2026-01-07 00:00:00,2.0,8278.87,True,Fraud & Account Takeover,Merchant service was not delivered after payment. pls check asap,High,IN_PROGRESS,Branch,True
CBK0000120,TXN00005470,USR35882,MCH5805,Grocery,2026-03-24 00:00:00,2026-03-25 00:00:00,,1.0,881.56,False,Customer General Dispute,COMPLAINT RECEIVED AFTER MULTIPLE FAILED ATTEMPTS.,Medium,IN_PROGRESS,Chatbot,True
CBK0001486,TXN00012555,USR32962,MCH5076,Grocery,2026-01-08 00:00:00,,2026-01-09 00:00:00,,2740.59,False,Customer General Dispute,USER SAYS UPI PIN WAS NOT ENTERED BY THEM.,Low,IN_PROGRESS,Ivr,True
CBK0000278,TXN00018188,USR33934,MCH1639,Restaurant,2026-01-03 00:00:00,2026-01-05 00:00:00,2026-02-03 00:00:00,2.0,609.57,False,Customer General Dispute,Payment made to unknown merchant as per customer statement.,Critical,IN_PROGRESS,Branch,True
CBK0001433,TXN00011103,USR93242,MCH9047,Transportation,2026-01-02 23:19:14,2026-02-02 00:00:00,2026-02-25 04:19:00,30.028310185185184,5968.43,False,Duplicate Debit & Billing,Suspicious high-value payment disputed by cust.,Low,RESOLVED,Branch,True
CBK0000423,TXN00012405,USR33721,MCH8247,Hotel & Lodging,2026-01-26 21:04:00,2026-02-11 00:00:00,2026-03-12 00:00:00,15.122222222222222,1837.0,False,Duplicate Debit & Billing,User claims account was compromised before transaction.,Medium,REJECTED,Branch,True
CBK0001435,TXN00004594,USR40538,MCH1070,Hotel & Lodging,2026-01-16 00:00:00,2026-01-16 21:36:00,2026-02-02 00:00:00,0.9,262.38,False,Fraud & Account Takeover,MERCHANT SERVICE WAS NOT DELIVERED AFTER PAYMENT.,Low,IN_PROGRESS,Ivr,True
CBK0001616,TXN00009207,USR49823,MCH8953,Grocery,2026-02-04 00:00:00,2026-02-06 00:00:00,,2.0,4915.0,False,Duplicate Debit & Billing,Suspicious high-value payment disputed by customer.,High,IN_PROGRESS,Chatbot,True
CBK0001552,TXN00014793,USR10598,MCH1855,Miscellaneous Retail,2026-01-21 18:47:00,2026-01-23 00:00:00,2026-02-02 00:00:00,1.2173611111111111,641.02,False,Service & Delivery Failure,USER CLAIMS ACCOUNT WAS COMPROMISED BEFORE TRANSACTION.,High,IN_PROGRESS,Chatbot,True
CBK0002116,TXN00018024,USR18423,MCH9655,Grocery,2026-02-26 02:31:01,2026-02-28 00:00:00,2026-03-21 21:31:01,1.895127314814815,23928.09,True,Service & Delivery Failure,user says upi pin was not entered by them.,Medium,CLOSED,Chatbot,True
CBK0001293,TXN00010530,USR99535,MCH4181,Hotel & Lodging,2026-03-21 18:14:15,2026-03-24 20:14:15,2026-04-21 00:00:00,3.0833333333333335,7652.76,False,Duplicate Debit & Billing,User claims account was compromised before transaction.,High,IN_PROGRESS,App,True
CBK0000110,TXN00005150,USR19275,MCH7578,Transportation,2026-01-03 00:00:00,2026-01-01 00:00:00,2026-01-20 18:56:14,-2.0,2477.97,False,Fraud & Account Takeover,Customer complaint text unclear due to poor call center notes.,Medium,REJECTED,Call Center,True
CBK0000851,TXN00015265,USR52830,MCH1188,Pharmacy,2026-02-01 00:00:00,2026-02-05 00:00:00,2026-02-18 00:00:00,4.0,9117.57,False,Fraud & Account Takeover,User says UPI PIN was not entered by them.,Medium,CLOSED,Ivr,True
CBK0000664,TXN00014659,USR74769,MCH9010,Grocery,2026-03-12 13:53:38,2026-03-15 22:53:00,2026-03-21 00:00:00,3.374560185185185,1093.6,False,Fraud & Account Takeover,suspicious high-value payment disputed by customer.,Critical,IN_PROGRESS,App,True
CBK0000737,TXN00008826,USR85122,MCH9786,Pharmacy,2026-01-14 00:00:00,2026-01-24 00:00:00,,10.0,1347.43,False,Fraud & Account Takeover,Complaint received after multiple failed attempts.,Low,IN_PROGRESS,Email,True
CBK0001284,TXN00000281,USR46321,MCH9422,Transportation,2026-01-10 00:00:00,,2026-02-11 00:00:00,,-1426.33,False,Service & Delivery Failure,User claims account was compromised before transaction.,High,REJECTED,Call Center,True
CBK0002010,TXN00008590,USR58106,MCH9878,Hotel & Lodging,2026-02-01 00:00:00,2026-02-06 00:00:00,2026-03-04 16:37:00,5.0,2830.0,False,Duplicate Debit & Billing,User claims account was compromised before transaction.,Medium,IN_PROGRESS,Email,True
CBK0002245,,USR77262,MCH9007,Miscellaneous Retail,,2026-03-13 07:52:00,,,279.0,False,Duplicate Debit & Billing,Payment made to unknown merchant as per cust statement.,Medium,IN_PROGRESS,Chatbot,False
CBK0002235,TXN00009348,USR81487,MCH6056,Pharmacy,2026-03-17 00:00:00,2026-05-01 00:00:00,,45.0,2309.36,False,Duplicate Debit & Billing,CUSTOMER SAYS AMOUNT WAS DEBITED TWICE.,Low,IN_PROGRESS,Chatbot,True
CBK0001762,TXN00011289,USR14871,MCH4080,Pharmacy,2026-02-19 00:00:00,2026-02-27 00:00:00,2026-03-22 04:25:49,8.0,1035.0,False,Service & Delivery Failure,User reports money deducted but merchant denies receiving payment.,High,IN_PROGRESS,Branch,True
CBK0001604,TXN00019626,USR38245,MCH7973,Grocery,2026-02-09 00:00:00,2026-02-13 00:00:00,,4.0,781.0,False,Fraud & Account Takeover,Suspicious high-value payment disputed by customer.,Medium,REJECTED,Email,True
CBK0002182,TXN00015499,USR22939,MCH5631,Restaurant,2026-03-11 06:34:26,2026-03-14 00:00:00,,2.726087962962963,1792.1,False,Service & Delivery Failure,Customer says transaction was not authorized.,Low,IN_PROGRESS,Ivr,True
CBK0000904,,USR46902,MCH9120,Hotel & Lodging,2026-03-24 00:00:00,2026-03-26 19:54:00,2026-04-10 19:54:00,2.8291666666666666,,False,Duplicate Debit & Billing,Suspicious high-value payment disputed by customer.,Low,IN_PROGRESS,Chatbot,False
CBK0002381,TXN00011829,USR54103,MCH7837,Grocery,,2026-01-19 00:00:00,2026-01-28 00:00:00,,4126.88,True,Fraud & Account Takeover,Customer says transaction was not authorized.,High,IN_PROGRESS,Call Center,True
CBK0000835,TXN00016557,USR82094,MCH3363,Hotel & Lodging,2026-03-20 00:00:00,2026-03-31 11:25:32,,11.476064814814816,3670.72,False,Fraud & Account Takeover,User claims account was compromised before transaction. pls check asap,Medium,IN_PROGRESS,Call Center,True
CBK0000403,TXN00014814,USR43455,MCH2055,Pharmacy,2026-02-14 16:05:00,,2026-03-07 11:05:00,,7081.78,False,Duplicate Debit & Billing,Payment made to unknown merchant as per customer statement.,Low,IN_PROGRESS,Call Center,True
CBK0000426,TXN00001222,USR40061,MCH7377,Restaurant,2026-01-13 00:00:00,2026-02-13 02:39:13,,31.11056712962963,10359.87,False,Service & Delivery Failure,User reports money deducted but merchant denies receiving payment.,Medium,IN_PROGRESS,Email,True
CBK0002539,TXN00001614,USR85040,MCH7599,Transportation,2026-02-02 01:33:00,2026-02-04 00:00:00,,1.9354166666666666,13495.0,False,Service & Delivery Failure,customer says amount was debited twice.,Low,IN_PROGRESS,Ivr,True
CBK0000672,TXN00094670,USR23466,MCH2383,Telecom,,2026-03-19 00:00:00,,,33780.71,False,Duplicate Debit & Billing,MERCHANT SERVICE WAS NOT DELIVERED AFTER PAYMENT.,Low,IN_PROGRESS,Email,False
CBK0000170,TXN00016286,USR62841,MCH6175,Pharmacy,2026-01-26 00:00:00,,,,800.41,False,Fraud & Account Takeover,customer says transaction was not authorized.,Medium,IN_PROGRESS,Ivr,True
CBK0000632,TXN00016316,USR44482,MCH7297,Miscellaneous Retail,2026-01-10 00:00:00,2026-01-13 00:00:00,2026-01-27 00:00:00,3.0,5742.0,False,Customer General Dispute,User says UPI PIN was not entered by them.,Low,RESOLVED,Call Center,True
CBK0002133,TXN00010760,USR68349,MCH2383,Grocery,,2026-01-17 03:43:00,2026-02-04 00:00:00,,1471.98,False,Customer General Dispute,Customer complaint text unclear due to poor call center notes.,Medium,IN_PROGRESS,Branch,True
CBK0001183,TXN00017897,USR88749,MCH7263,Grocery,2026-01-25 00:00:00,2026-01-27 22:56:59,2026-02-17 22:56:00,2.956238425925926,1234.0,False,Customer General Dispute,Customer complaint text unclear due to poor call center notes.,Medium,RESOLVED,Branch,True
CBK0000342,TXN00004782,USR30157,MCH5825,Miscellaneous Retail,2026-01-23 00:00:00,2026-01-26 00:00:00,2026-02-07 00:00:00,3.0,779.81,False,Customer General Dispute,Customer complaint text unclear due to poor call center notes.,Medium,REJECTED,Call Center,True
CBK0001451,TXN00003075,USR13134,MCH6033,Transportation,2026-01-19 00:00:00,2026-02-03 00:00:00,2026-02-12 00:00:00,15.0,2267.96,False,Duplicate Debit & Billing,User claims account was compromised before transaction.,Low,IN_PROGRESS,Email,True
CBK0002072,TXN00004967,USR42423,MCH8097,Hotel & Lodging,2026-02-21 04:46:00,2026-02-24 07:46:00,,3.125,-952.74,False,Duplicate Debit & Billing,Suspicious high-value payment disputed by customer.,Low,RESOLVED,Call Center,True
CBK0002486,TXN00007604,USR66432,MCH6076,Grocery,2026-02-14 20:40:00,2026-02-20 00:00:00,2026-03-22 18:40:38,5.138888888888889,440.35,False,Service & Delivery Failure,Merchant service was not delivered after payment.,Medium,IN_PROGRESS,Chatbot,True
CBK0001104,TXN00007230,USR60004,MCH8097,Grocery,2026-03-21 00:00:00,2026-03-22 00:00:00,,1.0,4334.18,False,Fraud & Account Takeover,Suspicious high-value payment disputed by customer.,Critical,RESOLVED,App,True
CBK0000824,TXN00078658,USR57147,MCH4226,Miscellaneous Retail,2026-02-18 00:00:00,2026-03-01 00:00:00,2026-03-25 00:00:00,11.0,2283.69,False,Duplicate Debit & Billing,User says UPI PIN was not entered by them.,Critical,CLOSED,Ivr,False
CBK0000049,TXN00009231,USR41135,MCH3165,Transportation,2026-03-11 00:00:00,,2026-04-18 00:00:00,,669.96,False,Fraud & Account Takeover,Customer complaint text unclear due to poor call center notes.,Low,IN_PROGRESS,Branch,True
CBK0000576,TXN00019045,USR84127,MCH4763,Pharmacy,2026-02-13 00:00:00,2026-02-16 00:00:00,2026-02-21 00:00:00,3.0,4841.06,False,Fraud & Account Takeover,customer complaint text unclear due to poor call center notes.,Medium,IN_PROGRESS,Branch,True
CBK0001936,TXN00016714,USR63167,MCH9457,Hotel & Lodging,2026-01-09 00:00:00,2026-01-12 00:00:00,2026-02-07 00:00:00,3.0,22904.61,True,Customer General Dispute,suspicious high-value payment disputed by customer.,Medium,IN_PROGRESS,Ivr,True
CBK0000103,TXN00008797,USR69455,MCH2902,Pharmacy,2026-03-29 03:22:50,2026-03-31 00:00:00,2026-04-02 00:00:00,1.8591435185185186,980.58,False,Fraud & Account Takeover,User says UPI PIN was not entered by them.,Medium,IN_PROGRESS,Ivr,True
CBK0001724,TXN00001257,USR18577,MCH5237,Grocery,2026-02-06 00:00:00,2026-02-07 03:04:41,2026-03-01 00:00:00,1.128252314814815,2576.33,False,Fraud & Account Takeover,customer says transaction was not authorized.,Low,CLOSED,Ivr,True
CBK0000243,TXN00006922,USR46902,MCH2461,Pharmacy,2026-02-13 00:00:00,2026-02-15 00:00:00,2026-02-17 00:00:00,2.0,-1272.25,False,Fraud & Account Takeover,User claims account was compromised before transaction.,Low,CLOSED,App,True
CBK0000515,TXN00005131,USR30157,MCH8694,Transportation,,2026-02-09 07:20:00,,,9968.68,False,Customer General Dispute,Payment made to unknown merchant as per customer statement.,Medium,IN_PROGRESS,Chatbot,True
CBK0002691,TXN00002791,USR22598,MCH2822,Grocery,2026-01-27 20:56:14,2026-02-11 00:00:00,2026-02-23 20:56:14,14.12761574074074,15201.89,False,Service & Delivery Failure,Customer says transaction was not authorized.,Critical,IN_PROGRESS,Ivr,True
CBK0001254,TXN00015085,USR72505,MCH4244,Transportation,2026-03-23 07:03:00,2026-03-26 22:03:00,,3.625,3569.92,False,Duplicate Debit & Billing,COMPLAINT RECEIVED AFTER MULTIPLE FAILED ATTEMPTS.,Low,IN_PROGRESS,Branch,True
CBK0002569,TXN00012026,USR10288,MCH8779,Restaurant,2026-01-12 00:00:00,,2026-01-25 00:00:00,,4655.0,False,Fraud & Account Takeover,Payment made to unknown merchant as per customer statement.,Low,REJECTED,App,True
CBK0000912,TXN00017717,USR72474,MCH8508,Grocery,2026-02-19 00:00:00,2026-02-21 00:00:00,2026-03-11 00:00:00,2.0,24414.54,False,Fraud & Account Takeover,Complaint received after multiple failed attempts.,Low,IN_PROGRESS,Email,True
CBK0000379,TXN00005013,USR11871,MCH1785,Grocery,2026-02-09 22:37:06,2026-02-12 17:37:06,2026-03-10 00:00:00,2.7916666666666665,1946.17,False,Duplicate Debit & Billing,User claims account was compromised before transaction.,Low,IN_PROGRESS,App,True
CBK0000529,TXN00016687,USR79572,MCH6500,Grocery,2026-01-10 12:15:27,2026-01-11 00:00:00,,0.4892708333333333,15660.34,False,Service & Delivery Failure,User reports money deducted but merchant denies receiving payment.,Medium,CLOSED,Ivr,True
CBK0001805,TXN00007244,USR76141,MCH3777,Pharmacy,2026-03-25 00:00:00,2026-03-27 22:50:39,2026-04-19 00:00:00,2.951840277777778,3040.89,False,Fraud & Account Takeover,User claims account was compromised before transaction.,High,IN_PROGRESS,Chatbot,True
CBK0000881,TXN00009647,USR95891,MCH5076,Grocery,2026-03-28 00:00:00,2026-04-01 00:00:00,2026-04-03 01:09:00,4.0,19562.07,True,Service & Delivery Failure,User reports money deducted but merchant denies receiving payment.,Medium,IN_PROGRESS,Ivr,True
CBK0001009,TXN00016326,USR34963,MCH9568,Transportation,2026-03-13 00:00:00,2026-03-15 00:00:00,2026-04-12 00:00:00,2.0,905.23,False,Duplicate Debit & Billing,user claims account was compromised before transaction.,Low,IN_PROGRESS,Chatbot,True
CBK0002707,TXN00010218,USR11076,MCH7833,Transportation,,2026-01-30 06:18:41,2026-03-01 06:18:00,,694.0,False,Service & Delivery Failure,user reports money deducted but merchant denies receiving payment.,Medium,CLOSED,Branch,True
CBK0001445,TXN00003088,USR27045,MCH4407,Pharmacy,2026-01-13 00:00:00,2026-01-16 00:00:00,2026-02-10 00:00:00,3.0,1019.25,False,Fraud & Account Takeover,User says UPI PIN was not entered by them.,Medium,IN_PROGRESS,App,True
CBK0001702,TXN00003610,USR66677,MCH8953,Grocery,2026-01-30 00:00:00,2026-02-03 00:00:00,2026-02-04 00:00:00,4.0,6753.79,False,Duplicate Debit & Billing,MERCHANT SERVICE WAS NOT DELIVERED AFTER PAYMENT.,Low,CLOSED,Ivr,True
CBK0002518,TXN00001703,USR36969,MCH3491,Pharmacy,2026-03-13 00:00:00,2026-03-19 00:00:00,,6.0,1926.45,False,Service & Delivery Failure,User reports money deducted but merchant denies receiving payment.,Medium,IN_PROGRESS,Email,True
CBK0001694,TXN00051122,USR46938,MCH9841,Miscellaneous Retail,2026-03-02 00:00:00,2026-03-18 00:00:00,2026-03-25 00:00:00,16.0,348.47,False,Duplicate Debit & Billing,Customer says amount was debited twice.,Low,REJECTED,Email,False
CBK0000043,TXN00015200,USR15181,MCH4051,Miscellaneous Retail,2026-02-12 05:01:35,2026-02-15 00:00:00,2026-03-08 00:00:00,2.7905671296296295,13578.32,True,Duplicate Debit & Billing,complaint received after multiple failed attempts.,Low,RESOLVED,Ivr,True
CBK0002493,TXN00014670,USR79511,MCH9179,Grocery,2026-03-13 00:00:00,2026-03-19 00:00:00,2026-04-17 00:00:00,6.0,1969.23,False,Fraud & Account Takeover,Merchant service was not delivered after payment.,Medium,IN_PROGRESS,Ivr,True
CBK0002402,TXN00015883,USR71704,MCH9745,Miscellaneous Retail,2026-01-08 00:00:00,2026-01-19 00:00:00,,11.0,2183.47,False,Service & Delivery Failure,Suspicious high-value payment disputed by customer.,Medium,CLOSED,Call Center,True
CBK0000530,TXN00013623,USR83977,MCH7491,Grocery,2026-03-23 13:39:00,2026-03-25 00:00:00,2026-04-01 00:00:00,1.43125,5881.5,False,Duplicate Debit & Billing,Customer complaint text unclear due to poor call center notes.,High,REJECTED,Chatbot,True
CBK0001362,TXN00003264,USR32927,MCH3566,Grocery,2026-02-25 05:34:00,2026-02-28 00:00:00,2026-03-11 00:34:58,2.7680555555555557,1771.56,False,Service & Delivery Failure,User says UPI PIN was not entered by them.,High,IN_PROGRESS,Email,True
CBK0000844,TXN00012434,USR60718,MCH5451,Transportation,,2026-02-26 16:33:00,2026-03-09 00:00:00,,2898.89,False,Service & Delivery Failure,Customer says transaction was not authorized.,Medium,REJECTED,Chatbot,True
CBK0000560,,USR33142,MCH4991,Miscellaneous Retail,2026-03-07 20:06:00,2026-03-08 00:00:00,2026-03-11 00:00:00,0.1625,3235.8,False,Fraud & Account Takeover,Payment made to unknown merchant as per customer statement.,High,RESOLVED,Chatbot,False
CBK0001906,TXN00005849,USR68355,MCH6716,Miscellaneous Retail,2026-03-31 00:00:00,2026-04-02 04:29:55,2026-04-12 00:00:00,2.1874421296296296,-2213.96,False,Duplicate Debit & Billing,customer says amount was debited twice.,Medium,RESOLVED,Call Center,True
CBK0001073,TXN00004089,USR33934,MCH1529,Transportation,2026-01-25 00:00:00,2026-01-30 16:41:27,2026-02-12 00:00:00,5.6954513888888885,493.48,False,Customer General Dispute,Merchant service was not delivered after payment.,Low,RESOLVED,Call Center,True
CBK0000917,TXN00010215,USR71348,MCH2938,Hotel & Lodging,2026-01-22 00:00:00,2026-02-01 23:51:18,2026-02-28 00:00:00,10.993958333333333,6899.7,False,Service & Delivery Failure,User says UPI PIN was not entered by them.,Medium,IN_PROGRESS,Chatbot,True
CBK0001579,TXN00013935,USR67399,MCH5294,Pharmacy,2026-01-30 00:00:00,,2026-02-23 00:00:00,,1513.85,False,Duplicate Debit & Billing,User reports money deducted but merchant denies receiving payment.,Low,IN_PROGRESS,App,True
CBK0001324,TXN00002901,USR43702,MCH2167,Grocery,2026-03-19 00:00:00,2026-03-29 00:00:00,,10.0,668.0,False,Fraud & Account Takeover,Suspicious high-value payment disputed by customer.,Medium,IN_PROGRESS,Chatbot,True
CBK0001788,TXN00016160,USR74134,MCH4181,Miscellaneous Retail,2026-01-25 00:00:00,2026-02-05 04:45:43,2026-02-11 04:45:00,11.198414351851852,604.17,False,Duplicate Debit & Billing,User says UPI PIN was not entered by them.,Medium,CLOSED,Ivr,True
CBK0000717,TXN00011204,USR82688,MCH4181,Grocery,2026-03-04 00:00:00,,2026-03-19 06:54:31,,18885.92,True,Service & Delivery Failure,Customer says transaction was not authorized.,High,REJECTED,App,True
CBK0002271,TXN00012860,USR27755,MCH6850,Miscellaneous Retail,2026-01-27 00:00:00,2026-01-30 23:27:37,2026-02-10 23:27:37,3.977511574074074,4626.0,False,Fraud & Account Takeover,User reports money deducted but merchant denies receiving payment.,Low,IN_PROGRESS,App,True
CBK0002524,TXN00010461,USR72734,MCH2390,Restaurant,2026-03-14 02:52:00,,,,300.44,False,Duplicate Debit & Billing,Suspicious high-value payment disputed by customer.,Low,IN_PROGRESS,Ivr,True
CBK0000268,TXN00000069,USR16371,MCH5588,Transportation,2026-03-21 00:00:00,2026-03-20 00:00:00,2026-03-20 10:09:00,-1.0,985.19,False,Duplicate Debit & Billing,Merchant service was not delivered after payment.,Critical,IN_PROGRESS,Email,True
CBK0000025,TXN00018011,USR73468,MCH3488,Grocery,2026-01-18 21:37:05,2026-01-20 00:00:00,2026-02-12 00:00:00,1.0992476851851851,376.33,False,Customer General Dispute,COMPLAINT RECEIVED AFTER MULTIPLE FAILED ATTEMPTS.,High,REJECTED,Ivr,True
CBK0002252,TXN00018705,USR30837,MCH4857,Pharmacy,2026-02-13 09:40:00,2026-02-18 00:00:00,2026-02-19 00:00:00,4.597222222222222,325.69,False,Customer General Dispute,Customer says amount was debited twice.,Low,IN_PROGRESS,Email,True
CBK0001230,TXN00015088,USR49696,MCH6914,Transportation,2026-01-10 11:58:51,2026-01-18 00:00:00,2026-02-05 00:00:00,7.500798611111111,590.13,False,Service & Delivery Failure,user reports money deducted but merchant denies receiving payment.,Low,RESOLVED,Call Center,True
CBK0000725,TXN00001816,USR77595,MCH4624,Pharmacy,2026-02-03 00:00:00,2026-02-05 00:11:27,2026-02-15 00:00:00,2.007951388888889,506.82,False,Fraud & Account Takeover,Customer says transaction was not authorized.,High,RESOLVED,Chatbot,True
CBK0000871,TXN00014130,USR50013,MCH3815,Transportation,2026-02-24 14:55:00,2026-03-02 00:00:00,2026-03-04 00:00:00,5.378472222222222,6351.69,False,Fraud & Account Takeover,Customer says transaction was not authorized.,Medium,IN_PROGRESS,Chatbot,True
CBK0001638,TXN00016806,USR90476,MCH2266,Restaurant,2026-01-23 00:00:00,2026-01-23 08:43:25,2026-02-11 00:00:00,0.3634837962962963,754.9,False,Service & Delivery Failure,Suspicious high-value payment disputed by customer.,Medium,CLOSED,Call Center,True
CBK0001862,TXN00015119,USR29393,MCH2677,Restaurant,2026-01-29 00:00:00,,2026-02-25 00:00:00,,2069.0,False,Service & Delivery Failure,Customer says transaction was not authorized.,Low,REJECTED,Chatbot,True
CBK0000953,TXN00011579,USR13025,MCH7570,Pharmacy,2026-03-02 00:00:00,2026-03-18 00:00:00,2026-04-13 00:00:00,16.0,4186.0,False,Service & Delivery Failure,User claims account was compromised before transaction.,Critical,CLOSED,Chatbot,True
CBK0001597,TXN00014374,USR80134,MCH4854,Books & Stationery,2026-02-06 00:00:00,2026-02-06 00:00:00,,0.0,1445.01,False,Fraud & Account Takeover,Complaint received after multiple failed attempts.,Low,RESOLVED,Branch,True
CBK0000870,TXN00013994,USR44954,MCH7833,Transportation,,2026-02-11 00:00:00,2026-02-25 02:46:35,,522.4,False,Duplicate Debit & Billing,User says UPI PIN was not entered by them.,Medium,REJECTED,Ivr,True
CBK0000954,TXN00009961,USR59679,MCH7079,Pharmacy,2026-03-14 09:02:40,2026-03-16 00:00:00,2026-04-12 00:00:00,1.6231481481481482,983.39,False,Customer General Dispute,Merchant service was not delivered after payment.,Low,IN_PROGRESS,Ivr,True
CBK0001048,TXN00006989,USR32480,MCH4181,Grocery,2026-03-31 00:00:00,2026-04-02 00:00:00,2026-04-27 00:00:00,2.0,1796.19,False,Fraud & Account Takeover,Suspicious high-value payment disputed by customer.,Medium,IN_PROGRESS,Ivr,True
CBK0001910,TXN00015728,USR83310,MCH3536,Hotel & Lodging,2026-01-24 00:00:00,2026-01-28 00:00:00,2026-02-06 18:00:46,4.0,791.9,False,Fraud & Account Takeover,Customer complaint text unclear due to poor call center notes.,Low,REJECTED,Email,True
CBK0000098,TXN00003777,USR36855,MCH7866,Pharmacy,2026-01-12 00:00:00,2026-01-14 00:00:00,2026-01-17 20:23:00,2.0,177.16,False,Service & Delivery Failure,Customer complaint text unclear due to poor call center notes.,Medium,IN_PROGRESS,App,True
CBK0002471,TXN00004346,USR67181,MCH1914,Grocery,2026-01-27 00:00:00,2026-02-02 03:10:00,,6.131944444444445,2582.05,False,Fraud & Account Takeover,Suspicious high-value payment disputed by customer.,Low,REJECTED,Call Center,True
CBK0002636,TXN00019539,USR51854,MCH1037,Telecom,2026-03-10 00:00:00,2026-03-12 00:00:00,,2.0,671.14,False,Customer General Dispute,Complaint received after multiple failed attempts.,Low,IN_PROGRESS,Branch,True
CBK0001913,TXN00010478,USR46902,MCH9912,Restaurant,2026-03-16 00:00:00,2026-03-13 00:00:00,2026-03-31 00:00:00,-3.0,2872.74,False,Fraud & Account Takeover,suspicious high-value payment disputed by customer.,Medium,IN_PROGRESS,Email,True
CBK0001514,TXN00017992,USR36766,MCH3815,Transportation,2026-02-12 00:00:00,,2026-02-25 00:00:00,,1134.77,False,Duplicate Debit & Billing,Customer says amount was debited twice.,Low,REJECTED,Chatbot,True
CBK0000255,TXN00008054,USR91954,MCH2417,Transportation,2026-03-22 00:00:00,2026-03-24 11:29:00,2026-04-07 00:00:00,2.4784722222222224,472.22,False,Duplicate Debit & Billing,suspicious high-value payment disputed by customer.,High,REJECTED,Branch,True
CBK0000802,TXN00019956,USR41434,MCH1767,Transportation,2026-03-06 00:28:00,2026-03-09 00:00:00,,2.9805555555555556,503.49,False,Service & Delivery Failure,User claims account was compromised before transaction.,Low,IN_PROGRESS,Ivr,True
CBK0001917,TXN00019782,USR15741,MCH5222,Hotel & Lodging,2026-01-26 00:00:00,2026-01-28 00:00:00,2026-02-19 00:43:29,2.0,2150.18,False,Service & Delivery Failure,Customer says amount was debited twice.,High,REJECTED,Ivr,True
CBK0002006,TXN00008821,USR51720,MCH8701,Transportation,2026-02-21 00:00:00,2026-03-24 00:00:00,2026-04-04 00:00:00,31.0,2136.49,False,Fraud & Account Takeover,complaint received after multiple failed attempts.,Low,IN_PROGRESS,Branch,True
CBK0002151,TXN00009818,USR97580,MCH2800,Pharmacy,2026-01-16 07:14:35,2026-01-17 00:00:00,,0.6982060185185185,2614.31,False,Fraud & Account Takeover,User claims account was compromised before transaction. NA,Medium,IN_PROGRESS,Chatbot,True
CBK0002043,TXN00009451,USR14683,MCH5344,Hotel & Lodging,2026-02-26 19:22:00,2026-03-06 01:22:00,,7.25,3711.97,False,Customer General Dispute,CUSTOMER SAYS TRANSACTION WAS NOT AUTHORIZED.,Medium,IN_PROGRESS,Chatbot,True
CBK0001861,TXN00008377,USR29849,MCH5427,Miscellaneous Retail,,,2026-03-31 00:00:00,,1274.95,False,Fraud & Account Takeover,Payment made to unknown merchant as per customer statement.,Medium,IN_PROGRESS,Ivr,True
CBK0002295,TXN00011080,USR86500,MCH1485,Grocery,2026-03-27 00:15:00,2026-03-28 00:00:00,2026-04-25 13:15:25,0.9895833333333334,3444.75,False,Service & Delivery Failure,Merchant service was not delivered after payment.,Medium,RESOLVED,Chatbot,True
CBK0001901,TXN00014122,USR98061,MCH7055,Pharmacy,2026-02-28 00:00:00,2026-03-15 16:03:17,2026-04-11 16:03:17,15.66894675925926,440.57,False,Customer General Dispute,CUSTOMER SAYS TRANSACTION WAS NOT AUTHORIZED.,Medium,RESOLVED,Call Center,True
CBK0000699,TXN00035789,USR17657,MCH1670,Miscellaneous Retail,2026-03-06 00:00:00,2026-03-08 00:00:00,,2.0,1813.99,False,Duplicate Debit & Billing,Suspicious high-value payment disputed by customer.,Low,RESOLVED,Chatbot,False
CBK0000405,TXN00010731,USR66391,MCH4181,Hotel & Lodging,2026-02-26 18:04:00,2026-02-28 00:00:00,,1.2472222222222222,1916.0,False,Fraud & Account Takeover,User reports money deducted but merchant denies receiving payment.,Low,RESOLVED,Chatbot,True
CBK0001374,TXN00085698,USR29467,MCH4473,Miscellaneous Retail,2026-01-20 20:07:30,2026-01-23 03:07:30,2026-02-15 00:00:00,2.2916666666666665,551.1,False,Customer General Dispute,complaint received after multiple failed attempts.,High,IN_PROGRESS,Ivr,False
CBK0000143,TXN00059408,USR34207,MCH9423,Hotel & Lodging,2026-03-20 00:00:00,2026-03-25 00:00:00,2026-04-20 00:00:00,5.0,8028.0,False,Fraud & Account Takeover,Suspicious high-value payment disputed by cust.,High,IN_PROGRESS,App,False
CBK0002488,TXN00002926,USR83342,MCH8398,Transportation,2026-02-17 14:21:10,2026-02-20 00:00:00,2026-03-15 11:21:00,2.4019675925925927,407.36,False,Fraud & Account Takeover,Payment made to unknown merchant as per customer statement.,Critical,CLOSED,Branch,True
CBK0002319,TXN00011383,USR79596,MCH3966,Hotel & Lodging,2026-03-22 00:00:00,2026-03-23 09:22:00,2026-04-13 09:22:44,1.3902777777777777,1933.11,False,Duplicate Debit & Billing,USER REPORTS MONEY DEDUCTED BUT MERCHANT DENIES RECEIVING PAYMENT.,Medium,CLOSED,Branch,True
CBK0002720,TXN00010672,USR87829,MCH9344,Hotel & Lodging,2026-02-12 21:52:01,2026-02-14 00:00:00,2026-02-18 17:52:00,1.0888773148148148,2072.0,False,Service & Delivery Failure,Customer complaint text unclear due to poor call center notes.,Medium,CLOSED,Chatbot,True
CBK0000144,TXN00006125,USR91671,MCH4943,Grocery,2026-03-06 23:07:46,2026-03-12 00:00:00,2026-04-08 00:00:00,5.036273148148148,2573.59,False,Service & Delivery Failure,Merchant service was not delivered after payment. pls check asap,High,CLOSED,Chatbot,True
CBK0002039,TXN00005346,USR68277,MCH2065,Grocery,2026-01-25 00:00:00,2026-01-27 02:10:02,,2.0903009259259258,-5067.95,False,Fraud & Account Takeover,Complaint received after multiple failed attempts.,Medium,IN_PROGRESS,Chatbot,True
CBK0002476,TXN00056546,USR63172,MCH4667,Restaurant,2026-03-11 00:00:00,2026-03-14 00:00:00,2026-03-22 00:00:00,3.0,,False,Duplicate Debit & Billing,User says UPI PIN was not entered by them.,Medium,IN_PROGRESS,Ivr,False
CBK0000649,TXN00019659,USR74992,MCH8779,Grocery,2026-03-04 00:00:00,2026-03-10 00:00:00,2026-03-19 13:25:24,6.0,2545.52,False,Service & Delivery Failure,Payment made to unknown merchant as per cust statement.,Medium,CLOSED,Ivr,True
CBK0001419,TXN00003304,USR91108,MCH2574,Department Store,2026-01-07 00:00:00,2026-01-11 00:00:00,2026-02-06 00:00:00,4.0,6448.11,False,Fraud & Account Takeover,Payment made to unknown merchant as per cust statement.,Medium,CLOSED,Branch,True
CBK0000680,TXN00006440,USR32302,MCH2383,Transportation,2026-03-11 00:00:00,2026-03-16 23:47:02,2026-03-17 00:00:00,5.990995370370371,6058.0,False,Duplicate Debit & Billing,Payment made to unknown merchant as per customer statement.,Low,IN_PROGRESS,App,True
CBK0001400,TXN00013909,USR85655,MCH5170,Transportation,2026-03-14 09:46:00,2026-03-14 13:46:00,,0.16666666666666666,836.05,False,Fraud & Account Takeover,Merchant service was not delivered after payment.,Critical,REJECTED,Call Center,True
CBK0002631,TXN00010422,USR63280,MCH9480,Transportation,2026-03-21 00:00:00,2026-03-16 00:00:00,2026-04-15 00:00:00,-5.0,2144.03,False,Fraud & Account Takeover,Payment made to unknown merchant as per customer statement.,Medium,REJECTED,Ivr,True
CBK0000134,TXN00007757,USR87362,MCH3332,Hotel & Lodging,2026-03-19 00:00:00,2026-03-24 00:00:00,2026-04-15 22:34:56,5.0,-2328.13,False,Service & Delivery Failure,Suspicious high-value payment disputed by customer.,High,IN_PROGRESS,Branch,True
CBK0002742,TXN00015781,USR70003,MCH5954,Pharmacy,2026-02-10 00:00:00,2026-02-20 00:00:00,2026-03-15 04:14:07,10.0,3126.09,False,Fraud & Account Takeover,User says UPI PIN was not entered by them.,Medium,IN_PROGRESS,App,True
CBK0001184,TXN00010902,USR62254,MCH4226,Apparel,2026-03-03 00:00:00,2026-03-06 03:53:28,2026-04-01 00:00:00,3.1621296296296295,3801.16,False,Customer General Dispute,Complaint received after multiple failed attempts.,Medium,REJECTED,App,True
CBK0002704,TXN00013438,USR19231,MCH9625,Hotel & Lodging,2026-01-05 00:00:00,2026-01-05 00:00:00,2026-01-15 00:00:00,0.0,532.41,False,Fraud & Account Takeover,Customer complaint text unclear due to poor call center notes.,Medium,CLOSED,Chatbot,True
CBK0001780,TXN00012392,USR78095,MCH8798,Grocery,2026-03-19 09:14:00,2026-03-22 00:00:00,,2.6152777777777776,687.06,False,Fraud & Account Takeover,Customer says amount was debited twice.,Medium,IN_PROGRESS,Email,True
CBK0001081,TXN00019947,USR35882,MCH7833,Transportation,2026-01-05 00:00:00,2026-01-07 00:00:00,,2.0,3167.22,False,Fraud & Account Takeover,Customer says transaction was not authorized.,Medium,IN_PROGRESS,Email,True
CBK0001043,TXN00017300,USR36485,MCH4326,Grocery,2026-02-14 17:44:04,2026-02-16 00:00:00,,1.261064814814815,2554.87,False,Duplicate Debit & Billing,User says UPI PIN was not entered by them.,High,IN_PROGRESS,Branch,True
CBK0001417,TXN00014359,USR93454,MCH6178,Miscellaneous Retail,2026-02-23 20:16:08,2026-03-02 00:00:00,2026-03-06 00:00:00,6.155462962962963,3642.0,False,Fraud & Account Takeover,Payment made to unknown merchant as per customer statement.,Low,CLOSED,Chatbot,True
CBK0001565,TXN00019006,USR76917,MCH2053,Restaurant,2026-03-20 00:00:00,2026-03-17 00:00:00,,-3.0,11125.63,True,Service & Delivery Failure,customer says transaction was not authorized.,Medium,REJECTED,Ivr,True
CBK0000830,TXN00007939,USR55355,MCH2375,Restaurant,2026-01-13 00:00:00,,2026-01-24 00:00:00,,976.66,False,Service & Delivery Failure,Customer says amount was debited twice.,Medium,IN_PROGRESS,Branch,True
CBK0002595,TXN00006136,USR28582,MCH5118,Grocery,,2026-02-14 00:00:00,2026-03-14 00:00:00,,3785.87,False,Service & Delivery Failure,Merchant service was not delivered after payment.,Low,IN_PROGRESS,Ivr,True
CBK0000253,TXN00009329,USR58076,MCH4388,Hotel & Lodging,2026-02-01 00:00:00,2026-02-02 00:00:00,2026-02-25 00:00:00,1.0,648.33,False,Duplicate Debit & Billing,payment made to unknown merchant as per customer statement.,Critical,CLOSED,App,True
CBK0001279,TXN00042287,USR83181,MCH2757,Apparel,2026-02-24 00:00:00,2026-02-27 00:00:00,2026-03-12 00:00:00,3.0,1318.76,False,Fraud & Account Takeover,User reports money deducted but merchant denies receiving payment.,Medium,REJECTED,App,False
CBK0001955,TXN00018686,USR46407,MCH5510,Restaurant,2026-01-11 17:40:36,2026-01-17 00:00:00,2026-01-30 00:00:00,5.263472222222222,530.01,False,Fraud & Account Takeover,Customer says transaction was not authorized.,Medium,IN_PROGRESS,Chatbot,True
CBK0000119,TXN00079001,USR68410,MCH1820,Miscellaneous Retail,2026-03-13 00:00:00,2026-03-15 00:00:00,,2.0,5620.82,False,Service & Delivery Failure,User reports money deducted but merchant denies receiving payment.,Low,RESOLVED,Chatbot,False
CBK0002049,TXN00047225,USR73797,MCH2065,Miscellaneous Retail,2026-02-04 00:00:00,2026-02-05 20:41:10,,1.8619212962962963,,False,Duplicate Debit & Billing,User says UPI PIN was not entered by them.,Low,IN_PROGRESS,Chatbot,False
CBK0001489,TXN00014835,USR25333,MCH5151,Pharmacy,2026-02-25 00:00:00,2026-02-28 08:34:00,,3.3569444444444443,2565.94,False,Fraud & Account Takeover,Customer says amount was debited twice.,Medium,IN_PROGRESS,Ivr,True
CBK0002698,TXN00019768,USR65106,MCH2472,Grocery,2026-03-29 00:00:00,2026-03-31 00:00:00,2026-04-23 16:54:00,2.0,537.48,False,Fraud & Account Takeover,User claims account was compromised before transaction.,High,RESOLVED,Branch,True
CBK0002529,TXN00012156,USR45756,MCH6446,Grocery,2026-02-04 00:00:00,2026-02-09 14:09:00,,5.589583333333334,-1477.28,False,Customer General Dispute,Complaint received after multiple failed attempts.,Medium,REJECTED,Chatbot,True
CBK0001652,TXN00018423,USR89267,MCH7879,Grocery,2026-02-03 00:00:00,2026-02-08 16:45:00,2026-02-20 00:00:00,5.697916666666667,1074.0,False,Service & Delivery Failure,User reports money deducted but merchant denies receiving payment.,High,IN_PROGRESS,Ivr,True
CBK0001924,TXN00005199,USR42019,MCH3162,Hotel & Lodging,2026-01-09 08:32:40,2026-01-11 00:00:00,2026-01-12 21:32:00,1.6439814814814815,2351.11,False,Fraud & Account Takeover,payment made to unknown merchant as per customer statement.,Low,RESOLVED,Ivr,True
CBK0001178,TXN00014094,USR27804,MCH3932,Books & Stationery,2026-02-27 01:30:01,,2026-03-20 12:30:01,,-2999.91,False,Duplicate Debit & Billing,merchant service was not delivered after payment.,Medium,IN_PROGRESS,Chatbot,True
CBK0002203,TXN00005966,USR98685,MCH9257,Restaurant,2026-02-22 00:00:00,2026-02-27 10:29:49,2026-03-29 00:00:00,5.437372685185185,8500.66,False,Fraud & Account Takeover,Customer says transaction was not authorized. details missing,Medium,RESOLVED,Email,True
CBK0001473,TXN00001160,USR20984,MCH6953,Grocery,2026-01-02 00:00:00,2026-01-02 00:00:00,2026-01-11 00:00:00,0.0,2273.54,False,Duplicate Debit & Billing,customer complaint text unclear due to poor call center notes.,Low,IN_PROGRESS,Email,True
CBK0001769,TXN00001679,USR43379,MCH9176,Miscellaneous Retail,2026-02-21 00:00:00,2026-02-24 11:40:00,2026-03-06 00:00:00,3.486111111111111,3976.0,False,Customer General Dispute,Suspicious high-value payment disputed by customer.,Medium,RESOLVED,Chatbot,True
CBK0001563,TXN00004035,USR38725,MCH4473,Transportation,2026-01-08 04:46:00,2026-01-13 00:00:00,2026-02-08 00:00:00,4.801388888888889,4064.18,False,Duplicate Debit & Billing,User claims account was compromised before transaction.,Medium,CLOSED,Ivr,True
CBK0000763,TXN00005691,USR98061,MCH6850,Grocery,2026-02-11 00:00:00,2026-02-14 22:00:46,2026-03-10 00:00:00,3.917199074074074,5829.65,True,Duplicate Debit & Billing,Suspicious high-value payment disputed by customer.,High,IN_PROGRESS,Email,True
CBK0001306,TXN00000143,USR63816,MCH4399,Pharmacy,2026-03-15 00:00:00,2026-03-26 08:39:16,2026-04-07 00:00:00,11.360601851851852,449.0,False,Duplicate Debit & Billing,User says UPI PIN was not entered by them.,Medium,IN_PROGRESS,Call Center,True
CBK0002421,TXN00008235,USR71538,MCH4564,Pharmacy,2026-03-24 15:27:52,2026-03-26 00:00:00,2026-04-07 16:27:00,1.3556481481481482,1302.0,False,Customer General Dispute,Customer complaint text unclear due to poor call center notes. call dropped,Medium,REJECTED,Branch,True
CBK0001918,TXN00006549,USR90740,MCH2943,Hotel & Lodging,2026-02-05 01:21:00,2026-02-10 00:00:00,2026-03-02 00:00:00,4.94375,905.53,False,Customer General Dispute,User says UPI PIN was not entered by them.,Low,REJECTED,Ivr,True
CBK0001928,TXN00018064,USR85507,MCH2857,Transportation,2026-01-02 01:25:56,2026-01-09 05:25:00,2026-01-30 00:00:00,7.166018518518518,590.0,False,Customer General Dispute,Customer says transaction was not authorized.,Medium,RESOLVED,Email,True
CBK0001721,TXN00013741,USR65211,MCH5954,Grocery,2026-02-08 00:00:00,2026-02-14 00:34:00,2026-03-11 00:34:00,6.023611111111111,1756.23,False,Service & Delivery Failure,Complaint received after multiple failed attempts.,High,CLOSED,Branch,True
CBK0001619,TXN00007989,USR21845,MCH1998,Restaurant,2026-02-17 00:00:00,2026-02-17 00:00:00,2026-02-23 22:05:00,0.0,1245.09,False,Duplicate Debit & Billing,Customer complaint text unclear due to poor call center notes.,Medium,CLOSED,Chatbot,True
CBK0000139,TXN00034566,USR29306,MCH4355,Apparel,2026-01-13 06:24:38,2026-01-15 00:00:00,,1.7328935185185186,2696.0,False,Duplicate Debit & Billing,User says UPI PIN was not entered by them.,Low,REJECTED,Ivr,False
CBK0001893,TXN00018872,USR67363,MCH2594,Transportation,2026-01-31 00:00:00,2026-02-02 00:00:00,,2.0,4001.57,False,Fraud & Account Takeover,User reports money deducted but merchant denies receiving payment.,Medium,REJECTED,Ivr,True
CBK0001686,TXN00003833,USR21384,MCH4729,Miscellaneous Retail,2026-03-18 10:00:38,2026-03-22 00:00:00,2026-04-17 00:00:00,3.5828935185185187,1688.18,False,Customer General Dispute,Customer says transaction was not authorized.,Medium,IN_PROGRESS,Ivr,True
CBK0000868,TXN00017012,USR26098,MCH2383,Grocery,2026-02-07 23:22:53,2026-02-09 00:00:00,,1.025775462962963,990.42,False,Service & Delivery Failure,customer says amount was debited twice.,Medium,RESOLVED,Ivr,True
CBK0002309,TXN00012387,USR18453,MCH5452,Restaurant,2026-03-02 00:00:00,2026-03-07 00:00:00,,5.0,-2462.0,False,Duplicate Debit & Billing,Customer complaint text unclear due to poor call center notes. NA,Medium,REJECTED,Chatbot,True
CBK0000116,TXN00008116,USR77356,MCH8789,Hotel & Lodging,2026-02-13 00:00:00,2026-02-19 00:00:00,2026-03-16 00:00:00,6.0,841.93,False,Fraud & Account Takeover,Suspicious high-value payment disputed by customer.,Low,CLOSED,Ivr,True
CBK0000093,TXN00009196,USR28608,MCH7127,Grocery,2026-01-20 18:00:00,2026-01-22 00:00:00,2026-02-07 12:00:43,1.25,2341.25,True,Service & Delivery Failure,Suspicious high-value payment disputed by customer.,Medium,IN_PROGRESS,Email,True
CBK0000064,TXN00019898,USR48525,MCH5257,Grocery,2026-03-13 04:30:00,2026-03-15 20:30:00,2026-04-03 20:30:01,2.6666666666666665,861.86,False,Duplicate Debit & Billing,Suspicious high-value payment disputed by customer.,Medium,CLOSED,Email,True
CBK0002119,TXN00005222,USR53942,MCH6399,Grocery,2026-01-21 09:16:49,2026-01-29 00:00:00,,7.613321759259259,1345.55,False,Fraud & Account Takeover,COMPLAINT RECEIVED AFTER MULTIPLE FAILED ATTEMPTS.,Low,REJECTED,Ivr,True
CBK0002412,TXN00003020,USR96958,MCH8779,Restaurant,2026-03-14 00:00:00,2026-03-17 00:00:00,2026-03-18 20:13:34,3.0,2521.22,False,Duplicate Debit & Billing,User claims account was compromised before transaction.,Low,CLOSED,Email,True
CBK0000149,TXN00015300,USR25559,MCH8125,Grocery,2026-03-24 00:00:00,,,,753.9,False,Fraud & Account Takeover,Merchant service was not delivered after payment.,Medium,IN_PROGRESS,App,True
CBK0002702,TXN00010278,USR59665,MCH8977,Grocery,2026-03-10 00:00:00,2026-03-16 05:57:07,2026-04-01 05:57:00,6.247997685185185,-1779.15,False,Fraud & Account Takeover,COMPLAINT RECEIVED AFTER MULTIPLE FAILED ATTEMPTS.,High,CLOSED,Ivr,True
CBK0002747,TXN00010095,USR18347,MCH9442,Grocery,2026-03-24 00:00:00,,2026-03-30 00:00:00,,1820.01,False,Duplicate Debit & Billing,Merchant service was not delivered after payment.,Low,RESOLVED,Email,True
CBK0002394,TXN00001169,USR60198,MCH6518,Transportation,2026-02-27 00:00:00,2026-03-03 00:00:00,2026-03-16 00:00:00,4.0,10453.78,False,Duplicate Debit & Billing,Customer says transaction was not authorized.,Medium,IN_PROGRESS,Chatbot,True
CBK0001574,TXN00019043,USR90528,MCH6885,Transportation,2026-01-17 00:00:00,2026-01-22 23:10:00,2026-02-10 00:00:00,5.965277777777778,215.0,False,Fraud & Account Takeover,user reports money deducted but merchant denies receiving payment.,High,IN_PROGRESS,Branch,True
CBK0002307,TXN00036574,USR15565,MCH4590,Miscellaneous Retail,2026-02-08 00:00:00,2026-02-09 00:00:00,2026-02-15 12:46:00,1.0,676.79,False,Fraud & Account Takeover,USER REPORTS MONEY DEDUCTED BUT MERCHANT DENIES RECEIVING PAYMENT.,Medium,RESOLVED,Call Center,False
CBK0000816,TXN00014266,USR92332,MCH2146,Pharmacy,2026-03-21 11:09:00,2026-03-21 00:00:00,2026-03-25 00:00:00,-0.46458333333333335,5244.0,True,Customer General Dispute,Customer complaint text unclear due to poor call center notes. details missing,Medium,IN_PROGRESS,Branch,True
CBK0001321,TXN00019939,USR87558,MCH3588,Grocery,2026-02-19 00:00:00,2026-02-20 00:00:00,2026-03-09 00:00:00,1.0,1954.14,False,Service & Delivery Failure,User claims account was compromised before transaction. call dropped,Medium,RESOLVED,Email,True
CBK0000821,TXN00001860,USR54089,MCH8467,Transportation,2026-03-21 00:00:00,2026-03-22 00:00:00,,1.0,18214.98,True,Fraud & Account Takeover,User reports money deducted but merchant denies receiving payment.,Low,IN_PROGRESS,Ivr,True
CBK0002326,TXN00005168,USR42079,MCH6628,Restaurant,2026-01-01 00:00:00,2026-01-02 00:00:00,2026-01-05 00:00:00,1.0,5074.67,False,Fraud & Account Takeover,Customer complaint text unclear due to poor call center notes.,High,RESOLVED,Call Center,True
CBK0002415,TXN00007375,USR25624,MCH3252,Grocery,,2026-03-23 00:00:00,2026-04-17 22:41:55,,4608.0,False,Customer General Dispute,Payment made to unknown merchant as per customer statement.,High,RESOLVED,Call Center,True
CBK0001513,TXN00000653,USR70889,MCH8076,Hotel & Lodging,2026-03-15 00:00:00,2026-03-19 00:00:00,2026-04-01 00:00:00,4.0,4308.0,False,Service & Delivery Failure,Customer says transaction was not authorized.,Low,IN_PROGRESS,App,True
CBK0002048,TXN00015397,USR65030,MCH4270,Grocery,2026-02-08 00:00:00,,2026-03-04 09:53:00,,460.42,False,Fraud & Account Takeover,User reports money deducted but merchant denies receiving payment. call dropped,Critical,REJECTED,Branch,True
CBK0002293,TXN00004932,USR18205,MCH1981,Miscellaneous Retail,2026-02-28 11:31:00,2026-02-24 00:00:00,,-4.479861111111111,595.39,False,Fraud & Account Takeover,User reports money deducted but merchant denies receiving payment.,Low,REJECTED,Branch,True
CBK0000520,TXN00002770,USR60151,MCH8249,Miscellaneous Retail,2026-02-22 00:00:00,2026-02-24 00:00:00,2026-03-23 00:00:00,2.0,-908.2,False,Duplicate Debit & Billing,Customer says amount was debited twice.,Low,IN_PROGRESS,Chatbot,True
CBK0001708,TXN00009350,USR60818,MCH2906,Hotel & Lodging,2026-01-18 00:00:00,,2026-01-27 00:00:00,,478.75,False,Duplicate Debit & Billing,Customer says transaction was not authorized.,Medium,RESOLVED,Call Center,True
CBK0001097,,USR34204,MCH5980,Transportation,2026-03-11 00:00:00,2026-03-13 00:00:00,2026-03-23 00:00:00,2.0,2968.29,False,Duplicate Debit & Billing,Merchant service was not delivered after payment.,Medium,REJECTED,Ivr,False
CBK0000477,TXN00001582,USR30157,MCH7030,Grocery,2026-01-09 00:00:00,2026-01-10 00:00:00,2026-01-20 00:00:00,1.0,6740.29,False,Fraud & Account Takeover,User says UPI PIN was not entered by them.,Medium,CLOSED,Ivr,True
CBK0000740,TXN00019738,USR22040,MCH1234,Miscellaneous Retail,2026-03-20 00:00:00,2026-03-26 03:59:33,2026-04-07 03:59:33,6.166354166666666,584.74,False,Fraud & Account Takeover,Merchant service was not delivered after payment.,Low,RESOLVED,Email,True
CBK0001907,TXN00014905,USR24536,MCH2714,Hotel & Lodging,2026-02-23 00:00:00,,2026-03-23 00:00:00,,797.17,False,Customer General Dispute,Merchant service was not delivered after payment.,Medium,IN_PROGRESS,App,True
CBK0001098,TXN00006667,USR54912,MCH4734,Telecom,2026-03-16 00:00:00,2026-03-19 00:00:00,2026-04-07 00:00:00,3.0,4240.52,False,Service & Delivery Failure,User reports money deducted but merchant denies receiving payment. call dropped,Low,IN_PROGRESS,Chatbot,True
CBK0002034,TXN00014295,USR46599,MCH7669,Grocery,2026-02-22 00:00:00,2026-04-09 00:23:56,2026-05-05 00:23:56,46.01662037037037,3265.64,False,Duplicate Debit & Billing,customer complaint text unclear due to poor call center notes.,Low,RESOLVED,Call Center,True
CBK0000328,TXN00011489,USR62345,MCH8996,Grocery,,2026-01-26 04:02:00,2026-01-27 04:02:03,,1419.0,False,Fraud & Account Takeover,Customer says transaction was not authorized.,Low,CLOSED,Chatbot,True
CBK0002510,TXN00049297,USR99880,MCH1439,Transportation,2026-02-05 04:07:59,,,,1707.55,False,Customer General Dispute,User says UPI PIN was not entered by them. NA,Medium,IN_PROGRESS,Email,False
CBK0000819,TXN00008276,USR66046,MCH3941,Transportation,2026-02-25 00:00:00,2026-03-12 00:00:00,2026-03-28 00:00:00,15.0,2947.75,False,Fraud & Account Takeover,Suspicious high-value payment disputed by customer.,High,IN_PROGRESS,Chatbot,True
CBK0001301,TXN00005559,USR98939,MCH5403,Pharmacy,2026-01-10 00:00:00,2026-01-07 00:00:00,,-3.0,597.81,False,Customer General Dispute,merchant service was not delivered after payment.,Medium,REJECTED,Chatbot,True
CBK0000547,TXN00003173,USR42144,MCH9330,Transportation,2026-03-22 02:40:00,2026-03-24 00:00:00,2026-04-14 00:00:00,1.8888888888888888,3014.0,False,Duplicate Debit & Billing,Customer complaint text unclear due to poor call center notes.,Low,REJECTED,Email,True
CBK0001625,TXN00006214,USR39132,MCH3495,Grocery,2026-02-13 00:00:00,2026-03-30 23:46:00,2026-04-12 23:46:08,45.99027777777778,4111.68,False,Customer General Dispute,User reports money deducted but merchant denies receiving payment.,Medium,CLOSED,Email,True
CBK0001515,TXN00000062,USR11366,MCH2992,Grocery,,2026-03-07 14:01:00,2026-04-05 00:00:00,,330.73,False,Service & Delivery Failure,User says UPI PIN was not entered by them.,Low,CLOSED,Branch,True
CBK0000788,TXN00003574,USR22284,MCH4473,Restaurant,2026-03-28 00:00:00,2026-03-30 14:07:24,2026-04-28 00:00:00,2.5884722222222223,3933.58,False,Fraud & Account Takeover,User says UPI PIN was not entered by them.,Low,RESOLVED,Branch,True
CBK0000089,TXN00017797,USR85655,MCH8344,Telecom,2026-01-22 00:00:00,2026-01-23 23:22:08,2026-02-07 00:00:00,1.9737037037037037,1590.47,False,Service & Delivery Failure,Complaint received after multiple failed attempts.,High,IN_PROGRESS,Ivr,True
CBK0002218,TXN00018418,USR35410,MCH7622,Books & Stationery,2026-03-13 08:55:08,2026-03-16 00:00:00,2026-04-08 00:00:00,2.6283796296296296,671.84,False,Customer General Dispute,Customer says transaction was not authorized.,High,IN_PROGRESS,Branch,True
CBK0001356,TXN00018996,USR61151,MCH3100,Grocery,2026-01-25 00:00:00,2026-01-27 00:00:00,2026-02-12 00:00:00,2.0,1863.8,False,Duplicate Debit & Billing,Customer says amount was debited twice.,Low,CLOSED,Ivr,True
CBK0001028,TXN00007136,USR67087,MCH5446,Miscellaneous Retail,2026-03-02 03:15:09,2026-03-05 00:00:00,2026-03-20 00:15:00,2.8644791666666665,6758.4,False,Duplicate Debit & Billing,Customer complaint text unclear due to poor call center notes.,Low,IN_PROGRESS,Call Center,True
CBK0000407,TXN00008429,USR90727,MCH2989,Grocery,2026-01-13 11:06:46,2026-01-15 00:00:00,2026-01-18 00:00:00,1.5369675925925925,1512.54,False,Customer General Dispute,User claims account was compromised before transaction.,Medium,IN_PROGRESS,App,True
CBK0000386,TXN00017080,USR66286,MCH2441,Hotel & Lodging,2026-03-02 00:00:00,2026-03-03 00:00:00,,1.0,687.73,False,Duplicate Debit & Billing,Merchant service was not delivered after payment.,Low,REJECTED,Chatbot,True
CBK0002369,TXN00000843,USR72135,MCH4517,Hotel & Lodging,2026-03-01 00:00:00,2026-03-02 02:12:47,2026-03-17 02:12:00,1.0922106481481482,947.54,False,Fraud & Account Takeover,SUSPICIOUS HIGH-VALUE PAYMENT DISPUTED BY CUSTOMER.,Low,REJECTED,Call Center,True
CBK0001194,TXN00010450,USR85606,MCH3304,Pharmacy,2026-01-20 13:36:47,2026-01-20 19:36:47,2026-01-30 00:00:00,0.25,1024.0,False,Fraud & Account Takeover,Suspicious high-value payment disputed by cust.,Medium,IN_PROGRESS,Ivr,True
CBK0000299,TXN00010454,USR21651,MCH1397,Grocery,2026-03-15 00:00:00,2026-03-18 13:17:09,,3.5535763888888887,2554.86,False,Fraud & Account Takeover,Merchant service was not delivered after payment.,Low,IN_PROGRESS,Branch,True
CBK0000125,TXN00006063,USR72570,MCH3943,Grocery,2026-02-14 00:00:00,2026-02-15 11:35:00,2026-02-18 00:00:00,1.4826388888888888,2157.0,False,Fraud & Account Takeover,User claims account was compromised before transaction.,High,IN_PROGRESS,Ivr,True
CBK0000754,TXN00001826,USR35882,MCH3115,Transportation,2026-02-28 00:00:00,2026-03-10 00:00:00,,10.0,895.55,False,Customer General Dispute,User claims account was compromised before transaction. urgent,Medium,IN_PROGRESS,Chatbot,True
CBK0001655,TXN00016496,USR31906,MCH4225,Grocery,2026-01-29 00:00:00,2026-02-06 00:00:00,2026-02-13 00:00:00,8.0,5996.21,False,Customer General Dispute,Customer complaint text unclear due to poor call center notes.,Critical,RESOLVED,Ivr,True
CBK0002024,TXN00016207,USR91246,MCH7726,Miscellaneous Retail,2026-01-02 00:00:00,2026-01-04 00:00:00,2026-01-24 07:10:00,2.0,628.32,False,Service & Delivery Failure,Suspicious high-value payment disputed by customer.,Medium,CLOSED,Email,True
CBK0001470,TXN00030234,USR24750,MCH6880,Miscellaneous Retail,2026-03-24 00:00:00,,2026-04-17 00:00:00,,1915.5,False,Fraud & Account Takeover,Customer complaint text unclear due to poor call center notes.,Medium,CLOSED,Branch,False
CBK0001499,TXN00016211,USR84128,MCH7738,Hotel & Lodging,2026-03-02 00:00:00,2026-03-03 00:00:00,2026-03-07 00:00:00,1.0,-6191.97,False,Duplicate Debit & Billing,Payment made to unknown merchant as per customer statement.,High,REJECTED,Chatbot,True
CBK0002580,TXN00004925,USR73573,MCH6810,Transportation,,,2026-03-25 00:00:00,,9977.75,False,Service & Delivery Failure,User reports money deducted but merchant denies receiving payment.,Medium,REJECTED,App,True
CBK0001399,TXN00015053,USR20076,MCH5050,Grocery,2026-02-05 05:08:00,,2026-03-13 05:08:00,,-3746.75,False,Duplicate Debit & Billing,merchant service was not delivered after payment.,Medium,RESOLVED,Email,True
CBK0002120,TXN00008067,USR62703,MCH7593,Transportation,2026-01-17 00:08:00,2026-01-27 01:08:22,,10.041921296296296,14279.05,False,Service & Delivery Failure,customer complaint text unclear due to poor call center notes.,Critical,IN_PROGRESS,Chatbot,True
CBK0000349,TXN00015766,USR88643,MCH2541,Pharmacy,2026-02-12 00:00:00,2026-02-18 02:44:00,2026-02-25 02:44:00,6.113888888888889,2585.25,False,Fraud & Account Takeover,Suspicious high-value payment disputed by customer.,High,REJECTED,Ivr,True
CBK0000160,TXN00015230,USR38364,MCH5454,Grocery,2026-02-08 23:09:47,2026-02-14 02:09:47,,5.125,2419.56,False,Customer General Dispute,Merchant service was not delivered after payment.,High,IN_PROGRESS,Call Center,True
CBK0001199,TXN00005512,USR76915,MCH3815,Transportation,2026-03-07 00:00:00,2026-03-12 00:00:00,2026-04-01 00:00:00,5.0,2981.85,False,Duplicate Debit & Billing,suspicious high-value payment disputed by customer.,Low,IN_PROGRESS,Chatbot,True
CBK0001976,TXN00004835,USR37357,MCH5772,Miscellaneous Retail,2026-02-23 04:26:51,2026-02-20 00:00:00,2026-03-13 04:26:00,-3.1853125,11573.0,False,Fraud & Account Takeover,user reports money deducted but merchant denies receiving payment.,Medium,IN_PROGRESS,Ivr,True
CBK0001819,TXN00014412,USR27393,MCH9291,Grocery,2026-01-16 22:17:46,2026-01-24 00:00:00,,7.070995370370371,19997.74,True,Duplicate Debit & Billing,suspicious high-value payment disputed by customer.,Medium,REJECTED,Ivr,True
CBK0001463,TXN00018916,USR92463,MCH4008,Restaurant,2026-03-25 00:00:00,,2026-04-13 00:00:00,,1889.0,False,Duplicate Debit & Billing,User reports money deducted but merchant denies receiving payment. NA,Medium,IN_PROGRESS,Ivr,True
CBK0002435,TXN00015767,USR33671,MCH2699,Transportation,2026-03-01 00:00:00,2026-02-24 01:38:00,2026-03-19 01:38:00,-4.9319444444444445,1904.98,False,Service & Delivery Failure,Merchant service was not delivered after payment.,Medium,REJECTED,Chatbot,True
CBK0001554,TXN00012362,USR87967,MCH3177,Grocery,2026-02-01 00:00:00,2026-02-08 02:49:19,2026-02-23 00:00:00,7.117581018518519,1105.15,False,Fraud & Account Takeover,Merchant service was not delivered after payment.,Low,RESOLVED,Email,True
CBK0002443,TXN00017471,USR44213,MCH3992,Transportation,2026-02-01 00:00:00,2026-02-04 00:00:00,2026-02-20 00:00:00,3.0,918.63,False,Fraud & Account Takeover,User claims account was compromised before transaction.,High,REJECTED,Email,True
CBK0000204,TXN00014673,USR21209,MCH8154,Grocery,2026-01-24 00:00:00,2026-01-26 01:45:00,2026-02-10 01:45:00,2.0729166666666665,749.06,False,Customer General Dispute,Customer says amount was debited twice.,Medium,CLOSED,Call Center,True
CBK0002056,TXN00003732,USR18442,MCH1606,Transportation,2026-03-03 00:00:00,2026-04-03 00:00:00,,31.0,5678.98,False,Fraud & Account Takeover,Customer says transaction was not authorized.,Critical,RESOLVED,Ivr,True
CBK0002192,TXN00002316,USR77746,MCH1674,Pharmacy,2026-01-12 04:00:55,2026-01-14 00:00:00,,1.8326967592592593,20754.36,False,Fraud & Account Takeover,Customer says amount was debited twice.,High,IN_PROGRESS,Ivr,True
CBK0002590,TXN00001121,USR43833,MCH4575,Grocery,2026-03-23 00:00:00,,2026-04-20 10:56:00,,993.0,False,Service & Delivery Failure,user says upi pin was not entered by them.,Medium,CLOSED,Email,True
CBK0001086,TXN00019525,USR21162,MCH3992,Grocery,2026-01-12 00:00:00,2026-01-14 08:32:01,2026-01-22 00:00:00,2.3555671296296294,5874.15,False,Customer General Dispute,customer complaint text unclear due to poor call center notes.,Low,IN_PROGRESS,Call Center,True
CBK0002137,TXN00008657,USR34250,MCH6955,Transportation,2026-02-23 00:00:00,2026-03-03 03:32:50,2026-03-28 00:00:00,8.147800925925926,4252.24,False,Fraud & Account Takeover,Suspicious high-value payment disputed by customer. urgent,Low,IN_PROGRESS,Ivr,True
CBK0002492,TXN00001518,USR20737,MCH5541,Hotel & Lodging,2026-03-16 00:00:00,2026-03-18 00:00:00,2026-03-21 00:00:00,2.0,9039.58,False,Customer General Dispute,Complaint received after multiple failed attempts. urgent,High,IN_PROGRESS,Email,True
CBK0001965,TXN00008205,USR62398,MCH6714,Pharmacy,2026-02-12 00:00:00,2026-02-12 00:00:00,2026-03-01 22:26:43,0.0,1147.39,False,Fraud & Account Takeover,Customer says amount was debited twice. pls check asap,High,RESOLVED,Chatbot,True
CBK0001409,TXN00014019,USR20076,MCH4751,Transportation,2026-01-14 00:00:00,2026-01-16 00:00:00,2026-01-29 00:00:00,2.0,2386.95,False,Service & Delivery Failure,User reports money deducted but merchant denies receiving payment.,Medium,IN_PROGRESS,Chatbot,True
CBK0000738,TXN00018812,USR98980,MCH2757,Transportation,2026-01-05 00:00:00,2026-01-16 00:00:00,2026-02-14 00:00:00,11.0,15054.0,False,Fraud & Account Takeover,User says UPI PIN was not entered by them.,High,IN_PROGRESS,Call Center,True
CBK0000293,TXN00016470,USR50092,MCH1879,Grocery,2026-01-19 00:00:00,2026-01-25 15:05:00,2026-02-13 00:00:00,6.628472222222222,1947.05,False,Customer General Dispute,Suspicious high-value payment disputed by customer.,High,IN_PROGRESS,Ivr,True
CBK0001585,TXN00082330,USR14591,MCH3928,Miscellaneous Retail,2026-03-31 00:00:00,2026-04-01 21:31:00,2026-04-21 00:00:00,1.8965277777777778,2452.3,False,Service & Delivery Failure,Customer complaint text unclear due to poor call center notes.,Critical,IN_PROGRESS,Ivr,False
CBK0000019,TXN00008321,USR27583,MCH4590,Hotel & Lodging,2026-02-22 00:00:00,2026-02-25 00:00:00,2026-02-27 00:00:00,3.0,699.14,False,Duplicate Debit & Billing,User says UPI PIN was not entered by them.,High,IN_PROGRESS,Chatbot,True
CBK0001180,TXN00012133,USR84844,MCH6202,Miscellaneous Retail,2026-02-01 07:09:49,2026-02-06 00:00:00,2026-02-27 00:00:00,4.7015162037037035,7361.16,False,Customer General Dispute,customer says transaction was not authorized.,Medium,IN_PROGRESS,Chatbot,True
CBK0000324,TXN00014492,USR34540,MCH4590,Apparel,2026-02-01 00:00:00,2026-02-02 13:49:55,2026-02-25 00:00:00,1.5763310185185184,18659.19,True,Fraud & Account Takeover,user says upi pin was not entered by them.,High,RESOLVED,Chatbot,True
CBK0001005,TXN00006695,USR65902,MCH5655,Transportation,2026-02-19 11:11:00,2026-02-22 00:00:00,,2.5340277777777778,1671.67,False,Fraud & Account Takeover,Merchant service was not delivered after payment.,Medium,IN_PROGRESS,App,True
CBK0001149,TXN00013355,USR52988,MCH1182,Pharmacy,2026-03-27 10:20:15,2026-03-23 10:20:15,2026-04-20 00:00:00,-4.0,6746.58,False,Customer General Dispute,User says UPI PIN was not entered by them.,Low,RESOLVED,Chatbot,True
CBK0002743,TXN00053543,USR85742,MCH4473,Miscellaneous Retail,2026-01-25 01:22:37,2026-01-25 00:00:00,2026-02-23 00:00:00,-0.057372685185185186,299.18,False,Service & Delivery Failure,User says UPI PIN was not entered by them.,Low,REJECTED,Email,False
CBK0002526,TXN00014583,USR53424,MCH7006,Restaurant,2026-03-20 19:24:00,2026-03-24 00:00:00,2026-04-08 00:00:00,3.191666666666667,6768.55,False,Duplicate Debit & Billing,Customer says amount was debited twice.,Low,IN_PROGRESS,Chatbot,True
CBK0000792,TXN00017591,USR59752,MCH2176,Transportation,2026-02-07 00:00:00,2026-02-09 00:00:00,2026-02-26 17:50:00,2.0,6180.12,False,Customer General Dispute,CUSTOMER SAYS AMOUNT WAS DEBITED TWICE.,Medium,CLOSED,Email,True
CBK0000971,TXN00019356,USR80212,MCH2335,Restaurant,2026-01-07 00:00:00,2026-01-10 06:07:00,2026-02-04 00:00:00,3.254861111111111,6782.66,False,Fraud & Account Takeover,merchant service was not delivered after payment.,High,CLOSED,Ivr,True
CBK0002752,TXN00009074,USR58639,MCH4181,Miscellaneous Retail,2026-01-05 07:07:09,2026-01-05 00:00:00,,-0.29663194444444446,611.73,False,Fraud & Account Takeover,Complaint received after multiple failed attempts.,Medium,IN_PROGRESS,Branch,True
CBK0002406,TXN00019470,USR71704,MCH3759,Pharmacy,2026-03-02 00:00:00,2026-03-04 00:00:00,,2.0,3505.15,False,Service & Delivery Failure,Merchant service was not delivered after payment. urgent,Low,CLOSED,Branch,True
CBK0000896,TXN00014731,USR29803,MCH7761,Hotel & Lodging,2026-03-25 00:00:00,2026-03-29 04:53:24,2026-04-13 00:00:00,4.20375,4988.8,False,Service & Delivery Failure,Suspicious high-value payment disputed by cust.,Medium,REJECTED,App,True
CBK0000874,TXN00008435,USR43450,MCH8870,Transportation,2026-02-03 00:00:00,2026-02-06 00:00:00,2026-03-03 00:00:00,3.0,2126.63,False,Customer General Dispute,User reports money deducted but merchant denies receiving payment.,Medium,RESOLVED,Email,True
CBK0002644,TXN00006588,USR72024,MCH7102,Hotel & Lodging,2026-03-27 00:00:00,,2026-04-20 00:00:00,,-1971.85,False,Customer General Dispute,Complaint received after multiple failed attempts.,Critical,REJECTED,Chatbot,True
CBK0000057,TXN00005197,USR33934,MCH6452,Pharmacy,,,2026-02-08 00:00:00,,5740.0,False,Fraud & Account Takeover,Customer says transaction was not authorized.,Medium,IN_PROGRESS,Email,True
CBK0002367,TXN00000803,USR40928,MCH2574,Grocery,2026-02-10 00:00:00,2026-02-11 17:54:00,2026-02-17 17:54:00,1.7458333333333333,1719.0,False,Customer General Dispute,Suspicious high-value payment disputed by customer.,Medium,IN_PROGRESS,Call Center,True
CBK0001703,TXN00014396,USR62221,MCH7833,Restaurant,2026-03-30 00:00:00,2026-04-14 00:00:00,,15.0,1107.61,False,Fraud & Account Takeover,MERCHANT SERVICE WAS NOT DELIVERED AFTER PAYMENT.,High,CLOSED,App,True
CBK0001314,TXN00015397,USR25021,MCH8657,Grocery,2026-02-10 00:00:00,2026-02-17 00:00:00,,7.0,7499.76,False,Service & Delivery Failure,Customer says transaction was not authorized.,Low,REJECTED,Ivr,True
CBK0001319,,USR87558,MCH8935,Transportation,2026-03-28 00:00:00,2026-04-13 00:00:00,2026-05-12 00:00:00,16.0,1537.87,False,Customer General Dispute,User says UPI PIN was not entered by them.,Medium,CLOSED,Call Center,False
CBK0002004,TXN00016498,USR71282,MCH5954,Pharmacy,2026-01-02 14:58:00,2026-01-03 00:00:00,,0.3763888888888889,3489.66,False,Fraud & Account Takeover,Customer complaint text unclear due to poor call center notes.,High,REJECTED,Chatbot,True
CBK0000030,TXN00002461,USR44431,MCH2413,Grocery,2026-01-18 06:52:30,2026-01-20 00:00:00,2026-02-05 16:52:30,1.7135416666666667,24846.27,True,Fraud & Account Takeover,Customer says transaction was not authorized.,Low,RESOLVED,Branch,True
CBK0001890,,USR70787,MCH9165,Grocery,2026-01-19 00:00:00,2026-01-25 00:00:00,2026-02-24 00:00:00,6.0,594.52,False,Fraud & Account Takeover,Complaint received after multiple failed attempts.,Medium,CLOSED,Ivr,False
CBK0001601,TXN00014556,USR51157,MCH7360,Pharmacy,2026-02-14 20:36:49,2026-02-17 17:36:49,,2.875,13308.54,False,Fraud & Account Takeover,CUSTOMER SAYS AMOUNT WAS DEBITED TWICE.,Medium,IN_PROGRESS,Chatbot,True
CBK0002519,TXN00002544,USR91069,MCH4788,Transportation,2026-02-23 04:34:00,2026-02-23 00:00:00,,-0.19027777777777777,-3839.34,False,Service & Delivery Failure,User reports money deducted but merchant denies receiving payment.,Low,RESOLVED,Ivr,True
CBK0002316,TXN00018781,USR80429,MCH4070,Grocery,2026-03-14 00:00:00,2026-03-15 00:00:00,2026-03-21 00:00:00,1.0,428.55,False,Fraud & Account Takeover,User reports money deducted but merchant denies receiving payment.,Low,RESOLVED,Chatbot,True
CBK0000050,TXN00004935,USR75712,MCH2076,Pharmacy,2026-01-31 00:00:00,2026-02-01 17:11:00,2026-03-03 00:00:00,1.7159722222222222,18552.59,False,Customer General Dispute,Suspicious high-value payment disputed by customer.,Low,RESOLVED,Call Center,True
CBK0002086,TXN00004716,USR14045,MCH9271,Pharmacy,2026-01-25 14:59:00,2026-01-30 21:59:00,2026-02-06 21:59:00,5.291666666666667,169.35,False,Duplicate Debit & Billing,Customer says amount was debited twice. NA,Medium,REJECTED,Call Center,True
CBK0002244,,USR64363,MCH2948,Miscellaneous Retail,2026-01-03 00:00:00,2026-01-04 00:00:00,,1.0,4378.8,False,Duplicate Debit & Billing,USER REPORTS MONEY DEDUCTED BUT MERCHANT DENIES RECEIVING PAYMENT.,Medium,REJECTED,Call Center,False
CBK0000467,TXN00009035,USR66080,MCH9242,Restaurant,2026-02-20 19:44:28,2026-02-21 09:44:28,,0.5833333333333334,1224.57,False,Fraud & Account Takeover,Customer says amount was debited twice.,Low,RESOLVED,Branch,True
CBK0002168,TXN00002821,USR83150,MCH5655,Restaurant,2026-02-10 00:00:00,2026-02-11 00:00:00,,1.0,4707.47,False,Fraud & Account Takeover,Customer says amount was debited twice.,Low,RESOLVED,Ivr,True
CBK0000988,TXN00007940,USR74004,MCH2383,Restaurant,2026-03-14 00:00:00,2026-03-22 11:13:00,,8.467361111111112,1608.0,False,Fraud & Account Takeover,User claims account was compromised before transaction. NA,High,CLOSED,Chatbot,True
CBK0001035,TXN00012639,USR38128,MCH9737,Restaurant,2026-01-19 00:00:00,2026-01-20 00:00:00,2026-02-13 00:00:00,1.0,3681.26,False,Duplicate Debit & Billing,payment made to unknown merchant as per customer statement.,High,IN_PROGRESS,Call Center,True
CBK0002784,TXN00003041,USR21253,MCH2118,Restaurant,2026-01-18 17:10:46,2026-02-02 17:10:46,,15.0,4136.0,False,Service & Delivery Failure,User reports money deducted but merchant denies receiving payment.,Medium,RESOLVED,Email,True
CBK0001119,TXN00013564,USR13165,MCH8547,Pharmacy,2026-01-04 00:00:00,2026-01-04 19:22:27,2026-01-24 00:00:00,0.8072569444444444,-4295.67,False,Service & Delivery Failure,Complaint received after multiple failed attempts. NA,Medium,IN_PROGRESS,Call Center,True
CBK0002692,TXN00011494,USR52887,MCH1757,Grocery,2026-01-25 00:00:00,2026-02-05 07:06:20,2026-03-01 00:00:00,11.296064814814814,-1084.65,False,Fraud & Account Takeover,PAYMENT MADE TO UNKNOWN MERCHANT AS PER CUSTOMER STATEMENT.,Low,REJECTED,Ivr,True
CBK0001902,TXN00008905,USR53056,MCH5119,Transportation,,,,,1362.36,False,Duplicate Debit & Billing,User claims account was compromised before transaction.,Critical,IN_PROGRESS,Ivr,True
CBK0002606,TXN00018342,USR69706,MCH8779,Grocery,2026-03-23 00:00:00,2026-03-25 00:00:00,2026-04-04 00:00:00,2.0,2231.66,False,Fraud & Account Takeover,payment made to unknown merchant as per customer statement.,Critical,IN_PROGRESS,Ivr,True
CBK0001896,TXN00005799,USR97580,MCH8791,Grocery,2026-01-06 10:14:34,2026-01-12 00:00:00,2026-01-14 01:14:34,5.573217592592592,674.67,False,Duplicate Debit & Billing,Customer complaint text unclear due to poor call center notes.,Critical,CLOSED,Chatbot,True
CBK0002555,TXN00003972,USR76553,MCH1320,Transportation,,2026-01-18 07:02:56,,,4309.44,False,Service & Delivery Failure,User reports money deducted but merchant denies receiving payment.,Low,IN_PROGRESS,Email,True
CBK0002064,,USR68861,MCH3516,Miscellaneous Retail,2026-03-29 00:00:00,2026-04-14 00:00:00,2026-05-07 00:00:00,16.0,-1531.2,False,Customer General Dispute,customer says transaction was not authorized.,Low,IN_PROGRESS,Chatbot,False
CBK0002521,TXN00013602,USR98636,MCH1574,Grocery,,2026-03-15 00:00:00,,,2090.68,False,Fraud & Account Takeover,Merchant service was not delivered after payment.,Critical,IN_PROGRESS,Chatbot,True
CBK0000615,TXN00002775,USR83032,MCH3402,Transportation,2026-01-07 00:00:00,2026-01-18 06:04:00,2026-02-16 06:04:00,11.252777777777778,1908.8,False,Fraud & Account Takeover,customer says amount was debited twice.,High,IN_PROGRESS,Email,True
CBK0002405,TXN00017196,USR45251,MCH2538,Grocery,2026-03-06 00:00:00,2026-03-07 02:28:07,2026-03-09 02:28:07,1.1028587962962964,9937.63,False,Fraud & Account Takeover,COMPLAINT RECEIVED AFTER MULTIPLE FAILED ATTEMPTS.,Medium,IN_PROGRESS,Chatbot,True
CBK0002453,TXN00013396,USR24527,MCH2822,Transportation,2026-02-23 00:00:00,,2026-03-24 00:00:00,,203.0,False,Service & Delivery Failure,User claims account was compromised before transaction.,Low,IN_PROGRESS,Ivr,True
CBK0001288,TXN00038794,USR82920,MCH5755,Miscellaneous Retail,2026-03-10 00:00:00,2026-04-10 02:16:42,2026-04-24 02:16:00,31.094930555555557,1144.0,False,Duplicate Debit & Billing,User says UPI PIN was not entered by them.,High,IN_PROGRESS,Chatbot,False
CBK0000696,TXN00007676,USR33564,MCH3259,Transportation,2026-02-28 00:00:00,2026-02-28 00:00:00,2026-03-01 09:11:30,0.0,841.13,False,Customer General Dispute,CUSTOMER SAYS TRANSACTION WAS NOT AUTHORIZED.,Critical,IN_PROGRESS,Ivr,True
CBK0002448,TXN00004698,USR56276,MCH3396,Hotel & Lodging,2026-03-15 05:45:53,,,,1942.99,False,Customer General Dispute,Suspicious high-value payment disputed by customer.,Low,CLOSED,Ivr,True
CBK0000897,,USR78326,MCH2266,Pharmacy,2026-01-24 00:00:00,2026-01-27 00:00:00,,3.0,1390.61,False,Duplicate Debit & Billing,User claims account was compromised before transaction.,Low,CLOSED,Branch,False
CBK0000464,TXN00001948,USR72135,MCH8274,Transportation,2026-03-11 00:50:00,2026-04-10 00:00:00,2026-04-24 23:50:00,29.96527777777778,3935.87,False,Service & Delivery Failure,Complaint received after multiple failed attempts.,Low,RESOLVED,Chatbot,True
CBK0002482,TXN00018844,USR39808,MCH5330,Pharmacy,2026-01-26 00:00:00,2026-02-02 03:31:15,,7.146701388888889,6620.7,False,Service & Delivery Failure,Payment made to unknown merchant as per customer statement.,Medium,IN_PROGRESS,Chatbot,True
CBK0000411,TXN00003133,USR48609,MCH3992,Hotel & Lodging,,2026-03-20 00:00:00,2026-04-16 00:00:00,,3287.47,False,Fraud & Account Takeover,complaint received after multiple failed attempts.,Medium,IN_PROGRESS,Email,True
CBK0000722,TXN00014532,USR42970,MCH9937,Grocery,2026-02-28 00:00:00,2026-03-04 00:00:00,2026-03-11 00:00:00,4.0,4825.86,False,Duplicate Debit & Billing,Customer says transaction was not authorized.,High,REJECTED,Ivr,True
CBK0001545,TXN00005459,USR26201,MCH9867,Miscellaneous Retail,,2026-02-15 00:00:00,2026-02-21 00:00:00,,2038.0,False,Fraud & Account Takeover,user claims account was compromised before transaction.,Low,REJECTED,App,True
CBK0000145,TXN00009456,USR21384,MCH8779,Transportation,2026-02-23 00:00:00,,2026-03-21 00:00:00,,3537.13,False,Customer General Dispute,Complaint received after multiple failed attempts.,Medium,IN_PROGRESS,Chatbot,True
CBK0001154,TXN00007949,USR61761,MCH5076,Grocery,,2026-01-25 17:35:49,2026-02-10 00:00:00,,2276.53,False,Fraud & Account Takeover,complaint received after multiple failed attempts.,Low,RESOLVED,Ivr,True
CBK0002135,TXN00017607,USR62613,MCH1320,Grocery,2026-02-09 00:00:00,2026-03-11 00:00:00,2026-03-21 09:52:20,30.0,291.0,False,Fraud & Account Takeover,Suspicious high-value payment disputed by customer. details missing,Low,IN_PROGRESS,Email,True
CBK0000048,TXN00003553,USR11419,MCH5833,Restaurant,2026-02-22 00:00:00,2026-02-26 00:00:00,2026-03-07 03:45:00,4.0,3278.36,False,Fraud & Account Takeover,Customer says transaction was not authorized.,Medium,IN_PROGRESS,Email,True
CBK0000719,TXN00008362,USR51141,MCH4473,Restaurant,2026-03-23 00:00:00,2026-05-07 11:49:41,2026-05-31 11:49:00,45.49283564814815,716.05,False,Service & Delivery Failure,payment made to unknown merchant as per customer statement.,Low,IN_PROGRESS,App,True
CBK0001188,,USR99905,MCH7881,Department Store,2026-02-10 09:30:00,2026-02-20 00:00:00,2026-03-05 21:30:45,9.604166666666666,6211.43,False,Fraud & Account Takeover,User reports money deducted but merchant denies receiving payment.,High,CLOSED,Ivr,False
CBK0001540,TXN00018190,USR83597,MCH5264,Grocery,,2026-02-24 00:00:00,,,3985.84,False,Fraud & Account Takeover,Customer complaint text unclear due to poor call center notes.,Medium,REJECTED,Ivr,True
CBK0002666,TXN00005307,USR63160,MCH3992,Hotel & Lodging,2026-02-23 00:09:00,2026-02-24 00:00:00,2026-03-26 17:09:06,0.99375,11930.0,True,Customer General Dispute,Complaint received after multiple failed attempts.,Low,CLOSED,App,True
CBK0000111,TXN00019912,USR43416,MCH5748,Hotel & Lodging,2026-02-28 00:00:00,2026-03-08 00:41:12,2026-03-13 00:00:00,8.028611111111111,2124.72,False,Service & Delivery Failure,User says UPI PIN was not entered by them.,Low,IN_PROGRESS,Email,True
CBK0000561,TXN00011891,USR27107,MCH8154,Hotel & Lodging,2026-02-23 00:00:00,,2026-03-19 00:00:00,,146.7,False,Fraud & Account Takeover,Customer complaint text unclear due to poor call center notes.,High,IN_PROGRESS,Chatbot,True
CBK0001938,TXN00010250,USR52258,MCH7697,Grocery,2026-01-29 00:00:00,2026-01-30 00:00:00,2026-02-09 00:00:00,1.0,507.34,True,Fraud & Account Takeover,Complaint received after multiple failed attempts.,Low,IN_PROGRESS,App,True
CBK0001070,TXN00006138,USR72463,MCH7131,Transportation,2026-02-21 00:00:00,2026-02-28 00:00:00,,7.0,486.96,False,Fraud & Account Takeover,Merchant service was not delivered after payment.,Low,CLOSED,Ivr,True
CBK0001240,TXN00005144,USR87558,MCH2223,Grocery,2026-02-17 14:32:16,2026-02-25 00:00:00,2026-03-07 00:00:00,7.394259259259259,1262.32,False,Fraud & Account Takeover,merchant service was not delivered after payment.,Low,RESOLVED,Ivr,True
CBK0001172,TXN00000950,USR35692,MCH2757,Restaurant,2026-03-03 14:07:36,2026-03-05 00:00:00,2026-03-22 00:00:00,1.4113888888888888,1749.52,False,Duplicate Debit & Billing,Customer says amount was debited twice.,Low,REJECTED,Email,True
CBK0002786,TXN00001975,USR44809,MCH9291,Pharmacy,2026-03-11 00:00:00,2026-03-14 00:00:00,2026-03-16 06:59:19,3.0,1823.8,False,Fraud & Account Takeover,Customer says transaction was not authorized.,High,RESOLVED,Ivr,True
CBK0001609,TXN00011210,USR50352,MCH2706,Miscellaneous Retail,2026-02-20 08:31:54,2026-02-23 00:00:00,2026-03-02 00:00:00,2.644513888888889,1853.91,False,Fraud & Account Takeover,User claims account was compromised before transaction.,Medium,IN_PROGRESS,Ivr,True
CBK0000209,TXN00059223,USR24507,MCH4782,Hotel & Lodging,,2026-02-17 00:00:00,,,902.0,False,Duplicate Debit & Billing,Payment made to unknown merchant as per cust statement.,High,IN_PROGRESS,App,False
CBK0002101,TXN00010055,USR53903,MCH2065,Transportation,2026-01-22 00:00:00,2026-01-28 00:51:01,2026-02-13 00:00:00,6.035428240740741,3918.28,False,Duplicate Debit & Billing,User reports money deducted but merchant denies receiving payment.,Medium,REJECTED,Ivr,True
CBK0002166,TXN00005750,USR64580,MCH5980,Miscellaneous Retail,2026-03-21 07:22:46,2026-03-22 00:00:00,2026-04-02 00:00:00,0.6925231481481482,1459.51,False,Service & Delivery Failure,Customer says transaction was not authorized.,Medium,IN_PROGRESS,Ivr,True
CBK0001971,TXN00001893,USR40538,MCH4473,Restaurant,2026-03-25 04:27:22,2026-03-26 00:00:00,2026-04-20 00:00:00,0.8143287037037037,1059.97,False,Duplicate Debit & Billing,Customer complaint text unclear due to poor call center notes.,Low,RESOLVED,Call Center,True
CBK0000872,TXN00015686,USR41987,MCH4226,Miscellaneous Retail,2026-02-27 00:00:00,2026-03-04 09:09:00,2026-03-04 00:00:00,5.38125,4354.56,False,Duplicate Debit & Billing,Complaint received after multiple failed attempts.,Medium,RESOLVED,App,True
CBK0002618,TXN00011168,USR44759,MCH5594,Grocery,2026-01-06 00:00:00,2026-01-10 00:35:07,2026-01-27 00:00:00,4.024386574074074,5239.53,False,Fraud & Account Takeover,Customer complaint text unclear due to poor call center notes. call dropped,Medium,REJECTED,Chatbot,True
CBK0000176,TXN00001405,USR91859,MCH2900,Restaurant,2026-03-13 00:00:00,2026-03-18 14:11:00,2026-04-05 00:00:00,5.590972222222222,2105.51,False,Service & Delivery Failure,Merchant service was not delivered after payment. call dropped,Medium,CLOSED,Chatbot,True
CBK0001836,TXN00002935,USR58979,MCH4535,Hotel & Lodging,2026-01-17 00:00:00,2026-01-19 14:28:40,,2.6032407407407407,318.65,False,Service & Delivery Failure,Customer says transaction was not authorized.,Low,RESOLVED,Ivr,True
CBK0000130,TXN00002672,USR96637,MCH4181,Grocery,2026-01-06 00:00:00,2026-01-13 13:42:00,,7.570833333333334,4547.87,False,Duplicate Debit & Billing,User reports money deducted but merchant denies receiving payment.,Low,IN_PROGRESS,Email,True
CBK0001271,TXN00015189,USR33650,MCH4181,Miscellaneous Retail,2026-01-10 13:57:59,2026-01-13 20:57:59,2026-01-18 00:00:00,3.2916666666666665,638.59,False,Fraud & Account Takeover,User claims account was compromised before transaction.,High,REJECTED,Ivr,True
CBK0001593,TXN00015434,USR18724,MCH7728,Grocery,2026-03-05 10:42:00,2026-03-21 07:42:38,2026-04-07 00:00:00,15.875439814814815,8317.58,False,Fraud & Account Takeover,customer says transaction was not authorized.,Medium,IN_PROGRESS,Email,True
CBK0001879,TXN00007654,USR60131,MCH8887,Restaurant,2026-02-05 01:30:00,2026-02-06 23:30:00,,1.9166666666666667,552.24,False,Duplicate Debit & Billing,Complaint received after multiple failed attempts.,Low,RESOLVED,Ivr,True
CBK0001717,TXN00005246,USR87318,MCH2104,Pharmacy,2026-03-04 12:35:00,2026-03-08 00:35:05,,3.5000578703703704,-99.96,False,Duplicate Debit & Billing,User says UPI PIN was not entered by them.,Low,REJECTED,Ivr,True
CBK0000702,TXN00017072,USR56312,MCH5133,Grocery,2026-01-18 03:52:25,2026-01-23 00:00:00,2026-02-07 00:00:00,4.838599537037037,15432.0,False,Duplicate Debit & Billing,Customer says amount was debited twice.,High,IN_PROGRESS,Ivr,True
CBK0002647,TXN00099966,USR24761,MCH4392,Miscellaneous Retail,2026-01-24 00:00:00,2026-01-27 09:02:00,2026-02-20 09:02:00,3.376388888888889,-841.29,False,Duplicate Debit & Billing,User reports money deducted but merchant denies receiving payment.,Medium,IN_PROGRESS,Branch,False
CBK0001723,TXN00000941,USR58335,MCH7616,Grocery,,2026-01-07 07:32:40,2026-01-20 00:00:00,,6049.12,False,Fraud & Account Takeover,Complaint received after multiple failed attempts.,Low,CLOSED,Branch,True
CBK0002770,TXN00013498,USR24608,MCH3992,Transportation,2026-01-05 17:13:36,2026-02-05 00:00:00,,30.282222222222224,469.12,False,Fraud & Account Takeover,Customer says transaction was not authorized.,Low,IN_PROGRESS,Ivr,True
CBK0002346,TXN00001292,USR25528,MCH6328,Grocery,2026-03-24 00:00:00,,2026-05-05 00:00:00,,33975.77,False,Service & Delivery Failure,Customer says transaction was not authorized.,Low,IN_PROGRESS,Email,True
CBK0002487,TXN00009313,USR32981,MCH1201,Transportation,2026-02-03 00:00:00,2026-02-10 00:00:00,2026-03-03 00:00:00,7.0,1561.28,False,Customer General Dispute,Payment made to unknown merchant as per customer statement.,Low,REJECTED,Ivr,True
CBK0001909,TXN00015341,USR51939,MCH4348,Grocery,2026-02-27 00:00:00,2026-04-14 00:00:00,2026-05-01 00:00:00,46.0,5481.51,False,Duplicate Debit & Billing,Merchant service was not delivered after payment.,Medium,IN_PROGRESS,Chatbot,True
CBK0002234,TXN00016207,USR61715,MCH6850,Miscellaneous Retail,2026-01-13 00:00:00,2026-01-23 00:00:00,2026-01-29 15:38:41,10.0,1383.0,False,Fraud & Account Takeover,merchant service was not delivered after payment.,High,IN_PROGRESS,Branch,True
CBK0000854,TXN00000164,USR17326,MCH7017,Grocery,2026-01-01 05:32:00,2026-01-08 00:00:00,2026-02-02 00:00:00,6.769444444444445,3086.0,False,Fraud & Account Takeover,Complaint received after multiple failed attempts.,Critical,IN_PROGRESS,Email,True
CBK0002376,TXN00004589,USR76792,MCH5515,Miscellaneous Retail,2026-01-20 11:45:52,2026-01-30 20:45:00,2026-02-08 00:00:00,10.374398148148147,1100.37,False,Fraud & Account Takeover,suspicious high-value payment disputed by customer.,Medium,IN_PROGRESS,Ivr,True
CBK0002540,TXN00010104,USR46321,MCH2065,Grocery,2026-03-04 00:00:00,2026-03-06 00:00:00,,2.0,1912.26,False,Duplicate Debit & Billing,Merchant service was not delivered after payment.,High,IN_PROGRESS,Ivr,True
CBK0001666,TXN00018160,USR11659,MCH6810,Grocery,2026-02-28 00:00:00,2026-03-01 00:00:00,2026-03-17 08:39:00,1.0,482.0,False,Service & Delivery Failure,Complaint received after multiple failed attempts.,Medium,IN_PROGRESS,Chatbot,True
CBK0001340,TXN00001898,USR41763,MCH4190,Grocery,2026-02-25 08:15:11,2026-03-03 00:00:00,2026-03-06 06:15:11,5.656122685185185,638.96,False,Fraud & Account Takeover,Complaint received after multiple failed attempts.,Medium,RESOLVED,Ivr,True
CBK0002616,TXN00000806,USR30612,MCH2757,Grocery,2026-02-10 00:00:00,2026-02-11 03:28:31,2026-03-05 03:28:00,1.1448032407407407,3611.11,False,Service & Delivery Failure,Customer says transaction was not authorized.,Low,RESOLVED,Chatbot,True
CBK0000813,TXN00008478,USR72576,MCH2072,Transportation,2026-03-03 00:00:00,2026-03-08 22:39:44,2026-04-05 00:00:00,5.944259259259259,2598.96,False,Duplicate Debit & Billing,user claims account was compromised before transaction.,Critical,CLOSED,App,True
CBK0000244,TXN00005487,USR31599,MCH6810,Grocery,2026-02-26 00:00:00,2026-03-01 00:00:00,2026-03-08 00:00:00,3.0,5636.77,True,Duplicate Debit & Billing,User claims account was compromised before transaction.,High,CLOSED,Branch,True
CBK0002653,TXN00000675,USR49080,MCH5147,Grocery,2026-02-24 00:00:00,2026-02-25 18:22:00,2026-03-20 00:00:00,1.7652777777777777,3743.54,False,Service & Delivery Failure,Payment made to unknown merchant as per cust statement.,Low,IN_PROGRESS,Ivr,True
CBK0001966,TXN00005813,USR30602,MCH6570,Hotel & Lodging,2026-03-12 21:54:53,2026-03-15 02:54:53,2026-03-30 00:00:00,2.2083333333333335,1708.0,False,Customer General Dispute,Payment made to unknown merchant as per customer statement.,High,CLOSED,Call Center,True
CBK0000687,TXN00005195,USR53215,MCH8519,Hotel & Lodging,2026-03-06 00:00:00,2026-03-07 00:00:00,,1.0,4251.73,False,Customer General Dispute,Customer complaint text unclear due to poor call center notes.,Low,IN_PROGRESS,Call Center,True
CBK0000836,TXN00003340,USR69581,MCH5218,Grocery,2026-01-09 19:59:04,2026-01-25 00:00:00,2026-01-26 00:00:00,15.167314814814814,1823.47,False,Fraud & Account Takeover,customer complaint text unclear due to poor call center notes.,Medium,RESOLVED,Email,True
CBK0001498,TXN00017926,USR98061,MCH5655,Grocery,2026-02-08 06:54:39,2026-02-10 02:54:00,2026-02-20 00:00:00,1.8328819444444444,5338.83,False,Customer General Dispute,Customer complaint text unclear due to poor call center notes.,Low,IN_PROGRESS,Ivr,True
CBK0000710,TXN00012306,USR86472,MCH2032,Hotel & Lodging,2026-02-08 00:00:00,2026-02-09 14:17:35,,1.5955439814814816,-1076.54,False,Service & Delivery Failure,Customer says amount was debited twice.,Low,IN_PROGRESS,Ivr,True
CBK0000444,TXN00014743,USR56564,MCH2369,Pharmacy,2026-02-22 00:00:00,2026-02-26 00:00:00,,4.0,-1382.96,False,Fraud & Account Takeover,Customer says transaction was not authorized.,Medium,IN_PROGRESS,Chatbot,True
CBK0002153,TXN00034179,USR47114,MCH8849,Miscellaneous Retail,,2026-04-07 00:00:00,2026-04-15 05:48:00,,3258.82,False,Duplicate Debit & Billing,SUSPICIOUS HIGH-VALUE PAYMENT DISPUTED BY CUSTOMER.,Critical,IN_PROGRESS,Call Center,False
CBK0000839,TXN00014620,USR55888,MCH8779,Hotel & Lodging,2026-03-20 00:00:00,2026-03-30 00:00:00,2026-04-14 00:00:00,10.0,501.3,False,Fraud & Account Takeover,Customer says amount was debited twice.,Medium,RESOLVED,Chatbot,True
CBK0002121,TXN00013687,USR26337,MCH2065,Miscellaneous Retail,2026-02-04 00:00:00,2026-02-05 00:00:00,2026-02-22 00:00:00,1.0,506.18,False,Service & Delivery Failure,USER SAYS UPI PIN WAS NOT ENTERED BY THEM.,High,IN_PROGRESS,Ivr,True
CBK0002600,TXN00095920,USR42158,MCH8602,Grocery,2026-02-06 12:50:00,2026-02-13 18:50:00,2026-02-21 18:50:00,7.25,45384.61,False,Fraud & Account Takeover,Merchant service was not delivered after payment.,High,CLOSED,Chatbot,False
CBK0001527,TXN00044508,USR35882,MCH5076,Miscellaneous Retail,2026-03-24 00:00:00,2026-04-01 00:00:00,,8.0,,False,Fraud & Account Takeover,Customer says transaction was not authorized. details missing,High,RESOLVED,App,False
CBK0000399,TXN00003924,USR85504,MCH7005,Transportation,2026-01-08 00:00:00,,2026-01-16 00:00:00,,2479.92,False,Fraud & Account Takeover,Complaint received after multiple failed attempts.,Medium,RESOLVED,Email,True
CBK0000708,TXN00014452,USR24775,MCH2757,Grocery,2026-02-17 00:00:00,2026-02-20 21:31:31,2026-03-15 00:00:00,3.896886574074074,-798.72,False,Service & Delivery Failure,Suspicious high-value payment disputed by customer.,Low,REJECTED,Ivr,True
CBK0000485,TXN00016648,USR27340,MCH3100,Hotel & Lodging,2026-01-16 15:36:13,2026-01-19 00:00:00,2026-01-31 00:00:00,2.349849537037037,1142.0,False,Customer General Dispute,Complaint received after multiple failed attempts.,Medium,IN_PROGRESS,Call Center,True
CBK0001355,TXN00002926,USR49477,MCH5714,Transportation,2026-03-08 18:59:00,2026-03-19 00:00:00,,10.209027777777777,6014.84,False,Service & Delivery Failure,User reports money deducted but merchant denies receiving payment.,High,REJECTED,Ivr,True
CBK0002468,TXN00004673,USR45477,MCH4469,Apparel,2026-03-14 23:12:19,2026-03-22 16:12:19,2026-04-13 00:00:00,7.708333333333333,3382.78,False,Fraud & Account Takeover,Payment made to unknown merchant as per customer statement.,Low,CLOSED,Email,True
CBK0002672,TXN00014672,USR51854,MCH2993,Pharmacy,2026-02-20 00:00:00,2026-02-22 00:00:00,2026-03-08 09:32:00,2.0,1817.11,False,Fraud & Account Takeover,Customer says transaction was not authorized.,High,IN_PROGRESS,Email,True
CBK0001013,TXN00096416,USR33841,MCH9291,Apparel,2026-01-17 07:44:00,2026-01-20 22:44:00,2026-02-14 00:00:00,3.625,5544.6,False,Customer General Dispute,User reports money deducted but merchant denies receiving payment.,Medium,IN_PROGRESS,Call Center,False
CBK0002150,TXN00013524,USR74666,MCH8154,Pharmacy,2026-01-31 00:00:00,2026-02-07 00:00:00,2026-03-04 00:00:00,7.0,2142.84,False,Fraud & Account Takeover,Customer says transaction was not authorized.,Low,IN_PROGRESS,Ivr,True
CBK0001411,TXN00011455,USR24660,MCH3964,Restaurant,2026-02-02 22:05:00,2026-03-05 00:00:00,,30.07986111111111,3012.1,False,Fraud & Account Takeover,PAYMENT MADE TO UNKNOWN MERCHANT AS PER CUSTOMER STATEMENT.,Low,IN_PROGRESS,Call Center,True
CBK0002646,TXN00007962,USR17493,MCH3415,Grocery,2026-01-06 03:01:00,2026-02-05 00:00:00,2026-02-26 16:01:00,29.874305555555555,875.42,False,Duplicate Debit & Billing,user says upi pin was not entered by them.,Critical,CLOSED,Ivr,True
CBK0001852,TXN00017893,USR27328,MCH3100,Pharmacy,2026-01-03 00:00:00,2026-01-04 08:34:57,2026-01-27 00:00:00,1.3576041666666667,4556.84,False,Duplicate Debit & Billing,User claims account was compromised before transaction.,Low,IN_PROGRESS,Ivr,True
CBK0001453,TXN00012893,USR52532,MCH2931,Miscellaneous Retail,2026-03-06 07:48:50,,2026-03-30 00:00:00,,-1558.33,False,Duplicate Debit & Billing,Complaint received after multiple failed attempts. details missing,Low,REJECTED,Ivr,True
CBK0002693,,USR66470,MCH7690,Miscellaneous Retail,2026-02-02 05:38:00,2026-02-17 00:00:00,2026-02-28 15:38:40,14.765277777777778,1231.18,False,Fraud & Account Takeover,customer complaint text unclear due to poor call center notes.,Medium,IN_PROGRESS,Chatbot,False
CBK0001695,TXN00007159,USR91996,MCH6645,Restaurant,,2026-03-03 14:25:14,,,1034.0,False,Fraud & Account Takeover,Customer says transaction was not authorized. call dropped,Low,IN_PROGRESS,App,True
CBK0001743,TXN00005081,USR55177,MCH3198,Transportation,2026-01-10 00:00:00,2026-01-21 00:00:00,,11.0,782.28,False,Fraud & Account Takeover,User says UPI PIN was not entered by them. NA,Low,RESOLVED,Chatbot,True
CBK0002656,TXN00003111,USR97954,MCH1274,Grocery,2026-01-02 00:00:00,2026-01-04 00:00:00,2026-01-11 00:00:00,2.0,1858.78,False,Fraud & Account Takeover,Customer says transaction was not authorized.,Low,CLOSED,App,True
CBK0001196,TXN00016378,USR64980,MCH2065,Hotel & Lodging,2026-02-28 14:57:09,2026-03-02 21:57:09,,2.2916666666666665,403.8,False,Fraud & Account Takeover,Complaint received after multiple failed attempts.,High,IN_PROGRESS,Chatbot,True
CBK0000269,TXN00016915,USR75856,MCH1213,Hotel & Lodging,2026-03-25 00:00:00,2026-03-28 00:00:00,2026-04-25 21:01:00,3.0,886.36,False,Fraud & Account Takeover,Payment made to unknown merchant as per customer statement.,Medium,CLOSED,Ivr,True
CBK0000701,TXN00002775,USR31842,MCH7869,Transportation,2026-01-25 00:00:00,2026-01-30 15:50:18,2026-02-21 00:00:00,5.6599305555555555,6779.18,False,Service & Delivery Failure,Merchant service was not delivered after payment.,Low,IN_PROGRESS,Chatbot,True
CBK0001127,TXN00017229,USR16037,MCH3572,Grocery,,2026-02-28 00:00:00,2026-03-06 00:00:00,,796.1,False,Service & Delivery Failure,Customer says amount was debited twice.,Medium,IN_PROGRESS,Email,True
CBK0000665,TXN00012726,USR82229,MCH6230,Grocery,2026-02-07 00:00:00,2026-02-10 01:03:00,,3.04375,360.49,False,Service & Delivery Failure,Complaint received after multiple failed attempts.,Low,IN_PROGRESS,Branch,True
CBK0000569,TXN00016196,USR24538,MCH2336,Miscellaneous Retail,2026-01-09 00:00:00,2026-01-10 00:00:00,2026-01-17 00:00:00,1.0,-2141.56,False,Customer General Dispute,Suspicious high-value payment disputed by customer.,Medium,IN_PROGRESS,Email,True
CBK0000913,TXN00004115,USR85406,MCH2832,Restaurant,,2026-03-12 00:00:00,,,1495.6,False,Fraud & Account Takeover,Merchant service was not delivered after payment.,Medium,REJECTED,Ivr,True
CBK0000380,TXN00000414,USR57745,MCH6126,Transportation,2026-02-10 00:00:00,2026-02-13 00:00:00,2026-03-13 00:00:00,3.0,806.29,False,Fraud & Account Takeover,user reports money deducted but merchant denies receiving payment.,Low,REJECTED,Call Center,True
CBK0002497,TXN00019914,USR48451,MCH6538,Restaurant,2026-01-21 19:23:00,2026-01-22 00:00:00,2026-01-26 00:00:00,0.19236111111111112,3065.07,False,Service & Delivery Failure,User claims account was compromised before transaction.,Medium,IN_PROGRESS,Ivr,True
CBK0002799,TXN00003221,USR38263,MCH3031,Grocery,,2026-01-30 00:00:00,2026-02-17 00:00:00,,574.0,False,Service & Delivery Failure,Merchant service was not delivered after payment.,Medium,RESOLVED,Email,True
CBK0000317,TXN00005496,USR91453,MCH1988,Restaurant,2026-02-22 00:00:00,2026-03-25 00:00:00,2026-04-15 00:00:00,31.0,8351.08,True,Service & Delivery Failure,Complaint received after multiple failed attempts.,Medium,RESOLVED,Ivr,True
CBK0000582,TXN00006728,USR32162,MCH1074,Restaurant,2026-02-14 00:00:00,2026-02-17 00:00:00,2026-02-22 00:00:00,3.0,1002.59,False,Service & Delivery Failure,Customer says transaction was not authorized.,Critical,IN_PROGRESS,Email,True
CBK0002571,TXN00011546,USR24926,MCH2822,Transportation,2026-01-26 00:00:00,2026-02-03 00:00:00,2026-02-17 00:00:00,8.0,3305.27,False,Duplicate Debit & Billing,Complaint received after multiple failed attempts.,Low,REJECTED,Ivr,True
CBK0001943,TXN00000649,USR47711,MCH1196,Grocery,2026-03-13 00:00:00,2026-04-13 00:00:00,2026-05-11 02:50:07,31.0,1174.17,False,Service & Delivery Failure,user says upi pin was not entered by them.,Medium,IN_PROGRESS,Ivr,True
CBK0001177,TXN00004028,USR95524,MCH7017,Hotel & Lodging,2026-02-06 00:00:00,2026-02-09 00:00:00,2026-03-01 00:00:00,3.0,2255.0,False,Duplicate Debit & Billing,Customer says amount was debited twice.,High,IN_PROGRESS,Ivr,True
CBK0002055,TXN00004686,USR87013,MCH3011,Grocery,2026-01-06 00:33:00,2026-01-07 00:00:00,2026-01-27 00:00:00,0.9770833333333333,1634.47,False,Customer General Dispute,USER CLAIMS ACCOUNT WAS COMPROMISED BEFORE TRANSACTION.,Medium,CLOSED,Call Center,True
CBK0000104,TXN00010908,USR70176,MCH5980,Pharmacy,2026-02-19 00:00:00,2026-02-22 17:53:00,2026-03-09 00:00:00,3.745138888888889,608.69,False,Duplicate Debit & Billing,CUSTOMER SAYS TRANSACTION WAS NOT AUTHORIZED.,Low,REJECTED,Branch,True
CBK0002489,,USR88037,MCH4590,Miscellaneous Retail,2026-03-13 00:00:00,2026-03-09 00:00:00,2026-03-17 00:00:00,-4.0,1315.92,False,Duplicate Debit & Billing,Suspicious high-value payment disputed by customer.,Medium,RESOLVED,Chatbot,False
CBK0000154,TXN00011689,USR92364,MCH2569,Pharmacy,2026-03-07 00:00:00,2026-03-14 22:06:34,2026-03-23 00:00:00,7.921226851851852,473.27,False,Service & Delivery Failure,User reports money deducted but merchant denies receiving payment.,Low,REJECTED,Ivr,True
CBK0001635,TXN00008467,USR70836,MCH6914,Transportation,2026-03-11 00:00:00,2026-03-14 10:21:00,2026-03-21 00:00:00,3.43125,-1016.94,False,Fraud & Account Takeover,Customer says amount was debited twice.,Medium,CLOSED,Call Center,True
CBK0002756,TXN00003850,USR52907,MCH1919,Grocery,2026-03-06 00:00:00,2026-04-20 18:06:08,2026-05-12 18:06:08,45.75425925925926,5978.59,False,Duplicate Debit & Billing,Suspicious high-value payment disputed by customer.,Low,REJECTED,Ivr,True
CBK0000892,TXN00019345,USR99727,MCH8400,Grocery,2026-03-06 01:42:03,2026-03-06 00:00:00,,-0.07086805555555556,-393.4,False,Fraud & Account Takeover,Merchant service was not delivered after payment.,Medium,IN_PROGRESS,Branch,True
CBK0000445,TXN00013230,USR28772,MCH3727,Transportation,2026-01-18 00:00:00,2026-01-22 00:00:00,,4.0,1323.41,False,Service & Delivery Failure,customer complaint text unclear due to poor call center notes.,Low,IN_PROGRESS,Chatbot,True
CBK0000845,TXN00009880,USR90298,MCH5574,Restaurant,2026-01-25 22:25:35,2026-01-28 00:00:00,2026-02-11 19:25:35,2.06556712962963,731.59,False,Fraud & Account Takeover,User says UPI PIN was not entered by them.,Critical,CLOSED,Ivr,True
CBK0001262,TXN00010454,USR21439,MCH7751,Grocery,2026-03-15 00:00:00,2026-03-30 22:30:00,2026-04-11 22:30:00,15.9375,470.39,False,Fraud & Account Takeover,Customer complaint text unclear due to poor call center notes.,Low,RESOLVED,Call Center,True
CBK0000862,TXN00002240,USR25056,MCH6810,Miscellaneous Retail,2026-03-23 00:00:00,2026-03-26 00:00:00,2026-04-21 10:54:00,3.0,401.02,False,Duplicate Debit & Billing,User claims account was compromised before transaction.,Medium,CLOSED,Call Center,True
CBK0000981,TXN00009791,USR68023,MCH2433,Restaurant,2026-01-11 00:00:00,2026-01-14 00:00:00,2026-01-22 00:00:00,3.0,807.97,False,Duplicate Debit & Billing,Payment made to unknown merchant as per customer statement.,Low,CLOSED,Ivr,True
CBK0001975,TXN00019834,USR32424,MCH5954,Hotel & Lodging,2026-01-11 00:00:00,2026-01-14 00:00:00,2026-02-06 00:00:00,3.0,41457.94,False,Fraud & Account Takeover,Customer says amount was debited twice.,Low,RESOLVED,Branch,True
CBK0001523,TXN00010463,USR76129,MCH3006,Grocery,2026-01-15 00:00:00,2026-01-23 03:12:56,,8.13398148148148,24351.04,True,Fraud & Account Takeover,Customer says amount was debited twice.,Medium,IN_PROGRESS,Call Center,True
CBK0000671,TXN00004668,USR54740,MCH4646,Grocery,,2026-03-18 13:09:02,2026-03-22 00:00:00,,20972.96,True,Customer General Dispute,Customer says amount was debited twice.,Medium,CLOSED,Ivr,True
CBK0001669,TXN00017590,USR41522,MCH4473,Grocery,2026-01-27 08:27:52,2026-01-29 00:00:00,2026-02-27 00:00:00,1.647314814814815,740.63,False,Duplicate Debit & Billing,Complaint received after multiple failed attempts.,Medium,IN_PROGRESS,Call Center,True
CBK0001823,,USR32406,MCH8595,Miscellaneous Retail,2026-02-13 04:08:53,2026-02-16 21:08:53,2026-03-10 00:00:00,3.7083333333333335,3940.26,False,Duplicate Debit & Billing,Customer complaint text unclear due to poor call center notes.,Low,IN_PROGRESS,Email,False
CBK0001608,TXN00019683,USR20968,MCH4899,Grocery,2026-02-14 00:00:00,2026-03-02 15:14:00,2026-03-11 00:00:00,16.634722222222223,-363.03,False,Customer General Dispute,USER REPORTS MONEY DEDUCTED BUT MERCHANT DENIES RECEIVING PAYMENT.,Medium,IN_PROGRESS,Email,True
CBK0000198,TXN00019042,USR16744,MCH8391,Books & Stationery,2026-02-22 00:00:00,2026-03-25 15:25:13,2026-04-24 15:25:13,31.642511574074074,1241.09,False,Fraud & Account Takeover,User says UPI PIN was not entered by them.,Medium,CLOSED,Ivr,True
CBK0000573,TXN00005006,USR65253,MCH5655,Hotel & Lodging,2026-01-04 00:00:00,2026-01-07 00:00:00,2026-01-22 00:00:00,3.0,216.3,False,Fraud & Account Takeover,Suspicious high-value payment disputed by customer.,Low,IN_PROGRESS,Chatbot,True
CBK0000621,TXN00059284,USR96201,MCH6056,Transportation,2026-01-12 09:54:00,2026-01-15 00:00:00,,2.5875,1857.0,False,Fraud & Account Takeover,Customer says transaction was not authorized.,Medium,REJECTED,Branch,False
CBK0002266,TXN00009068,USR70505,MCH8037,Grocery,2026-03-25 00:00:00,2026-03-20 00:00:00,2026-03-31 00:00:00,-5.0,1500.0,False,Fraud & Account Takeover,complaint received after multiple failed attempts.,High,RESOLVED,Ivr,True
CBK0000786,TXN00000679,USR22762,MCH2342,Grocery,2026-03-14 00:00:00,2026-03-15 07:28:00,2026-04-02 00:00:00,1.3111111111111111,4474.08,False,Fraud & Account Takeover,payment made to unknown merchant as per customer statement.,High,IN_PROGRESS,Ivr,True
CBK0002074,TXN00000823,USR21224,MCH2266,Grocery,2026-03-15 05:37:00,2026-03-17 04:37:11,,1.9584606481481481,4418.82,False,Customer General Dispute,CUSTOMER SAYS AMOUNT WAS DEBITED TWICE.,Medium,IN_PROGRESS,App,True
CBK0000463,TXN00017663,USR67399,MCH7286,Grocery,2026-01-11 00:00:00,2026-01-17 00:24:23,2026-02-03 00:00:00,6.01693287037037,8257.96,False,Service & Delivery Failure,Customer says amount was debited twice.,High,IN_PROGRESS,Ivr,True
CBK0001768,,USR27328,MCH9291,Apparel,2026-01-03 00:00:00,2026-01-09 00:00:00,,6.0,7478.21,False,Duplicate Debit & Billing,Suspicious high-value payment disputed by customer.,Medium,RESOLVED,Ivr,False
CBK0002458,TXN00016001,USR25348,MCH7859,Transportation,2026-02-15 15:36:38,2026-02-20 00:00:00,2026-03-06 15:36:38,4.349560185185185,992.78,False,Fraud & Account Takeover,Payment made to unknown merchant as per customer statement.,Medium,RESOLVED,Chatbot,True
CBK0002584,TXN00014405,USR78603,MCH8391,Grocery,2026-01-17 00:00:00,,2026-02-03 03:04:42,,6441.32,False,Customer General Dispute,Customer says amount was debited twice.,Low,CLOSED,Ivr,True
CBK0000885,TXN00005367,USR25239,MCH2903,Miscellaneous Retail,,2026-01-29 00:00:00,,,734.0,False,Customer General Dispute,Complaint received after multiple failed attempts.,Low,RESOLVED,Ivr,True
CBK0000395,TXN00019343,USR25559,MCH6850,Hotel & Lodging,2026-02-14 00:00:00,2026-02-17 08:20:00,,3.3472222222222223,4178.65,False,Duplicate Debit & Billing,Customer says amount was debited twice.,Critical,IN_PROGRESS,Call Center,True
CBK0002791,TXN00015597,USR82439,MCH6037,Transportation,2026-01-19 00:00:00,2026-01-24 00:00:00,2026-02-20 00:00:00,5.0,5141.83,False,Fraud & Account Takeover,complaint received after multiple failed attempts.,Low,CLOSED,Call Center,True
CBK0002669,TXN00019872,USR24991,MCH4473,Pharmacy,2026-02-28 00:00:00,2026-03-10 00:00:00,2026-03-27 12:32:00,10.0,2597.87,False,Duplicate Debit & Billing,User says UPI PIN was not entered by them.,Medium,IN_PROGRESS,Chatbot,True
CBK0001044,TXN00017041,USR46644,MCH2822,Transportation,2026-03-16 00:00:00,2026-03-17 00:00:00,,1.0,-768.89,False,Fraud & Account Takeover,PAYMENT MADE TO UNKNOWN MERCHANT AS PER CUSTOMER STATEMENT.,High,IN_PROGRESS,Chatbot,True
CBK0000014,TXN00006433,USR59260,MCH7254,Grocery,2026-03-17 00:00:00,2026-03-24 00:00:00,2026-03-30 00:00:00,7.0,468.43,False,Fraud & Account Takeover,User says UPI PIN was not entered by them.,High,RESOLVED,Branch,True
CBK0000546,TXN00015015,USR64208,MCH3613,Hotel & Lodging,2026-03-19 10:37:17,2026-03-21 07:37:17,2026-04-12 07:37:17,1.875,1247.41,False,Fraud & Account Takeover,User reports money deducted but merchant denies receiving payment.,Medium,CLOSED,Chatbot,True
CBK0000365,TXN00050079,USR19852,MCH7962,Miscellaneous Retail,2026-01-09 00:00:00,2026-01-10 21:54:00,2026-01-26 00:00:00,1.9125,2659.07,False,Fraud & Account Takeover,Customer complaint text unclear due to poor call center notes.,Low,IN_PROGRESS,Ivr,False
CBK0000052,TXN00002289,USR12120,MCH6097,Grocery,2026-02-03 19:27:00,2026-02-06 16:27:24,,2.875277777777778,397.0,False,Duplicate Debit & Billing,Customer complaint text unclear due to poor call center notes.,Low,CLOSED,Branch,True
CBK0002106,TXN00000751,USR78076,MCH4328,Grocery,2026-02-04 00:00:00,2026-02-06 00:00:00,,2.0,3107.33,False,Fraud & Account Takeover,Complaint received after multiple failed attempts.,Medium,IN_PROGRESS,App,True
CBK0001518,TXN00015930,USR24159,MCH7364,Grocery,2026-02-10 00:00:00,2026-02-11 00:00:00,,1.0,8611.05,False,Service & Delivery Failure,User says UPI PIN was not entered by them.,Low,RESOLVED,App,True
CBK0001873,TXN00015156,USR14556,MCH4153,Grocery,2026-03-30 00:00:00,2026-04-10 00:00:00,,11.0,743.67,False,Service & Delivery Failure,Customer complaint text unclear due to poor call center notes.,Low,IN_PROGRESS,Chatbot,True
CBK0002145,TXN00013507,USR12300,MCH1320,Transportation,2026-01-03 15:18:11,2026-01-08 00:00:00,2026-01-31 00:00:00,4.362372685185186,384.66,False,Duplicate Debit & Billing,user reports money deducted but merchant denies receiving payment.,Medium,IN_PROGRESS,Ivr,True
CBK0000346,TXN00019000,USR70482,MCH9834,Hotel & Lodging,2026-01-07 00:00:00,,2026-03-01 10:53:00,,595.88,False,Service & Delivery Failure,Complaint received after multiple failed attempts.,Low,REJECTED,Ivr,True
CBK0000518,TXN00019651,USR43011,MCH8391,Grocery,2026-02-17 08:25:20,2026-02-13 00:00:00,2026-03-07 00:00:00,-4.350925925925926,7485.82,False,Fraud & Account Takeover,USER SAYS UPI PIN WAS NOT ENTERED BY THEM.,High,REJECTED,Ivr,True
CBK0001990,TXN00013175,USR40088,MCH2076,Pharmacy,2026-03-29 13:19:19,2026-04-13 15:19:00,,15.083113425925927,917.0,False,Fraud & Account Takeover,User says UPI PIN was not entered by them.,High,IN_PROGRESS,Email,True
CBK0000392,TXN00012439,USR38698,MCH3682,Pharmacy,2026-02-09 00:00:00,2026-02-11 00:00:00,,2.0,1778.59,False,Service & Delivery Failure,Suspicious high-value payment disputed by customer.,Medium,REJECTED,Ivr,True
CBK0001163,TXN00015098,USR22550,MCH3992,Grocery,2026-01-03 07:07:35,2026-01-06 00:00:00,2026-01-28 08:07:35,2.7030671296296296,862.23,False,Duplicate Debit & Billing,User reports money deducted but merchant denies receiving payment.,Low,IN_PROGRESS,Email,True
CBK0000271,TXN00002677,USR94094,MCH6810,Restaurant,2026-01-07 08:03:00,,2026-01-30 00:00:00,,-12852.7,False,Customer General Dispute,Payment made to unknown merchant as per customer statement.,Medium,IN_PROGRESS,Email,True
CBK0001550,TXN00019667,USR69706,MCH1489,Transportation,2026-03-16 00:00:00,2026-03-17 23:14:00,2026-03-30 00:00:00,1.9680555555555554,11916.0,True,Customer General Dispute,Complaint received after multiple failed attempts.,Medium,IN_PROGRESS,Chatbot,True
CBK0001538,TXN00007658,USR99769,MCH5655,Miscellaneous Retail,,2026-03-12 00:00:00,2026-03-14 00:00:00,,-2100.66,False,Customer General Dispute,Payment made to unknown merchant as per customer statement.,Medium,IN_PROGRESS,App,True
CBK0002298,TXN00017266,USR66122,MCH2822,Grocery,2026-01-20 01:05:38,2026-01-30 00:00:00,,9.954421296296296,260.19,False,Fraud & Account Takeover,User says UPI PIN was not entered by them.,High,IN_PROGRESS,App,True
CBK0001034,TXN00017915,USR65211,MCH7357,Grocery,2026-02-02 00:00:00,2026-02-08 00:00:00,2026-03-07 06:28:19,6.0,1532.42,False,Service & Delivery Failure,Customer complaint text unclear due to poor call center notes. urgent,Medium,REJECTED,Ivr,True
CBK0001526,TXN00000871,USR45479,MCH8259,Transportation,2026-01-04 07:14:00,2026-01-11 00:00:00,,6.698611111111111,589.34,False,Customer General Dispute,customer says transaction was not authorized.,Critical,RESOLVED,Email,True
CBK0002297,TXN00013147,USR10842,MCH2327,Grocery,2026-03-29 08:55:00,2026-04-02 00:00:00,,3.6284722222222223,4819.26,False,Fraud & Account Takeover,Complaint received after multiple failed attempts.,Low,IN_PROGRESS,Call Center,True
CBK0001810,TXN00004960,USR99526,MCH3990,Department Store,2026-03-28 00:00:00,2026-04-27 22:27:53,2026-05-02 00:00:00,30.936030092592592,1327.87,False,Service & Delivery Failure,User says UPI PIN was not entered by them.,Low,CLOSED,App,True
CBK0000684,TXN00017791,USR21714,MCH2319,Grocery,2026-02-12 00:00:00,2026-02-20 00:00:00,2026-03-07 00:00:00,8.0,2658.78,False,Fraud & Account Takeover,user claims account was compromised before transaction.,Medium,IN_PROGRESS,Email,True
CBK0002500,TXN00001461,USR25808,MCH6058,Grocery,2026-03-13 00:00:00,,2026-03-16 00:00:00,,740.03,False,Duplicate Debit & Billing,Merchant service was not delivered after payment. details missing,Medium,IN_PROGRESS,Chatbot,True
CBK0000962,,USR21384,MCH8160,Apparel,2026-03-09 00:00:00,2026-03-12 00:00:00,2026-03-25 00:00:00,3.0,6282.15,False,Fraud & Account Takeover,Customer says amount was debited twice. pls check asap,Medium,CLOSED,Chatbot,False
CBK0001781,TXN00007749,USR87914,MCH9316,Grocery,2026-03-31 00:00:00,2026-04-07 00:00:00,,7.0,1287.86,False,Duplicate Debit & Billing,User reports money deducted but merchant denies receiving payment.,High,IN_PROGRESS,Email,True
CBK0001231,TXN00001392,USR68023,MCH4246,Restaurant,2026-01-14 05:07:55,2026-01-16 18:07:55,2026-02-04 00:00:00,2.5416666666666665,508.21,False,Service & Delivery Failure,Merchant service was not delivered after payment.,Medium,IN_PROGRESS,App,True
CBK0001832,TXN00095203,USR76886,MCH4590,Miscellaneous Retail,2026-02-10 00:00:00,2026-02-13 00:00:00,2026-03-02 06:18:49,3.0,3668.05,False,Duplicate Debit & Billing,Complaint received after multiple failed attempts.,High,IN_PROGRESS,Ivr,False
CBK0001393,TXN00004549,USR66391,MCH2802,Pharmacy,2026-03-10 00:00:00,2026-03-16 00:00:00,2026-04-02 00:00:00,6.0,1639.85,False,Duplicate Debit & Billing,Customer complaint text unclear due to poor call center notes.,High,IN_PROGRESS,Chatbot,True
CBK0001633,,USR69513,MCH6502,Miscellaneous Retail,,2026-02-18 00:00:00,2026-02-27 00:00:00,,2553.0,False,Fraud & Account Takeover,Payment made to unknown merchant as per customer statement.,High,IN_PROGRESS,App,False
CBK0000555,TXN00010709,USR61652,MCH3388,Transportation,2026-03-01 00:00:00,2026-03-04 00:00:00,2026-03-21 00:00:00,3.0,372.66,False,Service & Delivery Failure,customer complaint text unclear due to poor call center notes.,Medium,CLOSED,Call Center,True
CBK0002452,TXN00016739,USR87040,MCH8521,Transportation,2026-01-31 00:00:00,2026-02-06 14:44:00,2026-02-15 14:44:00,6.613888888888889,10606.78,False,Fraud & Account Takeover,User reports money deducted but merchant denies receiving payment.,Low,IN_PROGRESS,Call Center,True
CBK0002410,TXN00010646,USR89422,MCH7235,Transportation,2026-02-06 00:00:00,2026-02-11 00:00:00,2026-02-11 00:00:00,5.0,12234.17,False,Service & Delivery Failure,Customer complaint text unclear due to poor call center notes.,Low,IN_PROGRESS,Chatbot,True
CBK0001429,TXN00002466,USR67833,MCH9464,Hotel & Lodging,2026-03-31 00:00:00,2026-04-03 00:00:00,2026-04-22 00:00:00,3.0,3099.92,False,Fraud & Account Takeover,User says UPI PIN was not entered by them.,Critical,RESOLVED,Branch,True
CBK0001612,TXN00014722,USR65193,MCH2065,Restaurant,2026-01-19 00:00:00,2026-01-22 11:17:44,2026-02-04 11:17:44,3.470648148148148,336.91,False,Fraud & Account Takeover,Complaint received after multiple failed attempts.,Medium,IN_PROGRESS,Chatbot,True
CBK0001102,TXN00011957,USR73976,MCH5980,Pharmacy,2026-03-24 00:49:47,2026-03-25 15:49:00,,1.6244560185185186,3402.48,False,Fraud & Account Takeover,Customer says amount was debited twice.,Low,IN_PROGRESS,Ivr,True
CBK0001642,TXN00010479,USR22574,MCH9738,Grocery,2026-01-16 00:00:00,2026-01-18 02:57:54,2026-02-17 02:57:54,2.1235416666666667,3691.3,False,Fraud & Account Takeover,Customer says transaction was not authorized.,Medium,CLOSED,Email,True
CBK0002208,TXN00006710,USR27567,MCH1708,Restaurant,2026-03-03 00:00:00,,2026-03-23 12:32:00,,12811.39,False,Duplicate Debit & Billing,Customer says transaction was not authorized.,High,REJECTED,Ivr,True
CBK0002081,TXN00007014,USR43464,MCH9155,Books & Stationery,2026-01-12 00:00:00,2026-01-14 11:53:14,2026-01-17 00:00:00,2.495300925925926,1748.13,False,Customer General Dispute,User reports money deducted but merchant denies receiving payment.,Low,IN_PROGRESS,Ivr,True
CBK0002643,TXN00011560,USR74311,MCH9291,Transportation,2026-01-06 16:33:45,2026-01-22 11:33:45,2026-02-05 00:00:00,15.791666666666666,2932.55,False,Service & Delivery Failure,Complaint received after multiple failed attempts.,High,REJECTED,Chatbot,True
CBK0001100,TXN00058495,USR57427,MCH5101,Miscellaneous Retail,2026-03-19 00:00:00,2026-04-04 00:00:00,,16.0,543.72,False,Duplicate Debit & Billing,Merchant service was not delivered after payment.,High,REJECTED,Chatbot,False
CBK0000016,TXN00013636,USR71660,MCH4806,Hotel & Lodging,2026-03-19 18:06:00,2026-03-22 07:06:10,2026-03-24 00:00:00,2.5417824074074074,8898.0,False,Customer General Dispute,payment made to unknown merchant as per customer statement.,Medium,RESOLVED,Branch,True
CBK0002228,TXN00018314,USR71704,MCH3815,Apparel,2026-03-20 17:55:00,2026-03-21 12:55:00,2026-04-07 00:00:00,0.7916666666666666,1635.13,False,Service & Delivery Failure,Merchant service was not delivered after payment.,Medium,IN_PROGRESS,Branch,True
CBK0001211,,USR53527,MCH4848,Apparel,2026-03-27 00:00:00,2026-03-29 12:22:56,2026-04-11 00:00:00,2.515925925925926,988.08,False,Fraud & Account Takeover,Complaint received after multiple failed attempts.,High,IN_PROGRESS,App,False
CBK0001447,TXN00015239,USR59920,MCH4650,Grocery,2026-02-17 00:00:00,2026-02-19 00:00:00,2026-02-19 00:00:00,2.0,10770.37,False,Duplicate Debit & Billing,User says UPI PIN was not entered by them.,Low,IN_PROGRESS,Branch,True
CBK0001476,TXN00009355,USR74753,MCH9250,Restaurant,,2026-01-17 07:44:00,2026-01-18 00:00:00,,2786.42,False,Duplicate Debit & Billing,User reports money deducted but merchant denies receiving payment.,Medium,RESOLVED,Ivr,True
CBK0002292,TXN00014118,USR56014,MCH1692,Hotel & Lodging,2026-01-06 00:00:00,2026-01-07 00:00:00,2026-01-29 00:00:00,1.0,3230.0,False,Duplicate Debit & Billing,Merchant service was not delivered after payment.,Medium,REJECTED,Chatbot,True
CBK0001345,TXN00016061,USR71319,MCH7074,Pharmacy,2026-01-02 00:00:00,2026-01-05 00:00:00,2026-01-24 00:00:00,3.0,-3106.54,False,Service & Delivery Failure,USER SAYS UPI PIN WAS NOT ENTERED BY THEM.,Medium,REJECTED,Ivr,True
CBK0001200,TXN00008369,USR34652,MCH1854,Transportation,2026-03-09 13:02:31,2026-03-10 00:00:00,2026-03-13 00:00:00,0.45658564814814817,690.97,False,Fraud & Account Takeover,Payment made to unknown merchant as per cust statement.,Medium,IN_PROGRESS,Call Center,True
CBK0000280,TXN00006257,USR14813,MCH5918,Pharmacy,,2026-01-05 00:00:00,2026-01-30 01:29:00,,350.52,False,Service & Delivery Failure,User says UPI PIN was not entered by them.,Medium,CLOSED,Email,True
CBK0001354,TXN00014155,USR29864,MCH9709,Restaurant,2026-02-01 00:00:00,2026-02-06 00:00:00,2026-02-19 00:00:00,5.0,2193.93,False,Duplicate Debit & Billing,Customer says amount was debited twice.,Medium,RESOLVED,Email,True
CBK0001015,TXN00016813,USR32994,MCH3718,Grocery,2026-03-06 17:47:01,,,,9012.82,False,Duplicate Debit & Billing,User reports money deducted but merchant denies receiving payment.,High,IN_PROGRESS,Branch,True
CBK0002601,TXN00008048,USR47942,MCH3036,Telecom,2026-02-07 03:19:43,2026-02-10 00:00:00,2026-03-04 00:00:00,2.8613078703703705,7477.0,False,Fraud & Account Takeover,Payment made to unknown merchant as per customer statement.,High,IN_PROGRESS,Ivr,True
CBK0001159,TXN00004247,USR78862,MCH9098,Miscellaneous Retail,2026-01-30 00:00:00,,,,1908.75,False,Service & Delivery Failure,Merchant service was not delivered after payment. NA,Medium,IN_PROGRESS,Chatbot,True
CBK0000535,TXN00013922,USR57069,MCH3346,Grocery,2026-02-27 00:00:00,2026-03-04 00:00:00,2026-03-12 22:10:12,5.0,1204.8,True,Fraud & Account Takeover,Customer complaint text unclear due to poor call center notes.,Medium,IN_PROGRESS,App,True
CBK0000581,TXN00007551,USR73632,MCH8435,Transportation,2026-01-11 00:00:00,2026-01-14 00:00:00,2026-01-28 00:00:00,3.0,1887.02,False,Duplicate Debit & Billing,merchant service was not delivered after payment.,Medium,RESOLVED,Chatbot,True
CBK0002148,TXN00006250,USR11419,MCH4680,Transportation,2026-01-28 00:26:31,2026-01-29 00:00:00,2026-02-26 00:00:00,0.9815856481481482,836.39,False,Customer General Dispute,Payment made to unknown merchant as per customer statement.,Low,IN_PROGRESS,Chatbot,True
CBK0001882,TXN00001309,USR58639,MCH2755,Grocery,2026-01-27 00:00:00,2026-01-29 03:01:00,,2.1256944444444446,8492.86,True,Fraud & Account Takeover,suspicious high-value payment disputed by customer.,High,IN_PROGRESS,Email,True
CBK0000659,TXN00017737,USR53527,MCH3861,Telecom,2026-02-11 00:00:00,2026-02-16 00:00:00,2026-02-28 23:40:00,5.0,1419.1,False,Customer General Dispute,Payment made to unknown merchant as per customer statement.,Critical,CLOSED,Chatbot,True
CBK0001128,TXN00007988,USR69706,MCH2973,Pharmacy,2026-01-11 00:00:00,2026-01-17 00:00:00,,6.0,1309.6,False,Fraud & Account Takeover,Merchant service was not delivered after payment.,Low,RESOLVED,Ivr,True
CBK0001019,TXN00010667,USR25121,MCH5175,Grocery,2026-03-01 00:00:00,2026-03-02 09:12:00,2026-03-16 09:12:00,1.3833333333333333,276.61,False,Customer General Dispute,Complaint received after multiple failed attempts.,Low,IN_PROGRESS,Email,True
CBK0002025,TXN00011048,USR73065,MCH3751,Pharmacy,2026-02-09 00:00:00,2026-02-11 00:00:00,2026-03-11 00:00:00,2.0,946.11,False,Customer General Dispute,Suspicious high-value payment disputed by customer.,Low,CLOSED,App,True
CBK0000548,TXN00010219,USR53771,MCH4421,Pharmacy,2026-03-03 00:00:00,2026-03-06 00:00:00,2026-03-23 00:00:00,3.0,9344.29,False,Fraud & Account Takeover,customer says transaction was not authorized.,High,IN_PROGRESS,Chatbot,True
CBK0001720,TXN00009955,USR71375,MCH7982,Transportation,2026-03-04 05:18:00,2026-03-11 00:00:00,,6.779166666666667,2132.38,False,Service & Delivery Failure,user claims account was compromised before transaction.,Medium,IN_PROGRESS,Chatbot,True
CBK0002283,TXN00010523,USR84010,MCH6886,Grocery,2026-02-22 02:27:40,2026-02-25 00:00:00,,2.897453703703704,907.87,False,Duplicate Debit & Billing,Customer complaint text unclear due to poor call center notes.,High,IN_PROGRESS,App,True
CBK0000008,TXN00010497,USR15241,MCH2822,Pharmacy,2026-02-10 00:00:00,2026-02-15 00:00:00,2026-02-16 00:00:00,5.0,1549.8,False,Fraud & Account Takeover,Merchant service was not delivered after payment.,Medium,IN_PROGRESS,Chatbot,True
CBK0000850,TXN00013581,USR49649,MCH8251,Restaurant,2026-01-09 00:00:00,2026-01-09 22:29:08,2026-01-24 22:29:00,0.9368981481481482,162.44,False,Fraud & Account Takeover,Payment made to unknown merchant as per customer statement.,Low,CLOSED,Chatbot,True
CBK0002122,TXN00015416,USR51198,MCH5655,Transportation,2026-02-07 00:00:00,2026-02-09 00:00:00,,2.0,4100.6,False,Duplicate Debit & Billing,Merchant service was not delivered after payment.,Low,REJECTED,Email,True
CBK0002649,TXN00007227,USR18102,MCH8436,Transportation,2026-03-03 00:00:00,2026-03-06 08:40:00,2026-03-15 00:00:00,3.361111111111111,3120.43,False,Service & Delivery Failure,Payment made to unknown merchant as per customer statement.,Medium,REJECTED,Email,True
CBK0002301,TXN00016200,USR35882,MCH8547,Apparel,2026-01-20 15:12:31,2026-01-22 03:12:00,2026-02-07 00:00:00,1.4996412037037037,1071.38,False,Service & Delivery Failure,Suspicious high-value payment disputed by customer.,High,CLOSED,Email,True
CBK0001793,TXN00004370,USR75457,MCH8779,Grocery,2026-01-24 00:00:00,2026-01-30 00:00:00,2026-02-16 00:00:00,6.0,733.59,False,Fraud & Account Takeover,user claims account was compromised before transaction.,Medium,IN_PROGRESS,Ivr,True
CBK0002022,TXN00011522,USR85266,MCH4641,Restaurant,,,2026-05-01 00:00:00,,1768.79,False,Service & Delivery Failure,User claims account was compromised before transaction.,High,IN_PROGRESS,App,True
CBK0001053,TXN00012989,USR53359,MCH4181,Grocery,2026-02-22 00:00:00,2026-02-28 09:07:48,2026-03-21 00:00:00,6.380416666666667,2439.31,False,Customer General Dispute,Customer says transaction was not authorized.,Low,IN_PROGRESS,Branch,True
CBK0000766,TXN00012205,USR25990,MCH4590,Pharmacy,2026-01-08 15:49:00,,2026-02-09 00:00:00,,2093.79,False,Service & Delivery Failure,Customer complaint text unclear due to poor call center notes.,Medium,IN_PROGRESS,Branch,True
CBK0002308,TXN00006966,USR87795,MCH4912,Grocery,2026-02-11 00:00:00,2026-02-12 20:09:09,2026-02-17 00:00:00,1.8396875,645.29,False,Service & Delivery Failure,Customer says transaction was not authorized.,Medium,IN_PROGRESS,Email,True
CBK0001472,TXN00015404,USR62254,MCH1722,Restaurant,2026-03-29 00:00:00,2026-03-30 00:00:00,2026-03-31 17:46:38,1.0,1356.41,False,Customer General Dispute,user says upi pin was not entered by them.,Low,IN_PROGRESS,App,True
CBK0001737,TXN00035157,USR51742,MCH3992,Miscellaneous Retail,2026-01-22 00:00:00,,,,4673.28,False,Fraud & Account Takeover,Customer says transaction was not authorized.,Critical,CLOSED,App,False
CBK0000416,TXN00011455,USR31649,MCH3367,Restaurant,2026-03-15 00:00:00,2026-03-17 00:00:00,2026-03-19 00:00:00,2.0,-5856.29,False,Fraud & Account Takeover,User claims account was compromised before transaction.,Medium,RESOLVED,Branch,True
CBK0001659,TXN00013503,USR75281,MCH8953,Transportation,2026-03-29 00:00:00,2026-04-01 23:21:32,,3.973287037037037,2276.34,False,Service & Delivery Failure,Customer says transaction was not authorized.,Medium,REJECTED,Call Center,True
CBK0001784,TXN00013078,USR21865,MCH5686,Pharmacy,,2026-03-11 16:33:33,2026-03-25 00:00:00,,26923.0,False,Customer General Dispute,Complaint received after multiple failed attempts.,High,IN_PROGRESS,Call Center,True
CBK0001450,TXN00009783,USR83126,MCH9291,Pharmacy,2026-01-24 22:52:00,2026-01-30 00:00:00,2026-02-15 00:00:00,5.0472222222222225,2123.46,False,Duplicate Debit & Billing,User says UPI PIN was not entered by them.,Medium,CLOSED,Chatbot,True
CBK0002715,TXN00004748,USR44569,MCH3100,Pharmacy,2026-02-09 00:00:00,2026-02-09 00:00:00,2026-02-25 00:00:00,0.0,3976.68,False,Service & Delivery Failure,Payment made to unknown merchant as per cust statement.,Low,CLOSED,Email,True
CBK0001083,TXN00012710,USR93300,MCH8278,Hotel & Lodging,2026-03-31 09:56:13,2026-04-04 00:00:00,,3.585960648148148,1691.84,False,Service & Delivery Failure,Customer says transaction was not authorized. NA,Low,IN_PROGRESS,Call Center,True
CBK0001401,TXN00005811,USR43185,MCH1236,Restaurant,2026-02-17 19:01:40,2026-02-18 20:01:40,,1.0416666666666667,636.43,False,Duplicate Debit & Billing,user says upi pin was not entered by them.,Medium,CLOSED,Chatbot,True
CBK0002028,TXN00013363,USR79366,MCH1123,Hotel & Lodging,2026-02-15 00:00:00,,2026-02-27 00:00:00,,740.0,False,Customer General Dispute,User claims account was compromised before transaction.,Low,REJECTED,Chatbot,True
CBK0001705,TXN00019762,USR21831,MCH4473,Grocery,2026-01-29 00:00:00,2026-02-01 11:13:12,2026-02-13 00:00:00,3.4675,978.26,False,Fraud & Account Takeover,User claims account was compromised before transaction.,High,RESOLVED,Email,True
CBK0002651,TXN00011973,USR27533,MCH7670,Department Store,2026-02-16 20:01:15,2026-02-19 15:01:15,2026-02-26 15:01:15,2.7916666666666665,50.0,False,Service & Delivery Failure,Payment made to unknown merchant as per customer statement.,High,IN_PROGRESS,Branch,True
CBK0000233,TXN00018991,USR98336,MCH7031,Restaurant,2026-02-17 00:00:00,2026-02-23 00:00:00,2026-03-23 17:03:00,6.0,5661.32,False,Fraud & Account Takeover,Customer complaint text unclear due to poor call center notes.,Medium,IN_PROGRESS,Ivr,True
CBK0002624,TXN00001580,USR72987,MCH6380,Pharmacy,2026-01-18 00:00:00,2026-01-22 00:00:00,2026-01-25 01:58:32,4.0,19958.58,False,Fraud & Account Takeover,Customer complaint text unclear due to poor call center notes.,Critical,IN_PROGRESS,App,True
CBK0000713,TXN00015731,USR42970,MCH8779,Grocery,2026-02-08 00:00:00,2026-02-11 00:00:00,2026-03-03 18:11:53,3.0,18979.68,True,Customer General Dispute,user says upi pin was not entered by them.,High,IN_PROGRESS,Email,True
CBK0002349,TXN00003229,USR86279,MCH1006,Grocery,2026-02-21 00:00:00,2026-02-26 12:36:19,2026-03-25 00:00:00,5.525219907407408,12194.3,False,Duplicate Debit & Billing,User reports money deducted but merchant denies receiving payment.,Medium,IN_PROGRESS,Chatbot,True
CBK0001368,TXN00017555,USR49364,MCH8953,Grocery,2026-01-24 07:12:30,,2026-02-14 00:00:00,,2069.43,False,Fraud & Account Takeover,user reports money deducted but merchant denies receiving payment.,Low,IN_PROGRESS,Chatbot,True
CBK0002527,TXN00014880,USR22078,MCH5647,Grocery,2026-01-13 00:00:00,,2026-02-02 00:00:00,,3936.04,False,Fraud & Account Takeover,Payment made to unknown merchant as per customer statement.,Medium,RESOLVED,Email,True
CBK0000355,TXN00010372,USR64774,MCH3196,Miscellaneous Retail,2026-03-08 13:27:13,2026-03-23 00:00:00,2026-04-11 00:00:00,14.43943287037037,307.0,False,Fraud & Account Takeover,CUSTOMER SAYS TRANSACTION WAS NOT AUTHORIZED.,Critical,IN_PROGRESS,Ivr,True
CBK0000500,TXN00002450,USR53546,MCH7357,Grocery,2026-01-21 00:00:00,2026-01-23 00:00:00,,2.0,896.7,False,Duplicate Debit & Billing,User claims account was compromised before transaction.,Medium,IN_PROGRESS,Chatbot,True
CBK0000213,TXN00019537,USR55133,MCH1458,Books & Stationery,2026-02-15 00:00:00,2026-02-15 13:11:18,2026-02-15 00:00:00,0.5495138888888889,613.06,False,Customer General Dispute,User reports money deducted but merchant denies receiving payment. NA,Medium,REJECTED,Call Center,True
CBK0000214,TXN00000769,USR93581,MCH6844,Grocery,2026-03-18 00:00:00,,2026-04-06 00:00:00,,509.24,False,Duplicate Debit & Billing,User claims account was compromised before transaction.,Medium,IN_PROGRESS,Ivr,True
CBK0000577,,USR81643,MCH3563,Pharmacy,2026-01-11 04:14:50,2026-01-11 00:00:00,2026-01-29 00:00:00,-0.1769675925925926,,False,Service & Delivery Failure,Customer says transaction was not authorized.,Low,IN_PROGRESS,Branch,False
CBK0001437,TXN00009735,USR48653,MCH3671,Pharmacy,2026-02-04 00:00:00,2026-02-07 00:00:00,2026-02-15 00:00:00,3.0,1222.97,False,Service & Delivery Failure,Customer complaint text unclear due to poor call center notes.,High,IN_PROGRESS,Chatbot,True
CBK0000992,TXN00000272,USR31026,MCH2646,Grocery,2026-01-03 12:44:24,,2026-01-25 00:00:00,,9250.0,False,Fraud & Account Takeover,User claims account was compromised before transaction.,Medium,IN_PROGRESS,Branch,True
CBK0000628,TXN00004074,USR56605,MCH8953,Transportation,2026-02-24 20:57:00,2026-03-02 00:00:00,2026-03-23 00:00:00,5.127083333333333,3617.74,False,Service & Delivery Failure,Payment made to unknown merchant as per customer statement.,Low,REJECTED,Email,True
CBK0001050,TXN00010429,USR33397,MCH2522,Grocery,2026-03-18 20:21:00,2026-05-03 00:00:00,2026-05-16 04:21:08,45.15208333333333,4066.0,False,Duplicate Debit & Billing,Customer complaint text unclear due to poor call center notes.,Low,IN_PROGRESS,Ivr,True
CBK0000364,TXN00017377,USR55664,MCH9309,Grocery,2026-02-02 00:00:00,2026-02-08 04:18:41,2026-02-19 00:00:00,6.179641203703704,9493.15,False,Duplicate Debit & Billing,Customer complaint text unclear due to poor call center notes. call dropped,Medium,IN_PROGRESS,Branch,True
CBK0002272,TXN00008542,USR97580,MCH5904,Hotel & Lodging,2026-01-12 05:13:00,2026-01-14 00:00:00,2026-01-21 00:00:00,1.7826388888888889,16858.06,True,Service & Delivery Failure,Customer says amount was debited twice.,Medium,IN_PROGRESS,Chatbot,True
CBK0000106,TXN00016875,USR34270,MCH7335,Pharmacy,,,2026-04-19 00:00:00,,-570.66,False,Fraud & Account Takeover,Payment made to unknown merchant as per customer statement.,Low,IN_PROGRESS,Chatbot,True
CBK0000848,TXN00000823,USR23460,MCH5954,Grocery,2026-03-30 00:00:00,2026-04-29 00:00:00,2026-05-06 00:00:00,30.0,1982.27,False,Fraud & Account Takeover,Customer says transaction was not authorized.,Low,RESOLVED,Ivr,True
CBK0000506,TXN00018031,USR67892,MCH2770,Pharmacy,2026-01-19 00:00:00,2026-01-22 05:45:24,2026-02-18 00:00:00,3.2398611111111113,-700.6,False,Duplicate Debit & Billing,User reports money deducted but merchant denies receiving payment.,Medium,REJECTED,Call Center,True
CBK0000714,TXN00000238,USR50454,MCH5655,Apparel,2026-02-06 00:00:00,2026-02-07 00:00:00,,1.0,2745.21,False,Fraud & Account Takeover,Suspicious high-value payment disputed by customer.,Medium,IN_PROGRESS,Email,True
CBK0002318,TXN00011955,USR35555,MCH3810,Restaurant,2026-03-22 10:52:40,2026-03-26 00:00:00,,3.546759259259259,-918.61,False,Customer General Dispute,Suspicious high-value payment disputed by customer. call dropped,Low,IN_PROGRESS,App,True
CBK0000557,TXN00012212,USR36059,MCH7684,Restaurant,2026-02-03 00:00:00,2026-02-03 19:12:00,2026-02-09 00:00:00,0.8,2586.86,False,Duplicate Debit & Billing,User reports money deducted but merchant denies receiving payment.,Low,IN_PROGRESS,Branch,True
CBK0001877,TXN00098339,USR15575,MCH5651,Miscellaneous Retail,2026-01-29 20:48:22,2026-01-28 00:00:00,2026-02-04 00:00:00,-1.8669212962962962,194.24,False,Fraud & Account Takeover,User says UPI PIN was not entered by them.,Low,IN_PROGRESS,Chatbot,False
CBK0000601,TXN00017368,USR21789,MCH8779,Restaurant,2026-02-07 00:00:00,2026-02-12 00:00:00,2026-02-26 00:00:00,5.0,24822.0,True,Service & Delivery Failure,Customer complaint text unclear due to poor call center notes.,Medium,IN_PROGRESS,Branch,True
CBK0001786,TXN00091289,USR77896,MCH8389,Restaurant,2026-03-08 00:00:00,2026-03-19 00:00:00,,11.0,954.04,False,Service & Delivery Failure,Complaint received after multiple failed attempts.,Critical,RESOLVED,Branch,False
CBK0000102,TXN00013948,USR79115,MCH3570,Miscellaneous Retail,2026-01-22 00:00:00,2026-01-29 19:15:57,2026-02-16 19:15:57,7.802743055555555,7171.27,False,Customer General Dispute,Payment made to unknown merchant as per customer statement.,Low,IN_PROGRESS,App,True
CBK0000745,TXN00010462,USR47272,MCH8805,Grocery,2026-01-13 00:00:00,2026-01-17 00:35:00,2026-02-03 00:35:16,4.024305555555555,4246.38,False,Fraud & Account Takeover,User reports money deducted but merchant denies receiving payment.,Low,CLOSED,Chatbot,True
CBK0000748,TXN00009850,USR16745,MCH7753,Hotel & Lodging,2026-02-06 07:19:27,2026-02-04 07:19:27,2026-02-21 00:00:00,-2.0,1130.39,False,Fraud & Account Takeover,Customer complaint text unclear due to poor call center notes.,Low,IN_PROGRESS,Email,True
CBK0002478,TXN00016308,USR74358,MCH6401,Transportation,2026-01-14 00:00:00,2026-01-17 21:14:00,2026-01-23 21:14:01,3.8847222222222224,3857.22,False,Fraud & Account Takeover,Suspicious high-value payment disputed by customer.,Low,IN_PROGRESS,Chatbot,True
CBK0002800,TXN00003664,USR55718,MCH3777,Grocery,2026-01-08 06:03:43,2026-01-10 21:03:00,2026-01-31 21:03:00,2.6245023148148148,1000.95,False,Service & Delivery Failure,Customer says amount was debited twice.,Medium,CLOSED,Ivr,True
CBK0002115,TXN00015780,USR98420,MCH7025,Restaurant,2026-01-21 00:00:00,2026-02-06 03:02:02,2026-02-27 00:00:00,16.12641203703704,1404.29,False,Customer General Dispute,User says UPI PIN was not entered by them.,Medium,IN_PROGRESS,Ivr,True
CBK0000948,TXN00019010,USR39487,MCH7891,Pharmacy,2026-02-18 00:00:00,2026-02-13 00:00:00,2026-02-27 00:00:00,-5.0,983.91,False,Fraud & Account Takeover,Payment made to unknown merchant as per customer statement.,Low,IN_PROGRESS,Email,True
CBK0002763,TXN00010243,USR96392,MCH8516,Pharmacy,2026-03-29 07:29:00,2026-03-29 22:29:48,2026-04-14 00:00:00,0.6255555555555555,1043.0,False,Duplicate Debit & Billing,merchant service was not delivered after payment.,Low,RESOLVED,Call Center,True
CBK0001826,TXN00012615,USR61997,MCH4353,Grocery,2026-02-02 00:00:00,2026-02-13 14:10:00,2026-03-03 14:10:36,11.590277777777779,2049.68,False,Fraud & Account Takeover,Suspicious high-value payment disputed by customer.,Medium,IN_PROGRESS,App,True
CBK0000378,TXN00018467,USR80805,MCH5264,Grocery,2026-02-14 00:00:00,,2026-03-15 00:00:00,,688.0,False,Duplicate Debit & Billing,customer says transaction was not authorized.,Medium,IN_PROGRESS,Branch,True
CBK0001134,TXN00017548,USR13243,MCH9359,Hotel & Lodging,2026-03-11 00:00:00,2026-03-13 00:00:00,2026-03-29 00:00:00,2.0,6612.88,False,Duplicate Debit & Billing,User reports money deducted but merchant denies receiving payment.,Medium,RESOLVED,Ivr,True
CBK0001731,TXN00004984,USR87558,MCH9299,Pharmacy,2026-03-31 00:00:00,2026-04-05 00:00:00,,5.0,1369.23,False,Fraud & Account Takeover,User reports money deducted but merchant denies receiving payment.,High,RESOLVED,Chatbot,True
CBK0002574,TXN00017235,USR62800,MCH8945,Miscellaneous Retail,2026-02-08 05:11:43,2026-02-12 02:11:43,2026-02-25 02:11:00,3.875,18567.74,False,Service & Delivery Failure,User says UPI PIN was not entered by them.,Medium,IN_PROGRESS,Ivr,True
CBK0001494,TXN00012935,USR97835,MCH9262,Grocery,2026-01-26 00:00:00,2026-01-27 01:43:00,2026-02-13 00:00:00,1.0715277777777779,7997.0,False,Customer General Dispute,User reports money deducted but merchant denies receiving payment.,Low,IN_PROGRESS,Chatbot,True
CBK0001678,TXN00013912,USR44975,MCH7114,Grocery,2026-01-18 00:00:00,2026-01-19 00:00:00,2026-02-10 00:00:00,1.0,-1478.88,False,Service & Delivery Failure,Customer says amount was debited twice.,High,IN_PROGRESS,Ivr,True
CBK0001643,TXN00000106,USR58071,MCH5954,Hotel & Lodging,2026-02-11 00:00:00,2026-02-19 08:16:00,,8.344444444444445,7755.19,False,Fraud & Account Takeover,Complaint received after multiple failed attempts.,Critical,IN_PROGRESS,Chatbot,True
CBK0000190,TXN00009749,USR32223,MCH5076,Transportation,2026-01-15 00:00:00,2026-01-23 00:00:00,2026-02-02 00:00:00,8.0,193.15,False,Duplicate Debit & Billing,Customer says transaction was not authorized.,Low,RESOLVED,Ivr,True
CBK0000556,TXN00013406,USR49847,MCH4590,Miscellaneous Retail,2026-03-08 00:00:00,2026-03-24 02:07:00,2026-04-16 00:00:00,16.088194444444444,6052.19,False,Fraud & Account Takeover,Customer complaint text unclear due to poor call center notes.,High,IN_PROGRESS,Ivr,True
CBK0000222,TXN00003640,USR39837,MCH5980,Restaurant,2026-01-07 11:53:00,2026-01-09 00:00:00,2026-01-24 12:53:46,1.5048611111111112,2301.83,False,Fraud & Account Takeover,Suspicious high-value payment disputed by customer.,Medium,IN_PROGRESS,Call Center,True
CBK0002310,TXN00008525,USR62313,MCH8146,Transportation,2026-03-03 00:00:00,2026-03-05 00:00:00,,2.0,1760.95,False,Duplicate Debit & Billing,Suspicious high-value payment disputed by customer.,High,CLOSED,Branch,True
CBK0001236,TXN00016325,USR50779,MCH1320,Grocery,2026-03-01 00:00:00,2026-03-07 00:00:00,2026-04-06 06:00:50,6.0,1085.5,False,Fraud & Account Takeover,Suspicious high-value payment disputed by customer.,Medium,REJECTED,Email,True
CBK0001039,TXN00010686,USR79207,MCH7408,Hotel & Lodging,2026-02-27 07:41:36,2026-03-01 20:41:36,2026-03-03 00:00:00,2.5416666666666665,1379.0,False,Duplicate Debit & Billing,User says UPI PIN was not entered by them.,Critical,REJECTED,App,True
CBK0002425,TXN00014868,USR39427,MCH2383,Miscellaneous Retail,2026-01-23 23:41:30,2026-01-27 13:41:00,,3.582986111111111,367.0,False,Service & Delivery Failure,Suspicious high-value payment disputed by customer.,Medium,IN_PROGRESS,Ivr,True
CBK0001745,TXN00007273,USR17798,MCH6810,Miscellaneous Retail,2026-03-02 00:00:00,2026-03-04 00:00:00,2026-03-25 00:00:00,2.0,673.49,False,Duplicate Debit & Billing,Payment made to unknown merchant as per customer statement.,Medium,IN_PROGRESS,Call Center,True
CBK0000764,TXN00017113,USR98093,MCH8779,Pharmacy,2026-03-18 14:56:31,2026-03-21 00:00:00,2026-04-09 00:00:00,2.3774189814814815,580.57,False,Customer General Dispute,Merchant service was not delivered after payment.,Medium,IN_PROGRESS,Branch,True
CBK0001814,TXN00002883,USR42970,MCH2296,Apparel,2026-03-03 18:11:00,,2026-03-26 00:00:00,,-19036.69,False,Duplicate Debit & Billing,USER SAYS UPI PIN WAS NOT ENTERED BY THEM.,Critical,IN_PROGRESS,Call Center,True
CBK0002536,TXN00009622,USR33596,MCH3032,Miscellaneous Retail,2026-03-03 00:00:00,,2026-03-17 00:16:23,,1796.86,True,Fraud & Account Takeover,User reports money deducted but merchant denies receiving payment.,Critical,IN_PROGRESS,App,True
CBK0000231,TXN00017060,USR94815,MCH5980,Miscellaneous Retail,2026-03-25 11:16:26,2026-04-05 00:00:00,2026-04-09 00:00:00,10.53025462962963,575.09,False,Customer General Dispute,User reports money deducted but merchant denies receiving payment.,Low,CLOSED,Ivr,True
CBK0000462,TXN00018761,USR24660,MCH9291,Restaurant,2026-01-23 00:00:00,2026-01-24 00:00:00,2026-02-17 00:00:00,1.0,1500.59,False,Fraud & Account Takeover,Customer says amount was debited twice.,Low,IN_PROGRESS,Email,True
CBK0000469,TXN00002630,USR94595,MCH7286,Transportation,2026-03-05 13:56:13,2026-03-07 00:00:00,,1.4192939814814816,-7890.76,False,Fraud & Account Takeover,Complaint received after multiple failed attempts. call dropped,Low,IN_PROGRESS,Chatbot,True
CBK0000889,TXN00015963,USR97266,MCH6752,Miscellaneous Retail,2026-01-12 00:00:00,2026-01-22 00:00:00,2026-01-28 00:00:00,10.0,3356.0,False,Fraud & Account Takeover,CUSTOMER SAYS AMOUNT WAS DEBITED TWICE.,Medium,IN_PROGRESS,Ivr,True
CBK0000604,TXN00008566,USR17861,MCH3597,Restaurant,2026-03-12 00:00:00,2026-03-15 06:08:29,,3.2558912037037038,2673.74,False,Fraud & Account Takeover,User claims account was compromised before transaction.,Low,IN_PROGRESS,Chatbot,True
CBK0000611,TXN00014367,USR58639,MCH4078,Grocery,2026-02-17 00:00:00,2026-03-05 00:00:00,,16.0,996.14,False,Service & Delivery Failure,User says UPI PIN was not entered by them.,Low,IN_PROGRESS,Chatbot,True
CBK0001017,TXN00085757,USR56228,MCH8964,Miscellaneous Retail,2026-03-29 00:00:00,2026-04-02 00:00:00,2026-04-19 00:00:00,4.0,585.8,False,Duplicate Debit & Billing,Payment made to unknown merchant as per customer statement.,Critical,REJECTED,Chatbot,False
CBK0002108,TXN00013246,USR62233,MCH8714,Pharmacy,2026-02-12 00:00:00,2026-02-15 00:00:00,2026-02-17 00:00:00,3.0,5800.55,False,Duplicate Debit & Billing,Customer says amount was debited twice.,Low,REJECTED,App,True
CBK0001742,TXN00000794,USR25428,MCH4105,Restaurant,2026-02-19 00:00:00,2026-02-22 00:00:00,,3.0,6042.03,False,Service & Delivery Failure,Complaint received after multiple failed attempts.,High,IN_PROGRESS,Ivr,True
CBK0000082,TXN00013051,USR86387,MCH8735,Pharmacy,2026-02-26 00:00:00,2026-02-27 00:00:00,,1.0,7272.0,False,Service & Delivery Failure,Suspicious high-value payment disputed by customer.,Low,IN_PROGRESS,App,True
CBK0000597,TXN00012105,USR80223,MCH3594,Transportation,2026-02-07 00:00:00,2026-03-10 00:00:00,2026-03-25 00:00:00,31.0,1866.96,False,Duplicate Debit & Billing,User reports money deducted but merchant denies receiving payment.,Low,IN_PROGRESS,Chatbot,True
CBK0001220,TXN00001198,USR21945,MCH7467,Grocery,2026-02-05 16:07:55,2026-02-03 00:00:00,2026-02-25 00:00:00,-2.6721643518518516,3605.24,False,Fraud & Account Takeover,User says UPI PIN was not entered by them.,High,RESOLVED,App,True
CBK0001207,TXN00007505,USR33427,MCH5300,Transportation,2026-01-31 06:45:27,2026-02-02 09:45:27,2026-02-21 00:00:00,2.125,13713.48,False,Duplicate Debit & Billing,Customer complaint text unclear due to poor call center notes.,Low,IN_PROGRESS,Chatbot,True
CBK0000177,TXN00001663,USR24926,MCH7681,Hotel & Lodging,2026-02-08 00:00:00,2026-02-11 00:00:00,2026-02-17 00:00:00,3.0,2379.68,False,Service & Delivery Failure,Complaint received after multiple failed attempts.,Low,RESOLVED,Ivr,True
CBK0001332,TXN00009814,USR65176,MCH2398,Hotel & Lodging,2026-01-22 00:00:00,2026-02-01 00:00:00,2026-02-26 11:15:00,10.0,1195.47,False,Service & Delivery Failure,Customer says transaction was not authorized.,Medium,IN_PROGRESS,Branch,True
CBK0000021,TXN00013452,USR44435,MCH8391,Restaurant,2026-02-18 00:00:00,2026-03-06 00:25:19,,16.01758101851852,-2480.91,False,Fraud & Account Takeover,User reports money deducted but merchant denies receiving payment.,Medium,IN_PROGRESS,Ivr,True
CBK0001202,TXN00005621,USR59000,MCH3815,Hotel & Lodging,2026-03-15 00:00:00,2026-03-19 21:25:48,,4.892916666666666,8601.0,False,Customer General Dispute,Customer says transaction was not authorized.,Low,RESOLVED,Chatbot,True
CBK0002171,TXN00015034,USR73039,MCH1572,Pharmacy,2026-03-19 00:00:00,2026-03-22 20:42:00,,3.8625,8134.61,False,Duplicate Debit & Billing,Payment made to unknown merchant as per cust statement.,High,RESOLVED,Call Center,True
CBK0001878,TXN00014566,USR75314,MCH2363,Transportation,2026-03-20 00:00:00,2026-03-24 07:04:16,2026-04-09 07:04:16,4.29462962962963,2311.12,False,Duplicate Debit & Billing,customer says transaction was not authorized.,High,IN_PROGRESS,App,True
CBK0002648,TXN00015715,USR23388,MCH7559,Grocery,2026-02-10 00:00:00,2026-02-12 17:59:00,2026-02-15 17:59:00,2.7493055555555554,9730.68,False,Duplicate Debit & Billing,Customer complaint text unclear due to poor call center notes.,Low,IN_PROGRESS,Email,True
CBK0000078,TXN00019392,USR55898,MCH8405,Hotel & Lodging,2026-01-21 00:00:00,2026-01-22 00:00:00,2026-01-27 00:00:00,1.0,16244.17,False,Customer General Dispute,User claims account was compromised before transaction.,High,CLOSED,Ivr,True
CBK0001469,TXN00008274,USR45724,MCH3032,Hotel & Lodging,2026-02-25 00:00:00,2026-02-28 00:00:00,2026-03-18 11:31:43,3.0,1114.45,False,Service & Delivery Failure,Suspicious high-value payment disputed by customer.,High,RESOLVED,Call Center,True
CBK0001428,TXN00001443,USR74417,MCH7286,Pharmacy,2026-01-30 00:00:00,2026-02-02 00:00:00,2026-02-05 00:00:00,3.0,504.11,False,Fraud & Account Takeover,User claims account was compromised before transaction.,Low,IN_PROGRESS,App,True
CBK0001501,TXN00010823,USR14938,MCH1880,Pharmacy,2026-01-10 21:26:00,2026-01-11 07:26:55,,0.41730324074074077,-2588.02,False,Duplicate Debit & Billing,Complaint received after multiple failed attempts.,Medium,IN_PROGRESS,App,True
CBK0001566,TXN00004832,USR79325,MCH4041,Grocery,2026-01-15 00:00:00,2026-01-26 00:00:00,,11.0,1582.6,False,Fraud & Account Takeover,Customer says amount was debited twice.,Medium,IN_PROGRESS,Email,True
CBK0001806,TXN00003889,USR73653,MCH4226,Grocery,2026-01-12 01:06:58,2026-01-17 00:00:00,2026-02-07 00:00:00,4.95349537037037,2760.0,False,Fraud & Account Takeover,User says UPI PIN was not entered by them.,High,REJECTED,Ivr,True
CBK0001668,TXN00013060,USR11531,MCH8697,Hotel & Lodging,2026-01-04 00:00:00,2026-01-06 00:00:00,2026-02-04 07:49:01,2.0,255.73,False,Duplicate Debit & Billing,Customer says txn was not authorized.,Medium,IN_PROGRESS,Email,True
CBK0000755,TXN00002595,USR34052,MCH5808,Transportation,2026-03-28 00:00:00,2026-03-29 00:00:00,2026-04-27 22:33:32,1.0,-1658.43,False,Fraud & Account Takeover,Suspicious high-value payment disputed by customer.,High,IN_PROGRESS,Chatbot,True
CBK0001037,TXN00098409,USR20076,MCH8779,Restaurant,,2026-01-09 22:50:47,2026-01-11 00:00:00,,645.47,False,Duplicate Debit & Billing,Suspicious high-value payment disputed by customer.,High,IN_PROGRESS,Branch,False
CBK0001813,TXN00002689,USR68461,MCH8451,Restaurant,2026-01-26 07:59:00,2026-01-29 00:00:00,2026-02-23 00:00:00,2.667361111111111,2158.72,False,Service & Delivery Failure,Merchant service was not delivered after payment.,High,IN_PROGRESS,Call Center,True
CBK0000382,TXN00000312,USR42726,MCH6175,Pharmacy,,2026-01-13 00:00:00,2026-02-09 00:00:00,,-545.34,False,Service & Delivery Failure,User claims account was compromised before transaction.,Medium,IN_PROGRESS,Chatbot,True
CBK0000706,TXN00005543,USR82059,MCH4181,Pharmacy,2026-03-03 00:00:00,2026-03-05 15:23:41,2026-03-30 15:23:00,2.641446759259259,1362.67,False,Duplicate Debit & Billing,complaint received after multiple failed attempts.,Medium,IN_PROGRESS,Call Center,True
CBK0002633,TXN00018827,USR76516,MCH2530,Grocery,2026-03-07 00:00:00,,2026-04-09 08:35:00,,2231.59,False,Service & Delivery Failure,Payment made to unknown merchant as per customer statement.,Medium,REJECTED,Ivr,True
CBK0000549,TXN00011700,USR72892,MCH1046,Grocery,2026-03-30 11:04:32,2026-04-29 00:00:00,2026-05-05 00:00:00,29.53851851851852,14999.55,False,Customer General Dispute,Suspicious high-value payment disputed by customer.,Low,IN_PROGRESS,Branch,True
CBK0000192,TXN00001285,USR71300,MCH9402,Pharmacy,2026-01-08 00:00:00,2026-01-14 00:00:00,2026-01-15 00:00:00,6.0,420.0,False,Customer General Dispute,USER SAYS UPI PIN WAS NOT ENTERED BY THEM.,Low,IN_PROGRESS,App,True
CBK0001672,TXN00010193,USR30239,MCH9948,Restaurant,,2026-03-16 00:00:00,2026-03-25 00:00:00,,-1194.2,False,Customer General Dispute,Customer complaint text unclear due to poor call center notes.,Medium,CLOSED,Email,True
CBK0002502,TXN00001155,USR59679,MCH6426,Restaurant,2026-03-09 02:37:30,2026-03-09 05:37:30,,0.125,335.78,False,Duplicate Debit & Billing,Payment made to unknown merchant as per customer statement.,Medium,IN_PROGRESS,Branch,True
CBK0000308,TXN00017336,USR23149,MCH8953,Transportation,2026-03-23 00:00:00,2026-04-08 16:47:26,,16.69960648148148,3087.13,False,Service & Delivery Failure,User says UPI PIN was not entered by them.,Critical,RESOLVED,Call Center,True
CBK0001002,TXN00015644,USR20239,MCH3815,Grocery,2026-03-27 00:00:00,2026-03-22 07:53:46,2026-04-05 00:00:00,-4.67099537037037,4307.19,False,Fraud & Account Takeover,User claims account was compromised before transaction.,Medium,IN_PROGRESS,Chatbot,True
CBK0001066,TXN00015023,USR41036,MCH5655,Restaurant,2026-01-31 01:40:40,2026-02-02 00:00:00,2026-02-15 01:40:00,1.9300925925925927,946.63,False,Service & Delivery Failure,merchant service was not delivered after payment.,High,IN_PROGRESS,Ivr,True
CBK0000617,TXN00014515,USR11419,MCH7833,Transportation,2026-02-09 00:00:00,2026-02-16 21:12:01,2026-03-04 00:00:00,7.883344907407407,181.44,False,Service & Delivery Failure,USER SAYS UPI PIN WAS NOT ENTERED BY THEM.,Low,IN_PROGRESS,Chatbot,True
CBK0002721,TXN00017658,USR43499,MCH9765,Grocery,2026-02-09 16:24:25,2026-02-10 00:00:00,2026-02-12 18:24:00,0.3163773148148148,845.38,False,Customer General Dispute,Customer says transaction was not authorized.,Medium,IN_PROGRESS,Email,True
CBK0001758,TXN00014222,USR16922,MCH6546,Transportation,,2026-03-16 00:00:00,2026-03-17 00:00:00,,2187.0,False,Duplicate Debit & Billing,Customer says amount was debited twice.,Low,REJECTED,Chatbot,True
CBK0002630,TXN00019209,USR61436,MCH9582,Department Store,2026-03-12 00:00:00,2026-03-28 00:00:00,2026-04-26 00:00:00,16.0,13306.35,False,Fraud & Account Takeover,COMPLAINT RECEIVED AFTER MULTIPLE FAILED ATTEMPTS.,Low,IN_PROGRESS,Chatbot,True
CBK0000265,TXN00016348,USR10307,MCH4590,Transportation,2026-02-21 13:58:00,2026-02-18 13:58:34,2026-02-18 13:58:34,-2.9996064814814813,2797.85,False,Service & Delivery Failure,User claims account was compromised before transaction.,Low,REJECTED,Ivr,True
CBK0000795,TXN00010007,USR13134,MCH3292,Restaurant,2026-03-14 00:00:00,2026-03-15 00:00:00,2026-04-11 00:00:00,1.0,2021.11,False,Duplicate Debit & Billing,Customer says transaction was not authorized. details missing,Low,IN_PROGRESS,Ivr,True
CBK0000274,TXN00005429,USR12958,MCH5946,Transportation,2026-01-15 00:00:00,2026-01-18 00:00:00,2026-02-07 14:33:08,3.0,1860.96,False,Service & Delivery Failure,Customer complaint text unclear due to poor call center notes.,Low,IN_PROGRESS,Ivr,True
CBK0000779,TXN00000534,USR89996,MCH4842,Grocery,2026-02-07 00:00:00,2026-02-04 00:00:00,2026-03-03 00:00:00,-3.0,1352.13,False,Fraud & Account Takeover,User reports money deducted but merchant denies receiving payment.,Low,IN_PROGRESS,Call Center,True
CBK0001116,TXN00080108,USR56399,MCH3406,Department Store,2026-02-05 00:00:00,2026-03-22 14:28:00,2026-03-31 00:00:00,45.602777777777774,1189.65,False,Service & Delivery Failure,User claims account was compromised before transaction.,High,IN_PROGRESS,Ivr,False
CBK0000162,TXN00001838,USR56312,MCH5172,Grocery,2026-02-16 00:00:00,2026-02-19 04:02:59,2026-03-05 00:00:00,3.168738425925926,422.0,False,Fraud & Account Takeover,Customer says transaction was not authorized.,Low,REJECTED,Ivr,True
CBK0000758,TXN00015649,USR79175,MCH9344,Restaurant,2026-03-19 00:00:00,2026-03-21 00:00:00,2026-04-16 00:00:00,2.0,2175.05,False,Fraud & Account Takeover,Complaint received after multiple failed attempts.,High,REJECTED,Ivr,True
CBK0000235,TXN00006623,USR14727,MCH4226,Hotel & Lodging,2026-01-27 00:00:00,2026-02-12 09:53:35,2026-02-14 00:00:00,16.412210648148147,1154.99,False,Service & Delivery Failure,USER CLAIMS ACCOUNT WAS COMPROMISED BEFORE TRANSACTION.,Low,IN_PROGRESS,Chatbot,True
CBK0001865,TXN00006954,USR17902,MCH6053,Hotel & Lodging,2026-03-21 00:00:00,2026-03-25 00:00:00,2026-04-20 07:07:09,4.0,186.51,False,Service & Delivery Failure,Customer says transaction was not authorized.,Medium,CLOSED,Ivr,True
CBK0001534,TXN00017134,USR12661,MCH2383,Pharmacy,2026-03-17 01:16:59,2026-03-18 15:16:59,2026-03-24 15:16:00,1.5833333333333333,-2108.75,False,Fraud & Account Takeover,Customer says transaction was not authorized.,Low,RESOLVED,Branch,True
CBK0001809,TXN00010916,USR20534,MCH8241,Transportation,2026-01-11 00:00:00,2026-01-18 00:00:00,,7.0,2538.37,False,Customer General Dispute,Customer complaint text unclear due to poor call center notes.,Low,REJECTED,Chatbot,True
CBK0001765,TXN00013993,USR29854,MCH6810,Restaurant,2026-02-06 18:41:00,2026-02-07 18:41:49,2026-02-20 00:00:00,1.0005671296296297,2111.63,False,Fraud & Account Takeover,User claims account was compromised before txn.,Low,IN_PROGRESS,Ivr,True
CBK0001287,TXN00011889,USR22939,MCH9579,Transportation,2026-03-05 00:00:00,2026-03-06 00:00:00,2026-03-29 00:00:00,1.0,1592.55,False,Fraud & Account Takeover,User reports money deducted but merchant denies receiving payment.,Low,REJECTED,Ivr,True
CBK0002594,TXN00005908,USR24024,MCH1329,Grocery,2026-01-20 00:00:00,2026-01-21 00:00:00,2026-02-04 22:51:08,1.0,1603.01,False,Duplicate Debit & Billing,CUSTOMER SAYS AMOUNT WAS DEBITED TWICE.,Low,CLOSED,Ivr,True
CBK0002782,TXN00004814,USR53828,MCH2822,Restaurant,2026-03-09 04:06:54,2026-03-19 07:06:00,,10.124375,12799.39,True,Fraud & Account Takeover,Payment made to unknown merchant as per cust statement.,Low,REJECTED,Branch,True
CBK0000678,TXN00006912,USR67333,MCH9291,Restaurant,2026-02-08 00:00:00,,,,140.31,False,Fraud & Account Takeover,User reports money deducted but merchant denies receiving payment.,Medium,IN_PROGRESS,Branch,True
CBK0002017,TXN00009156,USR53547,MCH6913,Pharmacy,2026-02-18 00:00:00,2026-02-22 12:44:40,2026-03-18 12:44:00,4.531018518518518,1074.12,False,Duplicate Debit & Billing,Customer says transaction was not authorized.,Low,IN_PROGRESS,Branch,True
CBK0001396,TXN00008851,USR34889,MCH8779,Transportation,2026-03-28 00:00:00,2026-04-27 12:50:00,2026-05-16 12:50:00,30.53472222222222,1383.51,False,Duplicate Debit & Billing,User reports money deducted but merchant denies receiving payment.,Medium,REJECTED,Branch,True
CBK0000750,TXN00010355,USR45600,MCH5980,Grocery,2026-02-24 00:33:16,2026-03-03 00:00:00,,6.976898148148148,-1284.43,False,Service & Delivery Failure,Complaint received after multiple failed attempts.,High,CLOSED,Email,True
CBK0002021,TXN00012401,USR36322,MCH8425,Transportation,2026-03-11 00:00:00,2026-03-17 00:00:00,2026-04-09 00:00:00,6.0,13235.72,False,Service & Delivery Failure,Customer says amount was debited twice.,Low,CLOSED,Chatbot,True
CBK0000977,TXN00003072,USR68775,MCH5569,Hotel & Lodging,2026-03-26 04:29:27,2026-03-29 03:29:27,2026-04-24 00:00:00,2.9583333333333335,3800.57,False,Service & Delivery Failure,Customer complaint text unclear due to poor call center notes.,Low,IN_PROGRESS,Branch,True
CBK0000640,TXN00012946,USR57297,MCH2401,Miscellaneous Retail,2026-01-12 00:00:00,2026-01-18 00:00:00,2026-01-20 00:00:00,6.0,3312.0,False,Service & Delivery Failure,Suspicious high-value payment disputed by customer.,Low,CLOSED,Email,True
CBK0001144,TXN00018387,USR76178,MCH1024,Grocery,2026-02-15 04:54:00,2026-02-20 00:00:00,,4.795833333333333,741.15,False,Fraud & Account Takeover,USER REPORTS MONEY DEDUCTED BUT MERCHANT DENIES RECEIVING PAYMENT.,Medium,IN_PROGRESS,Chatbot,True
CBK0002611,TXN00001244,USR27732,MCH4473,Grocery,2026-01-24 00:00:00,2026-01-27 00:00:00,2026-02-19 00:00:00,3.0,722.73,False,Fraud & Account Takeover,Customer says txn was not authorized.,Medium,REJECTED,Ivr,True
CBK0002124,TXN00002782,USR13215,MCH4702,Restaurant,2026-02-28 00:00:00,2026-03-16 00:00:00,,16.0,832.0,False,Service & Delivery Failure,Suspicious high-value payment disputed by cust.,High,REJECTED,App,True
CBK0001212,TXN00010220,USR14892,MCH2296,Grocery,2026-03-03 00:00:00,2026-03-04 13:37:27,2026-03-23 00:00:00,1.5676736111111111,4146.24,False,Duplicate Debit & Billing,merchant service was not delivered after payment.,Low,RESOLVED,Ivr,True
CBK0000027,TXN00014669,USR36534,MCH6898,Restaurant,2026-02-10 00:00:00,2026-02-21 00:00:00,2026-03-10 06:38:00,11.0,1596.0,False,Fraud & Account Takeover,Customer says amount was debited twice.,Low,RESOLVED,Email,True
CBK0002385,TXN00016200,USR19881,MCH2065,Apparel,2026-01-04 02:48:11,2026-02-03 00:00:00,2026-02-16 00:00:00,29.883206018518518,2148.76,False,Service & Delivery Failure,customer says amount was debited twice.,Medium,IN_PROGRESS,Email,True
CBK0001267,TXN00003341,USR56149,MCH6968,Hotel & Lodging,2026-02-24 00:00:00,2026-03-26 17:11:59,2026-04-20 00:00:00,30.716655092592593,635.0,False,Duplicate Debit & Billing,CUSTOMER SAYS TRANSACTION WAS NOT AUTHORIZED.,Low,REJECTED,Email,True
CBK0002560,TXN00010384,USR77352,MCH2786,Transportation,,2026-01-10 00:00:00,2026-01-26 00:00:00,,2047.46,False,Customer General Dispute,Merchant service was not delivered after payment.,Medium,IN_PROGRESS,Branch,True
CBK0001386,TXN00012491,USR83236,MCH4552,Transportation,2026-01-21 00:00:00,2026-01-22 17:32:00,2026-02-06 17:32:51,1.7305555555555556,-3187.1,False,Service & Delivery Failure,User reports money deducted but merchant denies receiving payment.,High,CLOSED,Branch,True
CBK0000397,TXN00011692,USR71635,MCH2757,Grocery,2026-03-03 00:00:00,2026-03-04 07:26:00,2026-03-05 00:00:00,1.3097222222222222,3309.0,False,Duplicate Debit & Billing,Merchant service was not delivered after payment.,Medium,IN_PROGRESS,Ivr,True
CBK0002613,TXN00008727,USR47519,MCH3071,Hotel & Lodging,2026-03-14 00:00:00,2026-03-17 22:35:31,,3.9413310185185186,253.89,False,Customer General Dispute,Merchant service was not delivered after payment.,Low,IN_PROGRESS,Ivr,True
CBK0001869,TXN00000074,USR49567,MCH3266,Grocery,2026-02-18 00:00:00,2026-02-23 23:56:04,2026-03-18 00:00:00,5.997268518518519,-1503.93,False,Duplicate Debit & Billing,Customer says transaction was not authorized. urgent,Medium,RESOLVED,Ivr,True
CBK0002654,TXN00013866,USR55262,MCH4226,Grocery,2026-03-25 00:00:00,2026-04-09 21:53:19,2026-04-13 21:53:19,15.912025462962964,-3952.26,False,Fraud & Account Takeover,Payment made to unknown merchant as per customer statement.,Low,REJECTED,Chatbot,True
CBK0002714,TXN00001631,USR87649,MCH3989,Hotel & Lodging,2026-02-26 00:00:00,,2026-03-25 19:43:59,,1405.08,False,Fraud & Account Takeover,Suspicious high-value payment disputed by customer.,Low,RESOLVED,Ivr,True
CBK0001562,TXN00018017,USR24710,MCH6971,Restaurant,2026-02-07 03:36:00,2026-02-17 08:36:00,2026-03-01 00:00:00,10.208333333333334,1017.08,False,Customer General Dispute,User claims account was compromised before transaction.,Medium,IN_PROGRESS,Chatbot,True
CBK0001934,TXN00000863,USR78884,MCH9125,Grocery,2026-03-11 16:53:00,2026-03-19 13:53:26,2026-03-26 00:00:00,7.875300925925926,2164.0,False,Service & Delivery Failure,User says UPI PIN was not entered by them.,High,IN_PROGRESS,Chatbot,True
CBK0000041,TXN00001568,USR27328,MCH3518,Grocery,2026-01-02 00:00:00,2026-01-06 00:00:00,2026-02-01 02:46:29,4.0,2814.0,False,Duplicate Debit & Billing,merchant service was not delivered after payment.,Low,IN_PROGRESS,App,True
CBK0001885,,USR59329,MCH5331,Miscellaneous Retail,2026-01-26 00:00:00,2026-01-31 00:00:00,2026-02-02 00:00:00,5.0,1908.88,False,Fraud & Account Takeover,user says upi pin was not entered by them.,High,REJECTED,Ivr,False
CBK0001719,TXN00009609,USR13864,MCH7474,Miscellaneous Retail,2026-01-27 05:30:35,2026-02-01 00:00:00,,4.770428240740741,2225.74,False,Fraud & Account Takeover,Customer says amount was debited twice.,High,CLOSED,Ivr,True
CBK0000006,TXN00007711,USR96033,MCH8372,Transportation,2026-02-06 00:00:00,2026-02-11 23:37:04,2026-02-17 00:00:00,5.984074074074074,842.88,False,Duplicate Debit & Billing,User reports money deducted but merchant denies receiving payment.,High,IN_PROGRESS,Call Center,True
CBK0001575,TXN00003257,USR24459,MCH6850,Pharmacy,2026-01-30 00:00:00,2026-02-02 00:00:00,2026-02-04 15:20:00,3.0,198.46,False,Service & Delivery Failure,Merchant service was not delivered after payment.,Low,RESOLVED,Ivr,True
CBK0002321,TXN00014977,USR11586,MCH2103,Miscellaneous Retail,2026-01-19 10:23:00,2026-01-19 00:00:00,,-0.4326388888888889,683.69,False,Fraud & Account Takeover,User claims account was compromised before transaction.,High,REJECTED,App,True
CBK0000487,TXN00004712,USR85655,MCH1072,Transportation,2026-03-08 07:36:45,2026-03-11 00:00:00,2026-04-03 00:00:00,2.6828125,2950.32,False,Fraud & Account Takeover,User says UPI PIN was not entered by them.,Critical,REJECTED,Ivr,True
CBK0002725,TXN00008319,USR50664,MCH9581,Apparel,2026-03-01 00:00:00,2026-03-11 00:00:00,2026-03-30 00:00:00,10.0,21445.56,True,Fraud & Account Takeover,User reports money deducted but merchant denies receiving payment.,Low,CLOSED,Chatbot,True
CBK0002628,TXN00016840,USR73920,MCH4401,Restaurant,2026-01-07 00:00:00,2026-01-09 14:02:55,,2.5853587962962963,276.74,False,Customer General Dispute,customer says amount was debited twice.,High,IN_PROGRESS,Branch,True
CBK0002130,TXN00010659,USR82224,MCH4086,Pharmacy,,2026-03-20 00:00:00,2026-04-18 00:00:00,,11158.4,True,Duplicate Debit & Billing,payment made to unknown merchant as per customer statement.,Low,CLOSED,Ivr,True
CBK0000935,TXN00017209,USR91820,MCH5221,Pharmacy,2026-03-12 00:00:00,2026-03-14 22:13:16,2026-03-29 00:00:00,2.9258796296296294,1552.09,False,Duplicate Debit & Billing,Customer complaint text unclear due to poor call center notes.,Medium,CLOSED,Email,True
CBK0002163,TXN00012741,USR47358,MCH2822,Hotel & Lodging,,2026-03-09 00:00:00,2026-03-31 00:00:00,,863.52,False,Fraud & Account Takeover,Customer complaint text unclear due to poor call center notes.,Medium,IN_PROGRESS,Chatbot,True
CBK0000210,TXN00001539,USR60489,MCH7607,Grocery,2026-02-06 00:00:00,2026-02-08 00:00:00,2026-02-09 00:00:00,2.0,2117.07,False,Customer General Dispute,customer says transaction was not authorized.,Medium,IN_PROGRESS,Chatbot,True
CBK0000972,TXN00017157,USR27216,MCH1366,Pharmacy,2026-03-26 09:32:21,2026-03-29 00:00:00,2026-04-04 00:00:00,2.6025347222222224,738.08,False,Duplicate Debit & Billing,Customer says transaction was not authorized. call dropped,Medium,IN_PROGRESS,Branch,True
CBK0001378,TXN00013740,USR53440,MCH5264,Grocery,2026-02-03 00:00:00,2026-02-06 00:00:00,2026-02-12 00:00:00,3.0,-7287.56,False,Duplicate Debit & Billing,Suspicious high-value payment disputed by customer.,Low,IN_PROGRESS,Email,True
CBK0000498,TXN00013816,USR55662,MCH9760,Restaurant,2026-03-16 00:00:00,2026-03-20 05:14:03,2026-04-13 00:00:00,4.218090277777778,-734.96,False,Fraud & Account Takeover,Customer complaint text unclear due to poor call center notes.,Low,RESOLVED,Ivr,True
CBK0002011,TXN00005230,USR24993,MCH5993,Hotel & Lodging,2026-01-15 20:42:00,2026-01-18 00:00:00,2026-02-16 00:00:00,2.1375,5154.73,False,Service & Delivery Failure,User says UPI PIN was not entered by them.,Medium,REJECTED,App,True
CBK0002475,TXN00015216,USR46902,MCH4919,Department Store,2026-02-16 12:45:00,2026-02-19 00:00:00,2026-02-23 00:00:00,2.46875,2997.0,False,Fraud & Account Takeover,Suspicious high-value payment disputed by customer.,Critical,IN_PROGRESS,Call Center,True
CBK0000024,TXN00007464,USR69440,MCH7458,Pharmacy,2026-01-18 00:00:00,2026-02-02 03:05:42,2026-02-14 00:00:00,15.128958333333333,2001.83,False,Duplicate Debit & Billing,Complaint received after multiple failed attempts.,Medium,REJECTED,Chatbot,True
CBK0002300,TXN00009857,USR61606,MCH6632,Grocery,2026-02-28 00:00:00,2026-03-05 00:00:00,,5.0,519.97,False,Service & Delivery Failure,Suspicious high-value payment disputed by customer.,Medium,REJECTED,Branch,True
CBK0002143,TXN00078938,USR24536,MCH9291,Apparel,2026-01-15 09:56:06,2026-01-18 00:00:00,2026-02-01 00:00:00,2.5860416666666666,2889.21,False,Duplicate Debit & Billing,user claims account was compromised before transaction.,Medium,CLOSED,Call Center,False
CBK0000161,TXN00017149,USR60681,MCH8391,Hotel & Lodging,2026-01-22 00:00:00,2026-01-24 00:00:00,2026-02-21 00:00:00,2.0,1317.13,False,Fraud & Account Takeover,suspicious high-value payment disputed by customer.,High,IN_PROGRESS,Ivr,True
CBK0001670,TXN00018666,USR83277,MCH7513,Apparel,,2026-03-06 00:00:00,2026-03-25 00:00:00,,1677.0,False,Fraud & Account Takeover,Suspicious high-value payment disputed by customer.,Medium,IN_PROGRESS,Branch,True
CBK0000931,TXN00005802,USR60098,MCH6474,Transportation,2026-01-29 19:01:00,,2026-02-04 05:01:06,,964.98,False,Fraud & Account Takeover,user claims account was compromised before transaction.,Medium,IN_PROGRESS,Ivr,True
CBK0001176,TXN00012064,USR50427,MCH3651,Miscellaneous Retail,2026-03-28 00:00:00,2026-03-29 00:00:00,2026-04-04 00:00:00,1.0,786.31,False,Fraud & Account Takeover,Suspicious high-value payment disputed by customer.,Medium,IN_PROGRESS,Email,True
CBK0001027,TXN00002451,USR57852,MCH2510,Hotel & Lodging,2026-03-01 00:00:00,2026-03-07 00:00:00,,6.0,-224.97,False,Fraud & Account Takeover,Customer complaint text unclear due to poor call center notes.,Medium,RESOLVED,Call Center,True
CBK0001490,TXN00003514,USR77962,MCH9344,Transportation,2026-03-15 00:00:00,2026-03-25 00:00:00,2026-04-19 00:00:00,10.0,1510.93,False,Service & Delivery Failure,USER SAYS UPI PIN WAS NOT ENTERED BY THEM.,Medium,IN_PROGRESS,Chatbot,True
CBK0000732,TXN00004610,USR32036,MCH3057,Pharmacy,2026-01-01 22:58:19,2026-02-16 08:58:00,2026-02-18 00:00:00,45.41644675925926,5879.13,False,Fraud & Account Takeover,Suspicious high-value payment disputed by customer.,Medium,RESOLVED,Email,True
CBK0000216,TXN00011136,USR94832,MCH2451,Pharmacy,,2026-02-10 05:09:00,,,4064.12,True,Service & Delivery Failure,user reports money deducted but merchant denies receiving payment.,Medium,REJECTED,Ivr,True
CBK0002070,TXN00002337,USR40538,MCH4812,Hotel & Lodging,2026-02-24 00:00:00,2026-03-07 00:00:00,2026-03-11 06:38:28,11.0,11411.35,True,Fraud & Account Takeover,Merchant service was not delivered after payment.,Critical,CLOSED,Branch,True
CBK0001887,TXN00011174,USR84917,MCH4909,Transportation,,2026-03-01 00:00:00,,,2412.7,False,Customer General Dispute,User reports money deducted but merchant denies receiving payment.,Medium,IN_PROGRESS,Ivr,True
CBK0001789,TXN00007455,USR44134,MCH3520,Grocery,2026-01-02 00:00:00,2026-01-05 00:00:00,2026-01-18 00:00:00,3.0,1002.8,False,Service & Delivery Failure,merchant service was not delivered after payment.,High,IN_PROGRESS,Ivr,True
CBK0000641,TXN00007177,USR11036,MCH3177,Miscellaneous Retail,2026-01-17 00:00:00,2026-01-22 00:00:00,2026-01-23 23:48:00,5.0,1628.35,False,Fraud & Account Takeover,Customer says amount was debited twice.,Medium,CLOSED,Branch,True
CBK0001964,TXN00002766,USR97332,MCH6356,Pharmacy,2026-02-08 00:00:00,2026-02-11 20:51:02,2026-03-05 20:51:00,3.868773148148148,216.49,False,Customer General Dispute,User claims account was compromised before transaction.,Medium,IN_PROGRESS,Ivr,True
CBK0001842,TXN00012727,USR63387,MCH2945,Grocery,2026-03-26 05:18:01,2026-04-05 10:18:01,2026-04-25 00:00:00,10.208333333333334,847.6,False,Duplicate Debit & Billing,Customer says amount was debited twice.,Critical,CLOSED,Ivr,True
CBK0000974,TXN00010092,USR70647,MCH6974,Pharmacy,2026-03-16 00:00:00,2026-03-18 00:00:00,2026-03-24 00:00:00,2.0,1533.39,False,Fraud & Account Takeover,Merchant service was not delivered after payment.,Low,IN_PROGRESS,Ivr,True
CBK0001292,TXN00018296,USR56334,MCH1320,Restaurant,2026-03-11 00:00:00,2026-03-11 00:00:00,2026-03-13 00:56:00,0.0,849.13,False,Duplicate Debit & Billing,USER CLAIMS ACCOUNT WAS COMPROMISED BEFORE TRANSACTION.,Medium,CLOSED,Ivr,True
CBK0002754,TXN00014491,USR40425,MCH1768,Grocery,2026-01-10 00:00:00,2026-01-13 13:24:00,,3.558333333333333,3840.0,False,Fraud & Account Takeover,Complaint received after multiple failed attempts.,Low,IN_PROGRESS,Ivr,True
CBK0002287,TXN00004573,USR40925,MCH4181,Pharmacy,2026-02-09 08:18:39,2026-02-04 00:00:00,2026-02-27 00:00:00,-5.346284722222222,495.68,False,Duplicate Debit & Billing,Customer says amount was debited twice.,Medium,CLOSED,Ivr,True
CBK0000037,TXN00005659,USR96672,MCH9397,Restaurant,2026-03-07 00:00:00,2026-03-13 00:00:00,2026-03-18 14:18:00,6.0,-2505.44,False,Customer General Dispute,User reports money deducted but merchant denies receiving payment.,Medium,IN_PROGRESS,Ivr,True
CBK0000726,TXN00016050,USR43040,MCH4578,Miscellaneous Retail,2026-01-18 00:00:00,2026-01-26 00:00:00,2026-01-27 00:00:00,8.0,1426.42,False,Duplicate Debit & Billing,User says UPI PIN was not entered by them.,Medium,RESOLVED,Ivr,True
CBK0002577,TXN00004121,USR90720,MCH8154,Restaurant,2026-01-03 20:31:00,,2026-02-01 00:00:00,,7340.9,True,Duplicate Debit & Billing,Complaint received after multiple failed attempts.,High,IN_PROGRESS,Chatbot,True
CBK0001624,TXN00012795,USR83035,MCH3452,Transportation,2026-01-26 00:00:00,2026-01-28 16:03:00,2026-02-10 16:03:46,2.66875,4081.84,False,Service & Delivery Failure,CUSTOMER SAYS AMOUNT WAS DEBITED TWICE.,Medium,CLOSED,Ivr,True
CBK0002259,TXN00013350,USR98061,MCH8037,Restaurant,2026-02-03 00:00:00,2026-02-09 01:39:01,2026-02-19 01:39:01,6.068761574074074,1837.87,False,Service & Delivery Failure,Complaint received after multiple failed attempts.,Medium,IN_PROGRESS,Chatbot,True
CBK0002144,TXN00008909,USR70631,MCH6347,Department Store,,2026-01-14 00:00:00,,,660.0,False,Fraud & Account Takeover,Customer complaint text unclear due to poor call center notes.,Low,RESOLVED,Call Center,True
CBK0001300,TXN00009464,USR85148,MCH7648,Transportation,2026-02-09 00:00:00,,2026-03-06 00:00:00,,2154.73,False,Fraud & Account Takeover,Merchant service was not delivered after payment.,High,IN_PROGRESS,Ivr,True
CBK0002037,TXN00000736,USR80842,MCH3769,Transportation,2026-03-15 00:00:00,2026-03-11 00:00:00,2026-03-22 00:00:00,-4.0,21931.0,True,Fraud & Account Takeover,User reports money deducted but merchant denies receiving payment.,Low,IN_PROGRESS,Chatbot,True
CBK0001277,TXN00010511,USR79673,MCH3992,Transportation,2026-02-16 11:35:00,2026-02-22 10:35:24,2026-02-27 00:00:00,5.958611111111111,12071.05,False,Customer General Dispute,User says UPI PIN was not entered by them.,Low,CLOSED,Email,True
CBK0001875,TXN00017156,USR39926,MCH4882,Pharmacy,2026-02-11 00:00:00,2026-02-15 05:57:47,2026-03-12 05:57:00,4.248460648148148,-1059.67,False,Fraud & Account Takeover,user reports money deducted but merchant denies receiving payment.,Medium,REJECTED,App,True
CBK0002724,TXN00007282,USR52296,MCH8854,Transportation,2026-01-22 20:50:32,2026-01-24 00:00:00,2026-02-14 00:00:00,1.131574074074074,9729.28,False,Duplicate Debit & Billing,Payment made to unknown merchant as per customer statement.,Medium,IN_PROGRESS,Branch,True
CBK0002354,TXN00009248,USR72500,MCH5264,Pharmacy,2026-01-14 00:00:00,2026-01-17 03:47:00,2026-02-07 00:00:00,3.157638888888889,-728.36,False,Duplicate Debit & Billing,user claims account was compromised before transaction.,Critical,RESOLVED,Email,True
CBK0002027,TXN00002894,USR72952,MCH7286,Grocery,2026-01-10 00:00:00,2026-01-10 21:26:42,2026-02-08 00:00:00,0.8935416666666667,16370.0,True,Customer General Dispute,Customer says amount was debited twice. pls check asap,Medium,IN_PROGRESS,Chatbot,True
CBK0001440,TXN00009124,USR51720,MCH1539,Grocery,2026-02-06 01:11:28,2026-03-08 00:00:00,2026-03-18 00:00:00,29.950370370370372,253.0,False,Service & Delivery Failure,Customer says transaction was not authorized.,Medium,IN_PROGRESS,Ivr,True
CBK0001493,TXN00006595,USR31543,MCH5575,Pharmacy,2026-01-18 00:00:00,2026-01-24 00:00:00,2026-01-28 00:00:00,6.0,2625.77,False,Duplicate Debit & Billing,USER SAYS UPI PIN WAS NOT ENTERED BY THEM.,Low,IN_PROGRESS,Call Center,True
CBK0002689,TXN00011270,USR88203,MCH3731,Restaurant,2026-03-05 01:07:52,2026-03-08 08:07:00,2026-03-23 08:07:52,3.2910648148148147,662.0,False,Fraud & Account Takeover,Payment made to unknown merchant as per customer statement.,Low,IN_PROGRESS,Chatbot,True
CBK0001217,TXN00010449,USR44544,MCH3100,Grocery,2026-01-21 23:13:16,2026-01-27 02:13:16,2026-02-22 00:00:00,5.125,1852.3,False,Service & Delivery Failure,User claims account was compromised before transaction.,Low,RESOLVED,Call Center,True
CBK0001517,TXN00016968,USR40843,MCH2266,Transportation,2026-03-06 00:00:00,2026-03-11 23:37:25,2026-04-04 00:00:00,5.98431712962963,1768.72,False,Fraud & Account Takeover,Merchant service was not delivered after payment.,Medium,REJECTED,App,True
CBK0001187,TXN00012133,USR31699,MCH5290,Miscellaneous Retail,2026-03-08 00:00:00,2026-03-12 04:19:58,2026-03-19 00:00:00,4.180532407407408,1491.37,False,Fraud & Account Takeover,Complaint received after multiple failed attempts.,Low,IN_PROGRESS,App,True
CBK0001516,TXN00013162,USR27947,MCH4181,Miscellaneous Retail,2026-02-26 00:00:00,2026-03-04 00:00:00,,6.0,221.35,False,Service & Delivery Failure,Customer says transaction was not authorized.,High,CLOSED,App,True
CBK0000320,TXN00014355,USR27329,MCH4446,Pharmacy,2026-03-11 07:51:22,2026-03-07 07:51:22,2026-04-02 07:51:22,-4.0,-493.43,False,Duplicate Debit & Billing,Merchant service was not delivered after payment.,Medium,IN_PROGRESS,Chatbot,True
CBK0001107,TXN00044609,USR77130,MCH2757,Apparel,2026-03-31 00:00:00,,2026-05-16 15:06:00,,771.44,False,Customer General Dispute,Customer complaint text unclear due to poor call center notes.,Medium,RESOLVED,App,False
CBK0002375,TXN00011957,USR43004,MCH4590,Pharmacy,2026-02-22 00:00:00,2026-03-09 00:00:00,2026-03-10 00:00:00,15.0,569.94,False,Fraud & Account Takeover,User reports money deducted but merchant denies receiving payment.,Medium,IN_PROGRESS,Email,True
CBK0000151,TXN00005861,USR31659,MCH5954,Hotel & Lodging,2026-03-21 00:00:00,2026-03-23 00:00:00,2026-03-29 00:00:00,2.0,10091.73,False,Duplicate Debit & Billing,User reports money deducted but merchant denies receiving payment.,Low,REJECTED,Email,True
CBK0001351,TXN00015779,USR29306,MCH1450,Restaurant,2026-01-06 00:00:00,2026-01-08 20:17:00,2026-01-17 00:00:00,2.845138888888889,3948.0,False,Fraud & Account Takeover,customer complaint text unclear due to poor call center notes.,Low,IN_PROGRESS,Chatbot,True
CBK0001111,TXN00009206,USR23400,MCH6695,Grocery,2026-01-09 00:00:00,2026-01-11 07:25:00,2026-02-04 00:00:00,2.3090277777777777,1313.0,False,Service & Delivery Failure,Merchant service was not delivered after payment.,High,IN_PROGRESS,Call Center,True
CBK0000545,TXN00011868,USR25128,MCH3714,Transportation,2026-02-02 00:00:00,2026-02-04 13:11:50,,2.5498842592592594,1080.46,False,Fraud & Account Takeover,Payment made to unknown merchant as per customer statement.,Low,IN_PROGRESS,Chatbot,True
CBK0002717,TXN00010611,USR62341,MCH6810,Pharmacy,2026-01-04 00:00:00,2026-01-06 00:00:00,2026-01-21 00:19:00,2.0,1248.48,False,Customer General Dispute,User says UPI PIN was not entered by them.,High,REJECTED,Chatbot,True
CBK0001384,TXN00016135,USR75723,MCH7246,Pharmacy,2026-02-09 19:42:43,2026-02-11 00:00:00,2026-03-04 00:00:00,1.1786689814814815,830.69,False,Fraud & Account Takeover,Merchant service was not delivered after payment.,Medium,IN_PROGRESS,Chatbot,True
CBK0002625,TXN00004157,USR67803,MCH8154,Transportation,2026-01-25 00:00:00,2026-02-04 00:00:00,2026-02-22 00:00:00,10.0,269.0,False,Customer General Dispute,Customer says transaction was not authorized.,Low,IN_PROGRESS,Call Center,True
CBK0002253,TXN00003501,USR85258,MCH4018,Pharmacy,2026-01-30 19:42:00,,2026-02-13 15:42:37,,717.53,False,Customer General Dispute,Payment made to unknown merchant as per customer statement.,Medium,RESOLVED,Call Center,True
CBK0002128,TXN00007497,USR22535,MCH7048,Transportation,2026-02-09 16:05:34,2026-02-10 15:05:00,2026-02-13 00:00:00,0.9579398148148148,-5331.95,False,Fraud & Account Takeover,User claims account was compromised before transaction. urgent,High,IN_PROGRESS,App,True
CBK0000184,TXN00001095,USR35485,MCH7351,Miscellaneous Retail,2026-03-06 00:00:00,2026-03-09 00:00:00,2026-03-25 00:00:00,3.0,1383.39,False,Customer General Dispute,User claims account was compromised before transaction.,Medium,REJECTED,Ivr,True
CBK0001646,TXN00008404,USR50087,MCH8857,Grocery,2026-02-06 00:00:00,2026-02-06 00:00:00,2026-03-07 00:00:00,0.0,6003.55,False,Fraud & Account Takeover,Customer complaint text unclear due to poor call center notes.,Low,IN_PROGRESS,Ivr,True
CBK0002445,TXN00087166,USR20310,MCH3100,Miscellaneous Retail,2026-02-12 00:00:00,2026-02-20 00:00:00,2026-03-11 01:21:40,8.0,2084.49,False,Fraud & Account Takeover,User says UPI PIN was not entered by them.,Medium,RESOLVED,Call Center,False
CBK0001479,TXN00008854,USR96222,MCH8391,Restaurant,2026-03-12 23:27:49,2026-03-18 00:00:00,2026-04-15 13:27:49,5.022349537037037,2299.14,False,Duplicate Debit & Billing,Suspicious high-value payment disputed by customer.,Medium,REJECTED,Chatbot,True
CBK0002009,TXN00007679,USR85277,MCH4226,Transportation,2026-02-24 19:29:47,2026-02-28 11:29:00,,3.666122685185185,504.58,False,Service & Delivery Failure,USER REPORTS MONEY DEDUCTED BUT MERCHANT DENIES RECEIVING PAYMENT.,High,IN_PROGRESS,Branch,True
CBK0002490,,USR43455,MCH9521,Apparel,2026-01-09 00:00:00,2026-01-17 00:00:00,2026-01-29 00:00:00,8.0,1266.0,False,Service & Delivery Failure,USER CLAIMS ACCOUNT WAS COMPROMISED BEFORE TRANSACTION.,High,RESOLVED,Chatbot,False
CBK0001380,TXN00009008,USR35697,MCH7809,Pharmacy,2026-03-23 00:00:00,2026-03-25 00:00:00,2026-04-09 12:19:42,2.0,743.0,False,Customer General Dispute,USER SAYS UPI PIN WAS NOT ENTERED BY THEM.,Low,REJECTED,Ivr,True
CBK0002216,TXN00007764,USR83977,MCH3026,Grocery,2026-03-19 00:00:00,2026-03-25 00:00:00,,6.0,6398.47,False,Customer General Dispute,User claims account was compromised before transaction.,Medium,IN_PROGRESS,Chatbot,True
CBK0001727,TXN00016545,USR45053,MCH5655,Grocery,2026-03-04 18:43:59,2026-03-07 00:00:00,2026-03-14 00:00:00,2.2194560185185184,268.66,False,Fraud & Account Takeover,Customer complaint text unclear due to poor call center notes.,Medium,IN_PROGRESS,App,True
CBK0000270,TXN00010202,USR15203,MCH5264,Miscellaneous Retail,2026-01-23 00:00:00,2026-01-25 00:00:00,2026-02-02 00:00:00,2.0,1328.22,False,Fraud & Account Takeover,Payment made to unknown merchant as per customer statement.,Low,IN_PROGRESS,Branch,True
CBK0000511,TXN00018141,USR72986,MCH8779,Pharmacy,2026-03-16 00:00:00,2026-03-19 00:00:00,2026-03-28 00:00:00,3.0,4311.27,False,Service & Delivery Failure,Customer complaint text unclear due to poor call center notes.,Medium,RESOLVED,App,True
CBK0002731,TXN00000182,USR78938,MCH8953,Restaurant,2026-02-11 00:00:00,2026-02-17 00:00:00,2026-02-26 00:00:00,6.0,17413.88,False,Customer General Dispute,user claims account was compromised before transaction.,High,CLOSED,App,True
CBK0001334,TXN00013020,USR94669,MCH6850,Restaurant,,2026-03-11 00:00:00,2026-03-27 00:00:00,,2027.64,False,Duplicate Debit & Billing,User reports money deducted but merchant denies receiving payment.,Medium,IN_PROGRESS,Ivr,True
CBK0000009,TXN00007204,USR51727,MCH4175,Hotel & Lodging,2026-03-15 00:00:00,2026-03-17 00:00:00,,2.0,-4713.91,False,Fraud & Account Takeover,Suspicious high-value payment disputed by customer.,High,REJECTED,Branch,True
CBK0000733,TXN00012362,USR55838,MCH4181,Grocery,2026-02-05 12:02:58,2026-02-06 00:00:00,2026-02-08 15:02:00,0.4979398148148148,4043.04,False,Fraud & Account Takeover,User says UPI PIN was not entered by them.,Critical,IN_PROGRESS,Branch,True
CBK0001152,TXN00008504,USR31293,MCH1317,Miscellaneous Retail,2026-02-15 23:32:00,2026-02-16 13:32:23,2026-03-06 13:32:23,0.583599537037037,588.2,False,Fraud & Account Takeover,User reports money deducted but merchant denies receiving payment.,Medium,IN_PROGRESS,Branch,True
CBK0000886,TXN00012882,USR83501,MCH3412,Transportation,2026-01-13 00:00:00,2026-01-15 10:24:32,2026-01-28 00:00:00,2.4337037037037037,1791.89,False,Fraud & Account Takeover,Payment made to unknown merchant as per customer statement.,Medium,RESOLVED,Chatbot,True
CBK0002753,TXN00006756,USR69271,MCH1635,Grocery,2026-03-28 00:00:00,2026-04-28 00:00:00,,31.0,988.98,False,Service & Delivery Failure,Payment made to unknown merchant as per customer statement.,Medium,IN_PROGRESS,Branch,True
CBK0001224,TXN00008299,USR61715,MCH1151,Pharmacy,2026-01-04 00:00:00,2026-01-07 00:00:00,2026-02-03 03:47:20,3.0,1586.53,False,Fraud & Account Takeover,SUSPICIOUS HIGH-VALUE PAYMENT DISPUTED BY CUSTOMER.,Medium,IN_PROGRESS,Email,True
CBK0000155,TXN00010068,USR53527,MCH9030,Grocery,2026-03-12 00:00:00,2026-03-14 00:00:00,2026-03-17 00:00:00,2.0,2128.78,False,Fraud & Account Takeover,Merchant service was not delivered after payment.,Low,IN_PROGRESS,Chatbot,True
CBK0001466,TXN00015318,USR91423,MCH3984,Pharmacy,2026-02-16 14:22:00,2026-02-19 00:00:00,2026-03-21 00:00:00,2.401388888888889,3397.0,False,Service & Delivery Failure,Suspicious high-value payment disputed by customer.,Medium,CLOSED,Chatbot,True
CBK0001664,TXN00018525,USR61151,MCH2048,Restaurant,2026-01-18 00:00:00,2026-01-17 00:00:00,2026-02-10 20:54:30,-1.0,263.29,False,Fraud & Account Takeover,User reports money deducted but merchant denies receiving payment.,Low,IN_PROGRESS,Chatbot,True
CBK0001452,TXN00008175,USR21384,MCH2062,Transportation,2026-02-22 00:00:00,2026-03-01 07:14:00,,7.301388888888889,7668.14,False,Customer General Dispute,Customer says amount was debited twice.,Low,IN_PROGRESS,App,True
CBK0002640,TXN00005546,USR34195,MCH2365,Hotel & Lodging,2026-02-24 10:34:00,2026-02-25 16:34:00,,1.25,1518.0,False,Duplicate Debit & Billing,User claims account was compromised before transaction.,Low,IN_PROGRESS,Call Center,True
CBK0000867,TXN00019528,USR25296,MCH5076,Apparel,2026-01-31 00:00:00,2026-01-29 00:00:00,2026-02-14 14:43:00,-2.0,2653.08,False,Service & Delivery Failure,User claims account was compromised before transaction.,Medium,CLOSED,Chatbot,True
CBK0002768,TXN00068399,USR40977,MCH2404,Grocery,,2026-01-31 00:00:00,2026-02-03 07:38:22,,562.25,False,Fraud & Account Takeover,User claims account was compromised before transaction.,High,IN_PROGRESS,Chatbot,False
CBK0001778,TXN00019856,USR11814,MCH9334,Grocery,2026-02-02 10:18:46,2026-02-03 21:18:46,2026-02-12 00:00:00,1.4583333333333333,19902.97,True,Fraud & Account Takeover,Complaint received after multiple failed attempts. call dropped,High,IN_PROGRESS,Chatbot,True
CBK0002238,TXN00002006,USR76792,MCH3459,Transportation,,2026-01-29 00:00:00,2026-02-20 00:00:00,,637.05,False,Service & Delivery Failure,Payment made to unknown merchant as per customer statement. details missing,Medium,IN_PROGRESS,Email,True
CBK0001923,TXN00016966,USR62899,MCH8181,Miscellaneous Retail,2026-01-10 00:00:00,2026-01-14 00:00:00,2026-01-21 00:00:00,4.0,1081.02,False,Duplicate Debit & Billing,customer complaint text unclear due to poor call center notes.,Low,RESOLVED,Email,True
CBK0000471,TXN00007267,USR46455,MCH8953,Grocery,2026-01-05 18:57:21,2026-01-20 19:57:21,,15.041666666666666,890.07,False,Duplicate Debit & Billing,Merchant service was not delivered after payment.,Low,REJECTED,Chatbot,True
CBK0001626,TXN00049458,USR11987,MCH8783,Miscellaneous Retail,2026-02-20 00:00:00,2026-02-22 18:45:00,2026-03-03 00:00:00,2.78125,12414.63,False,Customer General Dispute,User claims account was compromised before transaction.,Critical,IN_PROGRESS,Branch,False
CBK0002210,TXN00005430,USR83180,MCH5840,Miscellaneous Retail,2026-02-28 17:08:00,2026-03-31 13:08:00,2026-04-25 13:08:00,30.833333333333332,1006.88,False,Fraud & Account Takeover,Complaint received after multiple failed attempts.,Medium,IN_PROGRESS,Ivr,True
CBK0000127,TXN00007654,USR54113,MCH3992,Restaurant,2026-03-06 00:00:00,2026-04-20 00:00:00,2026-05-05 21:02:00,45.0,1028.53,False,Duplicate Debit & Billing,Customer complaint text unclear due to poor call center notes.,Medium,IN_PROGRESS,Chatbot,True
CBK0000705,TXN00001152,USR35882,MCH9206,Hotel & Lodging,2026-03-27 00:00:00,2026-03-28 00:00:00,2026-04-03 06:16:00,1.0,1038.46,False,Duplicate Debit & Billing,customer complaint text unclear due to poor call center notes.,Medium,REJECTED,Chatbot,True
CBK0000507,TXN00012054,USR64199,MCH5589,Transportation,2026-03-02 13:39:09,,2026-03-30 13:39:09,,666.76,False,Fraud & Account Takeover,Complaint received after multiple failed attempts.,High,IN_PROGRESS,Call Center,True
CBK0002408,TXN00013519,USR21313,MCH4396,Pharmacy,2026-01-07 08:45:00,2026-01-10 14:45:00,2026-02-08 00:00:00,3.25,4980.8,False,Service & Delivery Failure,Merchant service was not delivered after payment.,High,IN_PROGRESS,Chatbot,True
CBK0002332,TXN00002710,USR70317,MCH5459,Restaurant,2026-02-12 00:00:00,2026-02-13 00:00:00,,1.0,2072.0,False,Service & Delivery Failure,User claims account was compromised before transaction.,Low,RESOLVED,Chatbot,True
CBK0000698,TXN00005431,USR66398,MCH1320,Grocery,2026-03-31 13:31:09,2026-04-02 00:00:00,2026-04-22 11:31:00,1.4367013888888889,1631.64,False,Duplicate Debit & Billing,customer says transaction was not authorized.,High,REJECTED,Email,True
CBK0000383,TXN00013042,USR84199,MCH9709,Miscellaneous Retail,2026-03-27 00:00:00,2026-03-28 07:14:43,2026-04-24 00:00:00,1.3018865740740742,5855.28,False,Fraud & Account Takeover,complaint received after multiple failed attempts.,Medium,CLOSED,Branch,True
CBK0001198,TXN00016001,USR34436,MCH2936,Transportation,,2026-02-05 06:11:00,2026-02-22 00:00:00,,812.93,False,Fraud & Account Takeover,Payment made to unknown merchant as per customer statement.,High,IN_PROGRESS,Chatbot,True
CBK0002194,,USR21052,MCH3797,Hotel & Lodging,2026-03-08 00:00:00,2026-03-12 00:00:00,,4.0,,False,Fraud & Account Takeover,User reports money deducted but merchant denies receiving payment.,Critical,IN_PROGRESS,App,False
CBK0001129,TXN00019231,USR32448,MCH5534,Hotel & Lodging,2026-03-02 00:00:00,2026-03-07 00:00:00,2026-03-26 00:00:00,5.0,1213.34,False,Customer General Dispute,User reports money deducted but merchant denies receiving payment.,Low,IN_PROGRESS,Chatbot,True
CBK0002586,TXN00016107,USR77915,MCH8391,Transportation,2026-03-15 00:00:00,2026-04-14 10:20:30,2026-05-12 10:20:00,30.430902777777778,800.72,False,Customer General Dispute,Payment made to unknown merchant as per customer statement.,Low,IN_PROGRESS,Branch,True
CBK0001794,TXN00009546,USR84804,MCH3045,Miscellaneous Retail,2026-03-13 00:00:00,2026-03-14 00:00:00,2026-03-16 10:34:00,1.0,562.28,False,Customer General Dispute,Customer says transaction was not authorized.,Medium,IN_PROGRESS,App,True
CBK0000707,TXN00009174,USR25529,MCH1041,Grocery,2026-03-28 00:00:00,2026-04-28 00:00:00,2026-05-04 00:00:00,31.0,3544.0,False,Service & Delivery Failure,Complaint received after multiple failed attempts.,Low,IN_PROGRESS,App,True
CBK0000675,TXN00002371,USR78353,MCH5277,Restaurant,2026-02-26 00:00:00,2026-03-09 00:00:00,2026-03-10 00:00:00,11.0,-7577.71,False,Service & Delivery Failure,customer says amount was debited twice.,Medium,REJECTED,Email,True
CBK0000461,TXN00013811,USR98133,MCH3815,Transportation,2026-03-18 22:28:00,2026-03-21 00:00:00,,2.063888888888889,2059.37,False,Fraud & Account Takeover,User says UPI PIN was not entered by them. details missing,Medium,IN_PROGRESS,App,True
CBK0000077,TXN00016365,USR65949,MCH5705,Transportation,2026-01-17 10:07:00,2026-01-18 13:07:29,2026-02-05 00:00:00,1.1253356481481482,287.37,False,Duplicate Debit & Billing,User reports money deducted but merchant denies receiving payment.,Low,RESOLVED,App,True
CBK0000606,TXN00009406,USR72675,MCH2266,Hotel & Lodging,,2026-01-13 16:20:00,2026-01-24 16:20:00,,2488.0,False,Service & Delivery Failure,Merchant service was not delivered after payment.,Medium,REJECTED,Ivr,True
CBK0000880,TXN00018703,USR63444,MCH2434,Miscellaneous Retail,2026-01-31 00:00:00,2026-02-07 00:00:00,2026-02-21 16:50:46,7.0,1513.0,False,Service & Delivery Failure,suspicious high-value payment disputed by customer.,Critical,IN_PROGRESS,Branch,True
CBK0001536,TXN00003677,USR67399,MCH1566,Transportation,2026-02-23 02:32:00,2026-02-28 15:32:00,,5.541666666666667,1364.35,False,Service & Delivery Failure,Customer says transaction was not authorized. pls check asap,Low,RESOLVED,Email,True
CBK0002472,TXN00013665,USR72656,MCH2756,Restaurant,2026-03-04 14:52:38,2026-03-07 00:00:00,2026-04-06 10:52:38,2.3801157407407407,-616.17,False,Duplicate Debit & Billing,Suspicious high-value payment disputed by customer. pls check asap,High,RESOLVED,Chatbot,True
CBK0002484,TXN00005205,USR19551,MCH5064,Grocery,2026-02-26 00:00:00,2026-03-04 00:00:00,,6.0,6694.94,False,Customer General Dispute,Complaint received after multiple failed attempts.,High,RESOLVED,Ivr,True
CBK0002036,TXN00014884,USR50473,MCH6069,Pharmacy,2026-02-20 00:00:00,2026-02-24 00:00:00,2026-03-19 00:00:00,4.0,11671.19,True,Duplicate Debit & Billing,Customer says amount was debited twice.,Medium,IN_PROGRESS,Ivr,True
CBK0000666,,USR33350,MCH6639,Restaurant,,2026-01-11 03:18:30,2026-01-28 00:00:00,,8521.71,False,Customer General Dispute,User says UPI PIN was not entered by them. call dropped,Medium,RESOLVED,Chatbot,False
CBK0002496,TXN00016961,USR12384,MCH4196,Transportation,2026-02-26 13:00:00,2026-03-14 12:00:58,2026-04-10 00:00:00,15.95900462962963,433.87,False,Service & Delivery Failure,CUSTOMER SAYS TRANSACTION WAS NOT AUTHORIZED.,Medium,IN_PROGRESS,Branch,True
CBK0002579,TXN00002668,USR57244,MCH3590,Restaurant,2026-02-02 00:00:00,2026-02-05 00:00:00,2026-03-03 00:00:00,3.0,551.59,False,Fraud & Account Takeover,User claims account was compromised before transaction.,High,REJECTED,Chatbot,True
CBK0001621,TXN00006638,USR85507,MCH6644,Miscellaneous Retail,2026-01-03 00:00:00,2026-01-19 00:00:00,2026-02-08 00:00:00,16.0,2742.66,False,Duplicate Debit & Billing,User reports money deducted but merchant denies receiving payment.,Critical,IN_PROGRESS,Chatbot,True
CBK0002033,TXN00018868,USR88284,MCH2152,Restaurant,2026-03-09 12:13:27,2026-03-13 00:00:00,2026-04-09 00:00:00,3.4906597222222224,180.66,False,Fraud & Account Takeover,Merchant service was not delivered after payment.,High,CLOSED,Chatbot,True
CBK0000887,TXN00005845,USR53491,MCH4767,Restaurant,2026-01-18 10:49:09,2026-01-21 00:00:00,2026-01-27 00:00:00,2.5492013888888887,21839.62,True,Customer General Dispute,Customer says amount was debited twice.,Critical,IN_PROGRESS,Chatbot,True
CBK0002341,TXN00012704,USR27290,MCH3954,Transportation,2026-01-19 00:00:00,2026-01-22 23:30:00,2026-02-07 00:00:00,3.9791666666666665,2025.76,False,Fraud & Account Takeover,User reports money deducted but merchant denies receiving payment.,High,CLOSED,Branch,True
CBK0002499,TXN00012098,USR40113,MCH9719,Miscellaneous Retail,2026-02-09 05:17:08,,2026-02-19 08:17:00,,708.0,False,Service & Delivery Failure,merchant service was not delivered after payment.,Low,REJECTED,Email,True
CBK0002356,TXN00014945,USR84844,MCH5076,Hotel & Lodging,2026-03-20 19:35:48,2026-03-21 00:00:00,2026-03-25 00:00:00,0.18347222222222223,1720.02,False,Customer General Dispute,Suspicious high-value payment disputed by customer.,Medium,REJECTED,App,True
CBK0000488,TXN00008670,USR17815,MCH6810,Grocery,2026-03-03 00:00:00,,2026-03-27 00:00:00,,992.85,False,Customer General Dispute,User claims account was compromised before transaction.,Low,IN_PROGRESS,Chatbot,True
CBK0001653,TXN00008030,USR83418,MCH6033,Transportation,2026-02-02 00:00:00,2026-03-20 00:00:00,2026-03-28 11:43:48,46.0,1200.17,False,Service & Delivery Failure,Customer says amount was debited twice.,Medium,RESOLVED,Ivr,True
CBK0002360,TXN00016689,USR22630,MCH6419,Hotel & Lodging,2026-03-05 00:00:00,2026-03-11 00:00:00,,6.0,2052.97,False,Fraud & Account Takeover,User claims account was compromised before transaction.,Low,IN_PROGRESS,Call Center,True
CBK0002567,TXN00016286,USR90993,MCH5462,Pharmacy,2026-03-13 02:22:00,2026-03-18 09:22:00,2026-04-16 00:00:00,5.291666666666667,1887.01,False,Service & Delivery Failure,Payment made to unknown merchant as per customer statement.,Medium,CLOSED,Chatbot,True
CBK0002701,TXN00015262,USR47926,MCH5959,Grocery,2026-01-07 15:19:00,2026-01-08 00:00:00,2026-01-29 00:00:00,0.36180555555555555,2260.38,False,Customer General Dispute,Customer says amount was debited twice. NA,Low,IN_PROGRESS,Ivr,True
CBK0001076,TXN00014751,USR40036,MCH9461,Transportation,2026-01-15 00:00:00,2026-01-16 00:00:00,,1.0,-1337.67,False,Duplicate Debit & Billing,Customer says amount was debited twice.,Medium,IN_PROGRESS,Chatbot,True
CBK0001229,TXN00014638,USR33934,MCH4422,Grocery,,2026-02-05 03:24:10,,,1064.0,False,Service & Delivery Failure,suspicious high-value payment disputed by customer.,Low,CLOSED,Ivr,True
CBK0001253,TXN00048192,USR32413,MCH7724,Department Store,2026-03-07 00:00:00,2026-03-09 00:00:00,,2.0,1863.22,False,Customer General Dispute,User claims account was compromised before transaction.,Low,IN_PROGRESS,Ivr,False
CBK0001863,TXN00004455,USR92111,MCH2672,Grocery,2026-01-24 00:00:00,2026-02-01 00:00:00,,8.0,559.19,False,Fraud & Account Takeover,payment made to unknown merchant as per customer statement.,Medium,RESOLVED,Email,True
CBK0000864,TXN00058515,USR41631,MCH1320,Apparel,2026-01-21 00:00:00,2026-01-31 15:38:00,,10.651388888888889,216.17,False,Service & Delivery Failure,Customer complaint text unclear due to poor call center notes.,High,IN_PROGRESS,Chatbot,False
CBK0001853,TXN00008375,USR11036,MCH7833,Hotel & Lodging,2026-01-09 13:20:42,,2026-02-10 19:20:42,,372.08,False,Duplicate Debit & Billing,Complaint received after multiple failed attempts.,Low,RESOLVED,Branch,True
CBK0001308,TXN00016774,USR71704,MCH4590,Pharmacy,2026-03-14 00:00:00,2026-03-19 00:00:00,2026-03-19 00:00:00,5.0,9878.08,False,Service & Delivery Failure,Customer says amount was debited twice.,Critical,IN_PROGRESS,Branch,True
CBK0001006,TXN00005755,USR95625,MCH4181,Grocery,2026-03-29 16:15:15,2026-04-28 00:00:00,,29.322743055555556,740.85,False,Fraud & Account Takeover,Suspicious high-value payment disputed by customer.,Medium,IN_PROGRESS,App,True
CBK0001269,TXN00007095,USR24536,MCH8953,Grocery,2026-02-06 04:54:54,2026-02-07 00:00:00,2026-02-17 08:54:00,0.7952083333333333,1816.0,False,Fraud & Account Takeover,User says UPI PIN was not entered by them.,Medium,IN_PROGRESS,Ivr,True
CBK0000607,TXN00007941,USR62254,MCH1419,Restaurant,2026-03-01 00:00:00,2026-03-05 05:33:21,,4.231493055555555,-15519.36,False,Fraud & Account Takeover,User reports money deducted but merchant denies receiving payment.,Low,REJECTED,Chatbot,True
CBK0001541,TXN00011858,USR73594,MCH4651,Transportation,2026-03-08 00:00:00,2026-04-07 00:00:00,,30.0,7857.66,False,Duplicate Debit & Billing,Payment made to unknown merchant as per customer statement. call dropped,Medium,IN_PROGRESS,Email,True
CBK0000990,TXN00010883,USR94792,MCH2338,Restaurant,2026-03-01 00:00:00,2026-03-04 00:00:00,2026-03-07 00:00:00,3.0,2301.28,False,Fraud & Account Takeover,Merchant service was not delivered after payment.,Critical,CLOSED,Ivr,True
CBK0002713,TXN00016837,USR36321,MCH2065,Grocery,2026-03-09 00:00:00,2026-03-13 00:00:00,2026-03-25 00:00:00,4.0,14815.94,True,Customer General Dispute,Customer complaint text unclear due to poor call center notes.,High,REJECTED,Chatbot,True
CBK0001590,TXN00014261,USR66321,MCH8391,Restaurant,2026-01-02 02:08:36,2026-01-07 00:00:00,2026-01-15 00:00:00,4.910694444444444,-750.7,False,Service & Delivery Failure,Complaint received after multiple failed attempts.,Medium,IN_PROGRESS,Ivr,True
CBK0002311,TXN00011525,USR73683,MCH3681,Grocery,2026-03-29 00:00:00,2026-04-14 00:00:00,2026-05-11 00:00:00,16.0,3875.84,False,Customer General Dispute,Customer complaint text unclear due to poor call center notes.,Medium,IN_PROGRESS,Chatbot,True
CBK0001892,TXN00019135,USR46902,MCH3656,Restaurant,2026-02-25 00:00:00,2026-02-28 00:00:00,2026-03-03 00:00:00,3.0,-690.96,False,Fraud & Account Takeover,Complaint received after multiple failed attempts.,Medium,IN_PROGRESS,Chatbot,True
CBK0002635,TXN00012235,USR39811,MCH4990,Pharmacy,2026-02-22 12:05:00,2026-02-24 16:05:00,,2.1666666666666665,-10021.84,False,Duplicate Debit & Billing,Customer complaint text unclear due to poor call center notes.,Medium,IN_PROGRESS,Call Center,True
CBK0000537,TXN00006837,USR35532,MCH7922,Miscellaneous Retail,2026-01-07 00:00:00,2026-01-09 10:28:51,,2.436701388888889,374.0,False,Customer General Dispute,Suspicious high-value payment disputed by customer.,Medium,RESOLVED,Chatbot,True
CBK0000081,TXN00016937,USR98012,MCH5770,Hotel & Lodging,2026-01-25 00:00:00,2026-01-27 00:00:00,2026-02-05 00:00:00,2.0,-6269.03,False,Duplicate Debit & Billing,merchant service was not delivered after payment.,Medium,RESOLVED,Email,True
CBK0000117,TXN00008534,USR46501,MCH8277,Transportation,2026-02-25 00:00:00,2026-03-08 00:00:00,,11.0,652.86,False,Customer General Dispute,Customer says amount was debited twice.,High,IN_PROGRESS,Email,True
CBK0001244,TXN00059954,USR15501,MCH3432,Miscellaneous Retail,2026-03-12 11:29:14,2026-03-18 00:00:00,2026-03-21 00:00:00,5.521365740740741,1289.25,False,Duplicate Debit & Billing,Customer complaint text unclear due to poor call center notes.,Medium,REJECTED,App,False
CBK0001057,TXN00013162,USR95375,MCH1477,Miscellaneous Retail,2026-03-28 00:00:00,2026-03-30 00:00:00,2026-04-24 10:56:00,2.0,3182.0,False,Customer General Dispute,Customer says transaction was not authorized.,Medium,IN_PROGRESS,App,True
CBK0002085,TXN00099329,USR70175,MCH8953,Pharmacy,2026-03-07 00:00:00,2026-03-10 00:00:00,2026-04-07 21:00:00,3.0,2454.92,False,Fraud & Account Takeover,Suspicious high-value payment disputed by customer.,Low,IN_PROGRESS,Chatbot,False
CBK0000847,TXN00010448,USR75789,MCH4429,Grocery,2026-03-26 00:00:00,2026-03-28 00:00:00,2026-03-28 00:00:00,2.0,-387.13,False,Fraud & Account Takeover,User reports money deducted but merchant denies receiving payment.,High,REJECTED,Call Center,True
CBK0001388,TXN00008970,USR73474,MCH8142,Pharmacy,,2026-04-01 12:45:30,,,4522.0,False,Duplicate Debit & Billing,CUSTOMER SAYS TRANSACTION WAS NOT AUTHORIZED.,Low,IN_PROGRESS,Ivr,True
CBK0002155,TXN00016461,USR71348,MCH4824,Pharmacy,2026-02-22 18:14:02,2026-02-25 00:00:00,2026-03-05 00:00:00,2.2402546296296295,-734.05,False,Service & Delivery Failure,Complaint received after multiple failed attempts.,High,IN_PROGRESS,Ivr,True
CBK0002217,TXN00017718,USR99570,MCH5980,Restaurant,2026-01-20 00:00:00,2026-01-23 00:00:00,2026-02-04 00:00:00,3.0,1451.78,False,Customer General Dispute,Customer says txn was not authorized.,Low,REJECTED,Branch,True
CBK0001218,TXN00074714,USR28268,MCH1154,Pharmacy,,2026-03-30 00:00:00,2026-04-03 00:00:00,,2166.47,False,Service & Delivery Failure,Merchant service was not delivered after payment.,High,IN_PROGRESS,Email,False
CBK0001265,TXN00004057,USR26009,MCH6381,Hotel & Lodging,2026-01-29 03:59:00,2026-01-30 00:00:00,2026-02-15 15:59:11,0.8340277777777778,1149.72,False,Duplicate Debit & Billing,User reports money deducted but merchant denies receiving payment.,Medium,IN_PROGRESS,App,True
CBK0000087,TXN00008323,USR70375,MCH3815,Miscellaneous Retail,2026-03-26 04:50:42,2026-03-29 08:50:42,2026-03-29 08:50:42,3.1666666666666665,36675.43,False,Fraud & Account Takeover,merchant service was not delivered after payment.,Medium,IN_PROGRESS,Ivr,True
CBK0001572,TXN00014973,USR69706,MCH9344,Hotel & Lodging,2026-01-11 08:59:33,2026-01-11 10:59:00,2026-01-23 00:00:00,0.0829513888888889,737.0,False,Customer General Dispute,User says UPI PIN was not entered by them.,Low,CLOSED,Chatbot,True
CBK0002221,TXN00016939,USR56378,MCH2383,Grocery,2026-02-24 00:00:00,2026-03-07 00:00:00,2026-03-12 00:00:00,11.0,27330.78,False,Customer General Dispute,Customer says transaction was not authorized.,Critical,REJECTED,Ivr,True
CBK0001983,TXN00012545,USR12475,MCH1320,Restaurant,2026-01-05 00:00:00,2026-01-07 21:57:07,2026-01-16 00:00:00,2.914664351851852,886.93,False,Duplicate Debit & Billing,User says UPI PIN was not entered by them.,High,REJECTED,Call Center,True
CBK0001310,TXN00006669,USR64847,MCH4786,Restaurant,,2026-02-18 15:36:00,2026-03-13 00:00:00,,-2766.56,False,Duplicate Debit & Billing,Customer complaint text unclear due to poor call center notes.,Low,CLOSED,Call Center,True
CBK0002495,TXN00002679,USR24536,MCH8280,Hotel & Lodging,2026-01-07 16:01:24,2026-01-15 11:01:00,2026-02-10 00:00:00,7.791388888888889,1214.71,False,Fraud & Account Takeover,User reports money deducted but merchant denies receiving payment.,Low,CLOSED,Branch,True
CBK0002000,TXN00006334,USR56042,MCH4130,Hotel & Lodging,2026-01-29 15:04:00,2026-02-09 00:00:00,2026-02-09 00:00:00,10.372222222222222,-1206.9,False,Duplicate Debit & Billing,Customer says amount was debited twice. pls check asap,Medium,IN_PROGRESS,App,True
CBK0000401,TXN00001653,USR33650,MCH5294,Miscellaneous Retail,2026-02-04 00:00:00,2026-02-05 12:47:14,2026-02-07 12:47:14,1.5328009259259259,4022.0,False,Fraud & Account Takeover,Customer complaint text unclear due to poor call center notes.,Medium,IN_PROGRESS,Ivr,True
CBK0001880,TXN00013813,USR85610,MCH6626,Grocery,2026-01-21 00:00:00,2026-03-07 00:00:00,2026-03-19 00:00:00,45.0,7819.51,True,Fraud & Account Takeover,Customer says transaction was not authorized.,Medium,REJECTED,Chatbot,True
CBK0000884,TXN00014060,USR97772,MCH9069,Transportation,2026-02-21 10:06:00,2026-02-26 23:06:00,2026-03-07 00:00:00,5.541666666666667,613.53,False,Service & Delivery Failure,User reports money deducted but merchant denies receiving payment.,Critical,REJECTED,Chatbot,True
CBK0001963,TXN00002490,USR56287,MCH9228,Hotel & Lodging,2026-01-21 11:23:07,2026-01-21 12:23:07,2026-01-27 00:00:00,0.041666666666666664,1170.0,False,Fraud & Account Takeover,Customer says amount was debited twice.,Low,CLOSED,Branch,True
CBK0000203,TXN00002521,USR11015,MCH5051,Grocery,2026-01-04 00:00:00,2026-01-06 00:00:00,,2.0,4940.0,False,Service & Delivery Failure,User claims account was compromised before transaction.,High,CLOSED,Call Center,True
CBK0002334,TXN00013909,USR61147,MCH6628,Transportation,2026-01-10 00:00:00,2026-01-12 00:00:00,2026-01-16 14:42:00,2.0,449.15,False,Customer General Dispute,merchant service was not delivered after payment.,High,REJECTED,Ivr,True
CBK0002556,TXN00014016,USR85655,MCH2065,Pharmacy,2026-03-01 00:00:00,2026-03-04 00:00:00,2026-03-07 09:29:57,3.0,2538.7,False,Fraud & Account Takeover,Customer complaint text unclear due to poor call center notes.,Low,IN_PROGRESS,Email,True
CBK0000337,TXN00013045,USR42531,MCH1288,Grocery,2026-01-19 00:00:00,2026-01-20 08:51:00,,1.36875,546.9,False,Service & Delivery Failure,Customer complaint text unclear due to poor call center notes.,Low,REJECTED,Chatbot,True
CBK0002542,TXN00004045,USR54255,MCH7383,Pharmacy,2026-03-24 03:03:18,2026-04-08 20:03:18,2026-04-13 20:03:18,15.708333333333334,14158.32,False,Fraud & Account Takeover,Merchant service was not delivered after payment.,Low,IN_PROGRESS,Call Center,True
CBK0002678,TXN00074852,USR64694,MCH3676,Miscellaneous Retail,2026-02-11 00:00:00,,2026-03-11 16:25:29,,1652.05,False,Duplicate Debit & Billing,Payment made to unknown merchant as per customer statement.,Medium,IN_PROGRESS,Call Center,False
CBK0001617,TXN00001553,USR68522,MCH7372,Hotel & Lodging,2026-01-08 00:00:00,2026-02-08 00:00:00,2026-02-21 04:46:00,31.0,5796.41,False,Service & Delivery Failure,Payment made to unknown merchant as per customer statement. pls check asap,Critical,IN_PROGRESS,Call Center,True
CBK0002109,TXN00005274,USR70317,MCH7833,Miscellaneous Retail,2026-02-26 09:34:34,2026-02-27 13:34:00,2026-03-13 13:34:00,1.166273148148148,4290.41,False,Duplicate Debit & Billing,Customer says amount was debited twice.,High,RESOLVED,Chatbot,True
CBK0000136,TXN00000724,USR55205,MCH4226,Pharmacy,2026-02-20 00:00:00,2026-02-26 00:00:00,,6.0,454.0,False,Customer General Dispute,User says UPI PIN was not entered by them.,High,CLOSED,Email,True
CBK0002243,TXN00019786,USR27947,MCH1674,Pharmacy,2026-03-15 00:00:00,2026-03-17 00:00:00,,2.0,1377.81,False,Fraud & Account Takeover,Customer complaint text unclear due to poor call center notes.,Critical,IN_PROGRESS,Email,True
CBK0000579,TXN00006902,USR30658,MCH8779,Restaurant,,2026-04-09 00:00:00,2026-04-25 00:00:00,,2179.89,False,Duplicate Debit & Billing,Customer says amount was debited twice.,Critical,CLOSED,Call Center,True
CBK0002191,TXN00005500,USR99576,MCH4473,Miscellaneous Retail,2026-01-25 00:00:00,2026-01-31 00:00:00,2026-02-09 00:00:00,6.0,1721.07,False,Fraud & Account Takeover,SUSPICIOUS HIGH-VALUE PAYMENT DISPUTED BY CUSTOMER.,High,CLOSED,Call Center,True
CBK0002147,TXN00010700,USR22862,MCH3741,Grocery,2026-03-21 00:00:00,2026-03-29 00:00:00,2026-03-29 00:00:00,8.0,393.01,False,Service & Delivery Failure,Payment made to unknown merchant as per customer statement.,Medium,IN_PROGRESS,Chatbot,True
CBK0002214,,USR72691,MCH3098,Miscellaneous Retail,2026-02-03 00:00:00,2026-02-14 00:01:00,,11.000694444444445,3364.0,False,Service & Delivery Failure,Payment made to unknown merchant as per customer statement.,Medium,CLOSED,Ivr,False
CBK0002699,TXN00004968,USR63160,MCH2867,Grocery,2026-02-09 02:29:10,2026-02-19 10:29:00,2026-02-27 00:00:00,10.333217592592593,-686.93,False,Fraud & Account Takeover,Customer says transaction was not authorized.,High,IN_PROGRESS,Ivr,True
CBK0000910,TXN00010888,USR26595,MCH8921,Grocery,2026-01-27 00:00:00,2026-01-31 19:55:18,2026-02-08 19:55:18,4.830069444444445,925.14,False,Duplicate Debit & Billing,User reports money deducted but merchant denies receiving payment.,Low,CLOSED,Chatbot,True
CBK0002050,TXN00003990,USR78005,MCH8100,Pharmacy,2026-01-22 20:54:00,2026-01-27 22:54:00,,5.083333333333333,-5710.85,False,Duplicate Debit & Billing,Customer says amount was debited twice.,Medium,CLOSED,Chatbot,True
CBK0002501,TXN00074548,USR43280,MCH3768,Miscellaneous Retail,2026-02-20 00:00:00,2026-02-22 23:25:00,2026-02-27 23:25:00,2.9756944444444446,-4626.55,False,Service & Delivery Failure,MERCHANT SERVICE WAS NOT DELIVERED AFTER PAYMENT.,High,IN_PROGRESS,Call Center,False
CBK0002442,TXN00003496,USR17908,MCH1236,Hotel & Lodging,2026-01-12 17:43:35,2026-01-28 00:00:00,2026-02-24 01:43:00,15.261400462962962,1706.49,False,Service & Delivery Failure,Complaint received after multiple failed attempts.,High,REJECTED,Ivr,True
CBK0002201,TXN00011553,USR33934,MCH1101,Transportation,2026-02-07 13:14:25,2026-02-11 00:00:00,2026-02-26 06:14:25,3.4483217592592594,1996.81,False,Fraud & Account Takeover,User says UPI PIN was not entered by them.,Low,IN_PROGRESS,App,True
CBK0001113,TXN00011228,USR47724,MCH3600,Restaurant,2026-01-19 04:34:00,2026-01-20 00:00:00,2026-02-14 00:00:00,0.8097222222222222,9827.0,False,Fraud & Account Takeover,Customer complaint text unclear due to poor call center notes.,Low,IN_PROGRESS,Ivr,True
CBK0001373,TXN00007769,USR24681,MCH6081,Restaurant,,2026-02-14 19:34:08,2026-03-12 00:00:00,,813.25,False,Service & Delivery Failure,Suspicious high-value payment disputed by customer.,High,RESOLVED,Chatbot,True
CBK0001206,TXN00014973,USR48430,MCH4479,Hotel & Lodging,2026-02-17 19:55:56,2026-02-25 15:55:56,2026-02-25 00:00:00,7.833333333333333,746.85,False,Service & Delivery Failure,Suspicious high-value payment disputed by customer.,High,RESOLVED,Call Center,True
CBK0000759,TXN00018597,USR54822,MCH1382,Pharmacy,,2026-02-14 10:59:54,2026-02-16 10:59:54,,2898.66,False,Fraud & Account Takeover,Merchant service was not delivered after payment.,Medium,IN_PROGRESS,Ivr,True
CBK0002772,TXN00008116,USR80305,MCH3781,Hotel & Lodging,2026-01-18 12:29:06,2026-01-20 00:00:00,2026-02-15 00:00:00,1.4797916666666666,1863.17,False,Duplicate Debit & Billing,User reports money deducted but merchant denies receiving payment.,Low,REJECTED,Ivr,True
CBK0000517,TXN00001323,USR53151,MCH9341,Transportation,,2026-02-19 00:00:00,2026-02-27 21:24:00,,7329.0,False,Service & Delivery Failure,suspicious high-value payment disputed by customer.,Low,REJECTED,Branch,True
CBK0001632,TXN00015576,USR12683,MCH9869,Hotel & Lodging,2026-03-19 05:30:23,2026-03-30 00:00:00,,10.77056712962963,448.44,False,Fraud & Account Takeover,Payment made to unknown merchant as per customer statement.,Medium,IN_PROGRESS,App,True
CBK0000927,TXN00014638,USR14035,MCH9573,Grocery,2026-03-12 17:36:00,2026-03-13 17:36:25,2026-04-08 17:36:00,1.0002893518518519,10765.79,False,Service & Delivery Failure,Customer complaint text unclear due to poor call center notes.,High,IN_PROGRESS,Chatbot,True
CBK0002008,TXN00014274,USR40602,MCH5954,Grocery,2026-02-14 00:00:00,2026-02-20 00:00:00,2026-03-08 10:09:37,6.0,3293.82,False,Service & Delivery Failure,Complaint received after multiple failed attempts.,Medium,CLOSED,Ivr,True
CBK0000572,,USR58062,MCH2065,Miscellaneous Retail,2026-02-18 22:15:46,2026-02-24 10:15:46,2026-03-15 00:00:00,5.5,1849.53,False,Fraud & Account Takeover,Customer says amount was debited twice.,Medium,CLOSED,Chatbot,False
CBK0002708,TXN00018113,USR17556,MCH8377,Hotel & Lodging,2026-02-09 00:00:00,2026-02-12 17:45:31,2026-03-10 17:45:31,3.73994212962963,987.42,False,Fraud & Account Takeover,Complaint received after multiple failed attempts.,Low,REJECTED,Chatbot,True
CBK0002534,TXN00004493,USR76170,MCH3036,Grocery,2026-01-11 21:56:00,2026-01-27 00:00:00,,15.08611111111111,380.69,False,Service & Delivery Failure,merchant service was not delivered after payment.,Low,IN_PROGRESS,Email,True
CBK0001209,TXN00009348,USR59740,MCH4686,Pharmacy,2026-02-24 00:00:00,2026-02-28 03:03:00,2026-03-04 03:03:36,4.127083333333333,4160.0,False,Service & Delivery Failure,customer says transaction was not authorized.,High,IN_PROGRESS,Email,True
CBK0000339,TXN00013884,USR60939,MCH3878,Pharmacy,2026-03-20 00:00:00,2026-03-27 00:00:00,,7.0,3072.71,False,Fraud & Account Takeover,Payment made to unknown merchant as per customer statement.,High,IN_PROGRESS,Ivr,True
CBK0002282,TXN00008893,USR74390,MCH7259,Pharmacy,2026-01-05 00:00:00,,2026-01-13 13:43:40,,2546.9,False,Duplicate Debit & Billing,customer says transaction was not authorized.,Low,IN_PROGRESS,Ivr,True
CBK0000767,TXN00010641,USR98061,MCH3815,Transportation,2026-03-29 20:15:00,2026-04-02 15:15:00,2026-04-08 00:00:00,3.7916666666666665,9500.5,False,Fraud & Account Takeover,Customer complaint text unclear due to poor call center notes. call dropped,Critical,IN_PROGRESS,Ivr,True
CBK0000327,TXN00011503,USR76772,MCH5900,Transportation,2026-02-27 00:00:00,2026-02-28 02:10:08,2026-03-14 02:10:08,1.0903703703703704,1191.08,False,Service & Delivery Failure,CUSTOMER SAYS AMOUNT WAS DEBITED TWICE.,High,IN_PROGRESS,Email,True
CBK0001061,TXN00007622,USR22939,MCH5921,Restaurant,2026-03-19 09:34:00,2026-03-24 00:00:00,,4.601388888888889,494.63,False,Fraud & Account Takeover,Suspicious high-value payment disputed by customer.,Low,CLOSED,Ivr,True
CBK0002712,TXN00006919,USR19070,MCH8672,Transportation,2026-02-27 00:00:00,2026-02-28 10:57:53,2026-02-28 00:00:00,1.4568634259259259,3151.9,False,Fraud & Account Takeover,Complaint received after multiple failed attempts.,Low,IN_PROGRESS,Chatbot,True
CBK0000480,TXN00086757,USR73796,MCH8391,Apparel,2026-01-27 05:48:48,2026-02-02 00:00:00,2026-02-25 00:00:00,5.757777777777778,1161.24,False,Service & Delivery Failure,Customer complaint text unclear due to poor call center notes.,Critical,IN_PROGRESS,App,False
CBK0002420,TXN00008321,USR20361,MCH3420,Hotel & Lodging,2026-01-03 00:00:00,2026-01-04 00:00:00,2026-01-17 02:37:00,1.0,535.96,False,Service & Delivery Failure,User claims account was compromised before transaction.,Low,IN_PROGRESS,Call Center,True
CBK0000958,TXN00001617,USR30500,MCH8058,Transportation,2026-02-19 00:00:00,2026-02-20 21:55:40,2026-03-10 00:00:00,1.9136574074074073,4597.83,False,Customer General Dispute,suspicious high-value payment disputed by customer.,High,CLOSED,App,True
CBK0001047,TXN00016988,USR13912,MCH5655,Transportation,2026-02-25 00:00:00,2026-03-07 00:00:00,2026-03-15 14:47:00,10.0,7039.95,True,Duplicate Debit & Billing,User claims account was compromised before transaction.,Medium,REJECTED,Call Center,True
CBK0001922,TXN00008651,USR68820,MCH5076,Pharmacy,2026-01-13 17:01:00,2026-01-18 20:01:00,2026-01-22 00:00:00,5.125,4931.87,True,Duplicate Debit & Billing,User claims account was compromised before transaction. call dropped,Medium,IN_PROGRESS,App,True
CBK0000900,TXN00012289,USR71316,MCH8769,Grocery,2026-01-12 18:30:00,2026-01-15 03:30:00,,2.375,5071.86,False,Fraud & Account Takeover,User reports money deducted but merchant denies receiving payment.,Low,RESOLVED,Chatbot,True
CBK0000694,TXN00013258,USR41874,MCH7151,Hotel & Lodging,2026-03-28 02:05:31,2026-03-28 09:05:00,2026-03-31 00:00:00,0.29130787037037037,6771.0,False,Fraud & Account Takeover,Customer says amount was debited twice.,Medium,RESOLVED,Call Center,True
CBK0002470,TXN00016541,USR51854,MCH2925,Miscellaneous Retail,2026-03-05 00:00:00,2026-03-01 00:00:00,,-4.0,1089.44,False,Fraud & Account Takeover,complaint received after multiple failed attempts.,Medium,IN_PROGRESS,Ivr,True
CBK0002477,TXN00002165,USR81636,MCH5914,Grocery,2026-01-31 00:00:00,2026-02-03 00:00:00,,3.0,1048.77,False,Duplicate Debit & Billing,Customer complaint text unclear due to poor call center notes. call dropped,Medium,REJECTED,Ivr,True
CBK0000197,TXN00003861,USR66175,MCH7332,Restaurant,2026-01-10 00:00:00,2026-01-21 00:00:00,2026-01-26 01:48:00,11.0,792.03,False,Service & Delivery Failure,Customer says amount was debited twice.,Critical,IN_PROGRESS,Ivr,True
CBK0002637,TXN00001839,USR69852,MCH4722,Grocery,2026-01-07 00:00:00,2026-01-08 00:00:00,2026-01-30 00:00:00,1.0,1071.92,False,Duplicate Debit & Billing,User reports money deducted but merchant denies receiving payment.,Medium,REJECTED,Ivr,True
CBK0000189,TXN00016753,USR71099,MCH5189,Transportation,2026-03-11 00:00:00,2026-03-13 00:00:00,2026-03-31 00:00:00,2.0,390.5,False,Fraud & Account Takeover,Merchant service was not delivered after payment.,Low,IN_PROGRESS,Ivr,True
CBK0002413,TXN00012907,USR20360,MCH3281,Department Store,2026-03-28 23:07:22,2026-04-08 00:00:00,,10.036550925925926,14365.1,True,Fraud & Account Takeover,user claims account was compromised before transaction.,Low,REJECTED,Ivr,True
CBK0002078,TXN00013096,USR13449,MCH5614,Grocery,2026-03-25 00:00:00,2026-03-26 21:45:47,2026-04-25 21:45:47,1.9067939814814814,8307.14,False,Service & Delivery Failure,User says UPI PIN was not entered by them. details missing,Critical,REJECTED,Chatbot,True
CBK0001303,TXN00010018,USR33354,MCH2266,Transportation,2026-01-05 21:41:53,2026-01-11 00:00:00,2026-01-22 00:00:00,5.095914351851852,6010.76,True,Fraud & Account Takeover,USER SAYS UPI PIN WAS NOT ENTERED BY THEM.,Low,IN_PROGRESS,Email,True
CBK0000502,TXN00008686,USR99756,MCH7813,Restaurant,2026-01-31 00:00:00,2026-02-08 00:00:00,2026-02-12 11:23:00,8.0,-969.45,False,Fraud & Account Takeover,Complaint received after multiple failed attempts. details missing,Low,IN_PROGRESS,Chatbot,True
CBK0001312,TXN00000939,USR61151,MCH2302,Grocery,2026-03-25 00:00:00,2026-03-26 13:58:00,2026-04-03 00:00:00,1.5819444444444444,3776.84,False,Service & Delivery Failure,User reports money deducted but merchant denies receiving payment.,Medium,IN_PROGRESS,App,True
CBK0002722,TXN00008498,USR48374,MCH8230,Miscellaneous Retail,2026-02-01 00:00:00,2026-02-16 00:00:00,,15.0,2342.66,False,Fraud & Account Takeover,Payment made to unknown merchant as per customer statement.,Low,IN_PROGRESS,Ivr,True
CBK0002180,TXN00006743,USR42798,MCH5884,Transportation,2026-01-19 09:16:00,2026-01-21 00:00:00,2026-02-12 00:00:00,1.613888888888889,14258.98,True,Service & Delivery Failure,Customer complaint text unclear due to poor call center notes.,Medium,IN_PROGRESS,Chatbot,True
CBK0001816,TXN00015001,USR18056,MCH5439,Pharmacy,2026-01-28 22:09:00,2026-01-31 00:00:00,2026-02-24 00:00:00,2.0770833333333334,12496.76,True,Service & Delivery Failure,USER REPORTS MONEY DEDUCTED BUT MERCHANT DENIES RECEIVING PAYMENT.,Critical,IN_PROGRESS,Branch,True
CBK0002481,TXN00007235,USR46308,MCH7175,Hotel & Lodging,2026-02-05 00:00:00,2026-02-05 22:26:56,2026-02-27 00:00:00,0.9353703703703704,1820.07,False,Fraud & Account Takeover,Customer complaint text unclear due to poor call center notes. details missing,Low,CLOSED,Branch,True
CBK0002505,TXN00001789,USR80522,MCH9097,Grocery,2026-01-29 00:00:00,2026-02-01 00:00:00,2026-02-14 07:52:00,3.0,3163.91,False,Fraud & Account Takeover,User reports money deducted but merchant denies receiving payment.,Low,CLOSED,Ivr,True
CBK0002053,TXN00001807,USR20076,MCH6717,Restaurant,2026-03-03 11:20:09,,2026-04-04 22:20:00,,16537.65,True,Fraud & Account Takeover,Complaint received after multiple failed attempts.,Low,IN_PROGRESS,Chatbot,True
CBK0001042,TXN00008638,USR63231,MCH1737,Grocery,2026-03-30 07:31:00,2026-04-06 00:00:00,2026-05-01 00:00:00,6.686805555555556,1056.33,False,Service & Delivery Failure,Payment made to unknown merchant as per customer statement.,Low,IN_PROGRESS,Branch,True
CBK0002382,TXN00016574,USR34643,MCH1066,Hotel & Lodging,2026-01-25 00:00:00,2026-02-01 00:00:00,2026-02-07 11:12:20,7.0,2828.9,False,Customer General Dispute,Customer says amount was debited twice.,Medium,RESOLVED,Email,True
CBK0001733,TXN00011566,USR90212,MCH4811,Pharmacy,2026-02-22 00:00:00,2026-02-25 00:00:00,2026-03-01 00:00:00,3.0,248.1,False,Fraud & Account Takeover,Merchant service was not delivered after payment.,Critical,IN_PROGRESS,Chatbot,True
CBK0000660,TXN00008654,USR14580,MCH7394,Hotel & Lodging,2026-01-20 00:00:00,2026-01-23 00:00:00,2026-01-25 03:57:35,3.0,3655.6,False,Fraud & Account Takeover,user claims account was compromised before transaction.,High,IN_PROGRESS,Branch,True
CBK0000218,TXN00002930,USR27533,MCH9381,Grocery,2026-03-28 16:07:00,2026-03-30 00:00:00,2026-04-13 00:00:00,1.3284722222222223,1968.12,False,Customer General Dispute,SUSPICIOUS HIGH-VALUE PAYMENT DISPUTED BY CUSTOMER.,Low,IN_PROGRESS,Ivr,True
CBK0002688,TXN00016086,USR48363,MCH5076,Transportation,2026-03-27 10:48:00,2026-04-06 00:00:00,2026-04-10 00:00:00,9.55,756.07,False,Fraud & Account Takeover,Merchant service was not delivered after payment.,High,IN_PROGRESS,Chatbot,True
CBK0000079,TXN00000789,USR54133,MCH8683,Restaurant,2026-02-23 18:15:33,2026-02-26 00:00:00,2026-03-08 11:15:00,2.239201388888889,7945.0,False,Fraud & Account Takeover,Payment made to unknown merchant as per customer statement.,High,IN_PROGRESS,Ivr,True
CBK0001734,TXN00004267,USR92771,MCH5698,Pharmacy,2026-02-01 00:00:00,2026-02-04 00:00:00,2026-02-22 00:00:00,3.0,3750.2,False,Service & Delivery Failure,Customer says amount was debited twice.,Low,IN_PROGRESS,Ivr,True
CBK0000420,TXN00012872,USR39569,MCH7219,Hotel & Lodging,2026-01-18 15:00:47,2026-01-19 00:00:00,2026-01-20 11:00:00,0.3744560185185185,4857.19,False,Fraud & Account Takeover,merchant service was not delivered after payment.,High,IN_PROGRESS,App,True
CBK0001750,TXN00009063,USR58335,MCH4473,Restaurant,2026-01-14 00:00:00,2026-01-15 00:00:00,2026-01-23 00:00:00,1.0,91.6,False,Fraud & Account Takeover,USER CLAIMS ACCOUNT WAS COMPROMISED BEFORE TRANSACTION.,Low,IN_PROGRESS,Chatbot,True
CBK0001185,TXN00000818,USR41564,MCH5530,Hotel & Lodging,2026-03-30 00:00:00,,2026-04-12 00:00:00,,1592.73,False,Service & Delivery Failure,complaint received after multiple failed attempts.,Low,RESOLVED,Branch,True
CBK0002457,TXN00014853,USR16306,MCH6850,Hotel & Lodging,2026-02-02 00:00:00,2026-02-10 00:00:00,2026-02-22 00:00:00,8.0,415.04,False,Fraud & Account Takeover,user reports money deducted but merchant denies receiving payment.,Medium,IN_PROGRESS,Chatbot,True
CBK0001775,TXN00001597,USR33934,MCH8773,Hotel & Lodging,2026-03-15 10:02:06,2026-03-21 05:02:00,2026-04-17 00:00:00,5.791597222222222,13348.89,False,Service & Delivery Failure,Complaint received after multiple failed attempts.,Critical,IN_PROGRESS,Chatbot,True
CBK0001338,TXN00008410,USR54797,MCH3300,Grocery,2026-01-20 08:42:27,2026-01-30 00:00:00,2026-02-14 10:42:27,9.6371875,896.23,False,Customer General Dispute,Customer says amount was debited twice. NA,Medium,CLOSED,Branch,True
CBK0000599,TXN00007573,USR52697,MCH5655,Hotel & Lodging,2026-02-24 14:14:20,2026-03-01 16:14:00,,5.083101851851852,10313.56,False,Duplicate Debit & Billing,User says UPI PIN was not entered by them. details missing,Low,RESOLVED,Chatbot,True
CBK0000865,TXN00005760,USR36182,MCH2554,Restaurant,2026-03-28 00:00:00,2026-03-29 00:00:00,,1.0,7766.17,True,Duplicate Debit & Billing,merchant service was not delivered after payment.,Medium,REJECTED,Email,True
CBK0000914,TXN00001042,USR12183,MCH7351,Books & Stationery,2026-03-02 00:00:00,2026-03-05 00:00:00,2026-03-31 00:00:00,3.0,1526.17,False,Fraud & Account Takeover,Payment made to unknown merchant as per customer statement. call dropped,High,IN_PROGRESS,Branch,True
CBK0001726,TXN00001821,USR85403,MCH4473,Grocery,2026-03-10 00:00:00,2026-03-15 00:00:00,2026-04-07 15:22:15,5.0,12679.09,False,Customer General Dispute,Suspicious high-value payment disputed by customer.,Medium,RESOLVED,Chatbot,True
CBK0001477,TXN00009790,USR72887,MCH3200,Restaurant,2026-03-16 00:00:00,2026-04-01 00:00:00,,16.0,996.46,False,Service & Delivery Failure,User says UPI PIN was not entered by them. details missing,Critical,IN_PROGRESS,Ivr,True
CBK0001295,TXN00016726,USR89004,MCH8117,Hotel & Lodging,2026-02-21 00:00:00,2026-02-22 00:00:00,,1.0,2235.82,False,Duplicate Debit & Billing,Customer says amount was debited twice.,High,RESOLVED,Email,True
CBK0002703,TXN00019588,USR14075,MCH4041,Restaurant,2026-01-14 23:39:02,2026-01-25 00:00:00,2026-02-10 14:39:02,10.014560185185186,22589.25,True,Customer General Dispute,PAYMENT MADE TO UNKNOWN MERCHANT AS PER CUSTOMER STATEMENT.,Medium,CLOSED,Chatbot,True
CBK0002473,TXN00000154,USR28902,MCH1260,Grocery,2026-02-05 15:50:37,2026-02-06 00:00:00,,0.339849537037037,2025.66,False,Fraud & Account Takeover,User says UPI PIN was not entered by them.,Low,CLOSED,Ivr,True
CBK0001392,,USR33175,MCH7321,Miscellaneous Retail,,2026-03-26 00:00:00,,,5482.08,False,Customer General Dispute,Customer says transaction was not authorized.,Low,REJECTED,Chatbot,False
CBK0002117,TXN00006808,USR74813,MCH2757,Miscellaneous Retail,2026-02-25 00:00:00,2026-02-26 00:00:00,,1.0,8430.86,False,Service & Delivery Failure,Complaint received after multiple failed attempts.,High,IN_PROGRESS,Call Center,True
CBK0001739,TXN00013116,USR38088,MCH8068,Pharmacy,,2026-02-22 00:00:00,2026-02-22 20:32:19,,1464.53,False,Service & Delivery Failure,Customer complaint text unclear due to poor call center notes.,Medium,CLOSED,App,True
CBK0002665,TXN00001173,USR21421,MCH3004,Grocery,2026-02-24 16:17:15,2026-03-04 00:00:00,2026-03-08 00:00:00,7.321354166666667,-1898.31,False,Fraud & Account Takeover,Customer says amount was debited twice.,Medium,CLOSED,App,True
CBK0002276,TXN00012334,USR12381,MCH9291,Miscellaneous Retail,2026-03-16 09:05:00,2026-03-19 18:05:30,2026-03-25 18:05:30,3.375347222222222,1521.74,False,Service & Delivery Failure,Suspicious high-value payment disputed by customer.,High,IN_PROGRESS,Call Center,True
CBK0002063,,USR49752,MCH9689,Miscellaneous Retail,,2026-02-08 08:29:00,2026-02-18 08:29:00,,2009.64,False,Duplicate Debit & Billing,User says UPI PIN was not entered by them.,Medium,IN_PROGRESS,Chatbot,False
CBK0002620,TXN00011524,USR26051,MCH4344,Transportation,2026-02-11 00:00:00,2026-02-14 00:00:00,2026-02-14 00:00:00,3.0,3021.0,False,Duplicate Debit & Billing,Payment made to unknown merchant as per customer statement.,Low,RESOLVED,App,True
CBK0001539,TXN00060420,USR95104,MCH5264,Miscellaneous Retail,2026-03-17 00:00:00,2026-03-19 00:00:00,2026-03-29 02:14:00,2.0,1505.75,False,Duplicate Debit & Billing,PAYMENT MADE TO UNKNOWN MERCHANT AS PER CUSTOMER STATEMENT.,Medium,IN_PROGRESS,Ivr,False
CBK0001846,TXN00008496,USR13261,MCH8062,Restaurant,2026-03-13 23:44:00,2026-03-14 00:00:00,2026-03-24 00:00:00,0.011111111111111112,-2662.81,False,Service & Delivery Failure,Customer says amount was debited twice.,Low,CLOSED,Chatbot,True
CBK0000072,TXN00004747,USR48250,MCH3100,Transportation,2026-01-28 00:00:00,2026-01-30 00:00:00,2026-02-17 00:00:00,2.0,11808.21,False,Duplicate Debit & Billing,SUSPICIOUS HIGH-VALUE PAYMENT DISPUTED BY CUSTOMER.,Medium,IN_PROGRESS,Call Center,True
CBK0001511,TXN00013557,USR53356,MCH4473,Department Store,2026-02-19 00:00:00,2026-02-19 00:00:00,2026-03-03 00:00:00,0.0,5693.78,False,Service & Delivery Failure,Customer says transaction was not authorized.,Low,IN_PROGRESS,Ivr,True
CBK0001413,TXN00017513,USR39726,MCH5273,Grocery,2026-01-22 00:00:00,2026-01-28 00:00:00,2026-02-25 00:00:00,6.0,24586.31,False,Fraud & Account Takeover,Customer complaint text unclear due to poor call center notes.,Low,CLOSED,App,True
CBK0000508,TXN00001829,USR40362,MCH3161,Restaurant,2026-01-09 04:04:00,2026-01-11 00:00:00,2026-01-21 00:00:00,1.8305555555555555,3042.0,False,Fraud & Account Takeover,User claims account was compromised before txn.,High,IN_PROGRESS,Call Center,True
CBK0001328,TXN00010089,USR22644,MCH2208,Transportation,2026-03-10 00:00:00,2026-03-13 10:52:00,,3.452777777777778,18935.0,True,Duplicate Debit & Billing,Customer says amount was debited twice.,Low,IN_PROGRESS,Chatbot,True
CBK0001995,TXN00000490,USR75856,MCH9865,Grocery,2026-01-11 00:00:00,2026-01-16 17:52:00,,5.7444444444444445,3134.07,False,Duplicate Debit & Billing,Customer complaint text unclear due to poor call center notes.,Low,RESOLVED,Call Center,True
CBK0001170,TXN00012807,USR97772,MCH1838,Transportation,2026-03-26 00:00:00,2026-03-27 18:57:00,2026-04-02 00:00:00,1.7895833333333333,122.0,False,Service & Delivery Failure,Customer says amount was debited twice.,Low,IN_PROGRESS,Ivr,True
CBK0002275,TXN00002106,USR75120,MCH3728,Hotel & Lodging,2026-01-24 13:15:51,2026-01-24 00:00:00,2026-02-20 00:00:00,-0.5526736111111111,-3875.59,False,Fraud & Account Takeover,Complaint received after multiple failed attempts.,Medium,IN_PROGRESS,App,True
CBK0002706,TXN00012918,USR27107,MCH6044,Grocery,,,2026-02-04 00:00:00,,2316.9,False,Fraud & Account Takeover,merchant service was not delivered after payment.,Medium,CLOSED,Chatbot,True
CBK0001935,TXN00012027,USR97416,MCH5463,Transportation,2026-01-13 00:00:00,2026-01-15 00:00:00,2026-02-13 00:00:00,2.0,-1274.02,False,Fraud & Account Takeover,Payment made to unknown merchant as per customer statement.,Low,RESOLVED,Branch,True
CBK0001749,TXN00000318,USR51808,MCH7982,Grocery,2026-01-29 15:34:00,2026-03-16 00:00:00,2026-03-25 00:00:00,45.35138888888889,4340.63,True,Customer General Dispute,Payment made to unknown merchant as per customer statement.,Low,IN_PROGRESS,App,True
CBK0001333,TXN00003302,USR97772,MCH2026,Restaurant,2026-03-23 00:00:00,2026-04-02 16:40:00,,10.694444444444445,1169.68,False,Duplicate Debit & Billing,Payment made to unknown merchant as per cust statement.,Medium,CLOSED,Ivr,True
CBK0002118,TXN00008403,USR17197,MCH4473,Grocery,2026-01-06 00:00:00,2026-01-17 11:54:07,2026-01-29 11:54:07,11.495914351851852,1117.0,False,Fraud & Account Takeover,MERCHANT SERVICE WAS NOT DELIVERED AFTER PAYMENT.,Medium,IN_PROGRESS,Email,True
CBK0002353,TXN00017005,USR93920,MCH5156,Miscellaneous Retail,2026-03-01 06:38:00,2026-03-31 21:38:30,2026-04-03 00:00:00,30.62534722222222,10880.54,False,Service & Delivery Failure,Customer says amount was debited twice.,Medium,IN_PROGRESS,Chatbot,True
CBK0001855,TXN00003379,USR73010,MCH6457,Restaurant,2026-03-26 11:09:24,2026-03-28 11:09:00,2026-04-20 11:09:24,1.9997222222222222,5587.77,False,Duplicate Debit & Billing,Customer says transaction was not authorized.,Critical,IN_PROGRESS,App,True
CBK0001165,TXN00010766,USR24002,MCH2065,Miscellaneous Retail,2026-01-01 23:56:29,,2026-01-20 00:00:00,,2510.0,False,Duplicate Debit & Billing,suspicious high-value payment disputed by customer.,Low,IN_PROGRESS,Branch,True
CBK0001055,TXN00016717,USR80656,MCH8828,Restaurant,2026-01-27 00:00:00,,2026-02-16 15:46:43,,3272.08,False,Service & Delivery Failure,suspicious high-value payment disputed by customer.,Medium,IN_PROGRESS,Call Center,True
CBK0001352,TXN00010946,USR94542,MCH6061,Hotel & Lodging,2026-03-25 00:00:00,2026-03-29 02:21:00,,4.097916666666666,562.29,False,Duplicate Debit & Billing,user claims account was compromised before transaction.,High,CLOSED,Ivr,True
CBK0002596,TXN00013632,USR34733,MCH8154,Grocery,2026-01-08 00:00:00,,2026-01-18 15:45:36,,1178.89,False,Fraud & Account Takeover,Payment made to unknown merchant as per customer statement.,Medium,IN_PROGRESS,Chatbot,True
CBK0000781,TXN00004717,USR34703,MCH2065,Grocery,2026-01-11 05:47:02,2026-01-21 15:47:02,2026-01-25 00:00:00,10.416666666666666,22390.0,False,Service & Delivery Failure,Complaint received after multiple failed attempts.,High,IN_PROGRESS,Email,True
CBK0000961,TXN00012729,USR13686,MCH2588,Pharmacy,2026-02-20 00:00:00,2026-02-23 04:28:02,2026-03-19 00:00:00,3.1861342592592594,1232.87,False,Service & Delivery Failure,Complaint received after multiple failed attempts.,Low,IN_PROGRESS,Call Center,True
CBK0002281,TXN00016639,USR51332,MCH6850,Transportation,2026-03-04 00:00:00,2026-03-04 00:00:00,2026-03-25 21:38:11,0.0,2539.68,False,Service & Delivery Failure,User says UPI PIN was not entered by them.,High,IN_PROGRESS,App,True
CBK0002131,TXN00005025,USR12936,MCH9937,Transportation,2026-02-28 00:00:00,2026-03-05 18:25:00,2026-03-25 00:00:00,5.767361111111111,1283.51,False,Duplicate Debit & Billing,User claims account was compromised before transaction. NA,Low,RESOLVED,Ivr,True
CBK0001802,TXN00015492,USR31275,MCH4473,Grocery,2026-01-22 00:00:00,2026-01-25 02:09:52,2026-02-04 02:09:52,3.0901851851851854,2618.19,False,Duplicate Debit & Billing,Customer says transaction was not authorized.,High,IN_PROGRESS,Chatbot,True
CBK0002066,TXN00014413,USR86472,MCH3992,Miscellaneous Retail,2026-03-29 00:00:00,2026-04-01 21:21:33,,3.889965277777778,15266.55,True,Duplicate Debit & Billing,User reports money deducted but merchant denies receiving payment.,Low,IN_PROGRESS,Ivr,True
CBK0002774,TXN00007924,USR36664,MCH6959,Pharmacy,2026-01-01 00:00:00,2026-01-02 00:00:00,2026-01-15 00:00:00,1.0,2197.57,False,Fraud & Account Takeover,User reports money deducted but merchant denies receiving payment.,Medium,RESOLVED,App,True
CBK0000916,TXN00017437,USR25761,MCH9926,Miscellaneous Retail,2026-01-11 00:00:00,,2026-02-03 20:32:00,,10160.24,True,Fraud & Account Takeover,CUSTOMER SAYS TRANSACTION WAS NOT AUTHORIZED.,Medium,IN_PROGRESS,App,True
CBK0001366,TXN00005968,USR64733,MCH3045,Grocery,2026-03-19 00:00:00,2026-03-21 00:00:00,2026-04-04 04:31:22,2.0,2917.69,False,Customer General Dispute,customer says transaction was not authorized.,Critical,IN_PROGRESS,Call Center,True
CBK0001872,TXN00008853,USR43455,MCH8391,Hotel & Lodging,2026-02-15 00:00:00,2026-02-17 13:35:00,,2.5659722222222223,6353.75,False,Service & Delivery Failure,COMPLAINT RECEIVED AFTER MULTIPLE FAILED ATTEMPTS.,Medium,RESOLVED,Call Center,True
CBK0001716,TXN00008167,USR60833,MCH6947,Hotel & Lodging,2026-03-17 00:00:00,2026-03-21 11:09:56,2026-03-26 00:00:00,4.4652314814814815,2598.82,False,Duplicate Debit & Billing,Merchant service was not delivered after payment.,Medium,IN_PROGRESS,Branch,True
CBK0002223,TXN00017647,USR58113,MCH3117,Restaurant,2026-01-21 00:00:00,2026-01-22 00:00:00,2026-02-05 00:00:00,1.0,3677.06,False,Service & Delivery Failure,customer complaint text unclear due to poor call center notes.,Medium,IN_PROGRESS,Chatbot,True
CBK0001478,TXN00017175,USR46590,MCH7833,Transportation,,2026-01-31 03:03:07,2026-02-17 03:03:00,,-2616.12,False,Service & Delivery Failure,Customer says amount was debited twice. pls check asap,High,IN_PROGRESS,App,True
CBK0002587,TXN00001705,USR32842,MCH3100,Transportation,2026-03-22 23:32:00,2026-03-26 00:00:00,2026-04-13 15:32:45,3.0194444444444444,2583.16,False,Duplicate Debit & Billing,Customer complaint text unclear due to poor call center notes.,Low,IN_PROGRESS,Ivr,True
CBK0002581,TXN00015481,USR62660,MCH4181,Telecom,2026-01-15 00:00:00,2026-01-17 09:49:00,2026-02-01 09:49:51,2.4090277777777778,2917.55,False,Service & Delivery Failure,MERCHANT SERVICE WAS NOT DELIVERED AFTER PAYMENT.,Low,RESOLVED,Ivr,True
CBK0000937,TXN00009444,USR22327,MCH5615,Grocery,2026-02-07 00:00:00,,,,855.85,False,Customer General Dispute,Merchant service was not delivered after payment.,Medium,IN_PROGRESS,App,True
CBK0000679,TXN00019297,USR35700,MCH4758,Restaurant,2026-02-24 08:24:53,2026-02-24 12:24:00,,0.16605324074074074,1314.28,False,Fraud & Account Takeover,Customer complaint text unclear due to poor call center notes.,Low,IN_PROGRESS,Ivr,True
CBK0000493,TXN00001975,USR66286,MCH7546,Pharmacy,2026-01-21 09:21:00,2026-02-05 00:00:00,2026-02-17 00:00:00,14.610416666666667,943.72,False,Duplicate Debit & Billing,Merchant service was not delivered after payment. details missing,High,IN_PROGRESS,Ivr,True
CBK0000647,TXN00019004,USR46725,MCH2065,Hotel & Lodging,2026-02-07 00:00:00,2026-02-13 17:00:51,2026-02-26 17:00:51,6.7089236111111115,-3381.39,False,Fraud & Account Takeover,Suspicious high-value payment disputed by customer.,Medium,IN_PROGRESS,Chatbot,True
CBK0000855,TXN00013194,USR66001,MCH2030,Transportation,2026-01-06 00:00:00,2026-02-21 00:00:00,,46.0,14224.78,True,Fraud & Account Takeover,User says UPI PIN was not entered by them.,Medium,IN_PROGRESS,Branch,True
CBK0001233,TXN00034198,USR98515,MCH3927,Telecom,2026-03-21 00:00:00,2026-03-23 00:00:00,2026-03-23 00:00:00,2.0,2387.46,False,Fraud & Account Takeover,Customer complaint text unclear due to poor call center notes.,High,IN_PROGRESS,Chatbot,False
CBK0000542,TXN00003675,USR92063,MCH3454,Grocery,2026-01-15 12:53:18,2026-01-18 23:53:18,2026-02-04 00:00:00,3.4583333333333335,1047.52,False,Duplicate Debit & Billing,Customer complaint text unclear due to poor call center notes.,Medium,IN_PROGRESS,Ivr,True
CBK0000623,TXN00012588,USR78593,MCH9191,Transportation,2026-03-24 00:00:00,2026-03-27 02:42:00,2026-04-07 00:00:00,3.1125,1181.22,False,Customer General Dispute,merchant service was not delivered after payment.,Critical,IN_PROGRESS,Call Center,True
CBK0001033,TXN00004562,USR35882,MCH9511,Pharmacy,2026-02-03 00:00:00,2026-02-10 00:00:00,2026-03-07 00:00:00,7.0,-2226.56,False,Duplicate Debit & Billing,Merchant service was not delivered after payment.,High,IN_PROGRESS,Chatbot,True
CBK0000731,TXN00009087,USR31359,MCH1258,Restaurant,2026-02-02 11:18:00,2026-02-18 00:18:00,2026-03-14 00:00:00,15.541666666666666,7838.0,False,Fraud & Account Takeover,Complaint received after multiple failed attempts.,Medium,IN_PROGRESS,App,True
CBK0001331,,USR92614,MCH9178,Miscellaneous Retail,,2026-03-16 00:00:00,2026-04-08 00:00:00,,4117.99,False,Duplicate Debit & Billing,Payment made to unknown merchant as per cust statement.,Critical,RESOLVED,Call Center,False
CBK0002755,TXN00002471,USR90893,MCH8779,Pharmacy,2026-01-24 22:24:58,2026-01-25 17:24:58,2026-02-24 00:00:00,0.7916666666666666,2207.71,False,Fraud & Account Takeover,User says UPI PIN was not entered by them.,High,CLOSED,Ivr,True
CBK0000770,TXN00051555,USR56287,MCH8779,Restaurant,2026-03-08 00:00:00,2026-03-11 00:00:00,,3.0,2417.43,False,Service & Delivery Failure,User reports money deducted but merchant denies receiving payment.,High,CLOSED,Chatbot,False
CBK0001857,TXN00008788,USR99849,MCH3643,Restaurant,2026-03-13 05:35:47,2026-03-15 00:00:00,2026-04-02 15:35:47,1.7668171296296296,8276.16,False,Fraud & Account Takeover,Customer complaint text unclear due to poor call center notes.,Medium,IN_PROGRESS,Chatbot,True
CBK0000335,TXN00001134,USR18760,MCH9451,Grocery,2026-03-06 21:05:23,2026-03-17 05:05:00,2026-04-09 00:00:00,10.33306712962963,1881.35,False,Customer General Dispute,User reports money deducted but merchant denies receiving payment.,High,IN_PROGRESS,Ivr,True
CBK0000791,TXN00007791,USR24536,MCH6890,Pharmacy,,2026-03-10 00:00:00,2026-04-01 00:00:00,,1735.16,False,Fraud & Account Takeover,Suspicious high-value payment disputed by customer.,Low,IN_PROGRESS,Ivr,True
CBK0000047,TXN00074133,USR46927,MCH2711,Miscellaneous Retail,2026-03-27 00:00:00,2026-04-26 00:00:00,,30.0,546.0,False,Duplicate Debit & Billing,User reports money deducted but merchant denies receiving payment.,Medium,IN_PROGRESS,Branch,False
CBK0000311,TXN00003364,USR18722,MCH6415,Restaurant,2026-03-29 00:00:00,2026-03-30 00:00:00,2026-04-26 00:00:00,1.0,2940.2,False,Service & Delivery Failure,Customer complaint text unclear due to poor call center notes.,Low,CLOSED,Chatbot,True
CBK0001689,TXN00012952,USR63160,MCH8078,Transportation,2026-01-09 00:00:00,2026-01-11 09:46:20,2026-01-19 09:46:00,2.4071759259259258,277.65,False,Duplicate Debit & Billing,user says upi pin was not entered by them.,Low,IN_PROGRESS,Chatbot,True
CBK0000132,TXN00016038,USR11624,MCH5300,Transportation,2026-03-23 08:28:00,2026-03-23 00:00:00,,-0.3527777777777778,447.63,False,Service & Delivery Failure,Complaint received after multiple failed attempts.,High,CLOSED,App,True
CBK0002525,TXN00009115,USR60789,MCH3104,Pharmacy,2026-02-03 23:08:00,2026-02-14 00:08:00,,10.041666666666666,1575.8,False,Fraud & Account Takeover,customer says amount was debited twice.,Low,IN_PROGRESS,Chatbot,True
CBK0001640,TXN00009672,USR72121,MCH4035,Restaurant,2026-01-31 00:00:00,,,,478.93,False,Service & Delivery Failure,Complaint received after multiple failed attempts.,Low,CLOSED,Branch,True
CBK0000083,TXN00019136,USR46902,MCH4705,Pharmacy,2026-02-10 00:00:00,,2026-02-28 00:00:00,,264.95,False,Fraud & Account Takeover,Suspicious high-value payment disputed by customer.,High,IN_PROGRESS,Email,True
CBK0001329,TXN00009229,USR61206,MCH8097,Hotel & Lodging,2026-03-06 00:00:00,2026-03-14 00:00:00,,8.0,1300.37,False,Customer General Dispute,User says UPI PIN was not entered by them.,High,CLOSED,Ivr,True
CBK0001763,TXN00006338,USR58810,MCH7667,Miscellaneous Retail,2026-02-14 00:00:00,2026-02-24 19:50:25,2026-02-24 00:00:00,10.82667824074074,1656.18,False,Service & Delivery Failure,User reports money deducted but merchant denies receiving payment.,Low,IN_PROGRESS,Chatbot,True
CBK0000167,TXN00012360,USR86156,MCH2438,Grocery,2026-02-01 00:00:00,2026-02-05 00:00:00,2026-02-14 00:00:00,4.0,-5341.0,False,Customer General Dispute,User reports money deducted but merchant denies receiving payment.,Low,CLOSED,Branch,True
CBK0000505,TXN00000437,USR87914,MCH3324,Pharmacy,2026-03-06 00:00:00,2026-03-09 05:21:00,2026-03-30 00:00:00,3.222916666666667,3962.0,False,Duplicate Debit & Billing,User reports money deducted but merchant denies receiving payment.,Low,IN_PROGRESS,Ivr,True
CBK0001168,TXN00005941,USR56021,MCH1185,Hotel & Lodging,2026-03-06 00:00:00,2026-03-22 14:23:38,2026-03-29 00:00:00,16.59974537037037,8630.24,False,Duplicate Debit & Billing,Suspicious high-value payment disputed by customer.,High,IN_PROGRESS,Email,True
CBK0000796,TXN00007069,USR87558,MCH3466,Hotel & Lodging,2026-02-19 07:25:50,2026-02-14 07:25:50,2026-02-22 00:00:00,-5.0,5834.0,False,Fraud & Account Takeover,MERCHANT SERVICE WAS NOT DELIVERED AFTER PAYMENT.,Medium,RESOLVED,Chatbot,True
CBK0001930,TXN00000462,USR44849,MCH6811,Pharmacy,2026-01-07 17:21:00,2026-01-10 00:21:21,2026-01-17 00:00:00,2.291909722222222,9759.54,False,Customer General Dispute,SUSPICIOUS HIGH-VALUE PAYMENT DISPUTED BY CUSTOMER.,Low,IN_PROGRESS,Ivr,True
CBK0001622,TXN00003616,USR88037,MCH2915,Pharmacy,2026-01-09 00:00:00,2026-01-09 00:00:00,,0.0,5374.95,False,Fraud & Account Takeover,Customer says amount was debited twice.,Low,RESOLVED,Call Center,True
CBK0000943,TXN00005379,USR79175,MCH8672,Hotel & Lodging,2026-03-13 00:00:00,2026-03-20 00:00:00,2026-04-18 00:00:00,7.0,318.82,False,Fraud & Account Takeover,Customer says amount was debited twice. NA,High,RESOLVED,Branch,True
CBK0000107,TXN00017349,USR51854,MCH2065,Hotel & Lodging,2026-03-14 00:00:00,2026-03-15 15:43:00,2026-03-25 00:00:00,1.6548611111111111,1441.68,False,Service & Delivery Failure,CUSTOMER COMPLAINT TEXT UNCLEAR DUE TO POOR CALL CENTER NOTES.,Medium,CLOSED,App,True
CBK0001418,TXN00017042,USR71503,MCH7873,Apparel,2026-01-14 00:00:00,2026-01-22 12:51:19,,8.535636574074074,1707.0,False,Service & Delivery Failure,User claims account was compromised before transaction.,Low,RESOLVED,Chatbot,True
CBK0002054,TXN00014488,USR98293,MCH4980,Miscellaneous Retail,2026-01-29 03:41:00,2026-02-01 02:41:16,2026-02-03 02:41:00,2.9585185185185185,7101.31,False,Service & Delivery Failure,Complaint received after multiple failed attempts.,Medium,CLOSED,Email,True
CBK0000827,TXN00014268,USR35403,MCH2320,Apparel,2026-03-26 19:49:23,2026-03-29 00:00:00,,2.1740393518518517,1797.0,False,Service & Delivery Failure,User says UPI PIN was not entered by them. pls check asap,Medium,IN_PROGRESS,Chatbot,True
CBK0000915,TXN00012512,USR69408,MCH6683,Hotel & Lodging,2026-03-16 00:00:00,2026-03-18 00:00:00,,2.0,3164.0,False,Duplicate Debit & Billing,Merchant service was not delivered after payment.,Medium,REJECTED,Email,True
CBK0000780,TXN00003784,USR91599,MCH2065,Grocery,2026-03-28 17:20:00,,2026-04-12 23:20:37,,3118.57,False,Fraud & Account Takeover,Customer says transaction was not authorized.,High,IN_PROGRESS,Chatbot,True
CBK0000261,TXN00003908,USR92765,MCH6368,Pharmacy,2026-02-20 00:00:00,2026-02-26 00:00:00,2026-03-06 00:00:00,6.0,6597.26,False,Fraud & Account Takeover,Customer says amount was debited twice.,Critical,IN_PROGRESS,Ivr,True
CBK0000831,TXN00013412,USR57382,MCH1320,Transportation,,2026-01-21 00:00:00,2026-02-08 00:00:00,,90.88,False,Service & Delivery Failure,User says UPI PIN was not entered by them.,Low,REJECTED,Chatbot,True
CBK0001025,TXN00015661,USR47242,MCH1664,Transportation,2026-01-20 00:00:00,2026-01-23 11:54:20,2026-02-06 00:00:00,3.496064814814815,1840.53,False,Duplicate Debit & Billing,user reports money deducted but merchant denies receiving payment.,High,IN_PROGRESS,Chatbot,True
CBK0002512,,USR17699,MCH1556,Miscellaneous Retail,2026-03-17 01:32:53,2026-03-17 00:00:00,2026-04-14 06:32:00,-0.06450231481481482,,False,Service & Delivery Failure,Payment made to unknown merchant as per cust statement.,High,RESOLVED,Branch,False
CBK0000112,TXN00002800,USR33650,MCH4226,Grocery,2026-01-02 00:00:00,2026-01-05 00:00:00,2026-01-15 09:02:47,3.0,9291.46,False,Service & Delivery Failure,User claims account was compromised before transaction. urgent,Low,REJECTED,Email,True
CBK0002603,TXN00009920,USR72778,MCH3738,Grocery,2026-02-25 00:00:00,2026-03-07 00:00:00,2026-03-09 18:15:06,10.0,1507.51,False,Fraud & Account Takeover,Customer complaint text unclear due to poor call center notes.,Low,IN_PROGRESS,Ivr,True
CBK0000516,TXN00018193,USR63557,MCH3988,Hotel & Lodging,2026-01-24 00:00:00,2026-01-27 00:00:00,2026-02-25 00:00:00,3.0,-1923.55,False,Service & Delivery Failure,customer says transaction was not authorized.,Low,REJECTED,App,True
CBK0000005,TXN00018300,USR55340,MCH6657,Grocery,2026-03-23 18:36:28,2026-05-07 00:00:00,2026-05-18 00:00:00,44.22467592592593,3125.63,False,Fraud & Account Takeover,Customer complaint text unclear due to poor call center notes.,Low,IN_PROGRESS,Branch,True
CBK0001054,TXN00003450,USR95613,MCH4039,Apparel,2026-03-17 00:00:00,2026-03-19 19:19:00,,2.8048611111111112,-4925.7,False,Service & Delivery Failure,Payment made to unknown merchant as per customer statement. details missing,High,IN_PROGRESS,Ivr,True
CBK0001344,TXN00018359,USR13263,MCH6933,Telecom,2026-03-20 00:00:00,,2026-04-14 15:20:52,,333.0,False,Duplicate Debit & Billing,Customer says transaction was not authorized.,Low,IN_PROGRESS,Chatbot,True
CBK0002380,TXN00007622,USR55947,MCH7385,Restaurant,2026-03-30 00:00:00,2026-04-02 00:00:00,,3.0,475.05,False,Fraud & Account Takeover,Payment made to unknown merchant as per customer statement.,Medium,IN_PROGRESS,App,True
CBK0000608,,USR89430,MCH6891,Miscellaneous Retail,2026-03-03 00:00:00,2026-03-05 00:00:00,,2.0,947.39,False,Service & Delivery Failure,Customer complaint text unclear due to poor call center notes.,Low,REJECTED,App,False
CBK0001080,TXN00014582,USR75735,MCH7856,Restaurant,2026-03-29 00:00:00,2026-04-02 00:00:00,2026-04-11 00:00:00,4.0,1071.35,True,Fraud & Account Takeover,User claims account was compromised before transaction.,High,IN_PROGRESS,App,True
CBK0000624,TXN00000969,USR81017,MCH1148,Grocery,2026-03-19 07:40:40,2026-04-19 00:00:00,2026-05-07 00:00:00,30.680092592592594,6622.0,False,Customer General Dispute,Customer says amount was debited twice.,Medium,IN_PROGRESS,Chatbot,True
CBK0002760,TXN00016683,USR85320,MCH2780,Pharmacy,2026-03-29 01:37:33,2026-03-31 00:00:00,,1.9322569444444444,8248.74,False,Customer General Dispute,User claims account was compromised before transaction.,Medium,CLOSED,Chatbot,True
CBK0002387,TXN00004951,USR76131,MCH1332,Restaurant,2026-03-08 07:51:04,2026-03-09 21:51:00,2026-03-11 00:00:00,1.583287037037037,2386.57,False,Fraud & Account Takeover,Customer says amount was debited twice.,High,IN_PROGRESS,Call Center,True
CBK0000964,TXN00002933,USR15536,MCH3177,Pharmacy,,2026-01-27 00:00:00,2026-02-15 00:00:00,,1870.77,False,Fraud & Account Takeover,User says UPI PIN was not entered by them.,Medium,RESOLVED,Branch,True
CBK0000137,TXN00005904,USR86701,MCH6915,Hotel & Lodging,2026-03-31 22:33:00,2026-03-31 00:00:00,,-0.9395833333333333,-953.16,False,Duplicate Debit & Billing,User claims account was compromised before txn.,High,IN_PROGRESS,Chatbot,True
CBK0000230,TXN00008604,USR33056,MCH2822,Transportation,2026-02-21 03:47:49,2026-02-24 00:00:00,2026-03-16 00:00:00,2.8417939814814814,-1527.8,False,Fraud & Account Takeover,customer complaint text unclear due to poor call center notes.,High,IN_PROGRESS,Chatbot,True
CBK0000451,TXN00007457,USR71070,MCH9291,Transportation,2026-01-10 08:18:00,2026-02-09 13:18:00,2026-03-11 00:00:00,30.208333333333332,838.9,False,Customer General Dispute,Customer says transaction was not authorized.,Medium,IN_PROGRESS,Chatbot,True
CBK0002674,TXN00007519,USR53527,MCH8779,Transportation,2026-03-03 00:00:00,2026-03-06 00:00:00,2026-03-06 00:00:00,3.0,2490.54,False,Service & Delivery Failure,User claims account was compromised before transaction.,Low,REJECTED,Ivr,True
CBK0002748,TXN00006778,USR65191,MCH1320,Transportation,2026-03-22 00:00:00,2026-04-02 00:00:00,2026-04-05 00:00:00,11.0,1282.1,False,Service & Delivery Failure,Complaint received after multiple failed attempts.,Medium,RESOLVED,Chatbot,True
CBK0002175,TXN00003542,USR95702,MCH6520,Transportation,2026-03-18 00:00:00,2026-03-20 20:30:00,2026-03-22 20:30:52,2.8541666666666665,1085.0,False,Fraud & Account Takeover,Customer says transaction was not authorized.,Low,CLOSED,Chatbot,True
CBK0001676,TXN00013539,USR90288,MCH8203,Transportation,2026-02-09 10:20:56,2026-02-24 00:00:00,,14.568796296296297,1619.34,False,Service & Delivery Failure,Complaint received after multiple failed attempts.,Medium,REJECTED,App,True
CBK0000753,TXN00011998,USR26558,MCH3100,Hotel & Lodging,2026-01-24 05:54:36,2026-02-09 00:00:00,2026-02-17 03:54:36,15.75375,-1184.71,False,Customer General Dispute,Merchant service was not delivered after payment.,Low,REJECTED,Ivr,True
CBK0000690,TXN00016173,USR76780,MCH1506,Miscellaneous Retail,2026-03-20 00:00:00,,,,8263.92,False,Customer General Dispute,User claims account was compromised before transaction.,Low,REJECTED,Chatbot,True
CBK0001492,TXN00008497,USR96797,MCH9634,Miscellaneous Retail,2026-02-18 00:00:00,2026-02-20 00:00:00,,2.0,316.81,False,Duplicate Debit & Billing,Merchant service was not delivered after payment.,Low,CLOSED,App,True
CBK0001022,TXN00016644,USR60881,MCH7777,Restaurant,2026-01-21 00:00:00,2026-01-26 00:00:00,2026-01-27 00:00:00,5.0,898.0,False,Fraud & Account Takeover,Customer says amount was debited twice.,High,RESOLVED,Chatbot,True
CBK0000930,TXN00014399,USR39029,MCH4790,Restaurant,2026-03-04 14:44:00,2026-03-06 00:00:00,2026-03-27 15:44:00,1.386111111111111,388.39,False,Service & Delivery Failure,Customer says transaction was not authorized.,Medium,IN_PROGRESS,App,True
CBK0002331,TXN00009831,USR80038,MCH3995,Hotel & Lodging,2026-01-08 00:00:00,2026-01-09 00:00:00,2026-02-03 00:00:00,1.0,2727.04,False,Fraud & Account Takeover,Merchant service was not delivered after payment.,Medium,IN_PROGRESS,App,True
CBK0002057,TXN00004888,USR31743,MCH9344,Grocery,2026-03-31 00:00:00,2026-04-01 00:00:00,2026-04-28 00:00:00,1.0,1625.15,False,Service & Delivery Failure,Merchant service was not delivered after payment.,Critical,IN_PROGRESS,Call Center,True
CBK0001465,TXN00004507,USR77990,MCH9291,Grocery,2026-01-21 00:00:00,2026-01-21 00:00:00,,0.0,2320.0,False,Service & Delivery Failure,Merchant service was not delivered after payment.,Medium,IN_PROGRESS,Branch,True
CBK0000658,TXN00005761,USR70617,MCH5954,Grocery,2026-03-10 21:34:00,2026-03-18 06:34:15,2026-03-18 06:34:15,7.375173611111111,3582.63,False,Service & Delivery Failure,User claims account was compromised before transaction.,Low,IN_PROGRESS,Ivr,True
CBK0000712,TXN00007650,USR28000,MCH5690,Miscellaneous Retail,2026-03-23 00:00:00,2026-03-25 00:00:00,2026-04-06 00:03:10,2.0,316.55,False,Service & Delivery Failure,user reports money deducted but merchant denies receiving payment.,High,REJECTED,Chatbot,True
CBK0001067,TXN00000175,USR32382,MCH4962,Transportation,2026-02-23 00:00:00,2026-03-10 00:00:00,2026-04-07 00:00:00,15.0,1092.58,False,Duplicate Debit & Billing,Merchant service was not delivered after payment.,High,RESOLVED,Ivr,True
CBK0001242,TXN00014086,USR37902,MCH3159,Pharmacy,2026-03-29 00:00:00,2026-04-01 00:00:00,2026-04-25 00:00:00,3.0,3184.9,False,Duplicate Debit & Billing,Complaint received after multiple failed attempts.,Medium,REJECTED,Email,True
CBK0000156,TXN00018659,USR96218,MCH5609,Pharmacy,2026-02-15 00:00:00,2026-02-21 00:00:00,2026-03-05 09:55:18,6.0,4959.68,False,Duplicate Debit & Billing,Payment made to unknown merchant as per customer statement. details missing,Critical,RESOLVED,Branch,True
CBK0002682,TXN00000762,USR34180,MCH9565,Restaurant,,2026-02-21 00:00:00,,,1083.4,False,Duplicate Debit & Billing,payment made to unknown merchant as per customer statement.,High,RESOLVED,Ivr,True
CBK0001336,TXN00004804,USR40908,MCH2509,Restaurant,2026-01-06 06:55:18,2026-01-08 00:00:00,2026-01-14 01:55:18,1.7115972222222222,12097.84,False,Fraud & Account Takeover,Merchant service was not delivered after payment.,High,CLOSED,Chatbot,True
CBK0002092,TXN00011140,USR70317,MCH3807,Transportation,2026-01-19 00:00:00,2026-01-19 00:00:00,,0.0,1790.94,False,Service & Delivery Failure,User claims account was compromised before transaction.,Medium,IN_PROGRESS,App,True
CBK0001282,TXN00032415,USR99611,MCH2266,Pharmacy,2026-02-23 00:00:00,2026-02-24 00:00:00,2026-03-07 00:00:00,1.0,23005.71,False,Service & Delivery Failure,User says UPI PIN was not entered by them.,Medium,REJECTED,Chatbot,False
CBK0000168,TXN00010651,USR97772,MCH4642,Pharmacy,2026-01-19 00:00:00,2026-02-03 00:00:00,2026-03-03 13:11:35,15.0,23417.83,True,Fraud & Account Takeover,Suspicious high-value payment disputed by customer.,High,IN_PROGRESS,Chatbot,True
CBK0001926,TXN00019983,USR24168,MCH3909,Grocery,2026-03-16 23:25:39,2026-04-01 00:00:00,2026-05-01 00:00:00,15.023854166666666,8084.93,False,Duplicate Debit & Billing,User says UPI PIN was not entered by them.,High,REJECTED,Branch,True
CBK0002727,TXN00004731,USR24341,MCH1965,Miscellaneous Retail,2026-03-20 00:00:00,2026-03-21 00:00:00,2026-03-25 00:00:00,1.0,1385.0,False,Fraud & Account Takeover,Customer says amount was debited twice.,High,REJECTED,Email,True
CBK0000532,TXN00006252,USR15564,MCH6116,Restaurant,2026-01-21 15:31:58,2026-01-22 00:00:00,,0.35280092592592593,408.0,False,Duplicate Debit & Billing,merchant service was not delivered after payment.,High,IN_PROGRESS,Branch,True
CBK0001089,TXN00006872,USR78604,MCH7810,Miscellaneous Retail,2026-01-05 00:00:00,2026-01-21 00:00:00,2026-01-21 00:00:00,16.0,2082.0,True,Service & Delivery Failure,Payment made to unknown merchant as per customer statement.,Low,IN_PROGRESS,Ivr,True
CBK0000635,TXN00003242,USR34180,MCH2159,Grocery,2026-03-22 00:00:00,,,,1561.56,False,Duplicate Debit & Billing,suspicious high-value payment disputed by customer.,Low,CLOSED,Branch,True
CBK0000650,TXN00004880,USR34311,MCH2209,Transportation,2026-02-21 00:00:00,2026-02-23 00:00:00,,2.0,-512.66,False,Fraud & Account Takeover,Customer complaint text unclear due to poor call center notes.,Critical,REJECTED,Branch,True
CBK0001889,TXN00013593,USR10480,MCH7251,Grocery,2026-01-29 11:28:25,2026-02-01 00:00:00,2026-02-01 00:28:00,2.5219328703703705,792.99,False,Fraud & Account Takeover,User reports money deducted but merchant denies receiving payment. pls check asap,Medium,IN_PROGRESS,Ivr,True
CBK0002662,TXN00001805,USR29306,MCH5624,Restaurant,2026-01-20 00:00:00,2026-01-21 00:00:00,2026-02-18 00:00:00,1.0,692.55,False,Customer General Dispute,Suspicious high-value payment disputed by customer.,Medium,REJECTED,Chatbot,True
CBK0000123,TXN00016267,USR85507,MCH6810,Hotel & Lodging,2026-02-05 00:00:00,2026-03-07 00:00:00,,30.0,1756.0,False,Fraud & Account Takeover,User claims account was compromised before transaction.,High,RESOLVED,Branch,True
CBK0000629,TXN00003543,USR61351,MCH4181,Transportation,2026-01-15 11:05:00,2026-01-19 08:05:34,2026-02-09 08:05:00,3.8753935185185187,15742.98,False,Duplicate Debit & Billing,User claims account was compromised before transaction.,Low,RESOLVED,Chatbot,True
CBK0001701,TXN00006191,USR79175,MCH8752,Pharmacy,2026-02-25 00:00:00,2026-02-26 19:14:05,2026-03-01 00:00:00,1.8014467592592593,426.17,False,Customer General Dispute,Customer says amount was debited twice. pls check asap,Low,IN_PROGRESS,Call Center,True
CBK0001491,TXN00017193,USR16478,MCH4709,Grocery,2026-03-31 00:00:00,2026-04-03 00:00:00,2026-04-27 00:00:00,3.0,2406.17,False,Fraud & Account Takeover,payment made to unknown merchant as per customer statement.,Medium,IN_PROGRESS,Ivr,True
CBK0002256,TXN00009782,USR19885,MCH8154,Pharmacy,2026-03-17 00:00:00,2026-03-22 00:00:00,2026-04-21 00:00:00,5.0,6347.69,False,Fraud & Account Takeover,Merchant service was not delivered after payment. NA,High,IN_PROGRESS,Ivr,True
CBK0000187,TXN00008581,USR85112,MCH9415,Hotel & Lodging,2026-02-25 00:00:00,2026-02-28 07:16:11,,3.3029050925925927,-562.07,False,Customer General Dispute,Payment made to unknown merchant as per customer statement.,Medium,IN_PROGRESS,Ivr,True
CBK0001359,TXN00003338,USR91595,MCH3957,Restaurant,2026-02-16 15:19:43,2026-02-18 08:19:43,,1.7083333333333333,8032.32,False,Fraud & Account Takeover,Payment made to unknown merchant as per customer statement.,Medium,IN_PROGRESS,Ivr,True
CBK0002132,TXN00011912,USR73010,MCH4590,Transportation,,2026-03-29 00:00:00,2026-04-28 00:00:00,,2559.27,False,Fraud & Account Takeover,USER CLAIMS ACCOUNT WAS COMPROMISED BEFORE TRANSACTION.,Low,CLOSED,Call Center,True
CBK0001583,TXN00015176,USR41858,MCH3750,Transportation,2026-03-19 00:00:00,,2026-04-03 11:07:00,,519.74,False,Fraud & Account Takeover,Customer says amount was debited twice.,Critical,IN_PROGRESS,Email,True
CBK0001503,TXN00007523,USR30103,MCH7139,Transportation,2026-02-14 10:06:00,2026-02-20 00:00:00,2026-03-12 09:06:00,5.579166666666667,2702.06,False,Service & Delivery Failure,MERCHANT SERVICE WAS NOT DELIVERED AFTER PAYMENT.,Medium,RESOLVED,App,True
CBK0000859,TXN00018489,USR33856,MCH5110,Hotel & Lodging,2026-02-10 23:21:44,2026-02-14 19:21:00,,3.832824074074074,267.92,False,Fraud & Account Takeover,User claims account was compromised before transaction. NA,High,RESOLVED,Email,True
CBK0002080,TXN00006502,USR17290,MCH6230,Restaurant,2026-01-13 00:00:00,2026-01-16 00:00:00,,3.0,-1120.78,False,Duplicate Debit & Billing,Suspicious high-value payment disputed by cust.,Critical,IN_PROGRESS,Chatbot,True
CBK0002570,TXN00001810,USR35882,MCH8953,Grocery,2026-02-04 00:00:00,2026-02-06 00:00:00,2026-03-04 00:00:00,2.0,6930.0,False,Fraud & Account Takeover,Suspicious high-value payment disputed by cust.,Low,REJECTED,Call Center,True
CBK0001989,TXN00003059,USR39665,MCH4473,Pharmacy,2026-02-06 23:35:35,2026-02-08 00:00:00,2026-02-15 00:00:00,1.0169560185185185,3807.73,False,Service & Delivery Failure,Customer says amount was debited twice.,High,RESOLVED,Ivr,True
CBK0000603,TXN00004425,USR95812,MCH6075,Hotel & Lodging,2026-02-27 02:24:00,2026-03-01 00:00:00,2026-03-12 00:00:00,1.9,1305.0,False,Fraud & Account Takeover,Payment made to unknown merchant as per customer statement.,High,RESOLVED,Chatbot,True
CBK0000334,TXN00015310,USR19151,MCH8434,Grocery,2026-03-07 11:51:47,2026-03-17 20:51:47,,10.375,3904.6,False,Service & Delivery Failure,Suspicious high-value payment disputed by customer.,Low,IN_PROGRESS,Chatbot,True
CBK0001136,TXN00008134,USR44953,MCH2383,Miscellaneous Retail,2026-02-05 00:00:00,2026-02-07 13:04:31,2026-02-13 00:00:00,2.5448032407407406,388.91,False,Fraud & Account Takeover,USER REPORTS MONEY DEDUCTED BUT MERCHANT DENIES RECEIVING PAYMENT.,Medium,RESOLVED,Chatbot,True
CBK0000404,TXN00007870,USR76645,MCH7161,Grocery,2026-01-28 00:00:00,2026-02-05 18:07:51,2026-02-17 18:07:00,8.755451388888888,1860.61,False,Duplicate Debit & Billing,User reports money deducted but merchant denies receiving payment.,High,IN_PROGRESS,Email,True
CBK0002404,TXN00001110,USR78155,MCH9798,Transportation,2026-03-12 00:00:00,2026-03-14 07:44:57,,2.3228819444444446,-1498.49,False,Service & Delivery Failure,Suspicious high-value payment disputed by customer.,High,IN_PROGRESS,App,True
CBK0001323,TXN00006391,USR57255,MCH5076,Hotel & Lodging,2026-01-11 00:00:00,2026-01-12 00:11:00,2026-01-15 00:00:00,1.007638888888889,9215.86,False,Fraud & Account Takeover,user says upi pin was not entered by them.,Medium,RESOLVED,Ivr,True
CBK0002176,,USR69196,MCH8627,Miscellaneous Retail,,2026-01-14 00:00:00,2026-01-14 12:57:00,,1168.54,False,Service & Delivery Failure,Suspicious high-value payment disputed by cust.,High,CLOSED,Email,False
CBK0001840,TXN00009647,USR97772,MCH5655,Grocery,2026-02-07 00:00:00,2026-02-22 00:00:00,2026-02-26 00:00:00,15.0,878.05,False,Duplicate Debit & Billing,Customer says amount was debited twice.,High,REJECTED,Branch,True
CBK0001888,TXN00004061,USR77659,MCH4909,Restaurant,2026-02-10 00:00:00,2026-03-12 18:31:00,2026-04-09 00:00:00,30.771527777777777,2090.0,False,Customer General Dispute,Customer says transaction was not authorized.,Low,CLOSED,Ivr,True
CBK0001647,TXN00094322,USR55487,MCH7879,Telecom,2026-03-26 07:27:17,2026-03-29 00:00:00,2026-03-31 00:00:00,2.689386574074074,2530.5,False,Service & Delivery Failure,Customer says transaction was not authorized.,Medium,REJECTED,Email,False
CBK0002578,TXN00001675,USR84061,MCH6798,Hotel & Lodging,2026-03-31 00:00:00,2026-04-03 11:48:00,,3.4916666666666667,994.02,False,Service & Delivery Failure,user reports money deducted but merchant denies receiving payment.,Medium,IN_PROGRESS,Ivr,True
CBK0001203,TXN00014456,USR61761,MCH8619,Grocery,2026-02-20 00:00:00,2026-02-28 02:46:45,2026-03-05 00:00:00,8.115798611111112,14382.17,False,Service & Delivery Failure,Complaint received after multiple failed attempts.,Low,IN_PROGRESS,Ivr,True
CBK0000749,TXN00006304,USR30630,MCH3257,Restaurant,2026-01-09 00:00:00,2026-02-23 00:00:00,,45.0,4194.32,False,Customer General Dispute,suspicious high-value payment disputed by customer.,Critical,IN_PROGRESS,Chatbot,True
CBK0001592,TXN00015183,USR24536,MCH2785,Grocery,2026-02-07 00:00:00,2026-02-09 14:27:41,2026-02-27 00:00:00,2.6025578703703705,4195.81,False,Service & Delivery Failure,Suspicious high-value payment disputed by customer.,Medium,RESOLVED,Email,True
CBK0002001,TXN00008475,USR51720,MCH2020,Grocery,2026-03-03 13:24:10,2026-04-17 00:00:00,,44.441550925925924,877.69,False,Customer General Dispute,User says UPI PIN was not entered by them.,Medium,CLOSED,Call Center,True
CBK0002459,TXN00000155,USR35867,MCH6729,Miscellaneous Retail,2026-03-08 00:00:00,2026-03-11 02:18:17,2026-03-12 02:18:00,3.0960300925925925,1535.06,False,Fraud & Account Takeover,Merchant service was not delivered after payment.,Medium,IN_PROGRESS,Chatbot,True
CBK0000417,TXN00009167,USR29544,MCH8956,Grocery,2026-01-08 00:00:00,2026-01-12 00:00:00,,4.0,239.91,False,Duplicate Debit & Billing,customer complaint text unclear due to poor call center notes.,Low,IN_PROGRESS,Chatbot,True
CBK0002102,TXN00013496,USR24429,MCH1159,Hotel & Lodging,2026-02-21 00:00:00,2026-02-23 03:39:00,2026-03-18 00:00:00,2.152083333333333,3536.59,False,Service & Delivery Failure,customer says amount was debited twice.,Low,CLOSED,Ivr,True
CBK0000348,TXN00003338,USR78803,MCH4683,Restaurant,2026-01-26 00:00:00,2026-01-29 01:18:00,2026-02-22 01:18:55,3.0541666666666667,18970.3,True,Service & Delivery Failure,Customer complaint text unclear due to poor call center notes. urgent,Medium,CLOSED,Chatbot,True
CBK0002729,TXN00000967,USR30147,MCH6792,Restaurant,2026-01-22 00:00:00,2026-01-24 00:00:00,2026-02-15 00:00:00,2.0,1780.33,False,Fraud & Account Takeover,Suspicious high-value payment disputed by customer.,Critical,IN_PROGRESS,Chatbot,True
CBK0000196,TXN00005107,USR33769,MCH4914,Grocery,2026-01-04 00:00:00,2026-01-12 05:57:59,2026-01-23 00:00:00,8.248599537037038,1023.0,False,Service & Delivery Failure,User claims account was compromised before transaction.,Medium,IN_PROGRESS,Branch,True
CBK0000173,TXN00013826,USR31453,MCH4581,Grocery,2026-01-24 14:20:26,2026-01-28 04:20:00,,3.5830324074074076,-1245.39,False,Customer General Dispute,User says UPI PIN was not entered by them.,Low,CLOSED,Branch,True
CBK0000457,TXN00009823,USR84334,MCH7202,Pharmacy,2026-01-27 16:44:22,2026-01-31 00:00:00,2026-02-22 03:44:22,3.3025231481481483,17825.75,False,Fraud & Account Takeover,Merchant service was not delivered after payment.,Low,CLOSED,Call Center,True
CBK0000398,TXN00005767,USR26707,MCH3494,Restaurant,2026-02-22 10:29:35,2026-02-24 00:00:00,,1.5627893518518519,3275.35,False,Fraud & Account Takeover,Merchant service was not delivered after payment.,Low,CLOSED,Chatbot,True
CBK0001164,TXN00001699,USR11287,MCH1963,Transportation,2026-02-28 00:00:00,,,,1995.0,False,Service & Delivery Failure,User claims account was compromised before transaction.,Low,CLOSED,Ivr,True
CBK0000207,TXN00007495,USR47962,MCH4241,Department Store,2026-02-12 16:45:00,2026-02-13 00:00:00,,0.3020833333333333,1520.0,False,Fraud & Account Takeover,Complaint received after multiple failed attempts.,Low,IN_PROGRESS,Chatbot,True
CBK0002710,TXN00004746,USR68670,MCH1335,Restaurant,2026-03-19 00:00:00,2026-03-22 00:00:00,2026-03-26 00:00:00,3.0,579.06,False,Fraud & Account Takeover,Customer says transaction was not authorized.,High,IN_PROGRESS,Branch,True
CBK0001751,TXN00008083,USR63649,MCH3815,Transportation,2026-01-05 00:00:00,2026-01-11 00:00:00,,6.0,2354.56,False,Customer General Dispute,User says UPI PIN was not entered by them. pls check asap,High,IN_PROGRESS,App,True
CBK0001150,TXN00007644,USR73279,MCH8154,Transportation,2026-02-01 00:00:00,2026-02-04 00:00:00,2026-02-19 16:53:00,3.0,1173.01,False,Duplicate Debit & Billing,Suspicious high-value payment disputed by customer.,Medium,IN_PROGRESS,Call Center,True
CBK0001021,TXN00019145,USR95181,MCH9291,Grocery,2026-03-01 00:00:00,2026-04-16 00:00:00,2026-05-10 00:00:00,46.0,10111.0,False,Duplicate Debit & Billing,User says UPI PIN was not entered by them. call dropped,Medium,IN_PROGRESS,Branch,True
CBK0000932,TXN00003371,USR26201,MCH2614,Grocery,,2026-03-26 00:00:00,,,737.83,False,Fraud & Account Takeover,Complaint received after multiple failed attempts.,Low,IN_PROGRESS,Call Center,True
CBK0001699,TXN00018943,USR65069,MCH1007,Grocery,2026-01-27 11:40:00,2026-01-24 11:40:43,,-2.9995023148148148,2326.89,False,Service & Delivery Failure,Payment made to unknown merchant as per customer statement.,Low,CLOSED,App,True
CBK0002373,TXN00018837,USR94106,MCH4774,Pharmacy,2026-01-19 04:13:46,2026-01-18 04:13:00,2026-01-23 00:00:00,-1.0005324074074073,1260.53,False,Duplicate Debit & Billing,User says UPI PIN was not entered by them.,High,CLOSED,Chatbot,True
CBK0001046,TXN00007145,USR24536,MCH5712,Hotel & Lodging,2026-02-02 00:00:00,2026-02-10 00:00:00,2026-02-13 00:00:00,8.0,5884.78,False,Fraud & Account Takeover,user says upi pin was not entered by them.,Low,IN_PROGRESS,Chatbot,True
CBK0002267,TXN00006416,USR70102,MCH2266,Hotel & Lodging,2026-02-25 00:00:00,2026-03-01 00:00:00,2026-03-13 05:44:47,4.0,4872.0,False,Service & Delivery Failure,User says UPI PIN was not entered by them.,Medium,REJECTED,Chatbot,True
CBK0001191,TXN00010675,USR42733,MCH1665,Pharmacy,2026-01-23 19:46:20,2026-01-27 10:46:20,2026-02-07 00:00:00,3.625,268.44,False,Service & Delivery Failure,Payment made to unknown merchant as per customer statement.,Medium,IN_PROGRESS,Email,True
CBK0001431,TXN00007758,USR37892,MCH3288,Hotel & Lodging,2026-03-31 05:38:00,2026-04-03 00:00:00,,2.765277777777778,1550.0,False,Fraud & Account Takeover,Customer complaint text unclear due to poor call center notes.,Low,REJECTED,Chatbot,True
CBK0000890,TXN00081593,USR53996,MCH6810,Miscellaneous Retail,2026-01-30 00:00:00,2026-02-01 01:35:11,2026-02-16 00:00:00,2.066099537037037,5676.76,False,Fraud & Account Takeover,CUSTOMER COMPLAINT TEXT UNCLEAR DUE TO POOR CALL CENTER NOTES.,Medium,REJECTED,Chatbot,False
CBK0000670,TXN00016465,USR33934,MCH8836,Grocery,2026-01-08 00:00:00,2026-01-11 14:41:00,2026-02-08 00:00:00,3.6118055555555557,1819.68,False,Customer General Dispute,Merchant service was not delivered after payment.,High,CLOSED,Ivr,True
CBK0001602,TXN00000594,USR37916,MCH4233,Restaurant,2026-03-26 00:00:00,2026-03-31 16:51:28,2026-04-22 00:00:00,5.702407407407407,2315.48,False,Service & Delivery Failure,Customer complaint text unclear due to poor call center notes.,Medium,IN_PROGRESS,App,True
CBK0000279,TXN00010238,USR46321,MCH7943,Restaurant,2026-02-23 00:00:00,2026-02-28 00:00:00,2026-03-19 13:37:00,5.0,581.0,False,Customer General Dispute,Complaint received after multiple failed attempts.,Medium,IN_PROGRESS,Email,True
CBK0001915,TXN00018105,USR32861,MCH3151,Transportation,2026-03-24 21:23:09,2026-03-25 03:23:09,2026-04-15 00:00:00,0.25,2703.6,False,Service & Delivery Failure,Merchant service was not delivered after payment.,Low,RESOLVED,Ivr,True
CBK0002444,TXN00009188,USR76636,MCH1089,Transportation,2026-03-18 00:00:00,2026-03-21 00:00:00,,3.0,542.9,False,Duplicate Debit & Billing,Suspicious high-value payment disputed by customer.,Medium,RESOLVED,Chatbot,True
CBK0001274,TXN00004896,USR36343,MCH7286,Pharmacy,2026-01-03 00:00:00,2026-01-04 15:56:05,2026-02-01 15:56:05,1.6639467592592592,1770.17,False,Customer General Dispute,Complaint received after multiple failed attempts. NA,Low,IN_PROGRESS,Chatbot,True
CBK0002397,TXN00012053,USR24199,MCH9610,Restaurant,2026-01-05 00:00:00,2026-01-13 16:15:15,2026-01-19 16:15:15,8.677256944444444,1200.13,False,Fraud & Account Takeover,Complaint received after multiple failed attempts.,Critical,RESOLVED,App,True
CBK0000086,TXN00005603,USR63109,MCH4810,Pharmacy,2026-02-22 19:09:31,,2026-03-22 11:09:31,,2652.0,False,Fraud & Account Takeover,Customer complaint text unclear due to poor call center notes.,Medium,IN_PROGRESS,App,True
CBK0002277,TXN00018308,USR67602,MCH2667,Department Store,2026-03-08 00:00:00,2026-03-11 15:45:04,2026-03-17 15:45:04,3.656296296296296,5058.0,False,Service & Delivery Failure,user reports money deducted but merchant denies receiving payment.,High,IN_PROGRESS,Branch,True
CBK0000252,TXN00019048,USR59747,MCH4772,Transportation,2026-01-08 00:00:00,2026-01-14 00:00:00,,6.0,1913.71,False,Duplicate Debit & Billing,User says UPI PIN was not entered by them.,High,CLOSED,App,True
CBK0001549,TXN00005488,USR93167,MCH5584,Hotel & Lodging,2026-01-30 17:57:10,2026-02-01 00:00:00,2026-02-15 00:00:00,1.2519675925925926,8967.32,False,Service & Delivery Failure,User says UPI PIN was not entered by them.,Medium,RESOLVED,Branch,True
CBK0001577,TXN00017992,USR54208,MCH5397,Transportation,2026-03-11 11:07:00,2026-03-22 01:07:00,2026-03-26 01:07:00,10.583333333333334,1697.0,False,Service & Delivery Failure,Customer says transaction was not authorized.,Low,REJECTED,App,True
CBK0000373,TXN00004759,USR20337,MCH7924,Pharmacy,2026-03-15 00:00:00,2026-03-17 00:00:00,2026-04-06 00:00:00,2.0,1027.78,False,Service & Delivery Failure,MERCHANT SERVICE WAS NOT DELIVERED AFTER PAYMENT.,Low,RESOLVED,Call Center,True
CBK0002679,,USR57460,MCH6850,Miscellaneous Retail,2026-02-27 00:00:00,2026-03-05 00:00:00,,6.0,1271.0,False,Duplicate Debit & Billing,user says upi pin was not entered by them.,High,REJECTED,Chatbot,False
CBK0001318,TXN00018753,USR85507,MCH8154,Grocery,2026-03-24 02:53:33,2026-03-27 11:53:00,2026-04-17 00:00:00,3.3746180555555556,12010.0,False,Duplicate Debit & Billing,Customer says amount was debited twice.,Low,IN_PROGRESS,Ivr,True
CBK0001208,TXN00012998,USR22898,MCH2079,Pharmacy,2026-01-11 00:00:00,2026-01-13 00:00:00,2026-02-08 00:00:00,2.0,1570.15,False,Fraud & Account Takeover,Customer says amount was debited twice.,High,REJECTED,Branch,True
CBK0001350,TXN00011858,USR37820,MCH2269,Transportation,2026-02-09 00:00:00,2026-02-11 00:00:00,2026-02-25 21:28:08,2.0,2135.97,False,Fraud & Account Takeover,USER SAYS UPI PIN WAS NOT ENTERED BY THEM.,Low,REJECTED,Branch,True
CBK0001845,TXN00012951,USR39002,MCH4473,Miscellaneous Retail,2026-03-04 14:44:00,2026-03-12 00:00:00,2026-04-05 00:00:00,7.386111111111111,2826.0,False,Customer General Dispute,User reports money deducted but merchant denies receiving payment.,Low,RESOLVED,Email,True
CBK0002193,TXN00017969,USR83235,MCH2137,Pharmacy,2026-03-29 15:46:42,2026-04-09 00:00:00,,10.342569444444445,2501.0,False,Fraud & Account Takeover,suspicious high-value payment disputed by customer.,Medium,IN_PROGRESS,App,True
CBK0000773,TXN00045816,USR87981,MCH5252,Miscellaneous Retail,2026-01-05 00:00:00,2026-01-09 00:00:00,2026-01-16 00:00:00,4.0,2928.28,False,Fraud & Account Takeover,Complaint received after multiple failed attempts.,High,CLOSED,App,False
CBK0002632,TXN00019581,USR34162,MCH8433,Grocery,2026-03-25 10:24:30,2026-03-30 00:00:00,,4.566319444444445,1017.95,False,Service & Delivery Failure,Payment made to unknown merchant as per customer statement.,Low,RESOLVED,Call Center,True
CBK0000242,,USR53192,MCH9729,Restaurant,2026-02-13 09:46:00,2026-02-16 08:46:14,2026-03-04 00:00:00,2.9584953703703705,1995.28,False,Duplicate Debit & Billing,Merchant service was not delivered after payment.,Medium,RESOLVED,App,False
CBK0001747,TXN00019644,USR88037,MCH1186,Transportation,2026-02-04 00:00:00,2026-02-03 00:00:00,2026-02-26 00:00:00,-1.0,1335.62,False,Service & Delivery Failure,Complaint received after multiple failed attempts.,Low,IN_PROGRESS,Call Center,True
CBK0001423,TXN00013720,USR97580,MCH8999,Hotel & Lodging,2026-01-15 00:00:00,,2026-02-02 00:00:00,,4933.23,False,Fraud & Account Takeover,Complaint received after multiple failed attempts.,Low,IN_PROGRESS,Branch,True
CBK0000968,TXN00014316,USR84719,MCH9295,Miscellaneous Retail,2026-03-12 14:49:08,2026-03-16 06:49:08,2026-03-17 00:00:00,3.6666666666666665,1017.0,False,Service & Delivery Failure,suspicious high-value payment disputed by customer.,Low,IN_PROGRESS,Email,True
CBK0001372,TXN00001655,USR64263,MCH2054,Pharmacy,2026-03-28 13:08:53,2026-04-07 00:00:00,2026-04-16 00:00:00,9.452164351851852,2589.0,False,Fraud & Account Takeover,customer complaint text unclear due to poor call center notes.,Critical,CLOSED,Email,True
CBK0000157,TXN00016322,USR89473,MCH2014,Pharmacy,2026-02-26 00:00:00,2026-02-28 00:37:00,2026-03-04 00:00:00,2.0256944444444445,1512.0,False,Service & Delivery Failure,USER REPORTS MONEY DEDUCTED BUT MERCHANT DENIES RECEIVING PAYMENT.,Low,RESOLVED,Branch,True
CBK0000605,TXN00000166,USR94647,MCH7247,Transportation,2026-03-17 13:12:37,2026-03-22 00:00:00,2026-03-28 00:00:00,4.44957175925926,913.38,False,Fraud & Account Takeover,User claims account was compromised before transaction.,High,RESOLVED,App,True
CBK0001856,TXN00050572,USR56512,MCH3100,Miscellaneous Retail,2026-01-23 00:00:00,2026-02-03 00:00:00,2026-03-02 12:12:00,11.0,,False,Duplicate Debit & Billing,Complaint received after multiple failed attempts.,Critical,IN_PROGRESS,App,False
CBK0002401,TXN00013900,USR24536,MCH1762,Transportation,2026-01-23 04:34:00,2026-01-25 00:00:00,,1.8097222222222222,1310.19,False,Duplicate Debit & Billing,Merchant service was not delivered after payment.,Medium,IN_PROGRESS,Chatbot,True
CBK0002446,TXN00018937,USR49318,MCH5980,Pharmacy,2026-01-03 00:00:00,2026-01-14 00:00:00,2026-01-23 06:00:00,11.0,1097.4,False,Service & Delivery Failure,user says upi pin was not entered by them.,Critical,CLOSED,Email,True
CBK0002667,TXN00016456,USR42556,MCH5029,Transportation,2026-03-24 06:26:03,2026-03-26 00:00:00,2026-04-09 00:00:00,1.7319097222222222,3977.66,False,Duplicate Debit & Billing,Suspicious high-value payment disputed by customer.,Low,IN_PROGRESS,Chatbot,True
CBK0002260,TXN00019490,USR34757,MCH1806,Transportation,2026-01-04 16:21:04,2026-01-20 00:00:00,2026-01-28 00:00:00,15.318703703703704,1314.21,False,Fraud & Account Takeover,Complaint received after multiple failed attempts.,Critical,REJECTED,Ivr,True
CBK0000002,TXN00016351,USR35605,MCH8953,Hotel & Lodging,2026-03-24 13:14:10,2026-03-31 15:14:10,2026-04-09 15:14:00,7.083333333333333,2366.0,False,Fraud & Account Takeover,Complaint received after multiple failed attempts.,High,CLOSED,Ivr,True
CBK0001497,TXN00005059,USR56554,MCH6349,Pharmacy,2026-02-06 00:00:00,2026-02-08 20:39:40,2026-03-09 20:39:00,2.8608796296296295,1316.81,False,Service & Delivery Failure,Customer says amount was debited twice.,High,RESOLVED,App,True
CBK0000017,TXN00006427,USR30994,MCH6488,Pharmacy,2026-01-30 00:00:00,,2026-02-20 00:00:00,,3608.0,False,Fraud & Account Takeover,customer says transaction was not authorized.,Medium,IN_PROGRESS,Chatbot,True
CBK0001986,TXN00005203,USR88037,MCH4181,Pharmacy,2026-02-27 00:00:00,2026-02-28 00:00:00,2026-03-18 00:00:00,1.0,2184.85,False,Service & Delivery Failure,Merchant service was not delivered after payment.,Low,IN_PROGRESS,Chatbot,True
CBK0000926,TXN00019409,USR27947,MCH3416,Restaurant,2026-02-18 00:00:00,2026-02-19 00:00:00,,1.0,-756.59,False,Duplicate Debit & Billing,Customer says transaction was not authorized.,Medium,IN_PROGRESS,Branch,True
CBK0001679,TXN00007437,USR11987,MCH2576,Transportation,2026-03-25 00:00:00,2026-03-27 17:04:00,2026-04-21 00:00:00,2.7111111111111112,1171.85,False,Fraud & Account Takeover,Customer says transaction was not authorized.,Medium,REJECTED,Ivr,True
CBK0002765,TXN00004590,USR58546,MCH8779,Grocery,2026-01-28 23:01:00,2026-02-05 00:00:00,,7.040972222222222,799.39,False,Fraud & Account Takeover,Suspicious high-value payment disputed by customer.,High,IN_PROGRESS,Email,True
CBK0001436,TXN00011255,USR91425,MCH9243,Transportation,2026-03-05 00:00:00,2026-03-07 09:19:03,2026-03-30 09:19:03,2.3882291666666666,3679.43,False,Duplicate Debit & Billing,Suspicious high-value payment disputed by customer.,Medium,IN_PROGRESS,Chatbot,True
CBK0000994,TXN00004395,USR71348,MCH2469,Transportation,2026-03-30 00:00:00,2026-04-01 00:00:00,,2.0,9572.0,False,Customer General Dispute,Customer complaint text unclear due to poor call center notes.,Medium,IN_PROGRESS,Call Center,True
CBK0000734,TXN00006117,USR95049,MCH5383,Grocery,2026-03-27 00:00:00,2026-03-28 00:00:00,2026-04-14 03:25:05,1.0,3964.0,False,Service & Delivery Failure,Customer complaint text unclear due to poor call center notes.,High,RESOLVED,Ivr,True
CBK0001683,TXN00009432,USR85334,MCH3739,Transportation,2026-02-19 00:00:00,2026-03-07 12:06:00,2026-04-05 12:06:35,16.504166666666666,-5973.59,False,Customer General Dispute,customer says transaction was not authorized.,High,IN_PROGRESS,Email,True
CBK0001407,TXN00033964,USR59562,MCH1241,Miscellaneous Retail,2026-03-24 00:00:00,2026-03-25 00:00:00,2026-04-21 23:40:30,1.0,4254.9,False,Fraud & Account Takeover,User claims account was compromised before transaction.,High,REJECTED,Chatbot,False
CBK0002320,TXN00000822,USR51203,MCH5846,Grocery,2026-02-07 21:10:00,2026-02-10 00:00:00,2026-02-12 20:10:00,2.1180555555555554,966.31,False,Customer General Dispute,User says UPI PIN was not entered by them.,Low,IN_PROGRESS,Chatbot,True
CBK0000360,TXN00017688,USR19141,MCH3815,Department Store,2026-02-08 00:00:00,2026-02-11 00:00:00,2026-03-03 12:52:41,3.0,433.23,False,Fraud & Account Takeover,Customer complaint text unclear due to poor call center notes. details missing,Medium,RESOLVED,App,True
CBK0000559,TXN00010792,USR19290,MCH4895,Restaurant,2026-02-09 03:28:00,2026-02-17 00:00:00,2026-03-12 00:00:00,7.855555555555555,923.46,False,Fraud & Account Takeover,User says UPI PIN was not entered by them.,Low,IN_PROGRESS,Chatbot,True
CBK0001627,TXN00003467,USR98075,MCH7306,Transportation,2026-02-26 00:00:00,2026-02-28 03:10:00,2026-03-27 03:10:55,2.1319444444444446,1472.83,False,Duplicate Debit & Billing,Payment made to unknown merchant as per customer statement.,Medium,REJECTED,Email,True
CBK0000602,TXN00015729,USR61700,MCH5980,Pharmacy,2026-01-23 05:08:36,2026-02-02 00:00:00,,9.785694444444445,5873.9,False,Duplicate Debit & Billing,Complaint received after multiple failed attempts.,High,REJECTED,Chatbot,True
CBK0002325,TXN00013806,USR41923,MCH2214,Grocery,2026-02-16 05:48:00,2026-02-14 00:00:00,2026-03-04 00:00:00,-2.2416666666666667,6623.0,False,Customer General Dispute,MERCHANT SERVICE WAS NOT DELIVERED AFTER PAYMENT.,Low,IN_PROGRESS,Ivr,True
CBK0001967,TXN00004164,USR14349,MCH4226,Transportation,2026-01-22 12:01:00,2026-02-22 00:00:00,2026-02-26 00:00:00,30.499305555555555,3142.0,False,Fraud & Account Takeover,merchant service was not delivered after payment.,Medium,IN_PROGRESS,Call Center,True
CBK0001837,TXN00011621,USR98433,MCH5655,Miscellaneous Retail,2026-02-22 00:00:00,2026-02-24 20:31:03,2026-03-04 00:00:00,2.8548958333333334,13798.96,True,Service & Delivery Failure,User claims account was compromised before txn.,Medium,REJECTED,Branch,True
CBK0001082,TXN00019971,USR97244,MCH7766,Pharmacy,2026-03-04 09:53:00,2026-03-07 03:53:00,2026-04-01 03:53:01,2.75,8720.88,False,Fraud & Account Takeover,Customer complaint text unclear due to poor call center notes.,Low,CLOSED,Branch,True
CBK0000798,TXN00031469,USR47192,MCH2266,Pharmacy,2026-01-01 00:00:00,2026-01-03 00:40:11,2026-02-02 00:00:00,2.0279050925925928,2300.99,False,Fraud & Account Takeover,Merchant service was not delivered after payment.,Critical,IN_PROGRESS,Call Center,False
CBK0000986,TXN00011647,USR82322,MCH8172,Grocery,2026-01-03 08:39:07,2026-01-05 00:39:07,2026-01-22 00:00:00,1.6666666666666667,8725.14,False,Customer General Dispute,MERCHANT SERVICE WAS NOT DELIVERED AFTER PAYMENT.,High,IN_PROGRESS,Ivr,True
CBK0000966,TXN00008529,USR53527,MCH6984,Restaurant,2026-01-22 01:41:00,2026-01-23 15:41:54,,1.5839583333333334,3107.14,False,Duplicate Debit & Billing,User claims account was compromised before transaction.,High,IN_PROGRESS,Chatbot,True
CBK0000058,TXN00007401,USR21162,MCH8369,Grocery,2026-02-03 00:00:00,,,,-2284.5,False,Service & Delivery Failure,Suspicious high-value payment disputed by customer.,High,RESOLVED,App,True
CBK0000849,TXN00010509,USR32787,MCH1253,Grocery,,2026-02-18 00:00:00,2026-03-13 09:31:00,,1585.54,False,Service & Delivery Failure,User claims account was compromised before transaction.,High,IN_PROGRESS,Ivr,True
CBK0000979,TXN00015234,USR81644,MCH9875,Grocery,2026-02-07 00:00:00,2026-02-10 00:00:00,2026-02-21 01:07:52,3.0,10354.45,False,Service & Delivery Failure,Customer complaint text unclear due to poor call center notes.,High,IN_PROGRESS,Chatbot,True
CBK0001801,TXN00010702,USR66200,MCH2822,Transportation,2026-03-11 00:00:00,2026-03-15 00:00:00,2026-03-27 08:07:00,4.0,3717.71,False,Service & Delivery Failure,Customer says amount was debited twice.,Low,CLOSED,Email,True
CBK0002075,TXN00015779,USR39080,MCH3355,Restaurant,2026-02-16 00:00:00,2026-02-23 00:00:00,,7.0,1866.0,False,Customer General Dispute,user claims account was compromised before transaction.,High,IN_PROGRESS,Ivr,True
CBK0001774,TXN00001371,USR61715,MCH1759,Hotel & Lodging,2026-01-23 19:30:54,2026-01-24 00:00:00,2026-02-08 00:00:00,0.186875,1844.6,False,Fraud & Account Takeover,Customer says transaction was not authorized.,Low,REJECTED,App,True
CBK0001800,,USR60863,MCH2534,Grocery,2026-02-26 00:00:00,2026-02-28 00:00:00,,2.0,3882.6,False,Fraud & Account Takeover,Complaint received after multiple failed attempts.,Medium,IN_PROGRESS,Ivr,False
CBK0001759,TXN00006922,USR60939,MCH1721,Pharmacy,2026-02-07 00:00:00,2026-02-13 00:00:00,2026-02-14 00:00:00,6.0,1390.01,False,Fraud & Account Takeover,Payment made to unknown merchant as per customer statement.,Medium,IN_PROGRESS,Ivr,True
CBK0000898,TXN00012927,USR52234,MCH5076,Pharmacy,2026-03-11 00:00:00,2026-03-22 00:00:00,2026-04-10 06:37:00,11.0,10469.4,False,Fraud & Account Takeover,Payment made to unknown merchant as per customer statement. call dropped,Medium,REJECTED,Chatbot,True
CBK0001925,TXN00006637,USR74775,MCH7644,Miscellaneous Retail,2026-03-16 00:00:00,2026-03-27 00:00:00,2026-04-03 10:29:43,11.0,4001.0,False,Service & Delivery Failure,CUSTOMER COMPLAINT TEXT UNCLEAR DUE TO POOR CALL CENTER NOTES.,Low,IN_PROGRESS,Call Center,True
CBK0000829,TXN00017462,USR94805,MCH5980,Department Store,2026-03-18 00:00:00,2026-05-03 00:00:00,2026-05-29 09:24:00,46.0,5757.44,True,Service & Delivery Failure,Merchant service was not delivered after payment.,Low,RESOLVED,Chatbot,True
CBK0001166,TXN00043861,USR73010,MCH8793,Miscellaneous Retail,2026-01-27 00:00:00,2026-02-03 21:00:29,2026-02-20 00:00:00,7.875335648148148,422.31,False,Duplicate Debit & Billing,Payment made to unknown merchant as per cust statement.,High,IN_PROGRESS,Ivr,False
CBK0000716,TXN00013326,USR62901,MCH1320,Grocery,2026-01-04 00:00:00,,,,2161.57,False,Duplicate Debit & Billing,Suspicious high-value payment disputed by customer. NA,Medium,IN_PROGRESS,Call Center,True
CBK0000541,TXN00009994,USR78285,MCH7286,Grocery,,2026-01-22 00:00:00,2026-01-31 21:57:00,,477.68,False,Duplicate Debit & Billing,User claims account was compromised before transaction.,Medium,IN_PROGRESS,App,True
CBK0001138,TXN00003160,USR93126,MCH7265,Grocery,2026-02-24 06:39:10,2026-02-26 13:39:10,2026-03-28 13:39:00,2.2916666666666665,1452.71,False,Service & Delivery Failure,Customer complaint text unclear due to poor call center notes.,Critical,IN_PROGRESS,Branch,True
CBK0001040,TXN00011260,USR65545,MCH7882,Transportation,2026-01-21 00:00:00,,,,292.66,False,Fraud & Account Takeover,User claims account was compromised before transaction.,Medium,REJECTED,Branch,True
CBK0002668,,USR19568,MCH9291,Apparel,2026-01-25 05:32:00,,2026-02-16 06:32:00,,4776.3,False,Fraud & Account Takeover,Customer says amount was debited twice.,Low,REJECTED,Chatbot,False
CBK0001991,TXN00002169,USR33650,MCH7326,Grocery,2026-01-21 18:37:36,2026-01-25 00:00:00,2026-02-07 17:37:00,3.223888888888889,16907.68,True,Service & Delivery Failure,Complaint received after multiple failed attempts.,Low,IN_PROGRESS,Email,True
CBK0000163,TXN00000976,USR35447,MCH1441,Grocery,2026-02-17 00:00:00,2026-02-19 10:18:00,2026-02-23 00:00:00,2.4291666666666667,1181.91,False,Customer General Dispute,Suspicious high-value payment disputed by customer.,Medium,REJECTED,Ivr,True
CBK0002278,TXN00014410,USR51041,MCH5836,Restaurant,2026-03-14 00:00:00,2026-03-16 13:41:38,2026-04-13 13:41:38,2.5705787037037036,2302.66,False,Service & Delivery Failure,Customer says amount was debited twice.,Medium,IN_PROGRESS,Branch,True
CBK0002205,TXN00013472,USR21566,MCH5972,Pharmacy,2026-03-19 00:00:00,2026-03-21 20:47:00,2026-04-09 20:47:43,2.865972222222222,4341.0,False,Duplicate Debit & Billing,Customer says transaction was not authorized.,Low,IN_PROGRESS,Ivr,True
CBK0001275,TXN00014522,USR11090,MCH8336,Hotel & Lodging,,,,,1098.78,False,Fraud & Account Takeover,User reports money deducted but merchant denies receiving payment.,Low,IN_PROGRESS,Ivr,True
CBK0002407,TXN00017251,USR56287,MCH8300,Miscellaneous Retail,2026-02-03 00:00:00,2026-02-06 17:58:56,2026-02-10 00:00:00,3.7492592592592593,6191.71,False,Customer General Dispute,Payment made to unknown merchant as per customer statement.,Medium,CLOSED,App,True
CBK0000124,TXN00006207,USR61576,MCH7286,Hotel & Lodging,2026-02-12 00:00:00,2026-02-28 00:00:00,2026-03-15 00:00:00,16.0,-5731.89,False,Service & Delivery Failure,Payment made to unknown merchant as per customer statement.,Low,IN_PROGRESS,Branch,True
CBK0000391,TXN00017871,USR51854,MCH2822,Grocery,2026-02-28 00:00:00,2026-03-01 00:00:00,2026-03-15 00:00:00,1.0,5375.87,False,Fraud & Account Takeover,user claims account was compromised before transaction.,High,IN_PROGRESS,Chatbot,True
CBK0000856,TXN00000917,USR40538,MCH8624,Miscellaneous Retail,2026-03-16 00:00:00,2026-04-16 00:00:00,,31.0,2601.86,False,Duplicate Debit & Billing,User says UPI PIN was not entered by them.,Low,IN_PROGRESS,App,True
CBK0002377,TXN00019402,USR94040,MCH1653,Restaurant,2026-01-11 00:00:00,2026-01-19 13:52:07,2026-01-23 00:00:00,8.577858796296296,12504.59,True,Customer General Dispute,Payment made to unknown merchant as per customer statement. pls check asap,Medium,IN_PROGRESS,Branch,True
CBK0000410,TXN00007326,USR30157,MCH1136,Hotel & Lodging,,,2026-03-17 15:14:18,,185.0,False,Customer General Dispute,User claims account was compromised before txn.,Medium,IN_PROGRESS,Chatbot,True
CBK0001988,TXN00011416,USR93299,MCH5968,Hotel & Lodging,2026-02-02 00:00:00,2026-03-05 00:00:00,2026-03-20 02:07:56,31.0,648.02,False,Service & Delivery Failure,User reports money deducted but merchant denies receiving payment.,High,REJECTED,App,True
CBK0001939,TXN00006912,USR22979,MCH8217,Restaurant,,,2026-03-05 00:00:00,,1089.06,False,Service & Delivery Failure,Payment made to unknown merchant as per customer statement.,Low,RESOLVED,Chatbot,True
CBK0002735,TXN00012810,USR90720,MCH4590,Pharmacy,2026-02-22 05:46:00,2026-02-24 00:00:00,2026-03-17 00:00:00,1.7597222222222222,14920.61,True,Fraud & Account Takeover,Customer says transaction was not authorized.,Medium,CLOSED,Chatbot,True
CBK0000084,TXN00012123,USR60939,MCH1438,Hotel & Lodging,2026-02-06 00:00:00,2026-02-08 00:00:00,2026-02-14 02:34:26,2.0,4232.74,False,Fraud & Account Takeover,Complaint received after multiple failed attempts.,Medium,CLOSED,Branch,True
CBK0001830,TXN00015594,USR19921,MCH6395,Grocery,2026-03-12 00:00:00,2026-03-16 00:00:00,2026-04-02 00:00:00,4.0,4964.2,False,Duplicate Debit & Billing,Customer says amount was debited twice.,Critical,CLOSED,Chatbot,True
CBK0001367,TXN00014165,USR19110,MCH1811,Miscellaneous Retail,2026-03-06 00:00:00,2026-03-08 00:00:00,2026-03-28 00:00:00,2.0,12414.15,True,Fraud & Account Takeover,User claims account was compromised before transaction.,Medium,IN_PROGRESS,Chatbot,True
CBK0001999,TXN00013752,USR25196,MCH3129,Grocery,2026-03-02 00:00:00,2026-03-12 00:00:00,2026-04-03 00:00:00,10.0,1283.33,False,Service & Delivery Failure,Customer says amount was debited twice.,High,IN_PROGRESS,Ivr,True
CBK0000656,TXN00015006,USR77915,MCH7174,Hotel & Lodging,2026-02-16 00:00:00,2026-02-23 00:00:00,,7.0,3732.8,False,Service & Delivery Failure,User claims account was compromised before transaction.,Medium,IN_PROGRESS,Ivr,True
CBK0000525,TXN00013646,USR86166,MCH9676,Transportation,2026-03-17 01:18:47,2026-03-16 00:00:00,2026-03-17 00:00:00,-1.054710648148148,5986.31,False,Service & Delivery Failure,User says UPI PIN was not entered by them.,Low,IN_PROGRESS,Chatbot,True
CBK0001024,TXN00012992,USR34053,MCH5076,Pharmacy,2026-02-16 00:00:00,2026-04-02 00:00:00,2026-04-07 15:17:00,45.0,1617.78,False,Fraud & Account Takeover,USER REPORTS MONEY DEDUCTED BUT MERCHANT DENIES RECEIVING PAYMENT.,Low,IN_PROGRESS,Branch,True
CBK0002067,TXN00011970,USR59147,MCH5954,Grocery,2026-02-17 00:00:00,2026-02-19 00:00:00,,2.0,164.3,False,Service & Delivery Failure,Customer says amount was debited twice.,Medium,RESOLVED,Email,True
CBK0001634,TXN00016754,USR77208,MCH6810,Transportation,,2026-02-19 12:19:39,2026-03-17 00:00:00,,2563.38,False,Fraud & Account Takeover,CUSTOMER SAYS TRANSACTION WAS NOT AUTHORIZED.,Low,CLOSED,Chatbot,True
CBK0001993,TXN00017510,USR45520,MCH5954,Restaurant,2026-03-24 16:04:37,2026-04-04 08:04:37,2026-04-16 08:04:37,10.666666666666666,788.58,False,Fraud & Account Takeover,Customer says transaction was not authorized.,High,CLOSED,Ivr,True
CBK0001032,TXN00015474,USR75327,MCH6425,Hotel & Lodging,2026-01-02 00:00:00,2026-01-05 00:00:00,,3.0,879.08,False,Service & Delivery Failure,CUSTOMER COMPLAINT TEXT UNCLEAR DUE TO POOR CALL CENTER NOTES.,Medium,RESOLVED,Chatbot,True
CBK0001551,TXN00014584,USR72106,MCH5954,Hotel & Lodging,2026-01-17 00:00:00,,,,25463.16,False,Fraud & Account Takeover,User reports money deducted but merchant denies receiving payment.,Medium,RESOLVED,Branch,True
CBK0002236,TXN00017102,USR93581,MCH7162,Miscellaneous Retail,2026-03-12 00:00:00,2026-03-17 12:49:37,2026-03-27 00:00:00,5.534456018518519,193.64,False,Fraud & Account Takeover,Customer says amount was debited twice.,Medium,RESOLVED,Ivr,True
CBK0000509,TXN00004836,USR34955,MCH5954,Miscellaneous Retail,2026-01-09 09:38:00,,2026-01-30 03:38:00,,3723.0,False,Duplicate Debit & Billing,customer says transaction was not authorized.,Low,IN_PROGRESS,Ivr,True
CBK0002785,TXN00013530,USR57016,MCH8577,Restaurant,2026-02-21 09:05:58,2026-02-26 00:00:00,2026-03-04 19:05:58,4.620856481481481,1866.63,False,Duplicate Debit & Billing,Merchant service was not delivered after payment.,Critical,IN_PROGRESS,Call Center,True
CBK0000823,TXN00002624,USR25108,MCH8679,Grocery,2026-03-12 00:00:00,2026-03-15 00:00:00,2026-03-30 00:00:00,3.0,1274.21,False,Fraud & Account Takeover,User reports money deducted but merchant denies receiving payment.,Medium,CLOSED,Email,True
CBK0001010,TXN00006755,USR73752,MCH7461,Hotel & Lodging,2026-03-14 00:00:00,2026-03-17 00:00:00,2026-04-14 00:00:00,3.0,-627.47,False,Fraud & Account Takeover,User claims account was compromised before transaction. call dropped,Low,IN_PROGRESS,Chatbot,True
CBK0000185,TXN00007154,USR85483,MCH4852,Grocery,2026-01-29 00:00:00,2026-02-05 00:00:00,2026-02-10 15:57:00,7.0,2770.88,False,Service & Delivery Failure,Customer says amount was debited twice.,Low,IN_PROGRESS,Chatbot,True
CBK0000715,TXN00007023,USR33914,MCH5238,Miscellaneous Retail,2026-03-15 01:54:25,2026-03-16 00:00:00,2026-04-11 14:54:25,0.9205439814814815,463.5,False,Customer General Dispute,Merchant service was not delivered after payment.,Medium,CLOSED,Email,True
CBK0002196,TXN00010149,USR88130,MCH8556,Pharmacy,2026-02-28 00:00:00,2026-03-30 00:00:00,,30.0,21450.22,True,Fraud & Account Takeover,customer says amount was debited twice.,Critical,IN_PROGRESS,Email,True
CBK0000820,TXN00054263,USR12102,MCH5265,Apparel,2026-03-19 09:33:48,2026-03-21 11:33:48,2026-04-02 00:00:00,2.0833333333333335,824.86,False,Duplicate Debit & Billing,User claims account was compromised before transaction.,High,REJECTED,Ivr,False
CBK0000765,TXN00007330,USR99392,MCH8540,Miscellaneous Retail,2026-02-12 00:00:00,2026-02-14 00:00:00,2026-03-13 00:00:00,2.0,2018.57,False,Customer General Dispute,Customer complaint text unclear due to poor call center notes.,Medium,REJECTED,Chatbot,True
CBK0000540,TXN00007501,USR29824,MCH9199,Grocery,,,2026-03-06 01:07:00,,13576.52,True,Service & Delivery Failure,Suspicious high-value payment disputed by customer. details missing,Low,IN_PROGRESS,Call Center,True
CBK0000618,TXN00013129,USR59658,MCH8812,Pharmacy,2026-01-14 00:00:00,,,,1549.0,False,Duplicate Debit & Billing,customer says transaction was not authorized.,Low,RESOLVED,Chatbot,True
CBK0001607,TXN00015175,USR13767,MCH2284,Pharmacy,2026-01-10 00:00:00,2026-01-12 05:37:00,,2.234027777777778,381.32,False,Duplicate Debit & Billing,Customer says transaction was not authorized.,Critical,IN_PROGRESS,Email,True
CBK0001123,TXN00003494,USR31366,MCH5980,Pharmacy,2026-02-05 00:00:00,2026-02-07 20:30:24,,2.8544444444444443,342.28,False,Customer General Dispute,USER REPORTS MONEY DEDUCTED BUT MERCHANT DENIES RECEIVING PAYMENT.,Low,RESOLVED,Ivr,True
CBK0000004,TXN00008092,USR65030,MCH5264,Restaurant,2026-02-26 16:21:11,2026-02-25 16:21:00,,-1.0001273148148149,2596.26,False,Fraud & Account Takeover,Complaint received after multiple failed attempts.,Medium,RESOLVED,Call Center,True
CBK0000585,TXN00010811,USR26991,MCH4181,Transportation,2026-03-31 00:00:00,2026-04-02 18:35:45,2026-04-11 00:00:00,2.774826388888889,1744.0,False,Fraud & Account Takeover,User reports money deducted but merchant denies receiving payment.,High,RESOLVED,Call Center,True
CBK0002198,TXN00018071,USR65483,MCH6689,Transportation,2026-03-03 00:00:00,2026-03-06 00:00:00,2026-03-08 00:00:00,3.0,3289.2,False,Service & Delivery Failure,customer says transaction was not authorized.,Medium,REJECTED,Ivr,True
CBK0001079,TXN00012253,USR87914,MCH5542,Grocery,2026-03-07 04:37:00,2026-03-07 00:00:00,2026-03-16 16:37:00,-0.19236111111111112,1245.84,False,Service & Delivery Failure,Suspicious high-value payment disputed by customer.,Critical,IN_PROGRESS,Call Center,True
CBK0000034,TXN00018948,USR39094,MCH1418,Transportation,2026-01-27 00:00:00,2026-02-02 06:52:00,2026-02-10 06:52:00,6.286111111111111,959.89,False,Customer General Dispute,User says UPI PIN was not entered by them.,Medium,IN_PROGRESS,Chatbot,True
CBK0000343,TXN00016878,USR66196,MCH2822,Transportation,2026-02-10 12:11:00,2026-02-16 00:00:00,2026-02-20 06:11:14,5.492361111111111,2996.76,False,Customer General Dispute,Customer complaint text unclear due to poor call center notes.,Low,CLOSED,Ivr,True
CBK0000481,TXN00015109,USR46576,MCH2266,Grocery,2026-03-27 00:00:00,2026-03-29 15:43:00,2026-04-16 00:00:00,2.654861111111111,287.95,False,Duplicate Debit & Billing,User claims account was compromised before transaction.,Medium,CLOSED,Branch,True
CBK0001728,TXN00005001,USR63634,MCH6359,Grocery,2026-03-05 00:00:00,2026-03-08 16:09:12,,3.6730555555555555,4713.3,False,Customer General Dispute,Customer says transaction was not authorized.,Medium,RESOLVED,Ivr,True
CBK0002237,TXN00001882,USR15350,MCH7351,Grocery,2026-03-28 00:00:00,2026-04-27 00:00:00,2026-05-01 20:04:39,30.0,2264.22,False,Duplicate Debit & Billing,USER SAYS UPI PIN WAS NOT ENTERED BY THEM.,Medium,CLOSED,Ivr,True
CBK0001058,TXN00008405,USR25902,MCH8556,Pharmacy,2026-02-10 00:00:00,2026-02-17 00:00:00,,7.0,1446.29,False,Fraud & Account Takeover,User says UPI PIN was not entered by them.,High,REJECTED,Chatbot,True
CBK0001933,TXN00005666,USR33656,MCH5076,Hotel & Lodging,2026-02-14 07:15:35,2026-02-19 07:15:00,2026-03-10 00:00:00,4.999594907407407,1764.4,False,Duplicate Debit & Billing,SUSPICIOUS HIGH-VALUE PAYMENT DISPUTED BY CUSTOMER.,Low,IN_PROGRESS,Branch,True
CBK0000466,TXN00008559,USR20115,MCH2757,Restaurant,2026-03-21 08:09:20,2026-03-22 00:00:00,2026-04-18 00:00:00,0.6601851851851852,876.37,False,Service & Delivery Failure,Customer says amount was debited twice.,Medium,IN_PROGRESS,Ivr,True
CBK0001130,TXN00013293,USR64755,MCH3055,Transportation,2026-02-07 00:00:00,2026-02-13 04:28:39,2026-02-21 00:00:00,6.1865625,648.89,False,Fraud & Account Takeover,customer says transaction was not authorized.,Medium,IN_PROGRESS,App,True
CBK0000736,TXN00001334,USR31979,MCH2101,Restaurant,2026-03-23 11:54:27,2026-03-25 07:54:27,,1.8333333333333333,6666.14,False,Fraud & Account Takeover,Customer says amount was debited twice.,Medium,IN_PROGRESS,Chatbot,True
CBK0000181,TXN00016182,USR66758,MCH1612,Miscellaneous Retail,2026-01-28 10:33:01,2026-01-30 00:00:00,2026-02-08 00:00:00,1.5604050925925925,237.88,False,Fraud & Account Takeover,Customer says amount was debited twice.,Low,REJECTED,App,True
CBK0000697,TXN00007023,USR88430,MCH4181,Miscellaneous Retail,2026-03-25 19:00:00,2026-03-31 14:00:23,2026-04-27 00:00:00,5.7919328703703705,10555.32,False,Duplicate Debit & Billing,Customer says transaction was not authorized.,Medium,REJECTED,Ivr,True
CBK0001752,TXN00006114,USR22925,MCH5954,Pharmacy,2026-01-11 14:56:22,2026-01-27 00:00:00,2026-02-17 00:00:00,15.377523148148148,4938.0,False,Fraud & Account Takeover,Customer says transaction was not authorized.,High,REJECTED,Call Center,True
CBK0002549,TXN00014870,USR48114,MCH3983,Grocery,2026-01-17 00:00:00,2026-01-18 00:00:00,2026-02-16 00:00:00,1.0,10657.19,False,Service & Delivery Failure,USER SAYS UPI PIN WAS NOT ENTERED BY THEM.,Low,IN_PROGRESS,Chatbot,True
CBK0001488,TXN00015761,USR47459,MCH8883,Hotel & Lodging,,2026-02-08 18:43:00,2026-03-06 00:00:00,,6388.0,False,Service & Delivery Failure,User claims account was compromised before transaction.,Low,IN_PROGRESS,Ivr,True
CBK0001651,TXN00010749,USR62848,MCH3729,Pharmacy,2026-02-15 00:00:00,2026-02-22 23:37:50,2026-02-26 00:00:00,7.984606481481482,11282.39,True,Fraud & Account Takeover,Customer says amount was debited twice. call dropped,Low,IN_PROGRESS,Branch,True
CBK0002711,TXN00042233,USR31712,MCH3819,Miscellaneous Retail,2026-03-10 00:00:00,2026-04-24 16:53:03,2026-05-09 16:53:03,45.70350694444444,,False,Duplicate Debit & Billing,complaint received after multiple failed attempts.,High,CLOSED,Ivr,False
CBK0001543,TXN00009804,USR90720,MCH4495,Transportation,,2026-01-24 00:00:00,2026-01-27 03:54:00,,767.56,False,Service & Delivery Failure,Customer complaint text unclear due to poor call center notes.,Medium,REJECTED,Ivr,True
CBK0000310,TXN00019838,USR34180,MCH6810,Transportation,2026-02-04 00:00:00,2026-02-19 00:00:00,2026-02-25 00:00:00,15.0,2926.76,False,Fraud & Account Takeover,User reports money deducted but merchant denies receiving payment.,Critical,IN_PROGRESS,Branch,True
CBK0001605,TXN00013039,USR38436,MCH5655,Restaurant,,2026-01-09 00:00:00,2026-01-13 00:00:00,,7884.27,False,Fraud & Account Takeover,Suspicious high-value payment disputed by cust.,Medium,REJECTED,Call Center,True
CBK0002159,TXN00008446,USR75943,MCH5482,Grocery,2026-03-08 00:00:00,2026-03-08 12:51:00,2026-03-27 00:00:00,0.5354166666666667,-2807.75,False,Fraud & Account Takeover,CUSTOMER SAYS TRANSACTION WAS NOT AUTHORIZED.,Critical,REJECTED,Email,True
CBK0000883,TXN00009806,USR94655,MCH5279,Hotel & Lodging,2026-01-19 18:04:00,2026-01-23 00:00:00,,3.2472222222222222,3825.17,False,Fraud & Account Takeover,suspicious high-value payment disputed by customer.,Low,IN_PROGRESS,Ivr,True
CBK0000273,TXN00002139,USR80361,MCH6712,Pharmacy,2026-03-05 11:26:00,2026-03-16 04:26:00,,10.708333333333334,-1116.32,False,Customer General Dispute,customer complaint text unclear due to poor call center notes.,Low,IN_PROGRESS,Branch,True
CBK0002172,TXN00011390,USR27533,MCH3479,Grocery,2026-01-20 00:00:00,2026-01-23 00:41:15,,3.0286458333333335,681.66,False,Fraud & Account Takeover,Merchant service was not delivered after payment.,High,RESOLVED,App,True
CBK0000046,TXN00007253,USR97477,MCH1590,Restaurant,2026-02-15 00:00:00,2026-03-03 00:00:00,2026-03-09 00:00:00,16.0,8599.51,False,Fraud & Account Takeover,User reports money deducted but merchant denies receiving payment.,High,IN_PROGRESS,App,True
CBK0001291,TXN00018053,USR56751,MCH8322,Transportation,2026-01-26 05:12:55,2026-01-28 00:00:00,,1.7826967592592593,1619.1,False,Service & Delivery Failure,customer complaint text unclear due to poor call center notes.,Low,CLOSED,Ivr,True
CBK0000362,TXN00002263,USR61333,MCH7286,Grocery,2026-01-20 00:00:00,2026-01-21 00:00:00,2026-01-30 00:00:00,1.0,9476.14,False,Duplicate Debit & Billing,User reports money deducted but merchant denies receiving payment.,Medium,IN_PROGRESS,Branch,True
CBK0000583,TXN00013098,USR11077,MCH5456,Grocery,2026-02-01 00:00:00,2026-02-03 00:32:11,2026-02-03 00:32:11,2.0223495370370372,1372.52,True,Duplicate Debit & Billing,SUSPICIOUS HIGH-VALUE PAYMENT DISPUTED BY CUSTOMER.,Medium,IN_PROGRESS,Branch,True
CBK0001258,TXN00017225,USR40420,MCH1168,Restaurant,2026-02-28 00:00:00,2026-03-11 00:00:00,,11.0,4972.38,False,Fraud & Account Takeover,User says UPI PIN was not entered by them.,Low,IN_PROGRESS,Chatbot,True
CBK0001309,TXN00001777,USR97380,MCH3684,Grocery,2026-03-13 00:00:00,2026-04-27 18:23:00,2026-04-29 00:00:00,45.765972222222224,6040.0,False,Fraud & Account Takeover,Customer says transaction was not authorized.,Medium,CLOSED,Ivr,True
CBK0000479,TXN00016497,USR12417,MCH8154,Grocery,2026-03-14 00:00:00,2026-03-12 04:20:00,2026-03-29 00:00:00,-1.8194444444444444,3794.91,False,Fraud & Account Takeover,Payment made to unknown merchant as per customer statement.,Medium,IN_PROGRESS,App,True
CBK0000022,TXN00012475,USR21946,MCH4181,Pharmacy,2026-03-05 23:30:49,2026-03-06 00:00:00,2026-03-19 00:00:00,0.020266203703703703,11540.0,False,Fraud & Account Takeover,Customer complaint text unclear due to poor call center notes.,Low,IN_PROGRESS,Chatbot,True
CBK0001439,TXN00018123,USR83744,MCH5378,Grocery,2026-03-13 22:46:01,2026-03-19 00:00:00,2026-04-02 06:46:00,5.051377314814815,3146.39,False,Customer General Dispute,Customer says transaction was not authorized.,Low,CLOSED,Ivr,True
CBK0000976,TXN00002141,USR96958,MCH6498,Restaurant,2026-01-23 00:00:00,2026-01-30 22:01:24,2026-02-09 00:00:00,7.917638888888889,7027.39,False,Service & Delivery Failure,Complaint received after multiple failed attempts.,Medium,REJECTED,Email,True
CBK0000639,TXN00017298,USR56287,MCH7134,Restaurant,2026-03-22 00:00:00,2026-03-23 00:00:00,,1.0,3871.95,False,Fraud & Account Takeover,User reports money deducted but merchant denies receiving payment.,Medium,REJECTED,Chatbot,True
CBK0000853,TXN00019212,USR43229,MCH3902,Transportation,2026-03-21 00:27:23,2026-03-26 00:00:00,2026-04-23 00:00:00,4.980983796296297,1395.11,False,Fraud & Account Takeover,Customer says txn was not authorized.,Medium,REJECTED,Chatbot,True
CBK0001985,TXN00005222,USR98253,MCH3611,Grocery,,2026-02-21 00:00:00,2026-03-02 00:00:00,,526.0,False,Fraud & Account Takeover,USER CLAIMS ACCOUNT WAS COMPROMISED BEFORE TRANSACTION.,Medium,RESOLVED,Email,True
CBK0000300,TXN00002857,USR92485,MCH7388,Hotel & Lodging,,2026-03-21 00:00:00,2026-04-20 00:00:00,,920.19,False,Service & Delivery Failure,User reports money deducted but merchant denies receiving payment.,High,IN_PROGRESS,Chatbot,True
CBK0001326,TXN00017532,USR63876,MCH4629,Miscellaneous Retail,2026-01-22 00:00:00,2026-01-30 00:00:00,,8.0,2971.18,False,Duplicate Debit & Billing,Suspicious high-value payment disputed by customer.,Low,REJECTED,Ivr,True
CBK0002099,TXN00016911,USR94430,MCH5701,Hotel & Lodging,2026-01-10 00:00:00,2026-01-12 00:00:00,,2.0,1895.66,False,Fraud & Account Takeover,Customer complaint text unclear due to poor call center notes.,Medium,REJECTED,Email,True
CBK0001474,TXN00008578,USR71704,MCH7047,Hotel & Lodging,2026-02-05 00:00:00,2026-02-13 00:00:00,2026-03-04 00:00:00,8.0,3771.28,False,Fraud & Account Takeover,Customer complaint text unclear due to poor call center notes.,Medium,IN_PROGRESS,Email,True
CBK0001508,TXN00006688,USR56287,MCH2552,Hotel & Lodging,2026-02-21 21:29:00,2026-02-25 00:00:00,2026-03-02 04:29:00,3.104861111111111,592.68,False,Fraud & Account Takeover,Complaint received after multiple failed attempts.,High,IN_PROGRESS,Email,True
CBK0000985,TXN00016633,USR50898,MCH3836,Pharmacy,,2026-03-07 00:00:00,,,3329.74,False,Fraud & Account Takeover,COMPLAINT RECEIVED AFTER MULTIPLE FAILED ATTEMPTS.,High,IN_PROGRESS,Chatbot,True
CBK0002762,TXN00012709,USR87422,MCH2383,Transportation,,2026-01-25 00:00:00,2026-02-01 00:00:00,,-1866.43,False,Duplicate Debit & Billing,COMPLAINT RECEIVED AFTER MULTIPLE FAILED ATTEMPTS.,Medium,IN_PROGRESS,Branch,True
CBK0002695,TXN00009985,USR69511,MCH3100,Restaurant,2026-03-04 00:00:00,2026-03-19 00:00:00,2026-03-19 00:00:00,15.0,4262.78,False,Fraud & Account Takeover,Customer says txn was not authorized.,Low,IN_PROGRESS,App,True
CBK0002523,TXN00016424,USR39280,MCH4590,Hotel & Lodging,2026-02-09 00:00:00,,2026-03-06 00:00:00,,1444.48,False,Duplicate Debit & Billing,Merchant service was not delivered after payment.,High,RESOLVED,Call Center,True
CBK0001776,TXN00003915,USR57281,MCH6934,Restaurant,2026-02-25 00:00:00,2026-02-25 00:00:00,2026-03-24 00:00:00,0.0,264.64,False,Duplicate Debit & Billing,Payment made to unknown merchant as per customer statement.,Medium,REJECTED,App,True
CBK0000251,TXN00012937,USR77066,MCH5347,Transportation,2026-03-17 00:00:00,2026-03-22 00:00:00,2026-04-10 02:26:00,5.0,2574.17,False,Service & Delivery Failure,User says UPI PIN was not entered by them.,Medium,CLOSED,Call Center,True
CBK0000729,TXN00009979,USR43978,MCH6850,Restaurant,2026-02-01 00:00:00,2026-02-17 00:00:00,,16.0,1801.1,False,Fraud & Account Takeover,USER SAYS UPI PIN WAS NOT ENTERED BY THEM.,Medium,IN_PROGRESS,Branch,True
CBK0001430,TXN00003193,USR30157,MCH5404,Pharmacy,2026-02-21 00:00:00,2026-02-27 00:00:00,2026-03-09 00:00:00,6.0,2273.34,False,Duplicate Debit & Billing,Payment made to unknown merchant as per customer statement. urgent,Critical,CLOSED,Branch,True
CBK0001056,TXN00017995,USR83697,MCH7555,Grocery,2026-03-26 00:00:00,2026-03-27 02:11:24,2026-04-17 00:00:00,1.09125,1918.51,False,Fraud & Account Takeover,User reports money deducted but merchant denies receiving payment.,Medium,RESOLVED,Ivr,True
CBK0002533,TXN00002429,USR82871,MCH8050,Grocery,2026-01-27 20:26:00,2026-02-12 00:00:00,2026-02-21 00:00:00,15.14861111111111,389.54,False,Fraud & Account Takeover,Merchant service was not delivered after payment.,Medium,IN_PROGRESS,Ivr,True
CBK0001748,TXN00036584,USR93861,MCH2037,Grocery,2026-01-01 00:00:00,2026-01-04 00:00:00,2026-01-28 00:00:00,3.0,-3309.31,False,Fraud & Account Takeover,User says UPI PIN was not entered by them.,High,IN_PROGRESS,Ivr,False
CBK0002154,TXN00019558,USR60770,MCH4307,Transportation,2026-03-31 00:00:00,2026-04-05 00:00:00,2026-04-17 00:00:00,5.0,1769.97,False,Duplicate Debit & Billing,Customer says transaction was not authorized.,Low,RESOLVED,Branch,True
CBK0001530,TXN00000959,USR38580,MCH7286,Restaurant,2026-03-08 00:00:00,2026-03-11 15:32:00,2026-04-04 00:00:00,3.647222222222222,982.69,False,Customer General Dispute,Customer says amount was debited twice.,Low,IN_PROGRESS,Email,True
CBK0001561,TXN00012655,USR49452,MCH7833,Pharmacy,2026-02-02 00:00:00,2026-02-04 00:00:00,2026-02-14 10:24:28,2.0,5677.69,False,Service & Delivery Failure,payment made to unknown merchant as per customer statement.,Medium,IN_PROGRESS,Branch,True
CBK0002302,TXN00004618,USR69543,MCH8140,Restaurant,,2026-01-23 00:00:00,,,1142.86,False,Duplicate Debit & Billing,User claims account was compromised before transaction.,Low,REJECTED,Ivr,True
CBK0000447,TXN00012764,USR26323,MCH5927,Grocery,2026-03-15 00:00:00,2026-03-18 00:00:00,2026-04-10 00:00:00,3.0,1222.0,False,Fraud & Account Takeover,User reports money deducted but merchant denies receiving payment.,Medium,IN_PROGRESS,Ivr,True
CBK0002090,TXN00008261,USR15888,MCH7075,Pharmacy,2026-02-26 07:25:00,2026-03-03 15:25:42,,5.333819444444444,4227.03,False,Service & Delivery Failure,Suspicious high-value payment disputed by cust.,High,RESOLVED,Branch,True
CBK0001157,TXN00018783,USR89151,MCH3001,Grocery,2026-01-24 00:00:00,2026-01-29 03:28:31,,5.144803240740741,11640.86,False,Customer General Dispute,USER SAYS UPI PIN WAS NOT ENTERED BY THEM.,Low,IN_PROGRESS,App,True
CBK0002684,TXN00018518,USR58335,MCH2058,Grocery,2026-01-02 00:00:00,2026-01-04 00:00:00,2026-01-06 00:00:00,2.0,2159.7,False,Fraud & Account Takeover,user says upi pin was not entered by them.,Low,CLOSED,Call Center,True
CBK0001929,TXN00003276,USR83918,MCH9291,Pharmacy,,2026-03-22 00:00:00,2026-04-09 00:00:00,,-5720.73,False,Duplicate Debit & Billing,Complaint received after multiple failed attempts.,Low,RESOLVED,Ivr,True
CBK0001320,TXN00014032,USR46308,MCH5900,Grocery,2026-02-01 00:00:00,2026-02-06 00:00:00,2026-02-13 00:00:00,5.0,358.19,False,Fraud & Account Takeover,Complaint received after multiple failed attempts. urgent,Low,IN_PROGRESS,Ivr,True
CBK0001600,TXN00014926,USR22359,MCH4542,Grocery,,2026-01-22 15:21:40,2026-02-09 00:00:00,,2332.94,False,Fraud & Account Takeover,Suspicious high-value payment disputed by customer.,Low,CLOSED,Chatbot,True
CBK0002391,TXN00013005,USR27779,MCH6850,Pharmacy,,2026-04-01 00:00:00,2026-04-15 18:10:52,,3734.7,False,Service & Delivery Failure,Merchant service was not delivered after payment.,Low,IN_PROGRESS,App,True
CBK0001069,TXN00072059,USR75081,MCH7509,Apparel,2026-02-10 17:04:00,2026-02-14 04:04:39,2026-03-16 04:04:00,3.458784722222222,1209.0,False,Fraud & Account Takeover,Complaint received after multiple failed attempts.,Medium,IN_PROGRESS,Chatbot,False
CBK0000691,TXN00006342,USR46662,MCH8426,Grocery,2026-03-13 10:45:48,2026-03-19 00:00:00,2026-03-20 02:45:00,5.551527777777777,1546.48,False,Service & Delivery Failure,merchant service was not delivered after payment.,Medium,IN_PROGRESS,Ivr,True
CBK0002454,TXN00012462,USR25682,MCH5954,Grocery,2026-03-23 00:00:00,2026-03-26 00:00:00,2026-04-10 17:09:36,3.0,7714.0,False,Customer General Dispute,Customer complaint text unclear due to poor call center notes.,Low,CLOSED,Call Center,True
CBK0002777,TXN00041176,USR83934,MCH9022,Apparel,2026-02-01 00:00:00,2026-02-06 17:22:00,2026-02-21 00:00:00,5.723611111111111,8162.73,False,Fraud & Account Takeover,User reports money deducted but merchant denies receiving payment. urgent,High,IN_PROGRESS,Ivr,False
CBK0000263,TXN00006449,USR71316,MCH6236,Grocery,2026-01-10 00:00:00,2026-01-26 01:59:16,2026-02-15 00:00:00,16.082824074074075,250.0,False,Fraud & Account Takeover,User says UPI PIN was not entered by them.,High,IN_PROGRESS,Chatbot,True
CBK0000590,TXN00018358,USR73010,MCH2722,Grocery,2026-03-12 00:00:00,2026-03-20 03:25:00,2026-04-16 00:00:00,8.14236111111111,-1889.21,False,Duplicate Debit & Billing,Complaint received after multiple failed attempts.,High,RESOLVED,Chatbot,True
CBK0001133,TXN00004481,USR68023,MCH1494,Restaurant,2026-01-06 00:00:00,2026-01-05 00:00:00,2026-01-05 00:00:00,-1.0,1101.44,False,Duplicate Debit & Billing,User claims account was compromised before transaction.,Critical,REJECTED,Branch,True
CBK0002414,TXN00000503,USR85650,MCH1590,Miscellaneous Retail,2026-03-04 16:57:39,2026-04-18 00:00:00,2026-05-09 18:57:00,44.29329861111111,325.93,False,Duplicate Debit & Billing,complaint received after multiple failed attempts.,High,IN_PROGRESS,Call Center,True
CBK0002627,TXN00001026,USR26564,MCH5899,Miscellaneous Retail,2026-01-17 09:59:06,2026-01-25 07:59:00,2026-02-20 00:00:00,7.916597222222222,2910.7,False,Service & Delivery Failure,Suspicious high-value payment disputed by customer.,Medium,IN_PROGRESS,Ivr,True
CBK0001008,,USR97772,MCH1074,Miscellaneous Retail,,2026-01-13 00:00:00,2026-01-23 02:52:41,,1143.88,False,Duplicate Debit & Billing,Customer says amount was debited twice.,Medium,RESOLVED,Ivr,False
CBK0000285,TXN00009133,USR99694,MCH2606,Restaurant,2026-03-19 03:32:00,2026-03-22 00:00:00,,2.852777777777778,1528.27,False,Service & Delivery Failure,Customer says amount was debited twice.,Medium,IN_PROGRESS,Ivr,True
CBK0001311,TXN00018498,USR40538,MCH7255,Miscellaneous Retail,2026-03-19 00:00:00,2026-03-23 00:00:00,2026-04-06 00:00:00,4.0,1779.0,False,Fraud & Account Takeover,Payment made to unknown merchant as per customer statement.,Low,RESOLVED,Call Center,True
CBK0000220,TXN00009971,USR81170,MCH6607,Grocery,,2026-03-03 00:00:00,,,4849.0,False,Fraud & Account Takeover,Customer says amount was debited twice. urgent,Low,IN_PROGRESS,Email,True
CBK0002615,TXN00018536,USR57158,MCH5099,Transportation,2026-02-22 13:48:57,2026-02-24 00:00:00,2026-03-02 00:00:00,1.4243402777777778,1257.97,False,Fraud & Account Takeover,Suspicious high-value payment disputed by cust.,High,IN_PROGRESS,App,True
CBK0001460,TXN00014496,USR33249,MCH4270,Hotel & Lodging,2026-03-29 00:00:00,2026-04-02 00:00:00,2026-04-04 02:17:31,4.0,554.76,False,Fraud & Account Takeover,customer says amount was debited twice.,Low,IN_PROGRESS,App,True
CBK0000068,TXN00019414,USR96148,MCH3815,Miscellaneous Retail,2026-01-01 03:55:28,2026-01-01 00:00:00,2026-01-18 06:55:00,-0.1635185185185185,996.0,False,Fraud & Account Takeover,Suspicious high-value payment disputed by customer.,Critical,IN_PROGRESS,Ivr,True
CBK0001363,TXN00015121,USR62483,MCH1141,Pharmacy,2026-02-15 00:00:00,2026-02-18 00:00:00,2026-03-05 00:00:00,3.0,1504.76,False,Customer General Dispute,USER SAYS UPI PIN WAS NOT ENTERED BY THEM.,Medium,CLOSED,Chatbot,True
CBK0001071,TXN00005413,USR85761,MCH3171,Restaurant,2026-01-29 00:00:00,2026-02-01 00:00:00,2026-02-14 00:00:00,3.0,18414.46,True,Duplicate Debit & Billing,Suspicious high-value payment disputed by customer. details missing,Medium,IN_PROGRESS,Chatbot,True
CBK0000562,TXN00003828,USR39793,MCH3203,Grocery,,2026-03-31 19:03:00,,,1594.84,False,Fraud & Account Takeover,User reports money deducted but merchant denies receiving payment.,Low,IN_PROGRESS,Chatbot,True
CBK0001140,TXN00004922,USR79175,MCH6652,Grocery,2026-03-28 00:00:00,2026-03-30 00:00:00,2026-04-10 04:32:07,2.0,18450.81,True,Fraud & Account Takeover,user reports money deducted but merchant denies receiving payment.,Medium,CLOSED,Ivr,True
CBK0000657,TXN00006919,USR29306,MCH5269,Transportation,2026-01-14 00:00:00,2026-01-19 00:00:00,2026-02-13 16:01:00,5.0,2207.79,False,Duplicate Debit & Billing,complaint received after multiple failed attempts.,Medium,CLOSED,Chatbot,True
CBK0001831,TXN00010938,USR88037,MCH5655,Miscellaneous Retail,2026-03-15 18:39:00,2026-03-18 00:00:00,2026-04-15 00:00:00,2.222916666666667,4425.22,False,Duplicate Debit & Billing,Merchant service was not delivered after payment. details missing,Low,IN_PROGRESS,App,True
CBK0001818,TXN00005674,USR54580,MCH5397,Grocery,2026-03-08 00:00:00,2026-03-15 15:17:35,2026-04-02 00:00:00,7.637210648148148,560.0,False,Fraud & Account Takeover,CUSTOMER COMPLAINT TEXT UNCLEAR DUE TO POOR CALL CENTER NOTES.,High,IN_PROGRESS,Chatbot,True
CBK0000721,TXN00009064,USR29458,MCH4113,Grocery,2026-02-10 00:00:00,2026-02-12 00:00:00,2026-03-03 00:00:00,2.0,1568.17,False,Duplicate Debit & Billing,Customer says amount was debited twice.,Critical,RESOLVED,Branch,True
CBK0000837,TXN00014492,USR59264,MCH1548,Apparel,2026-01-04 03:46:36,2026-02-03 00:00:00,2026-02-11 00:00:00,29.84263888888889,18659.19,True,Fraud & Account Takeover,SUSPICIOUS HIGH-VALUE PAYMENT DISPUTED BY CUSTOMER.,High,IN_PROGRESS,Chatbot,True
CBK0002597,TXN00008925,USR93425,MCH3339,Pharmacy,2026-01-02 07:36:00,2026-01-03 04:36:00,,0.875,-3175.71,False,Service & Delivery Failure,User reports money deducted but merchant denies receiving payment. pls check asap,Low,REJECTED,Ivr,True
CBK0000876,TXN00010046,USR91274,MCH8960,Hotel & Lodging,2026-01-17 07:29:00,2026-01-22 00:00:00,2026-02-09 16:29:48,4.688194444444444,6572.39,False,Duplicate Debit & Billing,User says UPI PIN was not entered by them.,Medium,REJECTED,Chatbot,True
CBK0002537,TXN00066991,USR17742,MCH4337,Telecom,2026-01-07 09:36:06,2026-01-09 00:00:00,2026-01-22 00:00:00,1.5999305555555556,1890.93,False,Customer General Dispute,User reports money deducted but merchant denies receiving payment.,Low,CLOSED,Ivr,False
CBK0002507,TXN00016749,USR55737,MCH5655,Hotel & Lodging,2026-03-31 00:00:00,2026-04-03 00:00:00,2026-04-14 00:00:00,3.0,19869.0,True,Fraud & Account Takeover,User claims account was compromised before txn.,Medium,CLOSED,Call Center,True
CBK0002350,TXN00064529,USR90246,MCH9480,Miscellaneous Retail,2026-02-27 02:51:00,2026-03-09 00:00:00,,9.88125,472.0,False,Fraud & Account Takeover,User says UPI PIN was not entered by them.,Medium,REJECTED,Email,False
CBK0001416,TXN00018367,USR98309,MCH7233,Restaurant,,2026-01-03 05:05:00,2026-01-29 05:05:00,,1495.59,False,Customer General Dispute,Suspicious high-value payment disputed by customer.,Medium,REJECTED,Chatbot,True
CBK0002483,TXN00019669,USR65795,MCH4328,Hotel & Lodging,2026-01-12 00:00:00,2026-01-13 18:43:01,2026-01-16 00:00:00,1.7798726851851852,1522.61,False,Fraud & Account Takeover,User reports money deducted but merchant denies receiving payment.,Low,CLOSED,Branch,True
CBK0001553,TXN00004048,USR26051,MCH3235,Grocery,2026-03-14 00:00:00,,2026-03-29 00:00:00,,-815.95,False,Service & Delivery Failure,Customer says amount was debited twice.,Low,IN_PROGRESS,App,True
CBK0000651,TXN00011527,USR57088,MCH1779,Restaurant,2026-01-25 00:00:00,2026-01-27 00:00:00,2026-01-28 00:00:00,2.0,1443.54,False,Fraud & Account Takeover,User claims account was compromised before transaction.,Medium,IN_PROGRESS,Chatbot,True
CBK0000866,TXN00002719,USR11592,MCH1717,Transportation,2026-03-05 00:00:00,2026-03-12 23:06:00,,7.9625,2881.81,False,Fraud & Account Takeover,user claims account was compromised before transaction.,Low,CLOSED,Ivr,True
CBK0000260,TXN00006995,USR27185,MCH1715,Pharmacy,2026-03-09 00:00:00,2026-03-12 13:45:23,2026-04-09 00:00:00,3.5731828703703705,793.0,False,Fraud & Account Takeover,User claims account was compromised before transaction.,Low,RESOLVED,Chatbot,True
CBK0001397,TXN00001903,USR40286,MCH8305,Restaurant,2026-03-25 01:49:45,2026-04-01 06:49:00,2026-04-01 06:49:45,7.2078125,2512.35,False,Fraud & Account Takeover,User says UPI PIN was not entered by them.,Critical,REJECTED,Ivr,True
CBK0000374,TXN00005682,USR46350,MCH7622,Grocery,2026-02-22 07:20:00,2026-03-10 06:20:48,2026-03-24 00:00:00,15.95888888888889,2014.01,False,Duplicate Debit & Billing,User says UPI PIN was not entered by them.,High,RESOLVED,App,True
CBK0001557,TXN00010126,USR26970,MCH8953,Transportation,2026-01-31 00:00:00,2026-02-11 02:05:00,,11.086805555555555,1107.77,False,Customer General Dispute,Customer says amount was debited twice.,Low,IN_PROGRESS,Email,True
CBK0001987,TXN00003622,USR56397,MCH9762,Grocery,2026-03-21 22:28:29,2026-03-23 00:00:00,,1.0635532407407406,409.07,False,Duplicate Debit & Billing,Merchant service was not delivered after payment.,Medium,IN_PROGRESS,Chatbot,True
CBK0002351,TXN00008276,USR78874,MCH4259,Transportation,2026-03-08 00:00:00,2026-03-23 00:00:00,2026-04-15 11:14:00,15.0,3331.49,False,Fraud & Account Takeover,Customer says txn was not authorized.,Critical,RESOLVED,Email,True
CBK0000980,TXN00014697,USR44745,MCH3674,Grocery,2026-03-27 00:00:00,2026-03-30 00:00:00,2026-04-02 00:00:00,3.0,4816.24,False,Service & Delivery Failure,USER CLAIMS ACCOUNT WAS COMPROMISED BEFORE TRANSACTION.,Medium,RESOLVED,Chatbot,True
CBK0002576,TXN00016892,USR92904,MCH3100,Grocery,2026-01-23 00:00:00,2026-01-29 01:18:00,2026-01-30 00:00:00,6.054166666666666,1942.12,False,Customer General Dispute,Payment made to unknown merchant as per customer statement. urgent,High,IN_PROGRESS,App,True
CBK0002312,TXN00010316,USR71728,MCH5783,Miscellaneous Retail,2026-03-12 00:00:00,2026-03-18 00:00:00,,6.0,1419.0,False,Fraud & Account Takeover,Suspicious high-value payment disputed by customer.,High,IN_PROGRESS,Email,True
CBK0000422,TXN00008098,USR71316,MCH9344,Transportation,2026-01-29 00:00:00,2026-01-26 00:00:00,2026-02-16 10:30:02,-3.0,-488.38,False,Duplicate Debit & Billing,User reports money deducted but merchant denies receiving payment.,Low,RESOLVED,Call Center,True
CBK0000600,TXN00012715,USR19311,MCH3325,Hotel & Lodging,2026-03-28 00:00:00,2026-05-13 00:00:00,,46.0,339.58,False,Service & Delivery Failure,Merchant service was not delivered after payment.,High,IN_PROGRESS,Ivr,True
CBK0000248,TXN00002141,USR12530,MCH6850,Restaurant,2026-03-18 17:03:00,2026-03-19 23:03:08,2026-04-08 00:00:00,1.2500925925925925,-816.65,False,Fraud & Account Takeover,Merchant service was not delivered after payment.,High,IN_PROGRESS,App,True
CBK0002317,TXN00003637,USR76315,MCH8796,Grocery,2026-02-18 00:00:00,2026-02-22 00:00:00,2026-02-28 00:00:00,4.0,4219.82,False,Customer General Dispute,Merchant service was not delivered after payment.,High,IN_PROGRESS,Ivr,True
CBK0001219,TXN00002058,USR11226,MCH3986,Miscellaneous Retail,2026-01-24 00:00:00,2026-01-27 00:00:00,2026-02-13 00:00:00,3.0,10300.02,True,Customer General Dispute,Customer says amount was debited twice.,Low,REJECTED,Branch,True
CBK0001145,TXN00081933,USR63160,MCH9899,Miscellaneous Retail,,2026-02-22 19:21:00,,,5283.13,False,Service & Delivery Failure,Customer says amount was debited twice. urgent,High,CLOSED,Ivr,False
CBK0000619,TXN00014324,USR68349,MCH5721,Pharmacy,2026-03-04 11:05:40,2026-03-05 00:00:00,2026-03-25 00:00:00,0.5377314814814815,1724.56,False,Service & Delivery Failure,User says UPI PIN was not entered by them.,Medium,REJECTED,Chatbot,True
CBK0001424,TXN00014077,USR35882,MCH7435,Pharmacy,2026-03-16 19:03:13,2026-03-27 00:00:00,,10.206099537037037,411.2,False,Fraud & Account Takeover,Payment made to unknown merchant as per cust statement.,High,IN_PROGRESS,Branch,True
CBK0001980,TXN00000841,USR85655,MCH5128,Restaurant,2026-01-31 00:00:00,2026-02-11 01:12:41,2026-02-15 00:00:00,11.050474537037037,2083.96,False,Service & Delivery Failure,Customer says transaction was not authorized.,Low,CLOSED,App,True
CBK0000643,,USR85352,MCH4035,Miscellaneous Retail,2026-03-21 00:00:00,2026-03-20 14:03:45,2026-04-15 00:00:00,-0.4140625,1167.69,False,Customer General Dispute,User reports money deducted but merchant denies receiving payment.,Medium,REJECTED,Ivr,False
CBK0000172,TXN00016070,USR32730,MCH2746,Miscellaneous Retail,2026-02-27 00:00:00,2026-03-03 00:00:00,2026-03-19 00:00:00,4.0,2123.39,False,Duplicate Debit & Billing,User says UPI PIN was not entered by them.,Medium,REJECTED,Email,True
CBK0002184,TXN00015679,USR87165,MCH1864,Grocery,2026-01-10 22:44:00,2026-02-25 00:00:00,2026-03-13 00:00:00,45.05277777777778,221.0,False,Duplicate Debit & Billing,User reports money deducted but merchant denies receiving payment.,Low,REJECTED,Ivr,True
CBK0002023,TXN00016636,USR62254,MCH2450,Grocery,,,2026-02-19 00:00:00,,6720.23,False,Service & Delivery Failure,User says UPI PIN was not entered by them. call dropped,Medium,REJECTED,Email,True
CBK0000825,TXN00017847,USR71122,MCH1632,Grocery,2026-02-05 04:48:20,2026-02-07 00:00:00,,1.7997685185185186,714.0,False,Service & Delivery Failure,Customer says transaction was not authorized.,High,CLOSED,Ivr,True
CBK0001339,TXN00012423,USR81981,MCH3013,Grocery,2026-01-29 00:00:00,2026-01-30 00:00:00,2026-02-06 00:00:00,1.0,591.32,False,Duplicate Debit & Billing,Customer says transaction was not authorized.,High,REJECTED,App,True
CBK0001160,TXN00003861,USR23561,MCH9505,Restaurant,2026-02-23 00:00:00,2026-03-01 14:14:20,2026-03-16 14:14:20,6.593287037037037,2199.33,False,Fraud & Account Takeover,User claims account was compromised before transaction.,High,CLOSED,App,True
CBK0001665,TXN00007306,USR21049,MCH7578,Restaurant,2026-01-13 20:22:00,2026-01-16 00:00:00,,2.151388888888889,1333.0,False,Service & Delivery Failure,Customer says amount was debited twice.,Low,IN_PROGRESS,Chatbot,True
CBK0001711,TXN00011255,USR65114,MCH6292,Transportation,2026-01-03 00:00:00,2026-01-04 00:00:00,2026-01-07 01:32:03,1.0,8219.44,True,Fraud & Account Takeover,Customer complaint text unclear due to poor call center notes.,High,RESOLVED,Branch,True
CBK0000408,TXN00002581,USR97892,MCH9291,Hotel & Lodging,,2026-03-31 00:46:50,2026-04-11 00:00:00,,2926.63,False,Duplicate Debit & Billing,Customer says amount was debited twice.,High,IN_PROGRESS,Branch,True
CBK0002575,TXN00009510,USR82410,MCH1905,Grocery,2026-02-09 00:00:00,2026-02-10 02:13:08,2026-02-10 02:13:00,1.0924537037037036,4843.85,False,Fraud & Account Takeover,Payment made to unknown merchant as per customer statement. call dropped,Low,IN_PROGRESS,Email,True
CBK0001908,TXN00018114,USR46902,MCH6850,Hotel & Lodging,2026-01-15 00:00:00,2026-01-17 00:00:00,2026-02-09 19:51:00,2.0,2570.74,False,Service & Delivery Failure,User claims account was compromised before transaction.,Medium,IN_PROGRESS,App,True
CBK0001346,TXN00008727,USR34157,MCH2836,Hotel & Lodging,2026-03-23 22:20:50,2026-03-23 23:20:50,2026-04-14 23:20:00,0.041666666666666664,3225.2,False,Duplicate Debit & Billing,User says UPI PIN was not entered by them.,Low,CLOSED,Email,True
CBK0001611,TXN00009947,USR19432,MCH1827,Hotel & Lodging,2026-03-29 00:00:00,2026-04-01 00:00:00,2026-04-05 00:00:00,3.0,917.78,False,Duplicate Debit & Billing,Customer says amount was debited twice.,Critical,IN_PROGRESS,Ivr,True
CBK0001426,TXN00002655,USR69481,MCH1140,Grocery,2026-01-14 00:00:00,2026-02-14 13:03:15,2026-03-10 13:03:15,31.54392361111111,338.23,False,Duplicate Debit & Billing,Complaint received after multiple failed attempts.,Medium,IN_PROGRESS,Chatbot,True
CBK0000121,TXN00006459,USR17577,MCH2566,Grocery,2026-01-01 00:00:00,2026-01-02 00:00:00,2026-01-14 00:00:00,1.0,2479.76,False,Duplicate Debit & Billing,Merchant service was not delivered after payment.,High,CLOSED,Email,True
CBK0000957,TXN00010512,USR11315,MCH7352,Restaurant,2026-01-23 00:00:00,2026-01-24 00:00:00,2026-02-17 08:19:00,1.0,2568.37,False,Customer General Dispute,Suspicious high-value payment disputed by customer.,Medium,IN_PROGRESS,App,True
CBK0002076,TXN00006073,USR96064,MCH3450,Transportation,2026-02-18 00:00:00,2026-02-22 00:00:00,2026-02-26 00:00:00,4.0,7404.88,False,Duplicate Debit & Billing,Suspicious high-value payment disputed by customer.,Low,IN_PROGRESS,Branch,True
CBK0000428,TXN00008599,USR96496,MCH2065,Grocery,2026-01-05 00:00:00,2026-01-07 00:00:00,2026-02-03 00:00:00,2.0,1339.16,False,Fraud & Account Takeover,Merchant service was not delivered after payment.,Low,CLOSED,Call Center,True
CBK0001937,TXN00010035,USR47034,MCH8281,Grocery,2026-03-13 00:00:00,2026-03-16 00:00:00,,3.0,7882.54,False,Duplicate Debit & Billing,Payment made to unknown merchant as per customer statement. pls check asap,Medium,IN_PROGRESS,Call Center,True
CBK0001141,TXN00005079,USR69201,MCH1384,Grocery,,2026-02-24 11:45:21,2026-03-26 00:00:00,,1368.67,False,Duplicate Debit & Billing,User reports money deducted but merchant denies receiving payment.,High,IN_PROGRESS,Ivr,True
CBK0000393,TXN00010745,USR77915,MCH3095,Books & Stationery,2026-01-14 19:00:00,2026-02-13 00:00:00,2026-02-16 23:00:00,29.208333333333332,-2212.96,False,Fraud & Account Takeover,User claims account was compromised before transaction.,Critical,REJECTED,Branch,True
CBK0001932,TXN00012671,USR93969,MCH5980,Hotel & Lodging,2026-01-10 00:00:00,2026-01-13 00:00:00,2026-01-19 06:39:33,3.0,739.17,False,Fraud & Account Takeover,Customer says amount was debited twice.,Medium,CLOSED,Branch,True
CBK0002696,TXN00011475,USR20908,MCH7180,Transportation,2026-02-20 13:52:14,2026-03-02 19:52:14,,10.25,-2769.32,False,Customer General Dispute,User reports money deducted but merchant denies receiving payment.,Medium,IN_PROGRESS,Ivr,True
CBK0001946,TXN00002545,USR63194,MCH8735,Pharmacy,2026-02-04 00:00:00,2026-02-07 00:00:00,2026-03-06 16:09:00,3.0,-230.58,False,Duplicate Debit & Billing,User claims account was compromised before transaction.,Medium,IN_PROGRESS,App,True
CBK0001741,TXN00003351,USR12829,MCH8665,Pharmacy,2026-02-16 00:00:00,2026-02-16 00:00:00,,0.0,1160.82,False,Duplicate Debit & Billing,Complaint received after multiple failed attempts.,High,IN_PROGRESS,Branch,True
CBK0000589,TXN00017838,USR43980,MCH2575,Pharmacy,2026-03-25 06:56:00,2026-03-26 21:56:00,2026-04-12 00:00:00,1.625,-1201.31,False,Duplicate Debit & Billing,Customer complaint text unclear due to poor call center notes.,High,RESOLVED,Branch,True
CBK0002494,TXN00001169,USR83883,MCH9848,Transportation,2026-01-23 11:36:50,2026-02-03 08:36:50,2026-03-05 08:36:50,10.875,6071.0,False,Customer General Dispute,User reports money deducted but merchant denies receiving payment.,Medium,REJECTED,Chatbot,True
CBK0000539,TXN00006526,USR71316,MCH7840,Grocery,,2026-01-14 18:16:32,2026-02-01 00:00:00,,-767.36,False,Service & Delivery Failure,payment made to unknown merchant as per customer statement.,Medium,RESOLVED,App,True
CBK0001273,TXN00013925,USR73010,MCH2489,Restaurant,,2026-04-01 00:00:00,,,3151.89,False,Duplicate Debit & Billing,User reports money deducted but merchant denies receiving payment.,Medium,RESOLVED,Chatbot,True
CBK0002029,TXN00005443,USR24926,MCH5528,Grocery,2026-01-06 02:23:00,2026-01-08 00:00:00,2026-01-08 00:00:00,1.9006944444444445,3291.51,False,Fraud & Account Takeover,User claims account was compromised before transaction.,Medium,IN_PROGRESS,Email,True
CBK0001361,,USR87714,MCH7560,Department Store,2026-02-08 00:00:00,2026-02-19 15:31:00,2026-02-19 00:00:00,11.646527777777777,3014.44,False,Duplicate Debit & Billing,Complaint received after multiple failed attempts.,Medium,IN_PROGRESS,Ivr,False
CBK0001341,TXN00001434,USR33704,MCH5584,Transportation,2026-02-10 00:00:00,2026-02-26 00:00:00,2026-03-15 02:39:50,16.0,3251.08,False,Duplicate Debit & Billing,Customer says transaction was not authorized. call dropped,High,CLOSED,Ivr,True
CBK0001854,TXN00017037,USR75046,MCH2266,Pharmacy,2026-02-15 20:40:31,2026-02-23 01:40:31,2026-03-01 00:00:00,7.208333333333333,1937.0,False,Fraud & Account Takeover,customer says transaction was not authorized.,High,RESOLVED,Chatbot,True
CBK0002783,TXN00003505,USR92295,MCH3100,Grocery,2026-01-31 00:00:00,2026-02-01 00:00:00,2026-02-13 00:00:00,1.0,1516.67,False,Duplicate Debit & Billing,Customer complaint text unclear due to poor call center notes.,Low,IN_PROGRESS,Ivr,True
CBK0000158,TXN00015663,USR86472,MCH4826,Grocery,2026-03-10 00:00:00,2026-03-13 00:00:00,2026-04-07 14:02:00,3.0,5021.55,False,Duplicate Debit & Billing,user reports money deducted but merchant denies receiving payment.,Medium,IN_PROGRESS,Branch,True
CBK0000760,TXN00007966,USR83977,MCH8953,Miscellaneous Retail,2026-03-11 00:00:00,2026-03-13 00:00:00,2026-03-20 00:00:00,2.0,529.0,False,Fraud & Account Takeover,Suspicious high-value payment disputed by customer.,Low,IN_PROGRESS,Call Center,True
CBK0001448,TXN00006897,USR81435,MCH9291,Pharmacy,2026-01-01 14:21:00,2026-01-03 00:00:00,2026-01-31 00:00:00,1.4020833333333333,3386.1,False,Duplicate Debit & Billing,Customer complaint text unclear due to poor call center notes.,Low,IN_PROGRESS,Call Center,True
CBK0000094,TXN00011368,USR24563,MCH8712,Pharmacy,2026-03-04 00:00:00,2026-03-14 22:30:00,2026-03-20 22:30:57,10.9375,3661.74,False,Fraud & Account Takeover,CUSTOMER SAYS AMOUNT WAS DEBITED TWICE.,Medium,IN_PROGRESS,Call Center,True
CBK0002690,TXN00005810,USR29306,MCH4473,Grocery,2026-03-08 00:35:54,2026-03-15 00:00:00,2026-04-05 00:00:00,6.975069444444444,-2850.55,False,Service & Delivery Failure,Customer says transaction was not authorized.,Medium,CLOSED,Ivr,True
CBK0001173,TXN00009905,USR98061,MCH4181,Hotel & Lodging,2026-02-08 01:36:40,2026-02-13 16:36:40,2026-03-05 16:36:40,5.625,2251.54,False,Fraud & Account Takeover,Customer says amount was debited twice.,Medium,RESOLVED,App,True
CBK0000262,TXN00000442,USR95504,MCH6810,Grocery,2026-03-29 00:00:00,2026-04-08 00:00:00,2026-04-20 00:00:00,10.0,3270.0,False,Duplicate Debit & Billing,Suspicious high-value payment disputed by cust.,Low,RESOLVED,Email,True
CBK0000065,TXN00007639,USR34880,MCH1812,Restaurant,2026-03-25 00:00:00,2026-03-26 08:18:55,,1.3464699074074074,544.0,False,Duplicate Debit & Billing,User reports money deducted but merchant denies receiving payment.,Low,CLOSED,Ivr,True
CBK0000330,TXN00002603,USR33908,MCH3923,Transportation,2026-02-19 00:11:00,2026-02-20 00:00:00,2026-03-21 16:11:00,0.9923611111111111,2150.04,False,Fraud & Account Takeover,Suspicious high-value payment disputed by customer.,Medium,IN_PROGRESS,Chatbot,True
CBK0001903,TXN00010389,USR31084,MCH8801,Grocery,2026-01-29 00:00:00,2026-01-31 00:00:00,2026-02-06 20:36:40,2.0,-6649.93,False,Duplicate Debit & Billing,Merchant service was not delivered after payment.,Low,REJECTED,Branch,True
CBK0002313,TXN00009432,USR22939,MCH5264,Transportation,2026-03-30 00:00:00,,2026-04-21 06:14:00,,-1466.07,False,Customer General Dispute,USER SAYS UPI PIN WAS NOT ENTERED BY THEM.,Medium,IN_PROGRESS,Call Center,True
CBK0001773,TXN00016920,USR32081,MCH6850,Grocery,2026-01-20 00:00:00,2026-01-20 00:00:00,,0.0,2798.0,False,Service & Delivery Failure,User says UPI PIN was not entered by them. NA,Medium,CLOSED,Chatbot,True
CBK0000808,TXN00006505,USR69795,MCH2065,Grocery,2026-01-22 00:00:00,2026-01-25 00:00:00,2026-02-10 01:06:27,3.0,2740.0,False,Customer General Dispute,User claims account was compromised before transaction.,Medium,RESOLVED,Chatbot,True
CBK0002383,TXN00000491,USR82159,MCH4802,Restaurant,2026-02-01 05:37:43,2026-02-01 00:00:00,2026-02-13 00:00:00,-0.23452546296296295,929.69,False,Service & Delivery Failure,Customer says amount was debited twice.,Medium,IN_PROGRESS,Branch,True
CBK0001970,TXN00018732,USR27533,MCH1428,Restaurant,2026-02-07 00:00:00,2026-02-11 00:00:00,2026-02-23 04:55:14,4.0,2042.84,False,Service & Delivery Failure,user says upi pin was not entered by them.,High,IN_PROGRESS,Branch,True
CBK0001582,TXN00016057,USR78482,MCH9821,Transportation,2026-01-18 01:06:00,2026-01-19 00:00:00,,0.9541666666666667,3429.16,False,Customer General Dispute,Customer says amount was debited twice.,High,CLOSED,Chatbot,True
CBK0000241,TXN00009866,USR33877,MCH1509,Pharmacy,2026-02-21 16:02:00,2026-02-23 00:00:00,2026-03-11 23:02:56,1.3319444444444444,6769.33,False,Duplicate Debit & Billing,Payment made to unknown merchant as per customer statement.,Medium,RESOLVED,Ivr,True
CBK0001895,TXN00015855,USR98971,MCH6850,Grocery,2026-01-20 00:00:00,2026-02-19 00:00:00,2026-03-15 22:42:00,30.0,3458.58,False,Customer General Dispute,User claims account was compromised before transaction.,Medium,RESOLVED,Branch,True
CBK0000771,TXN00009466,USR62254,MCH5885,Transportation,2026-03-29 00:00:00,2026-04-01 00:20:18,2026-04-18 00:00:00,3.0140972222222224,11523.08,False,Service & Delivery Failure,Payment made to unknown merchant as per customer statement.,Critical,IN_PROGRESS,Chatbot,True
CBK0002340,TXN00012698,USR17047,MCH3815,Miscellaneous Retail,2026-03-12 00:00:00,2026-03-14 00:00:00,2026-03-25 05:16:35,2.0,2283.53,False,Fraud & Account Takeover,user reports money deducted but merchant denies receiving payment.,High,IN_PROGRESS,Email,True
CBK0001252,TXN00004709,USR59225,MCH8154,Transportation,2026-01-21 02:55:00,2026-01-22 20:55:00,2026-01-30 00:00:00,1.75,-741.74,False,Duplicate Debit & Billing,user claims account was compromised before transaction.,Low,IN_PROGRESS,App,True
CBK0001041,TXN00010337,USR26761,MCH7733,Grocery,2026-01-05 00:00:00,2026-01-13 08:17:17,2026-02-05 00:00:00,8.345335648148149,2203.0,False,Fraud & Account Takeover,Merchant service was not delivered after payment.,Low,IN_PROGRESS,Chatbot,True
CBK0000450,TXN00001983,USR22405,MCH9291,Grocery,2026-03-01 22:52:22,2026-03-12 00:00:00,2026-03-23 00:00:00,10.046967592592592,1315.22,False,Fraud & Account Takeover,User claims account was compromised before transaction.,High,CLOSED,Branch,True
CBK0000944,TXN00005837,USR50434,MCH6459,Restaurant,,2026-02-24 00:00:00,,,438.11,False,Duplicate Debit & Billing,Complaint received after multiple failed attempts.,Low,REJECTED,Call Center,True
CBK0000402,TXN00002200,USR69672,MCH6960,Transportation,2026-02-09 08:40:20,2026-02-12 00:00:00,,2.6386574074074076,3741.98,False,Customer General Dispute,payment made to unknown merchant as per customer statement.,Low,IN_PROGRESS,Call Center,True
CBK0001528,TXN00007889,USR97360,MCH4970,Restaurant,2026-03-20 00:00:00,,2026-04-05 00:00:00,,3625.88,False,Fraud & Account Takeover,Customer says transaction was not authorized.,Medium,IN_PROGRESS,Ivr,True
CBK0001228,TXN00005490,USR81497,MCH2383,Miscellaneous Retail,2026-03-22 00:00:00,2026-03-25 00:00:00,2026-04-13 00:00:00,3.0,22878.31,True,Fraud & Account Takeover,Customer says amount was debited twice.,Medium,IN_PROGRESS,Branch,True
CBK0001342,TXN00000213,USR40195,MCH3586,Grocery,2026-02-17 07:41:15,2026-02-24 23:41:15,2026-03-09 00:00:00,7.666666666666667,658.27,False,Customer General Dispute,payment made to unknown merchant as per customer statement.,Medium,CLOSED,Branch,True
CBK0002105,TXN00012640,USR96038,MCH7326,Grocery,2026-02-19 00:00:00,2026-03-07 00:00:00,2026-03-17 04:15:00,16.0,3800.84,False,Duplicate Debit & Billing,user reports money deducted but merchant denies receiving payment.,High,IN_PROGRESS,Chatbot,True
CBK0002339,TXN00002981,USR58082,MCH2266,Grocery,2026-02-11 21:42:41,2026-02-13 19:42:41,,1.9166666666666667,7275.81,False,Customer General Dispute,Suspicious high-value payment disputed by cust.,High,REJECTED,Call Center,True
CBK0002209,TXN00007219,USR48423,MCH2383,Hotel & Lodging,2026-02-21 00:00:00,2026-02-24 01:52:32,2026-03-01 00:00:00,3.078148148148148,5143.78,False,Service & Delivery Failure,User reports money deducted but merchant denies receiving payment. call dropped,Low,RESOLVED,Chatbot,True
CBK0002399,TXN00015080,USR43847,MCH7901,Restaurant,2026-02-15 00:00:00,2026-02-16 00:00:00,2026-03-17 00:00:00,1.0,17242.91,False,Duplicate Debit & Billing,Customer says transaction was not authorized.,Medium,CLOSED,Branch,True
CBK0000113,TXN00008131,USR37470,MCH4899,Transportation,2026-03-27 23:37:00,2026-03-31 00:00:00,,3.015972222222222,2367.83,False,Service & Delivery Failure,Suspicious high-value payment disputed by customer.,Low,RESOLVED,App,True
CBK0001248,TXN00012952,USR21667,MCH2739,Transportation,2026-02-02 08:39:00,2026-02-18 02:39:13,,15.750150462962964,596.6,False,Service & Delivery Failure,Customer says transaction was not authorized.,Low,IN_PROGRESS,Chatbot,True
CBK0002189,TXN00001962,USR79577,MCH4590,Restaurant,2026-03-19 00:00:00,2026-03-24 13:53:58,2026-03-26 00:00:00,5.579143518518518,10253.52,True,Service & Delivery Failure,User reports money deducted but merchant denies receiving payment.,Medium,RESOLVED,Call Center,True
CBK0002042,TXN00004367,USR27533,MCH4473,Hotel & Lodging,2026-03-09 00:00:00,2026-04-24 16:40:44,2026-05-23 16:40:00,46.6949537037037,2126.85,False,Service & Delivery Failure,User claims account was compromised before transaction.,High,RESOLVED,App,True
CBK0001782,TXN00014790,USR75856,MCH6661,Restaurant,2026-01-26 00:00:00,2026-01-27 06:56:34,,1.2892824074074074,350.19,False,Fraud & Account Takeover,MERCHANT SERVICE WAS NOT DELIVERED AFTER PAYMENT.,Medium,REJECTED,Call Center,True
CBK0002374,TXN00005973,USR96482,MCH8041,Grocery,,2026-02-07 00:00:00,2026-02-22 00:00:00,,10229.48,False,Fraud & Account Takeover,User claims account was compromised before transaction.,Medium,IN_PROGRESS,App,True
CBK0000175,TXN00009098,USR33215,MCH3992,Hotel & Lodging,2026-01-04 00:23:38,2026-01-01 00:23:00,2026-01-28 00:00:00,-3.000439814814815,4947.89,False,Service & Delivery Failure,Payment made to unknown merchant as per customer statement.,Low,CLOSED,Ivr,True
CBK0002088,TXN00008054,USR62622,MCH9449,Transportation,2026-02-18 13:04:00,2026-02-24 00:00:00,2026-03-22 07:04:00,5.455555555555556,1065.28,False,Fraud & Account Takeover,Complaint received after multiple failed attempts.,High,IN_PROGRESS,Chatbot,True
CBK0000524,TXN00015049,USR87914,MCH2893,Hotel & Lodging,2026-01-19 00:00:00,2026-01-15 00:00:00,2026-02-01 00:00:00,-4.0,1148.57,False,Fraud & Account Takeover,merchant service was not delivered after payment.,Medium,IN_PROGRESS,Email,True
CBK0000998,TXN00003928,USR14815,MCH1685,Grocery,2026-01-15 00:00:00,2026-01-17 15:37:13,2026-01-24 00:00:00,2.650844907407407,3481.55,False,Duplicate Debit & Billing,Suspicious high-value payment disputed by customer.,Critical,IN_PROGRESS,Email,True
CBK0001030,TXN00015761,USR84665,MCH9176,Hotel & Lodging,,2026-02-09 00:00:00,2026-02-15 00:00:00,,1091.95,False,Duplicate Debit & Billing,Customer complaint text unclear due to poor call center notes.,Low,IN_PROGRESS,Branch,True
CBK0001296,TXN00000132,USR44587,MCH4473,Restaurant,2026-02-05 00:00:00,2026-02-08 02:36:00,2026-02-14 02:36:00,3.1083333333333334,548.59,False,Fraud & Account Takeover,Payment made to unknown merchant as per customer statement.,Medium,IN_PROGRESS,App,True
CBK0000703,TXN00008400,USR58377,MCH6418,Transportation,2026-02-08 00:00:00,2026-02-11 00:00:00,,3.0,1939.11,False,Fraud & Account Takeover,USER REPORTS MONEY DEDUCTED BUT MERCHANT DENIES RECEIVING PAYMENT.,Low,IN_PROGRESS,App,True
CBK0002094,TXN00005575,USR62840,MCH8723,Grocery,2026-01-03 14:47:00,2026-01-05 00:00:00,2026-02-04 00:00:00,1.3840277777777779,1946.37,False,Fraud & Account Takeover,User reports money deducted but merchant denies receiving payment.,Medium,IN_PROGRESS,Ivr,True
CBK0002219,TXN00005580,USR84190,MCH8763,Hotel & Lodging,2026-01-14 11:35:35,2026-01-25 00:00:00,2026-02-21 00:00:00,10.516956018518519,3654.65,False,Duplicate Debit & Billing,SUSPICIOUS HIGH-VALUE PAYMENT DISPUTED BY CUSTOMER.,High,RESOLVED,Branch,True
CBK0000636,TXN00018402,USR46308,MCH2781,Restaurant,,2026-02-27 00:00:00,2026-03-07 15:34:55,,1848.85,False,Fraud & Account Takeover,User claims account was compromised before transaction. details missing,Low,CLOSED,Ivr,True
CBK0000682,TXN00002422,USR74392,MCH7833,Grocery,2026-03-25 00:00:00,2026-03-29 02:21:00,2026-04-07 00:00:00,4.097916666666666,412.17,False,Duplicate Debit & Billing,Customer complaint text unclear due to poor call center notes.,Medium,REJECTED,Branch,True
CBK0002335,TXN00000843,USR66411,MCH2439,Hotel & Lodging,2026-03-30 00:00:00,2026-04-05 00:00:00,2026-04-29 00:00:00,6.0,-1440.33,False,Customer General Dispute,User says UPI PIN was not entered by them.,Low,IN_PROGRESS,Email,True
CBK0000482,TXN00014460,USR25683,MCH5655,Hotel & Lodging,2026-02-07 00:00:00,2026-02-07 21:08:40,2026-02-14 21:08:00,0.8810185185185185,651.01,False,Service & Delivery Failure,Payment made to unknown merchant as per customer statement. details missing,High,RESOLVED,Ivr,True
CBK0002658,TXN00001412,USR91038,MCH9217,Pharmacy,,2026-02-27 07:04:24,2026-03-15 07:04:00,,2142.0,False,Duplicate Debit & Billing,SUSPICIOUS HIGH-VALUE PAYMENT DISPUTED BY CUSTOMER.,High,IN_PROGRESS,Branch,True
CBK0002744,TXN00012832,USR47729,MCH4521,Grocery,2026-03-05 03:30:57,2026-04-04 00:00:00,2026-04-29 22:30:57,29.853506944444444,4346.69,True,Fraud & Account Takeover,Customer says transaction was not authorized.,Low,IN_PROGRESS,Ivr,True
CBK0002582,TXN00016961,USR66391,MCH2476,Transportation,2026-03-15 00:00:00,2026-03-16 00:00:00,2026-03-30 16:16:00,1.0,508.34,False,Fraud & Account Takeover,MERCHANT SERVICE WAS NOT DELIVERED AFTER PAYMENT.,Critical,IN_PROGRESS,App,True
CBK0002422,TXN00019169,USR46308,MCH9028,Restaurant,2026-03-26 00:00:00,2026-03-29 00:00:00,,3.0,8504.48,False,Fraud & Account Takeover,user claims account was compromised before transaction.,High,IN_PROGRESS,Call Center,True
CBK0002389,TXN00013105,USR51442,MCH8389,Grocery,2026-01-15 00:00:00,,2026-01-27 14:40:00,,17817.32,True,Fraud & Account Takeover,Complaint received after multiple failed attempts.,Low,REJECTED,Email,True
CBK0002504,TXN00010218,USR72223,MCH9305,Transportation,2026-02-12 00:00:00,2026-02-14 00:00:00,2026-02-25 20:16:09,2.0,1320.18,False,Fraud & Account Takeover,Customer says transaction was not authorized.,Medium,REJECTED,Call Center,True
CBK0000413,TXN00014824,USR46130,MCH3100,Pharmacy,,2026-01-28 16:44:01,,,898.64,False,Customer General Dispute,User claims account was compromised before transaction.,Low,IN_PROGRESS,Ivr,True
CBK0000735,TXN00011503,USR69437,MCH4181,Transportation,2026-03-09 00:00:00,2026-03-12 00:00:00,2026-03-20 00:00:00,3.0,2059.59,False,Service & Delivery Failure,user claims account was compromised before transaction.,Low,RESOLVED,Call Center,True
CBK0001131,,USR67135,MCH5078,Miscellaneous Retail,2026-02-27 00:00:00,2026-03-01 00:00:00,2026-03-03 12:32:06,2.0,-2342.67,False,Fraud & Account Takeover,Payment made to unknown merchant as per customer statement.,Medium,RESOLVED,Ivr,False
CBK0001289,TXN00014346,USR42041,MCH2938,Restaurant,2026-01-31 00:00:00,2026-02-16 00:00:00,2026-03-04 06:21:47,16.0,-1908.15,False,Service & Delivery Failure,User claims account was compromised before transaction.,Low,IN_PROGRESS,Ivr,True
CBK0002650,TXN00017156,USR66478,MCH1329,Pharmacy,2026-02-17 00:00:00,2026-02-21 00:00:00,2026-03-22 06:13:00,4.0,2089.48,False,Customer General Dispute,User claims account was compromised before transaction. urgent,Medium,IN_PROGRESS,Branch,True
CBK0001859,TXN00011491,USR73845,MCH2215,Grocery,2026-01-14 00:00:00,2026-01-18 00:00:00,2026-02-16 05:51:47,4.0,1506.11,False,Fraud & Account Takeover,Customer complaint text unclear due to poor call center notes.,Low,IN_PROGRESS,Branch,True
CBK0000993,TXN00007102,USR24926,MCH7286,Hotel & Lodging,2026-03-23 00:26:00,2026-03-28 00:00:00,2026-04-06 00:00:00,4.981944444444444,11415.12,False,Service & Delivery Failure,customer says amount was debited twice.,Medium,IN_PROGRESS,App,True
CBK0000018,TXN00013395,USR33081,MCH5650,Restaurant,2026-01-08 00:00:00,2026-01-10 00:00:00,,2.0,6485.64,False,Fraud & Account Takeover,MERCHANT SERVICE WAS NOT DELIVERED AFTER PAYMENT.,Medium,CLOSED,Chatbot,True
CBK0001108,TXN00002909,USR19725,MCH3152,Transportation,2026-03-10 00:00:00,2026-03-11 00:00:00,2026-04-05 09:32:45,1.0,450.33,False,Fraud & Account Takeover,Customer says amount was debited twice.,Low,CLOSED,Email,True
CBK0001698,TXN00015223,USR23621,MCH7119,Hotel & Lodging,2026-02-08 05:56:19,2026-02-09 00:00:00,,0.7525578703703704,1336.12,False,Service & Delivery Failure,Merchant service was not delivered after payment.,Medium,RESOLVED,Email,True
CBK0001803,TXN00007718,USR33934,MCH1524,Grocery,2026-03-26 00:00:00,2026-03-28 00:00:00,2026-04-18 00:00:00,2.0,1496.09,False,Fraud & Account Takeover,User reports money deducted but merchant denies receiving payment.,High,IN_PROGRESS,Email,True
CBK0002290,TXN00008903,USR27947,MCH7284,Pharmacy,2026-02-17 16:33:46,2026-02-24 00:00:00,2026-03-01 00:00:00,6.30988425925926,601.89,False,Fraud & Account Takeover,suspicious high-value payment disputed by customer.,Critical,IN_PROGRESS,App,True
CBK0001371,TXN00005048,USR43424,MCH1320,Books & Stationery,2026-02-09 00:00:00,2026-02-10 00:00:00,2026-03-12 00:00:00,1.0,2992.52,False,Duplicate Debit & Billing,User says UPI PIN was not entered by them.,High,RESOLVED,Ivr,True
CBK0001482,TXN00002314,USR23329,MCH8420,Transportation,2026-03-05 14:48:39,2026-03-08 00:00:00,2026-03-27 00:00:00,2.3828819444444442,505.0,False,Service & Delivery Failure,User reports money deducted but merchant denies receiving payment.,High,CLOSED,Branch,True
CBK0001684,TXN00010572,USR52501,MCH5980,Hotel & Lodging,2026-01-05 00:00:00,2026-01-07 00:00:00,2026-01-22 00:00:00,2.0,1964.0,False,Fraud & Account Takeover,Customer complaint text unclear due to poor call center notes.,High,REJECTED,Chatbot,True
CBK0000960,TXN00012384,USR41135,MCH6810,Transportation,2026-03-21 00:00:00,,2026-05-06 07:01:38,,461.01,False,Fraud & Account Takeover,suspicious high-value payment disputed by customer.,Medium,IN_PROGRESS,Ivr,True
CBK0001812,TXN00006460,USR29769,MCH9537,Pharmacy,,2026-02-09 00:00:00,2026-03-01 15:46:53,,3745.94,False,Duplicate Debit & Billing,suspicious high-value payment disputed by customer.,Medium,IN_PROGRESS,Ivr,True
CBK0001272,TXN00018901,USR79175,MCH4473,Restaurant,2026-01-12 00:00:00,2026-01-15 00:00:00,2026-02-12 19:51:00,3.0,2585.0,False,Duplicate Debit & Billing,Customer says txn was not authorized.,Low,IN_PROGRESS,Chatbot,True
CBK0000367,TXN00017265,USR30537,MCH6902,Transportation,2026-01-10 00:00:00,2026-01-25 16:37:52,2026-02-18 00:00:00,15.692962962962962,2120.67,False,Service & Delivery Failure,user says upi pin was not entered by them.,Low,RESOLVED,Chatbot,True
CBK0001546,TXN00006374,USR50077,MCH5655,Hotel & Lodging,2026-01-26 00:00:00,2026-01-29 00:00:00,2026-02-15 05:29:55,3.0,328.81,False,Fraud & Account Takeover,Customer says amount was debited twice.,Medium,IN_PROGRESS,App,True
CBK0000287,TXN00015777,USR40538,MCH2822,Miscellaneous Retail,2026-03-27 00:00:00,2026-04-11 18:19:42,2026-05-11 18:19:42,15.763680555555556,-4982.63,False,Fraud & Account Takeover,payment made to unknown merchant as per customer statement.,Low,IN_PROGRESS,App,True
CBK0001822,TXN00010858,USR89549,MCH5264,Grocery,2026-01-16 00:00:00,2026-01-21 00:00:00,2026-02-04 07:12:00,5.0,624.0,False,Fraud & Account Takeover,Payment made to unknown merchant as per customer statement.,Medium,IN_PROGRESS,Call Center,True
CBK0000728,TXN00018012,USR11036,MCH8256,Grocery,2026-03-26 00:00:00,2026-03-28 00:00:00,,2.0,722.5,False,Duplicate Debit & Billing,Payment made to unknown merchant as per customer statement.,Low,CLOSED,Chatbot,True
CBK0000662,TXN00001154,USR55160,MCH3733,Grocery,2026-01-09 00:00:00,2026-01-15 13:39:00,2026-01-22 13:39:35,6.56875,336.21,False,Service & Delivery Failure,complaint received after multiple failed attempts.,Medium,IN_PROGRESS,App,True
CBK0002338,TXN00001443,USR39700,MCH7714,Pharmacy,2026-02-24 00:00:00,2026-02-27 22:03:00,2026-03-20 00:00:00,3.91875,1732.28,False,Duplicate Debit & Billing,User reports money deducted but merchant denies receiving payment.,Medium,IN_PROGRESS,Chatbot,True
CBK0001467,TXN00008130,USR27544,MCH4226,Transportation,,2026-01-07 00:00:00,2026-01-13 00:00:00,,482.6,False,Service & Delivery Failure,MERCHANT SERVICE WAS NOT DELIVERED AFTER PAYMENT.,Medium,REJECTED,Email,True
CBK0001290,TXN00009715,USR21449,MCH9881,Hotel & Lodging,2026-01-07 22:39:00,2026-01-23 00:00:00,2026-02-04 00:00:00,15.05625,1200.75,False,Duplicate Debit & Billing,Payment made to unknown merchant as per customer statement.,Low,CLOSED,App,True
CBK0002411,TXN00013763,USR34955,MCH8491,Pharmacy,2026-03-20 00:00:00,2026-03-23 00:00:00,2026-04-16 00:00:00,3.0,306.11,False,Service & Delivery Failure,User claims account was compromised before transaction. details missing,Medium,IN_PROGRESS,Ivr,True
CBK0001598,TXN00005489,USR33874,MCH6555,Transportation,2026-03-16 00:00:00,2026-03-17 11:42:00,2026-03-23 11:42:34,1.4875,3170.75,False,Fraud & Account Takeover,User says UPI PIN was not entered by them.,Medium,CLOSED,Call Center,True
CBK0001414,TXN00000954,USR60939,MCH6568,Restaurant,2026-02-01 00:00:00,2026-02-02 00:00:00,2026-02-18 00:00:00,1.0,12462.99,False,Fraud & Account Takeover,User says UPI PIN was not entered by them.,Medium,RESOLVED,Chatbot,True
CBK0001223,,USR85507,MCH1883,Restaurant,2026-03-04 00:00:00,2026-04-03 00:00:00,2026-04-22 00:00:00,30.0,-1472.04,False,Fraud & Account Takeover,merchant service was not delivered after payment.,Low,IN_PROGRESS,Call Center,False
CBK0002142,TXN00001780,USR87262,MCH1774,Grocery,2026-01-31 00:00:00,2026-02-05 22:35:00,2026-03-07 00:00:00,5.940972222222222,2351.6,False,Fraud & Account Takeover,Customer says amount was debited twice.,High,IN_PROGRESS,Chatbot,True
CBK0001623,TXN00004018,USR77422,MCH8838,Grocery,2026-02-13 00:00:00,,2026-03-01 01:02:03,,11729.72,False,Service & Delivery Failure,Payment made to unknown merchant as per customer statement.,Medium,IN_PROGRESS,Chatbot,True
CBK0002342,TXN00018954,USR46617,MCH4286,Restaurant,2026-01-21 00:00:00,2026-03-07 18:04:46,2026-03-20 00:00:00,45.753310185185185,3630.2,False,Service & Delivery Failure,User reports money deducted but merchant denies receiving payment. NA,High,REJECTED,App,True
CBK0001569,TXN00014298,USR48625,MCH4181,Miscellaneous Retail,2026-01-23 00:00:00,2026-03-10 00:00:00,,46.0,665.91,False,Fraud & Account Takeover,Customer says transaction was not authorized.,Medium,IN_PROGRESS,Chatbot,True
CBK0001353,TXN00019934,USR64893,MCH1320,Restaurant,,2026-02-21 00:00:00,,,-2640.42,False,Fraud & Account Takeover,complaint received after multiple failed attempts.,Low,IN_PROGRESS,Ivr,True
CBK0001894,TXN00013090,USR24730,MCH4226,Grocery,2026-02-02 17:30:06,2026-02-05 00:00:00,,2.270763888888889,1588.36,False,Fraud & Account Takeover,Customer complaint text unclear due to poor call center notes.,Medium,IN_PROGRESS,App,True
CBK0001522,TXN00013545,USR75846,MCH9344,Grocery,2026-02-07 00:00:00,2026-02-12 00:00:00,2026-02-18 00:00:00,5.0,2483.0,False,Duplicate Debit & Billing,PAYMENT MADE TO UNKNOWN MERCHANT AS PER CUSTOMER STATEMENT.,Low,RESOLVED,Chatbot,True
CBK0001502,TXN00006961,USR72785,MCH4196,Restaurant,2026-01-31 00:00:00,2026-02-03 00:00:00,2026-02-07 00:00:00,3.0,2280.65,False,Duplicate Debit & Billing,Suspicious high-value payment disputed by customer. urgent,Medium,IN_PROGRESS,Ivr,True
CBK0000709,TXN00011910,USR78593,MCH3912,Transportation,2026-03-08 00:00:00,2026-03-15 00:00:00,2026-04-11 00:00:00,7.0,3498.93,False,Fraud & Account Takeover,suspicious high-value payment disputed by customer.,Low,REJECTED,Chatbot,True
CBK0000010,TXN00006640,USR52772,MCH3725,Grocery,2026-02-25 23:06:00,2026-02-27 03:06:00,,1.1666666666666667,11250.6,True,Fraud & Account Takeover,USER CLAIMS ACCOUNT WAS COMPROMISED BEFORE TRANSACTION.,Low,CLOSED,App,True
CBK0000091,TXN00014621,USR78310,MCH9002,Pharmacy,2026-03-09 00:00:00,2026-03-16 00:00:00,,7.0,264.51,False,Service & Delivery Failure,Complaint received after multiple failed attempts.,Medium,IN_PROGRESS,Ivr,True
CBK0002557,TXN00039623,USR35327,MCH3415,Restaurant,2026-02-14 02:29:00,2026-02-21 00:00:00,2026-03-14 00:00:00,6.896527777777778,935.0,False,Customer General Dispute,Customer says amount was debited twice.,Critical,RESOLVED,Chatbot,False
CBK0000909,TXN00006059,USR60322,MCH5605,Hotel & Lodging,2026-02-22 00:00:00,2026-02-23 00:00:00,2026-03-08 00:00:00,1.0,-11598.12,False,Duplicate Debit & Billing,Customer complaint text unclear due to poor call center notes.,Medium,IN_PROGRESS,Call Center,True
CBK0000677,TXN00003443,USR88570,MCH2055,Grocery,2026-02-05 00:00:00,2026-02-12 00:00:00,2026-02-21 00:00:00,7.0,-7308.16,False,Fraud & Account Takeover,Suspicious high-value payment disputed by customer.,Low,IN_PROGRESS,Email,True
CBK0000435,TXN00009091,USR82248,MCH5691,Pharmacy,2026-02-28 11:29:00,2026-03-02 00:00:00,2026-03-21 00:00:00,1.5215277777777778,358.42,False,Duplicate Debit & Billing,User reports money deducted but merchant denies receiving payment.,Medium,IN_PROGRESS,App,True
CBK0001325,TXN00012946,USR82083,MCH7565,Miscellaneous Retail,2026-03-15 00:00:00,2026-03-22 00:00:00,2026-04-09 00:00:00,7.0,315.95,False,Fraud & Account Takeover,Customer says transaction was not authorized.,High,REJECTED,Branch,True
CBK0001746,TXN00015688,USR40061,MCH5969,Pharmacy,2026-01-13 00:00:00,2026-01-19 10:27:00,2026-02-13 00:00:00,6.435416666666667,3314.0,False,Fraud & Account Takeover,Payment made to unknown merchant as per customer statement.,Medium,IN_PROGRESS,Chatbot,True
CBK0000895,TXN00007313,USR93581,MCH5980,Restaurant,2026-01-10 00:00:00,2026-01-12 10:24:00,2026-01-27 00:00:00,2.433333333333333,802.19,False,Service & Delivery Failure,CUSTOMER COMPLAINT TEXT UNCLEAR DUE TO POOR CALL CENTER NOTES.,High,IN_PROGRESS,App,True
CBK0000249,TXN00011669,USR26768,MCH8390,Grocery,2026-03-30 00:00:00,2026-04-03 16:51:59,,4.702766203703704,19475.24,False,Fraud & Account Takeover,User claims account was compromised before transaction.,Medium,IN_PROGRESS,Chatbot,True
CBK0002573,TXN00007177,USR70317,MCH8645,Miscellaneous Retail,2026-02-05 17:12:29,2026-02-06 00:00:00,2026-02-18 00:00:00,0.2829976851851852,2183.89,False,Fraud & Account Takeover,Merchant service was not delivered after payment.,Low,RESOLVED,Call Center,True
CBK0001564,TXN00001739,USR36402,MCH6953,Hotel & Lodging,2026-02-04 00:00:00,2026-03-06 14:33:00,2026-03-16 00:00:00,30.60625,482.37,False,Duplicate Debit & Billing,Customer complaint text unclear due to poor call center notes.,Low,IN_PROGRESS,Email,True
CBK0001059,TXN00009260,USR29465,MCH3341,Hotel & Lodging,2026-01-14 00:00:00,2026-01-21 00:00:00,2026-02-06 23:34:05,7.0,5136.75,False,Duplicate Debit & Billing,customer says transaction was not authorized.,Low,IN_PROGRESS,Branch,True
CBK0001785,TXN00018150,USR30819,MCH3100,Pharmacy,2026-01-12 00:00:00,2026-01-09 00:00:00,2026-01-09 00:00:00,-3.0,1285.26,False,Fraud & Account Takeover,User claims account was compromised before txn.,Medium,IN_PROGRESS,Branch,True
CBK0000387,TXN00001261,USR11270,MCH4799,Grocery,2026-03-22 00:00:00,2026-03-23 00:00:00,,1.0,1010.81,False,Duplicate Debit & Billing,Payment made to unknown merchant as per customer statement.,Low,RESOLVED,App,True
CBK0000166,TXN00011027,USR82338,MCH2856,Restaurant,2026-02-06 00:48:39,,2026-02-09 00:00:00,,1781.0,False,Duplicate Debit & Billing,Customer complaint text unclear due to poor call center notes.,Medium,IN_PROGRESS,Call Center,True
CBK0000288,TXN00055417,USR41398,MCH1803,Miscellaneous Retail,2026-03-23 00:00:00,2026-03-25 07:56:30,,2.3309027777777778,9306.13,False,Fraud & Account Takeover,payment made to unknown merchant as per customer statement.,Low,IN_PROGRESS,Chatbot,False
CBK0000195,TXN00014413,USR30474,MCH8961,Miscellaneous Retail,2026-01-02 11:42:38,2026-01-06 09:42:00,2026-01-11 00:00:00,3.9162268518518517,2399.47,False,Service & Delivery Failure,Customer says transaction was not authorized.,Medium,IN_PROGRESS,Ivr,True
CBK0001761,TXN00014440,USR24857,MCH1433,Hotel & Lodging,2026-01-14 00:00:00,2026-01-16 18:29:00,,2.770138888888889,12244.08,False,Fraud & Account Takeover,Customer complaint text unclear due to poor call center notes. call dropped,High,IN_PROGRESS,Branch,True
CBK0001753,TXN00002207,USR56780,MCH9581,Restaurant,,2026-03-28 00:00:00,2026-04-18 00:00:00,,-326.69,False,Fraud & Account Takeover,Payment made to unknown merchant as per customer statement.,High,IN_PROGRESS,Chatbot,True
CBK0000020,TXN00010227,USR97817,MCH7570,Restaurant,2026-02-20 00:00:00,2026-02-24 00:00:00,2026-03-21 00:00:00,4.0,258.0,False,Service & Delivery Failure,Merchant service was not delivered after payment.,High,RESOLVED,Branch,True
CBK0000942,TXN00000964,USR78941,MCH3992,Grocery,2026-03-29 15:18:17,2026-04-06 00:00:00,2026-04-06 02:18:00,7.362303240740741,2761.55,False,Duplicate Debit & Billing,Suspicious high-value payment disputed by customer.,Low,RESOLVED,Ivr,True
CBK0002736,TXN00017399,USR27913,MCH5980,Grocery,2026-01-26 19:18:00,2026-01-27 00:00:00,,0.19583333333333333,685.65,False,Service & Delivery Failure,CUSTOMER COMPLAINT TEXT UNCLEAR DUE TO POOR CALL CENTER NOTES.,Critical,REJECTED,Chatbot,True
CBK0000940,TXN00012142,USR51720,MCH2099,Pharmacy,2026-03-17 12:23:25,2026-03-20 00:00:00,2026-03-20 00:00:00,2.483738425925926,355.28,False,Duplicate Debit & Billing,Customer says transaction was not authorized.,High,RESOLVED,Email,True
CBK0000031,TXN00005788,USR80678,MCH4473,Books & Stationery,,2026-03-29 00:09:09,2026-03-29 00:09:09,,372.51,False,Duplicate Debit & Billing,User claims account was compromised before transaction.,Low,RESOLVED,Ivr,True
CBK0001210,TXN00014187,USR80504,MCH2456,Restaurant,2026-03-18 00:00:00,2026-03-20 00:00:00,2026-03-25 08:55:00,2.0,972.0,False,Fraud & Account Takeover,Complaint received after multiple failed attempts.,Low,RESOLVED,Chatbot,True
CBK0002670,TXN00018420,USR34122,MCH3807,Miscellaneous Retail,,2026-03-12 19:55:00,2026-03-28 00:00:00,,2274.67,False,Service & Delivery Failure,Payment made to unknown merchant as per customer statement.,High,IN_PROGRESS,Branch,True
CBK0001707,TXN00006976,USR91675,MCH3676,Pharmacy,2026-01-15 00:00:00,2026-01-16 02:55:00,2026-02-13 02:55:52,1.1215277777777777,1752.57,False,Fraud & Account Takeover,customer says amount was debited twice.,Low,IN_PROGRESS,Email,True
CBK0002073,TXN00007227,USR23350,MCH8136,Transportation,,2026-03-02 00:00:00,,,1894.93,False,Duplicate Debit & Billing,Customer complaint text unclear due to poor call center notes.,Medium,IN_PROGRESS,Branch,True
CBK0001648,TXN00003335,USR96396,MCH5954,Grocery,2026-03-28 00:00:00,2026-04-07 00:00:00,2026-05-05 00:00:00,10.0,1426.02,False,Fraud & Account Takeover,customer says transaction was not authorized.,High,IN_PROGRESS,Ivr,True
CBK0001755,TXN00008682,USR56480,MCH7833,Restaurant,2026-01-19 03:35:28,2026-01-20 22:35:28,2026-01-21 00:00:00,1.7916666666666667,5944.75,False,Fraud & Account Takeover,Suspicious high-value payment disputed by customer.,Low,CLOSED,Chatbot,True
CBK0000952,TXN00013323,USR46902,MCH2064,Apparel,,2026-04-24 00:00:00,2026-05-19 00:00:00,,1986.27,False,Service & Delivery Failure,Complaint received after multiple failed attempts.,Medium,IN_PROGRESS,Call Center,True
CBK0002378,TXN00014450,USR74567,MCH5798,Pharmacy,2026-03-10 00:00:00,2026-03-13 00:00:00,2026-03-13 23:03:21,3.0,2438.0,False,Service & Delivery Failure,Complaint received after multiple failed attempts.,Low,IN_PROGRESS,Chatbot,True
CBK0001662,TXN00008240,USR43842,MCH7885,Miscellaneous Retail,2026-01-06 00:00:00,2026-01-08 00:00:00,2026-01-18 19:29:00,2.0,-962.34,False,Service & Delivery Failure,Merchant service was not delivered after payment.,High,RESOLVED,Branch,True
CBK0000275,TXN00037497,USR31937,MCH9768,Miscellaneous Retail,2026-02-20 00:00:00,2026-02-23 00:00:00,2026-03-08 00:00:00,3.0,419.0,False,Service & Delivery Failure,Complaint received after multiple failed attempts.,Critical,RESOLVED,Chatbot,False
CBK0002206,TXN00009768,USR52915,MCH7051,Grocery,,2026-03-16 00:00:00,2026-03-17 00:10:00,,5082.98,False,Fraud & Account Takeover,Payment made to unknown merchant as per customer statement.,Critical,CLOSED,Email,True
CBK0002687,TXN00017004,USR22471,MCH2822,Miscellaneous Retail,2026-01-27 00:00:00,2026-01-29 03:06:00,2026-02-11 00:00:00,2.129166666666667,645.98,False,Customer General Dispute,User says UPI PIN was not entered by them.,Critical,IN_PROGRESS,Call Center,True
CBK0000843,TXN00014470,USR23820,MCH3842,Restaurant,2026-03-14 00:00:00,2026-03-25 00:04:00,,11.002777777777778,5379.63,True,Service & Delivery Failure,Complaint received after multiple failed attempts.,Low,REJECTED,Call Center,True
CBK0002212,TXN00010395,USR73737,MCH1395,Restaurant,2026-03-24 02:55:35,2026-03-31 00:00:00,2026-04-13 06:55:35,6.878067129629629,4273.42,False,Service & Delivery Failure,Customer says amount was debited twice. NA,High,IN_PROGRESS,Chatbot,True
CBK0002231,TXN00010167,USR37981,MCH7715,Pharmacy,2026-03-08 00:00:00,2026-03-10 09:30:28,2026-04-08 00:00:00,2.3961574074074075,-3121.8,False,Customer General Dispute,Customer says amount was debited twice.,Medium,IN_PROGRESS,Chatbot,True
CBK0000475,TXN00015106,USR66875,MCH7661,Grocery,2026-02-11 00:00:00,2026-02-18 00:00:00,,7.0,4581.94,False,Duplicate Debit & Billing,Suspicious high-value payment disputed by customer.,Medium,IN_PROGRESS,Email,True
CBK0002741,TXN00016493,USR97428,MCH9290,Grocery,,,2026-03-21 00:00:00,,1664.55,False,Fraud & Account Takeover,Complaint received after multiple failed attempts.,Low,CLOSED,Ivr,True
CBK0001221,TXN00002325,USR19262,MCH7654,Restaurant,2026-03-28 01:43:00,,2026-04-26 00:00:00,,800.32,False,Service & Delivery Failure,Payment made to unknown merchant as per customer statement.,High,IN_PROGRESS,Email,True
CBK0000584,TXN00018381,USR66286,MCH3433,Grocery,2026-01-24 00:00:00,2026-01-26 00:09:00,2026-02-17 00:09:38,2.00625,528.22,False,Fraud & Account Takeover,Suspicious high-value payment disputed by customer.,Low,IN_PROGRESS,Ivr,True
CBK0001297,TXN00002610,USR99997,MCH5710,Restaurant,2026-01-04 00:00:00,2026-01-10 07:41:28,2026-02-09 07:41:28,6.320462962962963,784.51,False,Duplicate Debit & Billing,suspicious high-value payment disputed by customer.,Medium,REJECTED,App,True
CBK0001860,TXN00000877,USR24833,MCH8648,Grocery,2026-03-10 00:00:00,2026-03-11 00:00:00,2026-04-06 00:00:00,1.0,1251.7,False,Duplicate Debit & Billing,Suspicious high-value payment disputed by customer.,Low,RESOLVED,Ivr,True
CBK0001456,TXN00003248,USR30500,MCH2822,Grocery,2026-02-08 02:56:43,2026-02-09 00:00:00,2026-02-16 00:00:00,0.8772800925925925,10277.41,False,Fraud & Account Takeover,Suspicious high-value payment disputed by customer.,Critical,IN_PROGRESS,Call Center,True
CBK0001261,TXN00001742,USR56247,MCH1220,Grocery,2026-01-24 00:00:00,2026-02-03 00:00:00,2026-02-15 00:00:00,10.0,1286.87,False,Fraud & Account Takeover,Customer complaint text unclear due to poor call center notes.,Low,IN_PROGRESS,Ivr,True
CBK0000638,TXN00006348,USR97580,MCH6624,Restaurant,2026-01-17 00:00:00,2026-01-21 00:00:00,2026-01-27 00:24:00,4.0,506.14,False,Customer General Dispute,user says upi pin was not entered by them.,Medium,IN_PROGRESS,Chatbot,True
CBK0000029,TXN00006499,USR14810,MCH1545,Miscellaneous Retail,2026-02-27 09:13:41,2026-03-01 20:13:00,,2.4578587962962963,640.77,False,Duplicate Debit & Billing,User says UPI PIN was not entered by them.,Medium,CLOSED,Chatbot,True
CBK0001349,TXN00011307,USR27947,MCH5452,Grocery,2026-03-31 02:55:00,2026-03-31 19:55:24,2026-04-06 00:00:00,0.7086111111111111,4006.77,False,Fraud & Account Takeover,User says UPI PIN was not entered by them.,Low,IN_PROGRESS,Call Center,True
CBK0000751,TXN00008166,USR71704,MCH6694,Grocery,,,2026-02-22 08:23:27,,813.72,False,Fraud & Account Takeover,USER CLAIMS ACCOUNT WAS COMPROMISED BEFORE TRANSACTION.,Medium,REJECTED,Ivr,True
CBK0001656,TXN00014355,USR49179,MCH9241,Pharmacy,2026-03-31 00:00:00,2026-05-15 19:24:00,2026-06-09 00:00:00,45.80833333333333,842.31,False,Duplicate Debit & Billing,Customer says transaction was not authorized.,Low,IN_PROGRESS,Branch,True
CBK0001674,TXN00013171,USR44076,MCH8679,Miscellaneous Retail,2026-02-27 00:19:00,2026-04-13 00:00:00,2026-04-18 00:00:00,44.986805555555556,1091.17,False,Fraud & Account Takeover,Customer complaint text unclear due to poor call center notes.,High,IN_PROGRESS,Branch,True
CBK0000295,TXN00010097,USR30500,MCH3244,Restaurant,2026-02-20 01:27:00,2026-02-22 00:00:00,2026-03-19 00:00:00,1.9395833333333334,12885.17,False,Fraud & Account Takeover,Complaint received after multiple failed attempts.,Low,IN_PROGRESS,Ivr,True
CBK0000054,TXN00015105,USR35239,MCH9077,Grocery,2026-03-26 00:00:00,2026-03-29 00:00:00,2026-03-30 00:00:00,3.0,608.31,False,Customer General Dispute,User claims account was compromised before transaction.,Low,REJECTED,Ivr,True
CBK0001078,TXN00001209,USR19922,MCH6850,Transportation,2026-02-07 00:00:00,2026-02-13 00:00:00,,6.0,2704.46,False,Service & Delivery Failure,User claims account was compromised before transaction.,Medium,IN_PROGRESS,Chatbot,True
CBK0000768,TXN00002926,USR29277,MCH7998,Transportation,2026-01-03 00:00:00,2026-02-18 00:00:00,2026-02-19 00:00:00,46.0,1432.79,False,Customer General Dispute,Customer complaint text unclear due to poor call center notes.,Low,IN_PROGRESS,Chatbot,True
CBK0002700,TXN00018891,USR69797,MCH5713,Grocery,,2026-01-06 00:00:00,2026-02-04 20:17:00,,2154.46,False,Fraud & Account Takeover,Customer complaint text unclear due to poor call center notes.,High,RESOLVED,Email,True
CBK0002167,TXN00008964,USR58972,MCH9155,Transportation,2026-01-20 00:00:00,2026-01-22 00:00:00,,2.0,1646.02,False,Fraud & Account Takeover,Customer says amount was debited twice.,High,IN_PROGRESS,Email,True
CBK0002787,TXN00005483,USR89278,MCH4006,Grocery,2026-01-12 00:44:38,2026-01-15 00:00:00,,2.9690046296296297,2130.14,False,Service & Delivery Failure,User reports money deducted but merchant denies receiving payment.,Medium,IN_PROGRESS,Call Center,True
CBK0002552,TXN00011308,USR27300,MCH9291,Pharmacy,2026-03-30 00:00:00,2026-04-02 19:18:00,2026-04-26 00:00:00,3.8041666666666667,16936.0,False,Fraud & Account Takeover,Complaint received after multiple failed attempts.,Low,IN_PROGRESS,Call Center,True
CBK0002279,TXN00018603,USR39503,MCH1658,Hotel & Lodging,2026-03-23 12:48:07,2026-03-26 00:00:00,2026-03-26 04:48:00,2.4665856481481483,3615.07,False,Duplicate Debit & Billing,Suspicious high-value payment disputed by customer.,Critical,REJECTED,Call Center,True
CBK0000950,TXN00016469,USR13599,MCH6400,Transportation,2026-01-29 06:43:12,2026-02-06 00:00:00,2026-02-14 00:00:00,7.72,1313.4,False,Fraud & Account Takeover,Complaint received after multiple failed attempts.,High,IN_PROGRESS,Chatbot,True
CBK0002046,TXN00013381,USR72135,MCH5076,Pharmacy,2026-01-08 16:33:00,2026-01-18 21:33:00,2026-02-17 21:33:18,10.208333333333334,1684.52,False,Service & Delivery Failure,User says UPI PIN was not entered by them.,Low,REJECTED,Branch,True
CBK0002547,TXN00009614,USR83314,MCH4007,Transportation,,2026-02-12 00:00:00,2026-03-01 00:00:00,,927.07,False,Fraud & Account Takeover,Customer complaint text unclear due to poor call center notes.,High,IN_PROGRESS,Ivr,True
CBK0000941,TXN00016470,USR14844,MCH2266,Grocery,2026-01-04 00:00:00,2026-01-10 09:49:36,2026-01-10 00:00:00,6.4094444444444445,-1994.56,False,Service & Delivery Failure,Customer says amount was debited twice.,High,IN_PROGRESS,Email,True
CBK0001286,TXN00004472,USR83523,MCH5954,Grocery,2026-03-10 08:35:18,2026-03-07 08:35:18,2026-04-05 08:35:00,-3.0,24788.4,True,Service & Delivery Failure,Customer says transaction was not authorized. NA,Medium,IN_PROGRESS,Branch,True
CBK0002170,TXN00017055,USR56789,MCH5954,Transportation,2026-03-02 00:00:00,2026-03-03 00:00:00,2026-03-16 00:00:00,1.0,226.51,False,Duplicate Debit & Billing,Customer complaint text unclear due to poor call center notes.,High,REJECTED,Chatbot,True
CBK0001905,TXN00011981,USR80617,MCH7286,Grocery,2026-01-08 00:00:00,2026-01-11 00:00:00,2026-01-23 03:28:28,3.0,17594.04,False,Service & Delivery Failure,suspicious high-value payment disputed by customer.,Low,IN_PROGRESS,Email,True
CBK0000179,TXN00017876,USR49537,MCH5956,Grocery,2026-03-06 00:00:00,2026-03-10 14:02:56,2026-03-28 00:00:00,4.58537037037037,638.04,False,Fraud & Account Takeover,Customer says transaction was not authorized.,High,IN_PROGRESS,Ivr,True
CBK0002676,TXN00004927,USR19351,MCH3684,Grocery,2026-03-05 00:00:00,,,,1530.6,False,Service & Delivery Failure,Merchant service was not delivered after payment.,Low,RESOLVED,App,True
CBK0001302,TXN00007192,USR80872,MCH2757,Transportation,2026-01-08 00:00:00,2026-01-16 00:00:00,2026-02-08 00:00:00,8.0,1195.71,False,Service & Delivery Failure,Suspicious high-value payment disputed by customer.,Medium,IN_PROGRESS,Ivr,True
CBK0000591,TXN00011869,USR62847,MCH3840,Grocery,2026-01-16 05:31:00,2026-03-02 00:00:00,2026-03-24 00:00:00,44.77013888888889,8004.21,False,Duplicate Debit & Billing,User claims account was compromised before transaction.,Critical,CLOSED,Call Center,True
CBK0000460,TXN00001710,USR13062,MCH2803,Pharmacy,2026-03-22 00:00:00,2026-04-21 00:00:00,,30.0,-5894.84,False,Fraud & Account Takeover,customer complaint text unclear due to poor call center notes.,Medium,RESOLVED,Ivr,True
CBK0000570,TXN00006817,USR13134,MCH3815,Grocery,2026-03-24 00:00:00,2026-03-25 00:00:00,2026-04-10 00:00:00,1.0,774.67,False,Fraud & Account Takeover,Customer says transaction was not authorized.,Medium,IN_PROGRESS,Chatbot,True
CBK0001161,TXN00004594,USR71825,MCH8679,Hotel & Lodging,2026-02-23 00:00:00,2026-02-24 00:00:00,2026-03-24 00:00:00,1.0,315.15,False,Fraud & Account Takeover,Customer complaint text unclear due to poor call center notes.,Medium,IN_PROGRESS,App,True
CBK0002019,TXN00005409,USR58335,MCH1825,Pharmacy,2026-03-27 23:06:21,2026-03-29 14:06:21,,1.625,504.51,False,Duplicate Debit & Billing,Customer says transaction was not authorized.,Critical,RESOLVED,App,True
CBK0002751,TXN00015657,USR59679,MCH3440,Hotel & Lodging,2026-02-08 00:00:00,2026-02-10 00:00:00,2026-02-25 00:00:00,2.0,1966.13,False,Service & Delivery Failure,User says UPI PIN was not entered by them.,Low,REJECTED,Ivr,True
CBK0001766,,USR12686,MCH7267,Miscellaneous Retail,2026-02-18 00:00:00,2026-02-18 00:00:00,2026-03-20 10:31:04,0.0,1546.27,False,Fraud & Account Takeover,User claims account was compromised before transaction.,High,RESOLVED,Chatbot,False
CBK0002685,TXN00018738,USR32577,MCH5980,Miscellaneous Retail,2026-02-10 00:00:00,2026-03-13 00:00:00,2026-03-29 00:00:00,31.0,1179.22,False,Duplicate Debit & Billing,Customer complaint text unclear due to poor call center notes.,Low,IN_PROGRESS,Chatbot,True
CBK0001179,TXN00016521,USR36519,MCH9839,Restaurant,2026-02-25 00:00:00,2026-03-13 00:00:00,2026-04-07 00:00:00,16.0,2697.0,False,Fraud & Account Takeover,Customer says amount was debited twice.,Low,IN_PROGRESS,Email,True
CBK0002516,TXN00073646,USR57758,MCH1812,Restaurant,2026-01-24 00:00:00,2026-01-31 00:00:00,,7.0,7863.78,False,Customer General Dispute,Payment made to unknown merchant as per customer statement.,High,RESOLVED,Email,False
CBK0002047,TXN00007439,USR65461,MCH3896,Grocery,2026-03-09 12:57:00,2026-03-12 00:00:00,,2.4604166666666667,3333.48,False,Fraud & Account Takeover,User claims account was compromised before transaction.,Low,REJECTED,Chatbot,True
CBK0000352,TXN00014436,USR20197,MCH8920,Restaurant,2026-02-02 00:00:00,2026-02-05 18:21:54,2026-02-23 18:21:54,3.7652083333333333,5439.35,False,Fraud & Account Takeover,Suspicious high-value payment disputed by customer.,High,IN_PROGRESS,Branch,True
CBK0001568,TXN00010744,USR28325,MCH2822,Transportation,2026-02-03 04:06:53,2026-02-04 12:06:53,2026-02-07 12:06:00,1.3333333333333333,748.64,False,Fraud & Account Takeover,User claims account was compromised before transaction.,Medium,RESOLVED,Branch,True
CBK0001997,TXN00019193,USR39555,MCH8953,Restaurant,2026-01-10 00:00:00,2026-01-13 00:00:00,2026-02-09 00:00:00,3.0,1004.32,False,Duplicate Debit & Billing,Complaint received after multiple failed attempts.,High,CLOSED,Chatbot,True
CBK0000400,TXN00009596,USR71348,MCH7207,Miscellaneous Retail,2026-01-21 00:00:00,2026-01-24 00:00:00,,3.0,5224.53,False,Duplicate Debit & Billing,user claims account was compromised before transaction.,Medium,IN_PROGRESS,App,True
CBK0000982,TXN00011350,USR93171,MCH5785,Hotel & Lodging,2026-01-06 00:00:00,2026-01-14 00:00:00,,8.0,188.6,False,Service & Delivery Failure,User reports money deducted but merchant denies receiving payment.,Medium,CLOSED,Ivr,True
CBK0001618,TXN00015125,USR77086,MCH1644,Grocery,2026-03-28 00:00:00,2026-04-28 00:00:00,2026-05-22 00:00:00,31.0,967.0,False,Fraud & Account Takeover,customer says transaction was not authorized.,Medium,IN_PROGRESS,Branch,True
CBK0001730,TXN00006467,USR66854,MCH4352,Grocery,2026-02-19 12:08:55,2026-02-20 10:08:55,2026-03-17 00:00:00,0.9166666666666666,7505.86,False,Duplicate Debit & Billing,CUSTOMER COMPLAINT TEXT UNCLEAR DUE TO POOR CALL CENTER NOTES.,High,REJECTED,Chatbot,True
CBK0002249,TXN00005146,USR93984,MCH8154,Miscellaneous Retail,2026-03-26 00:00:00,2026-03-29 08:57:00,2026-04-24 00:00:00,3.372916666666667,725.45,False,Fraud & Account Takeover,CUSTOMER SAYS TRANSACTION WAS NOT AUTHORIZED.,Medium,IN_PROGRESS,Ivr,True
CBK0001787,TXN00013934,USR50975,MCH4366,Hotel & Lodging,2026-03-12 13:58:26,2026-04-11 00:00:00,2026-04-26 00:00:00,29.41775462962963,487.43,False,Fraud & Account Takeover,Suspicious high-value payment disputed by customer.,High,IN_PROGRESS,Email,True
CBK0000936,TXN00008546,USR92782,MCH9921,Restaurant,2026-02-07 19:28:54,2026-02-08 00:00:00,2026-02-17 00:00:00,0.1882638888888889,936.49,False,Customer General Dispute,User says UPI PIN was not entered by them.,Low,RESOLVED,Chatbot,True
CBK0001535,TXN00015786,USR49801,MCH2148,Grocery,2026-03-17 00:00:00,2026-03-20 15:18:00,,3.6375,14485.22,False,Customer General Dispute,User reports money deducted but merchant denies receiving payment.,Medium,IN_PROGRESS,Call Center,True
CBK0001064,TXN00016822,USR40162,MCH1101,Grocery,2026-01-19 01:40:00,2026-02-19 00:00:00,2026-03-02 00:00:00,30.930555555555557,3058.22,False,Fraud & Account Takeover,Customer says amount was debited twice.,Low,IN_PROGRESS,Chatbot,True
CBK0002089,TXN00010784,USR61539,MCH5778,Miscellaneous Retail,2026-01-16 03:49:43,2026-01-16 12:49:43,2026-02-04 00:00:00,0.375,782.96,False,Customer General Dispute,Customer says amount was debited twice.,High,IN_PROGRESS,Branch,True
CBK0001897,TXN00008189,USR22202,MCH4473,Restaurant,2026-01-10 00:00:00,2026-02-09 09:59:00,2026-02-13 00:00:00,30.415972222222223,577.55,False,Duplicate Debit & Billing,User claims account was compromised before transaction.,Medium,IN_PROGRESS,App,True
CBK0001591,TXN00001778,USR22644,MCH3896,Grocery,2026-02-20 00:00:00,2026-02-21 20:57:45,2026-03-23 00:00:00,1.8734375,2008.0,False,Fraud & Account Takeover,Customer complaint text unclear due to poor call center notes.,Low,REJECTED,Ivr,True
CBK0001510,TXN00009054,USR40521,MCH8665,Miscellaneous Retail,2026-01-16 19:29:00,2026-01-18 00:00:00,2026-02-08 00:00:00,1.1881944444444446,14177.27,False,Fraud & Account Takeover,customer says transaction was not authorized.,Medium,IN_PROGRESS,Ivr,True
CBK0000351,TXN00049383,USR83155,MCH5768,Restaurant,2026-01-30 00:00:00,2026-01-31 19:44:25,2026-02-23 19:44:00,1.822511574074074,614.57,False,Service & Delivery Failure,Suspicious high-value payment disputed by cust.,Low,IN_PROGRESS,Chatbot,False
CBK0001213,TXN00017444,USR29137,MCH6278,Hotel & Lodging,2026-03-24 23:19:43,2026-03-25 00:00:00,2026-03-30 00:00:00,0.027974537037037037,252.18,False,Fraud & Account Takeover,User claims account was compromised before txn.,Medium,IN_PROGRESS,Chatbot,True
CBK0001031,TXN00018504,USR95238,MCH8391,Grocery,2026-02-19 00:00:00,2026-02-23 00:00:00,2026-02-23 00:00:00,4.0,2887.1,False,Fraud & Account Takeover,Merchant service was not delivered after payment. details missing,Low,RESOLVED,Call Center,True
CBK0001148,TXN00009676,USR60032,MCH8953,Grocery,2026-01-18 00:00:00,2026-02-03 00:00:00,2026-03-02 08:39:23,16.0,14503.4,True,Fraud & Account Takeover,User reports money deducted but merchant denies receiving payment.,Low,RESOLVED,Chatbot,True
CBK0002528,TXN00019669,USR43455,MCH2895,Hotel & Lodging,2026-03-10 12:00:49,2026-03-11 00:00:00,,0.4994328703703704,2022.82,False,Fraud & Account Takeover,Customer says transaction was not authorized. call dropped,Medium,IN_PROGRESS,Email,True
CBK0002233,TXN00010897,USR48881,MCH3815,Grocery,2026-01-29 21:07:26,2026-02-14 17:07:26,2026-03-03 17:07:26,15.833333333333334,5022.43,False,Service & Delivery Failure,USER REPORTS MONEY DEDUCTED BUT MERCHANT DENIES RECEIVING PAYMENT.,High,IN_PROGRESS,Branch,True
CBK0000147,TXN00003927,USR94184,MCH2234,Grocery,2026-02-09 00:00:00,2026-02-17 03:26:55,2026-02-18 00:00:00,8.14369212962963,875.3,False,Duplicate Debit & Billing,Customer says transaction was not authorized.,Low,CLOSED,Ivr,True
CBK0000527,,USR45627,MCH3427,Miscellaneous Retail,2026-03-26 11:37:00,2026-03-28 00:00:00,,1.5159722222222223,-171.98,False,Fraud & Account Takeover,User reports money deducted but merchant denies receiving payment.,Low,IN_PROGRESS,Ivr,False
CBK0000140,TXN00001801,USR46902,MCH2378,Pharmacy,2026-02-26 07:20:00,2026-03-08 07:20:00,2026-03-10 07:20:55,10.0,2789.99,False,Customer General Dispute,User says UPI PIN was not entered by them.,Low,IN_PROGRESS,Email,True
CBK0000613,TXN00002808,USR82191,MCH9948,Restaurant,2026-02-13 00:00:00,2026-02-20 00:00:00,2026-03-02 02:21:00,7.0,604.93,False,Customer General Dispute,Customer says transaction was not authorized.,Medium,IN_PROGRESS,Email,True
CBK0001796,TXN00014147,USR19352,MCH5990,Miscellaneous Retail,2026-02-12 00:00:00,2026-02-22 00:00:00,2026-03-04 00:00:00,10.0,2551.0,False,Fraud & Account Takeover,payment made to unknown merchant as per customer statement.,Low,IN_PROGRESS,Branch,True
CBK0000336,TXN00004644,USR14768,MCH8391,Grocery,2026-03-05 00:00:00,2026-03-08 00:00:00,,3.0,-3662.83,False,Service & Delivery Failure,User claims account was compromised before transaction.,Low,RESOLVED,Ivr,True
CBK0002179,TXN00002142,USR44124,MCH9291,Grocery,2026-01-14 00:00:00,2026-01-18 00:00:00,2026-01-25 00:00:00,4.0,13132.36,False,Service & Delivery Failure,Customer says amount was debited twice.,High,CLOSED,Chatbot,True
CBK0002623,,USR80824,MCH3492,Miscellaneous Retail,2026-01-18 14:41:00,2026-02-03 00:00:00,2026-02-21 00:00:00,15.388194444444444,1057.6,False,Fraud & Account Takeover,Suspicious high-value payment disputed by customer.,High,REJECTED,App,False
CBK0001375,TXN00001251,USR45344,MCH4473,Grocery,2026-01-29 00:00:00,2026-02-01 00:00:00,,3.0,802.62,False,Customer General Dispute,Merchant service was not delivered after payment.,High,RESOLVED,Chatbot,True
CBK0001280,TXN00012568,USR61715,MCH6850,Grocery,2026-01-16 00:00:00,2026-03-02 14:03:49,2026-03-11 00:00:00,45.5859837962963,15086.0,False,Customer General Dispute,Customer says transaction was not authorized.,Low,IN_PROGRESS,Call Center,True
CBK0002202,TXN00001215,USR26403,MCH5655,Transportation,2026-01-01 00:00:00,2026-01-07 00:00:00,,6.0,5146.97,False,Service & Delivery Failure,Merchant service was not delivered after payment.,Medium,CLOSED,Chatbot,True
CBK0002178,TXN00010512,USR39098,MCH1080,Restaurant,2026-01-19 00:00:00,2026-01-22 04:57:56,,3.206898148148148,752.1,False,Duplicate Debit & Billing,Customer says amount was debited twice.,Low,IN_PROGRESS,Ivr,True
CBK0002515,TXN00019171,USR95538,MCH5931,Miscellaneous Retail,2026-03-30 00:00:00,2026-04-09 00:00:00,,10.0,3429.44,False,Duplicate Debit & Billing,Customer says transaction was not authorized.,Low,RESOLVED,Call Center,True
CBK0000099,,USR93290,MCH3558,Transportation,2026-01-11 00:00:00,2026-01-17 00:00:00,,6.0,1317.94,False,Fraud & Account Takeover,User claims account was compromised before transaction.,Medium,RESOLVED,Email,False
CBK0002071,TXN00006958,USR61891,MCH7286,Hotel & Lodging,2026-02-13 00:00:00,2026-02-13 00:00:00,,0.0,-1162.72,False,Service & Delivery Failure,Payment made to unknown merchant as per customer statement.,High,IN_PROGRESS,Ivr,True
CBK0000066,TXN00017748,USR86707,MCH8350,Pharmacy,,2026-02-12 00:00:00,2026-03-06 00:00:00,,1855.0,False,Service & Delivery Failure,Customer complaint text unclear due to poor call center notes. call dropped,Low,REJECTED,App,True
CBK0002204,TXN00009040,USR97137,MCH3202,Transportation,2026-01-05 13:37:21,2026-01-16 00:00:00,2026-02-15 00:00:00,10.432395833333333,-1600.6,False,Service & Delivery Failure,Customer says transaction was not authorized.,High,IN_PROGRESS,Call Center,True
CBK0001942,TXN00017185,USR88284,MCH9344,Grocery,2026-03-08 00:00:00,2026-03-16 00:00:00,2026-04-04 00:00:00,8.0,384.18,False,Duplicate Debit & Billing,Payment made to unknown merchant as per customer statement.,Medium,IN_PROGRESS,Branch,True
CBK0000955,,USR66359,MCH2992,Miscellaneous Retail,2026-03-04 00:00:00,2026-04-18 12:26:19,,45.51827546296296,1214.33,False,Service & Delivery Failure,Payment made to unknown merchant as per customer statement.,Low,IN_PROGRESS,Ivr,False
CBK0001156,TXN00010478,USR27893,MCH7475,Restaurant,2026-01-28 07:58:01,2026-01-29 00:00:00,,0.6680439814814815,634.0,False,Fraud & Account Takeover,Merchant service was not delivered after payment.,Low,IN_PROGRESS,Chatbot,True
CBK0001940,TXN00006894,USR19400,MCH3815,Pharmacy,,2026-02-26 00:00:00,2026-03-04 00:00:00,,2016.51,False,Service & Delivery Failure,Customer complaint text unclear due to poor call center notes.,High,REJECTED,Ivr,True
CBK0000135,TXN00013531,USR33763,MCH2483,Grocery,,2026-01-22 00:00:00,2026-02-06 00:00:00,,2390.0,False,Service & Delivery Failure,User reports money deducted but merchant denies receiving payment.,Low,IN_PROGRESS,App,True
CBK0002522,,USR72963,MCH4406,Hotel & Lodging,,2026-03-02 00:00:00,2026-03-23 00:00:00,,584.72,False,Fraud & Account Takeover,User claims account was compromised before transaction.,Low,REJECTED,App,False
CBK0002568,TXN00012990,USR24437,MCH1818,Pharmacy,2026-03-01 15:45:08,,,,3464.25,False,Fraud & Account Takeover,Customer says amount was debited twice.,High,CLOSED,Chatbot,True
CBK0001092,TXN00015253,USR50458,MCH4725,Restaurant,,2026-03-17 00:00:00,,,1700.27,False,Service & Delivery Failure,CUSTOMER COMPLAINT TEXT UNCLEAR DUE TO POOR CALL CENTER NOTES.,Low,IN_PROGRESS,Chatbot,True
CBK0001495,TXN00014774,USR47392,MCH8779,Grocery,2026-03-23 00:00:00,2026-04-03 00:00:00,2026-04-20 00:00:00,11.0,2478.18,False,Fraud & Account Takeover,Payment made to unknown merchant as per customer statement.,Low,REJECTED,Branch,True
CBK0000296,TXN00003112,USR49629,MCH1546,Pharmacy,2026-03-27 12:17:00,2026-04-03 00:00:00,2026-04-09 00:00:00,6.488194444444445,4974.0,False,Service & Delivery Failure,User says UPI PIN was not entered by them.,Medium,CLOSED,Chatbot,True
CBK0002750,TXN00013670,USR26461,MCH9342,Miscellaneous Retail,2026-02-11 00:00:00,2026-03-13 00:00:00,2026-03-18 18:50:28,30.0,4375.63,False,Duplicate Debit & Billing,User says UPI PIN was not entered by them.,Medium,REJECTED,Branch,True
CBK0002535,TXN00009226,USR99720,MCH1211,Transportation,2026-01-15 00:00:00,2026-01-22 15:05:21,2026-01-24 00:00:00,7.628715277777777,4466.49,False,Fraud & Account Takeover,User reports money deducted but merchant denies receiving payment.,Medium,RESOLVED,Branch,True
CBK0002545,TXN00010063,USR85767,MCH8999,Grocery,2026-02-12 07:23:39,2026-02-19 00:00:00,2026-03-09 00:00:00,6.691909722222222,219.86,False,Fraud & Account Takeover,User says UPI PIN was not entered by them.,Medium,IN_PROGRESS,Chatbot,True
CBK0002186,TXN00003156,USR24528,MCH4024,Hotel & Lodging,2026-02-25 00:00:00,2026-02-26 00:00:00,2026-03-19 00:00:00,1.0,1072.99,False,Fraud & Account Takeover,Customer complaint text unclear due to poor call center notes.,Medium,RESOLVED,Email,True
CBK0000978,TXN00006792,USR48647,MCH5655,Hotel & Lodging,,2026-02-27 00:00:00,2026-03-02 00:00:00,,1704.54,False,Duplicate Debit & Billing,Customer complaint text unclear due to poor call center notes.,Low,REJECTED,Call Center,True
CBK0001661,TXN00009867,USR15733,MCH8681,Transportation,2026-03-25 04:28:00,2026-04-09 00:00:00,2026-04-16 19:28:49,14.813888888888888,9736.35,False,Service & Delivery Failure,User reports money deducted but merchant denies receiving payment.,High,REJECTED,Branch,True
CBK0000354,TXN00013742,USR63462,MCH1320,Restaurant,2026-01-16 00:00:00,2026-01-16 00:00:00,2026-01-30 00:00:00,0.0,3062.43,False,Service & Delivery Failure,USER REPORTS MONEY DEDUCTED BUT MERCHANT DENIES RECEIVING PAYMENT.,High,IN_PROGRESS,Chatbot,True
CBK0002642,TXN00007026,USR88352,MCH8311,Transportation,2026-02-13 00:00:00,2026-02-24 05:34:00,,11.231944444444444,12338.61,True,Fraud & Account Takeover,Suspicious high-value payment disputed by customer.,Medium,CLOSED,Chatbot,True
CBK0002479,TXN00007945,USR12314,MCH9784,Pharmacy,2026-02-24 00:00:00,2026-03-01 09:39:03,2026-03-05 00:00:00,5.4021180555555555,2209.68,False,Duplicate Debit & Billing,User says UPI PIN was not entered by them. call dropped,Medium,RESOLVED,Branch,True
CBK0000934,TXN00014323,USR66946,MCH6810,Restaurant,2026-01-22 00:00:00,2026-01-23 00:00:00,2026-01-23 08:09:17,1.0,8749.79,False,Service & Delivery Failure,Suspicious high-value payment disputed by customer.,Low,REJECTED,Ivr,True
CBK0000499,TXN00011216,USR26571,MCH5954,Pharmacy,2026-01-25 00:00:00,2026-01-25 00:00:00,2026-02-13 00:00:00,0.0,-857.98,False,Fraud & Account Takeover,User reports money deducted but merchant denies receiving payment.,Critical,REJECTED,Email,True
CBK0000312,TXN00013916,USR29758,MCH5655,Hotel & Lodging,2026-01-31 15:10:08,2026-02-10 22:10:08,2026-03-03 00:00:00,10.291666666666666,804.06,False,Customer General Dispute,Complaint received after multiple failed attempts.,Medium,CLOSED,Chatbot,True
CBK0000667,TXN00006052,USR54126,MCH2266,Grocery,2026-01-13 00:00:00,2026-01-15 00:00:00,,2.0,1664.31,False,Customer General Dispute,Complaint received after multiple failed attempts.,Critical,IN_PROGRESS,Email,True
CBK0001500,TXN00004113,USR65211,MCH5770,Restaurant,2026-03-14 11:50:00,2026-04-14 00:00:00,2026-04-26 00:00:00,30.506944444444443,1173.86,False,Service & Delivery Failure,USER SAYS UPI PIN WAS NOT ENTERED BY THEM.,High,CLOSED,Branch,True
CBK0001524,TXN00010627,USR65183,MCH5171,Grocery,2026-02-17 00:00:00,2026-02-18 00:00:00,2026-03-09 00:00:00,1.0,20956.0,True,Fraud & Account Takeover,Customer says transaction was not authorized.,Low,RESOLVED,Branch,True
CBK0000438,TXN00011978,USR99732,MCH7833,Pharmacy,2026-02-03 10:00:52,2026-02-04 00:00:00,,0.5827314814814815,466.0,False,Service & Delivery Failure,Customer says transaction was not authorized. urgent,Low,IN_PROGRESS,Email,True
CBK0000012,TXN00013740,USR35501,MCH8913,Grocery,2026-01-25 00:00:00,2026-01-28 19:43:23,,3.8217939814814814,650.92,False,Customer General Dispute,Suspicious high-value payment disputed by customer.,Medium,IN_PROGRESS,Chatbot,True
CBK0001710,TXN00002546,USR96958,MCH4226,Grocery,2026-01-06 03:50:09,2026-01-13 00:00:00,,6.840173611111111,6642.41,False,Fraud & Account Takeover,USER REPORTS MONEY DEDUCTED BUT MERCHANT DENIES RECEIVING PAYMENT.,Low,REJECTED,Call Center,True
CBK0001322,TXN00018670,USR33934,MCH9699,Grocery,2026-03-09 00:00:00,2026-03-13 00:00:00,2026-03-19 00:00:00,4.0,3883.93,False,Duplicate Debit & Billing,MERCHANT SERVICE WAS NOT DELIVERED AFTER PAYMENT.,Medium,RESOLVED,Ivr,True
CBK0000894,TXN00015855,USR95334,MCH6372,Grocery,2026-03-16 00:00:00,2026-03-19 00:00:00,2026-03-21 00:00:00,3.0,6458.0,False,Duplicate Debit & Billing,User says UPI PIN was not entered by them.,Low,IN_PROGRESS,App,True
CBK0000784,TXN00014785,USR41135,MCH7286,Restaurant,2026-01-31 00:00:00,2026-01-31 00:00:00,2026-02-16 09:56:17,0.0,1176.91,False,Service & Delivery Failure,suspicious high-value payment disputed by customer.,Low,IN_PROGRESS,Branch,True
CBK0001573,TXN00015673,USR29406,MCH4270,Grocery,2026-02-21 00:00:00,2026-03-01 04:47:00,,8.199305555555556,4952.21,True,Fraud & Account Takeover,User says UPI PIN was not entered by them.,Medium,CLOSED,Ivr,True
CBK0002149,TXN00011510,USR30541,MCH6295,Pharmacy,2026-01-13 00:00:00,2026-01-21 11:12:17,2026-01-30 00:00:00,8.466863425925926,7271.24,False,Fraud & Account Takeover,Merchant service was not delivered after payment.,Low,IN_PROGRESS,Ivr,True
CBK0001257,,USR74209,MCH6057,Miscellaneous Retail,2026-03-19 00:00:00,2026-03-25 01:08:00,2026-04-14 00:00:00,6.0472222222222225,2346.56,False,Customer General Dispute,Complaint received after multiple failed attempts.,Low,IN_PROGRESS,Chatbot,False
CBK0000370,,USR68023,MCH2511,Miscellaneous Retail,2026-02-18 00:00:00,2026-02-26 09:56:26,2026-03-08 00:00:00,8.414189814814815,-3719.71,False,Duplicate Debit & Billing,User says UPI PIN was not entered by them.,Medium,CLOSED,App,False
CBK0001398,TXN00015787,USR61935,MCH8643,Transportation,2026-02-06 16:53:00,2026-02-09 16:53:32,2026-02-16 00:00:00,3.0003703703703706,8787.96,False,Fraud & Account Takeover,payment made to unknown merchant as per customer statement.,High,REJECTED,Ivr,True
CBK0001343,TXN00017045,USR87914,MCH2822,Restaurant,2026-01-20 00:00:00,2026-03-07 00:00:00,2026-03-20 00:00:00,46.0,1409.0,False,Fraud & Account Takeover,Suspicious high-value payment disputed by customer. urgent,Medium,IN_PROGRESS,Chatbot,True
CBK0000769,TXN00010549,USR88037,MCH4590,Hotel & Lodging,2026-01-16 00:00:00,2026-01-31 00:00:00,2026-03-02 14:45:00,15.0,6630.73,False,Customer General Dispute,Complaint received after multiple failed attempts.,High,IN_PROGRESS,App,True
CBK0002111,TXN00019791,USR48202,MCH2383,Grocery,2026-02-06 06:10:00,2026-02-08 00:00:00,2026-02-17 18:10:00,1.7430555555555556,376.0,False,Duplicate Debit & Billing,Customer complaint text unclear due to poor call center notes.,Low,CLOSED,Chatbot,True
CBK0002589,TXN00001501,USR49236,MCH4590,Miscellaneous Retail,2026-03-22 00:00:00,,2026-04-12 00:00:00,,1157.85,False,Duplicate Debit & Billing,Payment made to unknown merchant as per customer statement.,High,IN_PROGRESS,Ivr,True
CBK0001391,TXN00008679,USR46067,MCH1887,Grocery,2026-03-22 00:00:00,2026-03-23 21:04:05,2026-03-29 21:04:00,1.8778356481481482,1294.7,False,Duplicate Debit & Billing,Complaint received after multiple failed attempts.,Medium,RESOLVED,Chatbot,True
CBK0000496,TXN00005986,USR21449,MCH1486,Transportation,,2026-01-23 00:00:00,2026-02-13 00:00:00,,6879.04,False,Customer General Dispute,User claims account was compromised before transaction. call dropped,High,IN_PROGRESS,Call Center,True
CBK0000928,TXN00008356,USR74115,MCH9582,Miscellaneous Retail,2026-02-16 00:00:00,2026-02-21 00:00:00,2026-03-17 17:43:22,5.0,7938.21,True,Service & Delivery Failure,User claims account was compromised before transaction. NA,Medium,CLOSED,Chatbot,True
CBK0000648,TXN00005486,USR11810,MCH1581,Restaurant,2026-02-02 00:00:00,2026-02-04 00:00:00,,2.0,1288.0,False,Fraud & Account Takeover,user says upi pin was not entered by them.,Low,CLOSED,Branch,True
CBK0002136,TXN00005344,USR86525,MCH5753,Restaurant,2026-03-24 00:00:00,2026-04-03 00:00:00,2026-04-04 09:48:11,10.0,1422.0,False,Fraud & Account Takeover,Customer complaint text unclear due to poor call center notes.,High,CLOSED,Chatbot,True
CBK0001658,TXN00004488,USR55710,MCH6850,Pharmacy,2026-01-05 13:51:43,2026-01-09 00:00:00,,3.4224189814814814,2468.0,False,Duplicate Debit & Billing,Complaint received after multiple failed attempts.,Critical,REJECTED,App,True
CBK0002436,TXN00008330,USR64405,MCH9291,Grocery,2026-03-03 00:00:00,2026-03-10 00:00:00,2026-04-01 00:00:00,7.0,1847.49,False,Fraud & Account Takeover,Customer complaint text unclear due to poor call center notes.,Medium,IN_PROGRESS,Branch,True
CBK0002460,TXN00018148,USR68295,MCH2914,Grocery,2026-01-05 15:46:00,2026-01-07 00:00:00,2026-01-14 05:46:54,1.3430555555555554,2197.15,False,Duplicate Debit & Billing,Payment made to unknown merchant as per customer statement.,Low,IN_PROGRESS,Branch,True
CBK0001162,TXN00012239,USR22644,MCH5296,Grocery,2026-01-27 15:49:00,2026-01-29 00:00:00,,1.3409722222222222,6796.0,False,Duplicate Debit & Billing,Customer complaint text unclear due to poor call center notes.,Medium,CLOSED,Chatbot,True
CBK0002084,TXN00083297,USR66974,MCH7833,Books & Stationery,2026-03-30 13:13:00,2026-04-05 00:00:00,,5.449305555555555,,False,Fraud & Account Takeover,Payment made to unknown merchant as per cust statement.,Critical,IN_PROGRESS,Ivr,False
CBK0000003,TXN00013293,USR91078,MCH6993,Transportation,2026-01-07 23:12:32,2026-01-09 14:12:00,2026-02-04 00:00:00,1.6246296296296296,1290.78,False,Duplicate Debit & Billing,user says upi pin was not entered by them.,High,REJECTED,Ivr,True
CBK0000669,TXN00018414,USR22639,MCH8836,Pharmacy,2026-03-28 14:45:10,2026-03-30 11:45:10,,1.875,3972.17,False,Fraud & Account Takeover,user claims account was compromised before transaction.,High,IN_PROGRESS,Ivr,True
CBK0000439,TXN00016295,USR83930,MCH9092,Transportation,2026-03-18 00:00:00,2026-03-21 00:00:00,2026-03-23 00:00:00,3.0,10226.59,False,Duplicate Debit & Billing,suspicious high-value payment disputed by customer.,Medium,IN_PROGRESS,Ivr,True
CBK0002423,TXN00014966,USR26696,MCH9223,Grocery,2026-02-13 20:33:40,2026-02-17 00:00:00,2026-03-03 00:00:00,3.143287037037037,10848.72,False,Service & Delivery Failure,Payment made to unknown merchant as per cust statement.,High,REJECTED,Ivr,True
CBK0000282,TXN00016877,USR87914,MCH5070,Miscellaneous Retail,2026-03-10 18:14:00,2026-04-10 05:14:49,,30.458900462962962,3046.01,False,Service & Delivery Failure,Customer says transaction was not authorized.,Medium,RESOLVED,Ivr,True
CBK0002195,TXN00004411,USR48054,MCH9844,Grocery,2026-02-05 23:26:12,2026-02-09 00:00:00,,3.0234722222222223,3905.0,False,Duplicate Debit & Billing,User reports money deducted but merchant denies receiving payment.,Low,IN_PROGRESS,Chatbot,True
CBK0002767,TXN00014701,USR79411,MCH8154,Grocery,2026-02-15 00:00:00,2026-02-19 02:41:00,,4.111805555555556,4452.29,False,Service & Delivery Failure,Customer complaint text unclear due to poor call center notes.,High,IN_PROGRESS,Chatbot,True
CBK0000538,TXN00005988,USR84311,MCH2752,Restaurant,2026-01-10 00:00:00,2026-01-26 15:58:00,,16.665277777777778,1345.11,False,Fraud & Account Takeover,merchant service was not delivered after payment.,High,IN_PROGRESS,Chatbot,True
CBK0001829,TXN00005136,USR58407,MCH5584,Hotel & Lodging,2026-03-19 00:00:00,2026-03-22 00:00:00,2026-03-24 00:00:00,3.0,1719.63,False,Duplicate Debit & Billing,User reports money deducted but merchant denies receiving payment.,Medium,REJECTED,Branch,True
CBK0000807,TXN00017317,USR77247,MCH5805,Restaurant,,2026-01-13 05:52:57,,,8056.19,False,Duplicate Debit & Billing,User claims account was compromised before transaction. pls check asap,Medium,IN_PROGRESS,Chatbot,True
CBK0001204,,USR37435,MCH7058,Department Store,,,2026-01-22 00:00:00,,-16163.8,False,Duplicate Debit & Billing,Merchant service was not delivered after payment.,Medium,REJECTED,Ivr,False
CBK0002299,TXN00012406,USR13926,MCH9166,Grocery,2026-01-11 00:00:00,2026-01-12 05:57:06,,1.247986111111111,-2900.07,False,Service & Delivery Failure,Customer says transaction was not authorized. urgent,Low,IN_PROGRESS,Ivr,True
CBK0002286,TXN00007923,USR98994,MCH2676,Miscellaneous Retail,2026-01-30 00:00:00,2026-02-07 13:24:35,2026-02-16 00:00:00,8.558738425925926,2225.43,False,Service & Delivery Failure,Payment made to unknown merchant as per customer statement.,Medium,IN_PROGRESS,Ivr,True
CBK0000567,TXN00016408,USR33228,MCH8298,Restaurant,2026-02-16 00:00:00,2026-02-19 00:00:00,2026-02-23 00:13:00,3.0,5179.58,False,Duplicate Debit & Billing,Customer says amount was debited twice.,Low,CLOSED,Email,True
CBK0001201,TXN00014054,USR85014,MCH7286,Restaurant,2026-03-15 00:00:00,2026-03-15 00:00:00,2026-03-27 08:14:00,0.0,14721.41,True,Service & Delivery Failure,Complaint received after multiple failed attempts.,Low,CLOSED,Chatbot,True
CBK0001779,TXN00006263,USR61731,MCH3837,Pharmacy,2026-02-22 00:00:00,2026-04-08 00:00:00,2026-04-20 19:46:00,45.0,843.91,False,Customer General Dispute,Merchant service was not delivered after payment.,Low,CLOSED,App,True
CBK0000315,TXN00011615,USR67684,MCH9052,Transportation,2026-01-30 19:19:00,2026-01-31 14:19:59,,0.792349537037037,634.85,True,Fraud & Account Takeover,merchant service was not delivered after payment.,Medium,RESOLVED,Chatbot,True
CBK0000683,TXN00017581,USR54113,MCH6129,Transportation,,2026-02-19 12:11:31,2026-03-21 00:00:00,,12534.15,True,Service & Delivery Failure,User says UPI PIN was not entered by them.,Low,REJECTED,Chatbot,True
CBK0001014,TXN00005083,USR78215,MCH9892,Hotel & Lodging,2026-01-29 08:31:00,2026-01-31 14:31:24,,2.250277777777778,448.0,False,Service & Delivery Failure,Payment made to unknown merchant as per customer statement.,Medium,REJECTED,Email,True
CBK0002450,TXN00005485,USR94055,MCH5437,Grocery,2026-01-06 19:11:31,2026-01-07 00:00:00,2026-01-09 00:00:00,0.20033564814814814,4839.05,False,Fraud & Account Takeover,Merchant service was not delivered after payment.,Critical,IN_PROGRESS,Branch,True
CBK0001114,TXN00004265,USR40538,MCH7833,Transportation,2026-03-06 00:00:00,2026-03-07 00:42:00,2026-03-18 00:00:00,1.0291666666666666,330.36,False,Service & Delivery Failure,Payment made to unknown merchant as per cust statement.,Low,IN_PROGRESS,Chatbot,True
CBK0001947,TXN00018820,USR36913,MCH9291,Transportation,2026-02-20 00:00:00,2026-03-02 00:00:00,2026-03-27 00:00:00,10.0,7255.27,False,Duplicate Debit & Billing,User claims account was compromised before transaction.,Low,RESOLVED,Ivr,True
CBK0002503,TXN00013623,USR34012,MCH2141,Grocery,2026-03-05 13:39:14,,2026-04-02 00:00:00,,3159.54,False,Fraud & Account Takeover,User says UPI PIN was not entered by them.,Low,IN_PROGRESS,Email,True
CBK0002362,TXN00007811,USR20310,MCH8076,Grocery,2026-02-15 08:01:23,2026-02-18 00:00:00,2026-03-05 13:01:23,2.6657060185185184,1224.0,False,Service & Delivery Failure,Payment made to unknown merchant as per customer statement.,High,IN_PROGRESS,Ivr,True
CBK0002060,TXN00010691,USR71335,MCH8391,Transportation,2026-01-09 00:00:00,2026-01-13 00:00:00,2026-01-20 00:00:00,4.0,518.38,False,Duplicate Debit & Billing,User reports money deducted but merchant denies receiving payment.,Medium,REJECTED,App,True
CBK0001135,TXN00011148,USR73600,MCH2913,Hotel & Lodging,2026-02-07 00:00:00,2026-02-14 13:33:58,2026-03-16 13:33:00,7.56525462962963,745.95,False,Customer General Dispute,User says UPI PIN was not entered by them.,Low,IN_PROGRESS,Ivr,True
CBK0001631,TXN00014809,USR76917,MCH2822,Transportation,2026-02-24 07:09:00,2026-02-25 00:00:00,2026-03-22 00:00:00,0.7020833333333333,1458.95,False,Service & Delivery Failure,customer says amount was debited twice.,High,RESOLVED,App,True
CBK0000363,TXN00014836,USR62092,MCH3992,Hotel & Lodging,2026-03-22 00:00:00,2026-04-06 00:00:00,2026-04-28 12:09:00,15.0,10870.71,True,Customer General Dispute,user reports money deducted but merchant denies receiving payment.,Low,RESOLVED,Chatbot,True
CBK0002324,TXN00016940,USR80407,MCH7916,Hotel & Lodging,2026-02-12 00:00:00,2026-02-14 00:00:00,2026-03-13 13:19:00,2.0,-60.71,False,Service & Delivery Failure,Customer complaint text unclear due to poor call center notes.,Low,CLOSED,App,True
CBK0000375,TXN00015798,USR47647,MCH8330,Grocery,2026-01-10 00:00:00,2026-01-12 00:00:00,2026-01-26 03:31:00,2.0,5976.69,False,Duplicate Debit & Billing,suspicious high-value payment disputed by customer.,Low,IN_PROGRESS,Chatbot,True
CBK0002593,TXN00017923,USR87216,MCH8000,Grocery,2026-02-22 07:31:00,2026-02-24 00:00:00,2026-03-03 10:31:06,1.6868055555555554,1055.53,False,Duplicate Debit & Billing,Suspicious high-value payment disputed by customer.,Medium,CLOSED,Chatbot,True
CBK0001120,TXN00004989,USR96958,MCH5208,Grocery,2026-01-23 00:00:00,2026-01-24 15:03:00,2026-02-06 00:00:00,1.6270833333333334,5305.63,False,Customer General Dispute,customer says amount was debited twice.,Medium,IN_PROGRESS,Chatbot,True
CBK0002032,TXN00017675,USR27832,MCH2457,Restaurant,,2026-03-17 08:41:11,2026-03-23 00:00:00,,14260.28,True,Fraud & Account Takeover,User says UPI PIN was not entered by them.,Medium,IN_PROGRESS,Chatbot,True
CBK0001442,TXN00004821,USR82070,MCH9291,Grocery,2026-03-08 00:00:00,2026-03-18 00:00:00,,10.0,165.89,False,Duplicate Debit & Billing,Merchant service was not delivered after payment.,Low,CLOSED,Chatbot,True
CBK0001529,TXN00008099,USR86223,MCH1511,Restaurant,2026-02-22 00:00:00,2026-02-24 00:00:00,2026-03-20 00:00:00,2.0,4576.69,False,Service & Delivery Failure,Customer says amount was debited twice.,Critical,CLOSED,Ivr,True
CBK0002605,TXN00007342,USR51261,MCH9573,Restaurant,2026-01-06 00:00:00,2026-01-02 14:08:00,2026-01-29 00:00:00,-3.411111111111111,9521.14,False,Service & Delivery Failure,USER REPORTS MONEY DEDUCTED BUT MERCHANT DENIES RECEIVING PAYMENT.,Medium,IN_PROGRESS,Branch,True
CBK0000877,TXN00009172,USR96970,MCH9291,Restaurant,2026-02-13 08:27:00,2026-02-15 00:00:00,2026-02-18 00:00:00,1.6479166666666667,880.82,False,Duplicate Debit & Billing,Merchant service was not delivered after payment.,Medium,IN_PROGRESS,Ivr,True
CBK0001007,TXN00014381,USR51742,MCH7833,Grocery,2026-01-11 00:00:00,2026-02-10 00:00:00,,30.0,1523.0,False,Fraud & Account Takeover,User reports money deducted but merchant denies receiving payment.,High,RESOLVED,Call Center,True
CBK0001118,TXN00063034,USR93926,MCH9036,Apparel,2026-01-24 09:06:58,2026-01-26 00:00:00,,1.620162037037037,3681.27,False,Fraud & Account Takeover,USER CLAIMS ACCOUNT WAS COMPROMISED BEFORE TRANSACTION.,High,IN_PROGRESS,Chatbot,False
CBK0002323,,USR71935,MCH3538,Miscellaneous Retail,2026-02-07 00:00:00,2026-03-09 06:02:09,2026-03-16 00:00:00,30.251493055555557,2538.09,False,Fraud & Account Takeover,Suspicious high-value payment disputed by customer. call dropped,Low,IN_PROGRESS,Email,False
CBK0001691,TXN00010383,USR15365,MCH4695,Transportation,2026-02-12 00:00:00,2026-02-22 12:37:00,2026-02-28 00:00:00,10.525694444444444,4163.19,False,Service & Delivery Failure,Customer says amount was debited twice.,Low,REJECTED,Ivr,True
CBK0002723,TXN00017184,USR90661,MCH2507,Grocery,2026-03-11 00:00:00,2026-03-13 12:43:00,2026-04-02 12:43:00,2.529861111111111,3231.22,False,Duplicate Debit & Billing,Customer says transaction was not authorized.,Medium,REJECTED,Ivr,True
CBK0000587,TXN00007285,USR87500,MCH1569,Grocery,,2026-02-01 08:40:00,2026-02-21 00:00:00,,4196.87,False,Duplicate Debit & Billing,User says UPI PIN was not entered by them.,High,RESOLVED,Chatbot,True
CBK0001026,TXN00009371,USR52820,MCH8391,Pharmacy,2026-01-02 00:00:00,2026-01-03 00:00:00,2026-01-25 00:00:00,1.0,19521.83,True,Fraud & Account Takeover,Suspicious high-value payment disputed by customer.,Critical,IN_PROGRESS,Ivr,True
CBK0000797,TXN00010208,USR84323,MCH2140,Hotel & Lodging,2026-02-23 00:00:00,2026-02-25 00:00:00,2026-03-12 00:00:00,2.0,687.82,False,Service & Delivery Failure,User says UPI PIN was not entered by them.,Low,IN_PROGRESS,Ivr,True
CBK0002035,,USR74657,MCH1497,Pharmacy,2026-01-25 00:00:00,2026-01-27 00:00:00,,2.0,,False,Customer General Dispute,CUSTOMER COMPLAINT TEXT UNCLEAR DUE TO POOR CALL CENTER NOTES.,Low,IN_PROGRESS,Chatbot,False
CBK0000676,TXN00010013,USR25470,MCH9984,Hotel & Lodging,2026-03-24 17:08:02,2026-03-24 00:00:00,2026-04-15 00:00:00,-0.713912037037037,314.65,False,Service & Delivery Failure,Customer says transaction was not authorized.,High,IN_PROGRESS,Ivr,True
CBK0001459,TXN00007662,USR87831,MCH6142,Restaurant,2026-02-17 00:00:00,2026-02-18 00:00:00,2026-03-01 00:00:00,1.0,4479.85,False,Fraud & Account Takeover,Merchant service was not delivered after payment.,Medium,IN_PROGRESS,Ivr,True
CBK0000237,TXN00009246,USR24926,MCH2943,Hotel & Lodging,,2026-04-12 00:00:00,2026-05-02 00:00:00,,1644.04,False,Service & Delivery Failure,Suspicious high-value payment disputed by customer.,Low,IN_PROGRESS,Chatbot,True
CBK0000595,TXN00004517,USR57955,MCH8710,Grocery,2026-02-22 00:00:00,2026-02-23 00:00:00,2026-02-24 00:00:00,1.0,676.55,False,Service & Delivery Failure,Suspicious high-value payment disputed by customer.,Low,IN_PROGRESS,Ivr,True
CBK0002344,TXN00018840,USR45486,MCH8357,Hotel & Lodging,2026-02-20 00:00:00,2026-02-26 00:00:00,2026-03-04 00:00:00,6.0,1901.24,False,Duplicate Debit & Billing,complaint received after multiple failed attempts.,High,CLOSED,Branch,True
CBK0001299,TXN00006246,USR98736,MCH5076,Transportation,,2026-02-09 00:00:00,,,1584.81,False,Duplicate Debit & Billing,Complaint received after multiple failed attempts.,Medium,IN_PROGRESS,Branch,True
CBK0000774,TXN00000794,USR78569,MCH4590,Restaurant,2026-03-03 00:00:00,2026-03-05 00:00:00,2026-04-04 10:25:44,2.0,124.85,False,Service & Delivery Failure,Suspicious high-value payment disputed by customer.,Medium,IN_PROGRESS,Ivr,True
CBK0002779,TXN00001284,USR62254,MCH5430,Grocery,2026-01-04 00:00:00,2026-01-06 22:17:15,,2.9286458333333334,141.27,False,Fraud & Account Takeover,User claims account was compromised before transaction.,Medium,CLOSED,App,True
CBK0001954,TXN00012046,USR82369,MCH6344,Grocery,2026-03-03 16:22:00,2026-03-06 06:22:00,2026-03-12 06:22:00,2.5833333333333335,2431.27,False,Duplicate Debit & Billing,Customer complaint text unclear due to poor call center notes.,Medium,IN_PROGRESS,Ivr,True
CBK0001697,TXN00015694,USR50776,MCH2822,Hotel & Lodging,2026-02-07 23:39:00,2026-02-09 21:39:04,2026-02-14 00:00:00,1.916712962962963,2581.01,False,Service & Delivery Failure,merchant service was not delivered after payment.,Low,IN_PROGRESS,Ivr,True
CBK0002305,TXN00008366,USR55382,MCH4721,Restaurant,,2026-03-04 00:00:00,,,1671.34,False,Fraud & Account Takeover,Suspicious high-value payment disputed by customer.,High,CLOSED,App,True
CBK0000206,TXN00019710,USR39190,MCH6651,Pharmacy,,2026-01-25 16:01:33,2026-02-01 16:01:33,,739.61,False,Service & Delivery Failure,Payment made to unknown merchant as per customer statement.,High,CLOSED,App,True
CBK0001744,TXN00009167,USR70912,MCH1602,Grocery,2026-02-23 00:00:00,2026-02-24 14:21:00,,1.5979166666666667,286.26,False,Service & Delivery Failure,Complaint received after multiple failed attempts. pls check asap,Medium,CLOSED,Chatbot,True
CBK0000128,TXN00012176,USR84571,MCH5742,Hotel & Lodging,2026-03-26 00:00:00,2026-04-05 23:32:00,,10.980555555555556,4272.46,False,Service & Delivery Failure,user says upi pin was not entered by them.,Low,RESOLVED,Call Center,True
CBK0001316,TXN00007966,USR52956,MCH2383,Miscellaneous Retail,2026-03-29 21:07:00,2026-03-30 00:00:00,,0.12013888888888889,4920.19,False,Fraud & Account Takeover,customer says transaction was not authorized.,Critical,REJECTED,Ivr,True
CBK0002296,TXN00004293,USR72591,MCH3992,Grocery,2026-01-05 00:00:00,2026-01-08 00:00:00,2026-01-14 00:00:00,3.0,830.77,False,Service & Delivery Failure,Complaint received after multiple failed attempts.,Medium,CLOSED,Branch,True
CBK0002062,TXN00005459,USR97255,MCH5730,Miscellaneous Retail,2026-02-01 00:00:00,,,,10125.57,False,Customer General Dispute,Complaint received after multiple failed attempts.,Medium,IN_PROGRESS,Ivr,True
CBK0001537,TXN00001929,USR74377,MCH4082,Hotel & Lodging,,2026-01-26 14:10:44,2026-02-19 00:00:00,,1412.21,False,Customer General Dispute,Merchant service was not delivered after payment.,Low,IN_PROGRESS,App,True
CBK0000983,TXN00059214,USR51720,MCH6740,Miscellaneous Retail,2026-03-02 00:00:00,2026-03-03 21:54:00,,1.9125,2012.0,False,Customer General Dispute,complaint received after multiple failed attempts.,Medium,IN_PROGRESS,App,False
CBK0002273,TXN00013117,USR27533,MCH4185,Grocery,2026-02-28 00:00:00,2026-03-06 00:00:00,2026-03-06 00:00:00,6.0,355.32,False,Fraud & Account Takeover,User reports money deducted but merchant denies receiving payment.,Critical,IN_PROGRESS,App,True
CBK0000522,TXN00009019,USR81185,MCH2065,Hotel & Lodging,2026-01-07 00:00:00,2026-01-11 02:56:13,2026-02-08 02:56:13,4.122372685185185,2738.39,False,Service & Delivery Failure,Suspicious high-value payment disputed by customer. call dropped,Medium,CLOSED,App,True
CBK0002162,TXN00001120,USR94046,MCH9160,Restaurant,2026-01-27 00:00:00,2026-01-28 00:00:00,,1.0,8008.29,False,Fraud & Account Takeover,Merchant service was not delivered after payment.,Low,REJECTED,Call Center,True
CBK0002626,TXN00013045,USR87914,MCH6675,Grocery,2026-01-24 23:00:10,,2026-02-21 00:00:00,,1342.39,False,Service & Delivery Failure,Merchant service was not delivered after payment.,Low,REJECTED,Ivr,True
CBK0000257,TXN00015440,USR53356,MCH6943,Hotel & Lodging,2026-01-11 00:00:00,2026-01-13 00:00:00,2026-01-29 00:00:00,2.0,582.81,True,Duplicate Debit & Billing,Merchant service was not delivered after payment. pls check asap,Medium,IN_PROGRESS,Ivr,True
CBK0000598,TXN00012035,USR93286,MCH1314,Hotel & Lodging,2026-02-13 00:00:00,2026-02-14 09:58:00,2026-03-15 09:58:00,1.4152777777777779,1897.14,False,Fraud & Account Takeover,User claims account was compromised before transaction.,Medium,IN_PROGRESS,Ivr,True
CBK0002739,TXN00017191,USR70236,MCH4655,Grocery,,,,,2345.0,False,Fraud & Account Takeover,customer says amount was debited twice.,Low,IN_PROGRESS,Chatbot,True
CBK0002426,,USR83808,MCH8011,Miscellaneous Retail,2026-03-30 00:00:00,2026-03-31 00:00:00,,1.0,540.94,False,Service & Delivery Failure,Customer says transaction was not authorized.,Medium,IN_PROGRESS,Ivr,False
CBK0001182,TXN00014058,USR96058,MCH5980,Pharmacy,2026-01-09 00:00:00,2026-01-19 00:00:00,,10.0,581.96,False,Duplicate Debit & Billing,User reports money deducted but merchant denies receiving payment.,Critical,IN_PROGRESS,Ivr,True
CBK0002183,TXN00014087,USR46806,MCH4485,Restaurant,2026-03-04 13:46:36,2026-03-19 00:00:00,,14.425972222222223,4901.36,False,Duplicate Debit & Billing,customer complaint text unclear due to poor call center notes.,Low,REJECTED,Call Center,True
CBK0000396,TXN00016780,USR34997,MCH1351,Hotel & Lodging,,2026-01-14 00:00:00,2026-02-12 12:04:00,,1017.31,False,Fraud & Account Takeover,User claims account was compromised before transaction. details missing,Low,IN_PROGRESS,Call Center,True
CBK0002371,TXN00007628,USR28839,MCH5264,Grocery,2026-02-03 00:00:00,2026-02-09 00:00:00,2026-02-10 00:00:00,6.0,3211.77,False,Fraud & Account Takeover,Customer complaint text unclear due to poor call center notes.,Low,RESOLVED,Chatbot,True
CBK0000804,TXN00000677,USR35395,MCH8348,Hotel & Lodging,2026-01-22 00:00:00,2026-01-22 00:00:00,2026-02-17 10:58:31,0.0,2773.41,False,Fraud & Account Takeover,User claims account was compromised before transaction.,Low,REJECTED,App,True
CBK0001112,TXN00013744,USR34212,MCH5076,Restaurant,,2026-04-02 00:00:00,,,1223.91,False,Fraud & Account Takeover,Customer says transaction was not authorized.,High,CLOSED,Call Center,True
CBK0000053,TXN00017140,USR93610,MCH8296,Grocery,2026-01-12 00:00:00,2026-01-12 11:37:03,,0.4840625,589.03,False,Fraud & Account Takeover,User claims account was compromised before transaction.,Medium,CLOSED,App,True
CBK0002604,TXN00015102,USR10831,MCH8980,Transportation,2026-03-22 00:00:00,2026-03-23 20:33:00,,1.85625,1038.0,False,Fraud & Account Takeover,User says UPI PIN was not entered by them.,Medium,IN_PROGRESS,Ivr,True
CBK0001984,TXN00006529,USR67661,MCH7003,Grocery,2026-01-26 00:00:00,2026-02-01 00:00:00,2026-02-18 03:01:00,6.0,5747.29,False,Fraud & Account Takeover,customer says transaction was not authorized.,Low,IN_PROGRESS,Chatbot,True
CBK0001246,TXN00007847,USR79175,MCH4181,Transportation,2026-03-29 17:35:00,2026-04-14 00:00:00,2026-05-14 11:35:52,15.26736111111111,20805.74,True,Duplicate Debit & Billing,customer says amount was debited twice.,High,IN_PROGRESS,Chatbot,True
CBK0001124,TXN00018122,USR11419,MCH9594,Miscellaneous Retail,,2026-05-03 00:00:00,2026-05-27 02:01:00,,5694.69,False,Duplicate Debit & Billing,Complaint received after multiple failed attempts.,Medium,IN_PROGRESS,App,True
CBK0001317,TXN00016188,USR28015,MCH2822,Transportation,2026-01-23 00:00:00,2026-01-30 11:51:00,2026-02-02 00:00:00,7.49375,1305.41,False,Service & Delivery Failure,user claims account was compromised before transaction.,High,IN_PROGRESS,Call Center,True
CBK0002614,TXN00006336,USR70866,MCH8906,Restaurant,2026-02-14 00:00:00,2026-02-18 05:26:57,2026-02-22 00:00:00,4.227048611111111,846.13,False,Duplicate Debit & Billing,user reports money deducted but merchant denies receiving payment.,Medium,IN_PROGRESS,Chatbot,True
CBK0002164,TXN00001135,USR53527,MCH5076,Apparel,2026-02-07 00:00:00,2026-02-22 00:00:00,,15.0,2731.02,False,Fraud & Account Takeover,Payment made to unknown merchant as per customer statement.,High,CLOSED,Chatbot,True
CBK0001777,TXN00006951,USR81327,MCH9661,Grocery,2026-02-02 07:12:00,2026-02-05 07:12:00,2026-03-06 07:12:00,3.0,3359.61,False,Fraud & Account Takeover,Customer says transaction was not authorized.,Medium,REJECTED,Ivr,True
CBK0000616,TXN00006990,USR38951,MCH8779,Transportation,2026-03-10 00:00:00,2026-03-09 11:42:44,2026-03-28 11:42:00,-0.5119907407407407,1208.16,False,Duplicate Debit & Billing,User says UPI PIN was not entered by them.,Medium,REJECTED,App,True
CBK0000385,TXN00014076,USR11828,MCH8154,Grocery,2026-01-23 13:23:28,2026-01-26 22:23:00,2026-02-08 00:00:00,3.374675925925926,1915.56,False,Duplicate Debit & Billing,Complaint received after multiple failed attempts.,Low,IN_PROGRESS,Ivr,True
CBK0002097,TXN00065627,USR14083,MCH5177,Miscellaneous Retail,,2026-02-13 00:00:00,2026-03-14 08:43:00,,-3428.7,False,Customer General Dispute,Complaint received after multiple failed attempts.,High,REJECTED,Chatbot,False
CBK0001900,TXN00012829,USR86138,MCH3815,Grocery,2026-03-20 18:15:11,2026-04-05 07:15:11,2026-05-05 07:15:11,15.541666666666666,4506.23,False,Duplicate Debit & Billing,User reports money deducted but merchant denies receiving payment.,High,RESOLVED,Chatbot,True
CBK0001029,TXN00007595,USR85146,MCH5954,Pharmacy,,2026-04-03 06:18:10,,,1638.0,False,Duplicate Debit & Billing,User claims account was compromised before txn.,Medium,IN_PROGRESS,Chatbot,True
CBK0001052,TXN00015908,USR77900,MCH5264,Pharmacy,2026-01-21 00:00:00,2026-01-31 09:49:28,,10.409351851851852,540.0,False,Customer General Dispute,Customer says amount was debited twice.,Medium,IN_PROGRESS,Branch,True
CBK0000908,TXN00002368,USR71714,MCH9717,Department Store,2026-02-22 00:00:00,2026-02-23 00:00:00,2026-03-07 19:24:52,1.0,4581.54,False,Service & Delivery Failure,Customer complaint text unclear due to poor call center notes.,Low,IN_PROGRESS,Chatbot,True
CBK0000272,TXN00011208,USR31719,MCH5754,Restaurant,2026-01-28 00:00:00,,2026-02-07 00:00:00,,729.47,False,Fraud & Account Takeover,User claims account was compromised before transaction.,High,RESOLVED,Ivr,True
CBK0001049,TXN00019810,USR21832,MCH3020,Grocery,,,2026-04-17 00:00:00,,2801.1,False,Fraud & Account Takeover,Payment made to unknown merchant as per customer statement.,High,RESOLVED,Email,True
CBK0000221,TXN00004354,USR82244,MCH2757,Restaurant,2026-03-03 18:42:43,2026-03-06 00:00:00,2026-03-22 00:00:00,2.220335648148148,1370.0,False,Duplicate Debit & Billing,COMPLAINT RECEIVED AFTER MULTIPLE FAILED ATTEMPTS.,Medium,IN_PROGRESS,Ivr,True
CBK0001615,TXN00001397,USR23350,MCH9727,Grocery,2026-02-06 00:00:00,2026-02-09 00:00:00,2026-02-20 00:00:00,3.0,2972.0,False,Customer General Dispute,User claims account was compromised before transaction.,High,IN_PROGRESS,Email,True
CBK0002732,TXN00007712,USR86991,MCH7765,Hotel & Lodging,2026-02-01 00:00:00,2026-02-04 17:09:00,2026-02-12 17:09:22,3.714583333333333,-1151.15,False,Service & Delivery Failure,Customer says transaction was not authorized.,Medium,IN_PROGRESS,App,True
CBK0000571,TXN00018357,USR74628,MCH4473,Miscellaneous Retail,2026-02-08 02:15:15,2026-02-10 05:15:00,2026-03-04 00:00:00,2.1248263888888888,13142.13,False,Service & Delivery Failure,Payment made to unknown merchant as per customer statement.,Medium,IN_PROGRESS,Ivr,True
CBK0001992,TXN00012094,USR97149,MCH2503,Hotel & Lodging,2026-02-11 20:34:00,2026-02-12 00:00:00,,0.14305555555555555,878.0,False,Fraud & Account Takeover,User reports money deducted but merchant denies receiving payment.,Low,REJECTED,Ivr,True
CBK0002152,TXN00005346,USR43944,MCH6429,Grocery,2026-03-05 00:00:00,2026-03-07 00:00:00,2026-03-28 00:00:00,2.0,3376.98,False,Service & Delivery Failure,User reports money deducted but merchant denies receiving payment.,Low,IN_PROGRESS,Email,True
CBK0002386,TXN00014331,USR72448,MCH7602,Hotel & Lodging,2026-01-20 00:00:00,2026-02-04 00:00:00,2026-02-06 00:00:00,15.0,-678.63,False,Fraud & Account Takeover,Suspicious high-value payment disputed by customer.,High,IN_PROGRESS,Call Center,True
CBK0000126,TXN00009782,USR75241,MCH8503,Pharmacy,2026-03-22 00:00:00,2026-04-06 19:49:00,2026-04-20 00:00:00,15.825694444444444,718.61,False,Duplicate Debit & Billing,Customer says transaction was not authorized.,Medium,RESOLVED,Ivr,True
CBK0000552,TXN00001358,USR59496,MCH5588,Grocery,2026-01-21 00:00:00,2026-01-23 00:00:00,2026-02-02 00:00:00,2.0,6742.91,False,Service & Delivery Failure,Suspicious high-value payment disputed by customer.,Critical,IN_PROGRESS,Branch,True
CBK0002681,TXN00008227,USR87558,MCH3815,Transportation,2026-01-07 00:00:00,2026-01-10 12:14:00,2026-01-10 00:00:00,3.5097222222222224,2758.76,False,Customer General Dispute,Complaint received after multiple failed attempts.,High,REJECTED,Email,True
CBK0001091,TXN00003670,USR12026,MCH4593,Restaurant,2026-01-07 00:00:00,2026-02-06 00:00:00,2026-03-02 00:00:00,30.0,2583.29,False,Duplicate Debit & Billing,Customer says transaction was not authorized.,Low,REJECTED,Email,True
CBK0000174,TXN00013432,USR44848,MCH4003,Grocery,2026-01-28 00:00:00,2026-01-28 00:00:00,,0.0,616.19,False,Customer General Dispute,User says UPI PIN was not entered by them.,Low,REJECTED,Branch,True
CBK0000949,,USR50783,MCH9233,Miscellaneous Retail,2026-01-14 00:00:00,2026-01-25 01:55:00,,11.07986111111111,7400.39,False,Service & Delivery Failure,Suspicious high-value payment disputed by customer.,Medium,IN_PROGRESS,Ivr,False
CBK0000519,TXN00010998,USR69938,MCH7992,Transportation,2026-01-29 23:14:08,,2026-02-04 00:00:00,,1567.73,False,Fraud & Account Takeover,Merchant service was not delivered after payment.,Low,IN_PROGRESS,Chatbot,True
CBK0000645,TXN00016469,USR59482,MCH1792,Transportation,2026-03-13 13:03:25,,,,12115.08,False,Duplicate Debit & Billing,Customer says transaction was not authorized.,Critical,IN_PROGRESS,Chatbot,True
CBK0000063,TXN00017905,USR73461,MCH3216,Grocery,2026-01-30 00:00:00,2026-01-30 00:00:00,2026-02-02 00:00:00,0.0,2185.09,False,Customer General Dispute,Customer says transaction was not authorized.,Low,RESOLVED,Chatbot,True
CBK0001394,TXN00009340,USR39542,MCH1320,Grocery,2026-02-18 13:01:11,2026-02-23 00:00:00,,4.457511574074074,1180.9,False,Duplicate Debit & Billing,User reports money deducted but merchant denies receiving payment.,Critical,IN_PROGRESS,Chatbot,True
CBK0001496,TXN00012480,USR39700,MCH9284,Transportation,2026-02-09 02:52:00,2026-02-19 00:00:00,2026-02-20 00:00:00,9.880555555555556,2178.0,False,Fraud & Account Takeover,Payment made to unknown merchant as per customer statement.,High,CLOSED,Call Center,True
CBK0002246,TXN00009997,USR96095,MCH6849,Grocery,2026-03-28 00:00:00,2026-04-03 00:00:00,2026-04-14 12:51:03,6.0,22438.75,True,Service & Delivery Failure,Merchant service was not delivered after payment.,Medium,REJECTED,Chatbot,True
CBK0001245,TXN00014601,USR50737,MCH1920,Pharmacy,2026-03-17 00:00:00,2026-03-27 20:30:00,2026-04-20 00:00:00,10.854166666666666,689.0,False,Customer General Dispute,Payment made to unknown merchant as per customer statement.,Low,IN_PROGRESS,Ivr,True
CBK0000329,TXN00014927,USR30489,MCH4948,Transportation,2026-01-29 17:56:00,2026-03-16 00:00:00,2026-04-08 00:00:00,45.25277777777778,23395.64,True,Fraud & Account Takeover,Suspicious high-value payment disputed by customer.,Medium,IN_PROGRESS,App,True
CBK0001974,TXN00002369,USR83393,MCH3463,Transportation,2026-03-30 17:27:58,2026-04-01 15:27:58,2026-04-20 00:00:00,1.9166666666666667,1718.0,False,Customer General Dispute,Customer says transaction was not authorized.,Low,IN_PROGRESS,Branch,True
CBK0002363,TXN00002125,USR78593,MCH2757,Pharmacy,2026-03-04 00:00:00,2026-03-07 00:00:00,2026-03-22 00:00:00,3.0,2711.0,False,Fraud & Account Takeover,Payment made to unknown merchant as per customer statement.,Low,CLOSED,Branch,True
CBK0001357,TXN00015990,USR49195,MCH1203,Grocery,2026-01-08 00:00:00,2026-01-23 03:20:00,2026-02-01 00:00:00,15.13888888888889,-1640.31,False,Fraud & Account Takeover,Payment made to unknown merchant as per customer statement.,Critical,IN_PROGRESS,App,True
CBK0002677,TXN00009096,USR31537,MCH8779,Restaurant,2026-02-27 00:00:00,2026-02-28 00:00:00,2026-03-10 08:17:01,1.0,-6781.52,False,Duplicate Debit & Billing,Suspicious high-value payment disputed by cust.,Medium,IN_PROGRESS,Branch,True
CBK0000586,TXN00007590,USR26821,MCH8953,Grocery,2026-03-11 00:00:00,,2026-04-02 02:24:43,,1023.96,False,Customer General Dispute,Complaint received after multiple failed attempts. call dropped,Low,REJECTED,Call Center,True
CBK0000776,TXN00010920,USR19006,MCH4590,Grocery,2026-03-12 23:55:00,2026-03-13 02:55:07,,0.12508101851851852,5019.03,False,Fraud & Account Takeover,complaint received after multiple failed attempts.,Medium,IN_PROGRESS,Ivr,True
CBK0000873,TXN00002853,USR33226,MCH2822,Hotel & Lodging,2026-02-13 11:31:49,2026-02-20 00:00:00,2026-02-26 12:31:49,6.519571759259259,1650.21,False,Service & Delivery Failure,Complaint received after multiple failed attempts.,Medium,IN_PROGRESS,Email,True
CBK0000358,TXN00015992,USR12248,MCH1013,Restaurant,2026-02-28 00:00:00,2026-03-10 00:00:00,2026-03-10 00:00:00,10.0,6937.41,False,Fraud & Account Takeover,User says UPI PIN was not entered by them. NA,High,REJECTED,Branch,True
CBK0002265,TXN00008431,USR11987,MCH5922,Pharmacy,,2026-02-07 23:51:35,2026-03-09 23:51:00,,1831.96,False,Duplicate Debit & Billing,Customer says transaction was not authorized.,Medium,REJECTED,Chatbot,True
CBK0001115,TXN00018481,USR96362,MCH8953,Transportation,2026-01-31 00:00:00,2026-02-03 00:00:00,2026-02-05 00:00:00,3.0,776.76,False,Service & Delivery Failure,MERCHANT SERVICE WAS NOT DELIVERED AFTER PAYMENT.,Medium,REJECTED,Ivr,True
CBK0000323,TXN00019162,USR85655,MCH7346,Restaurant,2026-03-03 02:18:00,2026-03-03 10:18:01,,0.3333449074074074,2538.07,False,Duplicate Debit & Billing,USER SAYS UPI PIN WAS NOT ENTERED BY THEM.,Low,IN_PROGRESS,Branch,True
CBK0000234,TXN00001948,USR69297,MCH8977,Transportation,2026-03-29 04:03:44,2026-03-30 00:00:00,2026-04-25 00:00:00,0.8307407407407408,8296.18,False,Duplicate Debit & Billing,Suspicious high-value payment disputed by customer.,Low,RESOLVED,Ivr,True
CBK0001576,TXN00012979,USR85329,MCH1945,Hotel & Lodging,2026-01-07 00:00:00,2026-01-07 10:12:22,2026-01-08 00:00:00,0.4252546296296296,21185.86,False,Fraud & Account Takeover,Complaint received after multiple failed attempts.,Low,CLOSED,Chatbot,True
CBK0002169,TXN00011212,USR87637,MCH5655,Restaurant,2026-01-25 00:00:00,2026-01-28 23:45:00,,3.9895833333333335,17762.59,True,Duplicate Debit & Billing,User says UPI PIN was not entered by them.,Medium,REJECTED,Branch,True
CBK0000803,,USR28353,MCH9017,Miscellaneous Retail,2026-01-28 20:41:02,2026-02-13 00:00:00,2026-02-23 00:00:00,15.138171296296296,6400.05,False,Service & Delivery Failure,Complaint received after multiple failed attempts. pls check asap,High,RESOLVED,Ivr,False
CBK0001770,TXN00001025,USR97417,MCH7480,Restaurant,2026-02-24 23:35:00,2026-03-07 00:00:00,,10.01736111111111,5150.06,False,Service & Delivery Failure,Complaint received after multiple failed attempts.,Medium,CLOSED,Ivr,True
CBK0000956,TXN00001028,USR76271,MCH9801,Miscellaneous Retail,2026-03-30 00:00:00,2026-04-15 11:18:00,2026-04-26 00:00:00,16.470833333333335,21115.29,True,Service & Delivery Failure,User claims account was compromised before transaction.,Medium,IN_PROGRESS,Branch,True
CBK0001559,TXN00003513,USR15980,MCH9291,Grocery,2026-03-13 00:00:00,2026-03-13 00:00:00,2026-04-05 00:00:00,0.0,754.13,False,Service & Delivery Failure,User says UPI PIN was not entered by them.,Medium,RESOLVED,Chatbot,True
CBK0002745,TXN00003727,USR54113,MCH7888,Grocery,2026-03-12 20:17:03,2026-03-18 00:00:00,2026-03-29 11:17:03,5.154826388888889,1284.94,False,Duplicate Debit & Billing,Payment made to unknown merchant as per customer statement.,Medium,REJECTED,Ivr,True
CBK0002455,TXN00001275,USR69706,MCH5076,Hotel & Lodging,2026-01-20 00:00:00,2026-01-23 00:00:00,2026-02-17 00:00:00,3.0,2210.2,False,Duplicate Debit & Billing,CUSTOMER SAYS AMOUNT WAS DEBITED TWICE.,Low,RESOLVED,Ivr,True
CBK0000925,TXN00001097,USR67142,MCH4883,Pharmacy,2026-02-14 15:47:00,2026-02-18 01:47:00,,3.4166666666666665,4816.91,False,Service & Delivery Failure,Merchant service was not delivered after payment.,Medium,RESOLVED,Ivr,True
CBK0002531,TXN00018059,USR46902,MCH1737,Miscellaneous Retail,2026-03-06 00:00:00,2026-03-12 00:00:00,,6.0,10343.79,True,Fraud & Account Takeover,Payment made to unknown merchant as per customer statement.,Medium,REJECTED,Chatbot,True
CBK0001365,TXN00011080,USR44053,MCH1613,Grocery,2026-02-10 00:00:00,2026-02-17 00:00:00,2026-02-20 16:56:29,7.0,1709.82,False,Service & Delivery Failure,User reports money deducted but merchant denies receiving payment. details missing,Medium,REJECTED,App,True
CBK0000254,TXN00005010,USR40538,MCH5940,Pharmacy,,2026-03-08 00:00:00,2026-03-28 00:00:00,,1290.35,False,Fraud & Account Takeover,User claims account was compromised before transaction.,Medium,IN_PROGRESS,App,True
CBK0000919,TXN00004956,USR26890,MCH9891,Grocery,2026-03-15 09:36:34,2026-03-18 00:00:00,2026-03-22 19:36:34,2.5996064814814814,1752.77,False,Fraud & Account Takeover,merchant service was not delivered after payment.,Medium,REJECTED,Ivr,True
CBK0002474,TXN00014618,USR24726,MCH2638,Hotel & Lodging,2026-02-18 00:00:00,2026-02-20 05:43:41,2026-03-07 00:00:00,2.2386689814814815,1047.67,False,Fraud & Account Takeover,Suspicious high-value payment disputed by customer.,Medium,REJECTED,Branch,True
CBK0002776,TXN00013127,USR40874,MCH5212,Grocery,2026-03-19 00:00:00,2026-03-21 14:17:37,,2.5955671296296297,1935.98,False,Fraud & Account Takeover,Customer says transaction was not authorized.,High,IN_PROGRESS,Chatbot,True
CBK0001195,TXN00001271,USR48486,MCH5327,Restaurant,2026-01-21 00:00:00,2026-01-23 00:00:00,2026-02-19 00:00:00,2.0,1190.0,False,Service & Delivery Failure,Merchant service was not delivered after payment.,High,IN_PROGRESS,Call Center,True
CBK0002506,TXN00002955,USR68934,MCH7020,Hotel & Lodging,2026-03-28 00:00:00,2026-04-28 00:00:00,,31.0,4857.63,False,Fraud & Account Takeover,Suspicious high-value payment disputed by customer.,Low,RESOLVED,Ivr,True
CBK0000832,TXN00014106,USR26145,MCH1012,Pharmacy,2026-01-21 23:25:00,2026-01-31 23:25:00,2026-02-27 00:00:00,10.0,1547.17,False,Fraud & Account Takeover,Complaint received after multiple failed attempts.,Low,IN_PROGRESS,Call Center,True
CBK0000564,TXN00005945,USR21384,MCH1809,Grocery,2026-02-03 00:00:00,2026-02-04 00:00:00,2026-02-04 00:00:00,1.0,848.15,False,Service & Delivery Failure,User reports money deducted but merchant denies receiving payment.,High,IN_PROGRESS,Email,True
CBK0000744,TXN00001703,USR53423,MCH6565,Pharmacy,2026-01-05 14:34:29,,2026-01-19 00:00:00,,2240.0,False,Duplicate Debit & Billing,User says UPI PIN was not entered by them.,Medium,RESOLVED,Email,True
CBK0001649,TXN00018989,USR90653,MCH2436,Grocery,2026-03-30 02:11:00,2026-04-02 00:00:00,,2.9090277777777778,2703.0,False,Duplicate Debit & Billing,Merchant service was not delivered after payment.,High,IN_PROGRESS,Chatbot,True
CBK0000455,TXN00012649,USR42432,MCH9748,Restaurant,,2026-02-25 00:00:00,2026-03-11 21:41:19,,2202.7,False,Fraud & Account Takeover,Merchant service was not delivered after payment.,High,IN_PROGRESS,Chatbot,True
CBK0000302,TXN00016585,USR38429,MCH2943,Pharmacy,2026-03-17 00:00:00,,2026-03-18 00:00:00,,9364.68,True,Duplicate Debit & Billing,complaint received after multiple failed attempts.,Medium,IN_PROGRESS,Call Center,True
CBK0002738,TXN00000947,USR89588,MCH2960,Pharmacy,2026-02-13 08:30:44,2026-02-13 11:30:44,2026-02-18 11:30:44,0.125,2075.0,False,Fraud & Account Takeover,Customer says amount was debited twice.,Medium,RESOLVED,Email,True
CBK0000153,TXN00000546,USR92746,MCH7824,Grocery,2026-03-01 00:00:00,2026-03-03 19:44:09,2026-03-03 19:44:00,2.822326388888889,8960.49,True,Service & Delivery Failure,Suspicious high-value payment disputed by customer.,Medium,CLOSED,Ivr,True
CBK0000304,TXN00013266,USR84318,MCH5916,Restaurant,2026-02-22 00:00:00,2026-02-28 00:00:00,2026-03-08 00:00:00,6.0,6391.92,False,Service & Delivery Failure,Complaint received after multiple failed attempts.,High,IN_PROGRESS,Email,True
CBK0000114,TXN00002182,USR85475,MCH8779,Restaurant,2026-02-08 13:27:52,2026-02-09 13:27:52,2026-02-28 00:00:00,1.0,5323.98,True,Duplicate Debit & Billing,user says upi pin was not entered by them.,Low,RESOLVED,Email,True
CBK0001506,TXN00002381,USR81570,MCH3815,Grocery,2026-02-04 00:00:00,2026-02-07 00:00:00,,3.0,3182.0,False,Fraud & Account Takeover,Customer says transaction was not authorized.,Medium,IN_PROGRESS,Chatbot,True
CBK0000588,TXN00003990,USR48652,MCH5552,Pharmacy,2026-02-13 00:00:00,2026-02-19 00:00:00,2026-02-26 00:00:00,6.0,702.0,False,Service & Delivery Failure,Customer complaint text unclear due to poor call center notes.,Low,REJECTED,App,True
CBK0000857,TXN00018599,USR52095,MCH3652,Grocery,2026-03-19 00:00:00,2026-03-25 04:34:33,,6.190659722222223,576.0,False,Customer General Dispute,User claims account was compromised before transaction.,Medium,CLOSED,Email,True
CBK0002327,TXN00011877,USR69584,MCH5183,Grocery,2026-03-06 00:00:00,2026-03-06 21:56:02,2026-03-22 00:00:00,0.913912037037037,728.14,False,Fraud & Account Takeover,Customer says transaction was not authorized.,Medium,IN_PROGRESS,Ivr,True
CBK0000858,TXN00015040,USR95176,MCH1146,Restaurant,2026-03-29 00:00:00,,,,1568.41,False,Duplicate Debit & Billing,Customer says amount was debited twice.,Low,IN_PROGRESS,Email,True
CBK0000429,TXN00019661,USR97772,MCH3992,Hotel & Lodging,2026-02-19 22:56:00,2026-02-21 09:56:09,2026-03-06 00:00:00,1.4584375,24323.41,True,Duplicate Debit & Billing,User reports money deducted but merchant denies receiving payment.,High,REJECTED,App,True
CBK0000817,TXN00002301,USR71836,MCH3815,Hotel & Lodging,2026-02-05 00:00:00,2026-02-21 00:00:00,2026-03-07 12:29:12,16.0,769.17,False,Fraud & Account Takeover,Payment made to unknown merchant as per customer statement.,Low,IN_PROGRESS,App,True
CBK0000011,TXN00006805,USR14951,MCH5380,Miscellaneous Retail,2026-02-20 00:00:00,2026-02-22 00:00:00,2026-03-01 00:00:00,2.0,1087.14,False,Duplicate Debit & Billing,SUSPICIOUS HIGH-VALUE PAYMENT DISPUTED BY CUSTOMER.,Medium,CLOSED,Ivr,True
CBK0000250,TXN00002574,USR73010,MCH1320,Hotel & Lodging,2026-02-25 03:11:33,2026-03-02 00:00:00,2026-03-07 09:11:33,4.866979166666667,660.0,False,Service & Delivery Failure,suspicious high-value payment disputed by customer.,Low,IN_PROGRESS,Ivr,True
CBK0001404,TXN00003881,USR61151,MCH8634,Transportation,,2026-03-23 06:15:00,2026-03-30 00:00:00,,12565.66,True,Fraud & Account Takeover,Customer says transaction was not authorized.,Medium,IN_PROGRESS,Call Center,True
CBK0000574,TXN00011825,USR78873,MCH9713,Grocery,2026-01-26 18:02:00,2026-03-12 00:00:00,2026-03-17 00:00:00,44.24861111111111,3123.85,False,Duplicate Debit & Billing,Complaint received after multiple failed attempts.,Low,IN_PROGRESS,Email,True
CBK0002429,TXN00015653,USR50125,MCH2266,Pharmacy,2026-03-31 00:00:00,2026-04-01 00:00:00,2026-04-25 00:00:00,1.0,3491.1,False,Duplicate Debit & Billing,Suspicious high-value payment disputed by customer.,Medium,CLOSED,Chatbot,True
CBK0001916,TXN00005518,USR18198,MCH5954,Grocery,,2026-03-25 00:00:00,2026-04-04 16:01:06,,-4245.22,False,Fraud & Account Takeover,Merchant service was not delivered after payment.,Low,REJECTED,Branch,True
CBK0001132,TXN00019555,USR87956,MCH5062,Pharmacy,2026-01-24 13:53:56,2026-01-26 00:00:00,2026-02-02 00:00:00,1.4208796296296295,15606.92,False,Duplicate Debit & Billing,User claims account was compromised before transaction.,Low,IN_PROGRESS,Ivr,True
CBK0000528,TXN00003808,USR46923,MCH2685,Transportation,2026-02-19 14:29:00,2026-02-22 00:00:00,,2.3965277777777776,476.92,False,Duplicate Debit & Billing,PAYMENT MADE TO UNKNOWN MERCHANT AS PER CUSTOMER STATEMENT.,Critical,CLOSED,Ivr,True
CBK0002091,TXN00006681,USR26140,MCH5655,Grocery,2026-01-27 00:00:00,2026-01-28 00:00:00,2026-02-24 00:00:00,1.0,946.45,False,Fraud & Account Takeover,Merchant service was not delivered after payment. NA,Medium,REJECTED,Ivr,True
CBK0001235,TXN00010356,USR82947,MCH6407,Grocery,2026-02-23 00:00:00,2026-02-26 00:00:00,2026-03-12 04:52:03,3.0,2359.0,False,Duplicate Debit & Billing,Customer says transaction was not authorized.,High,REJECTED,App,True
CBK0001096,TXN00019163,USR72047,MCH3308,Restaurant,2026-02-17 00:00:00,2026-03-04 00:00:00,,15.0,1202.2,False,Duplicate Debit & Billing,Complaint received after multiple failed attempts.,High,RESOLVED,Ivr,True
CBK0001038,TXN00005386,USR82091,MCH1514,Pharmacy,2026-01-24 00:00:00,2026-02-04 04:50:27,2026-02-11 00:00:00,11.201701388888889,2597.6,False,Customer General Dispute,PAYMENT MADE TO UNKNOWN MERCHANT AS PER CUSTOMER STATEMENT.,Medium,IN_PROGRESS,App,True
CBK0000653,TXN00007307,USR58692,MCH2298,Restaurant,2026-01-15 00:00:00,2026-01-30 00:00:00,2026-02-26 15:09:16,15.0,2349.32,False,Fraud & Account Takeover,User says UPI PIN was not entered by them. call dropped,Medium,CLOSED,Call Center,True
CBK0000456,TXN00009180,USR83586,MCH8928,Pharmacy,2026-01-19 01:14:49,,2026-02-05 00:00:00,,154.21,True,Fraud & Account Takeover,USER REPORTS MONEY DEDUCTED BUT MERCHANT DENIES RECEIVING PAYMENT.,High,IN_PROGRESS,Call Center,True
CBK0000818,TXN00015972,USR83126,MCH2616,Department Store,2026-01-19 00:00:00,2026-01-21 23:22:51,2026-02-19 00:00:00,2.974201388888889,8836.22,False,Service & Delivery Failure,Payment made to unknown merchant as per customer statement.,Critical,REJECTED,Chatbot,True
CBK0002103,TXN00005039,USR38720,MCH9523,Miscellaneous Retail,2026-01-24 00:00:00,2026-01-24 18:26:47,2026-02-19 00:00:00,0.768599537037037,1582.19,False,Service & Delivery Failure,User reports money deducted but merchant denies receiving payment.,High,RESOLVED,Ivr,True
CBK0001868,TXN00015884,USR34835,MCH3992,Transportation,2026-03-04 00:00:00,2026-03-06 00:00:00,2026-04-02 00:00:00,2.0,247.02,False,Customer General Dispute,Payment made to unknown merchant as per customer statement.,High,IN_PROGRESS,Branch,True
CBK0001455,TXN00007357,USR62254,MCH5655,Grocery,2026-01-10 04:54:03,2026-02-09 00:00:00,,29.79579861111111,161.0,False,Duplicate Debit & Billing,Customer says amount was debited twice.,Medium,IN_PROGRESS,Branch,True
CBK0002565,TXN00003516,USR18591,MCH5076,Miscellaneous Retail,,2026-01-18 00:00:00,2026-02-12 12:15:00,,585.31,False,Duplicate Debit & Billing,User claims account was compromised before txn.,High,IN_PROGRESS,App,True
CBK0002508,TXN00015520,USR78921,MCH1369,Restaurant,2026-01-24 00:42:06,2026-02-23 00:00:00,,29.97076388888889,578.15,False,Duplicate Debit & Billing,Customer says txn was not authorized.,Critical,IN_PROGRESS,Branch,True
CBK0002546,TXN00041980,USR82793,MCH1094,Miscellaneous Retail,2026-03-17 00:00:00,2026-03-19 15:57:00,2026-03-19 00:00:00,2.6645833333333333,565.73,False,Fraud & Account Takeover,Suspicious high-value payment disputed by customer. call dropped,High,IN_PROGRESS,Email,False
CBK0000212,TXN00010499,USR18345,MCH6823,Miscellaneous Retail,2026-03-13 03:19:00,2026-03-16 20:19:36,2026-03-27 00:00:00,3.70875,4579.0,False,Fraud & Account Takeover,complaint received after multiple failed attempts.,Low,IN_PROGRESS,Branch,True
CBK0002200,TXN00017653,USR80376,MCH5600,Restaurant,2026-01-16 00:00:00,2026-01-23 00:00:00,2026-01-24 19:11:00,7.0,4402.84,False,Fraud & Account Takeover,User reports money deducted but merchant denies receiving payment.,Medium,IN_PROGRESS,App,True
CBK0001408,TXN00007170,USR49478,MCH8391,Grocery,2026-03-30 20:56:21,2026-03-31 00:00:00,2026-04-01 00:00:00,0.12753472222222223,468.0,False,Customer General Dispute,Merchant service was not delivered after payment.,Medium,IN_PROGRESS,Chatbot,True
CBK0000377,TXN00038189,USR50661,MCH5076,Miscellaneous Retail,2026-01-08 00:00:00,,,,754.07,False,Fraud & Account Takeover,Complaint received after multiple failed attempts.,Medium,IN_PROGRESS,Ivr,False
CBK0001891,TXN00001071,USR11526,MCH9122,Miscellaneous Retail,2026-03-13 00:00:00,2026-03-17 00:00:00,2026-03-31 00:00:00,4.0,2117.2,False,Service & Delivery Failure,Complaint received after multiple failed attempts. NA,Medium,CLOSED,Branch,True
CBK0001866,TXN00008011,USR63376,MCH6063,Hotel & Lodging,2026-01-16 00:00:00,2026-01-19 00:00:00,2026-02-15 00:00:00,3.0,1770.2,False,Fraud & Account Takeover,Suspicious high-value payment disputed by customer.,Medium,RESOLVED,Call Center,True
CBK0000970,TXN00082870,USR36118,MCH1738,Miscellaneous Retail,2026-01-29 00:00:00,2026-01-30 00:00:00,2026-01-30 19:36:00,1.0,543.0,False,Duplicate Debit & Billing,Merchant service was not delivered after payment.,Low,CLOSED,Call Center,False
CBK0002242,TXN00084424,USR30262,MCH6806,Hotel & Lodging,2026-03-18 00:38:07,2026-03-18 00:00:00,2026-03-18 00:00:00,-0.026469907407407407,1535.24,False,Service & Delivery Failure,USER REPORTS MONEY DEDUCTED BUT MERCHANT DENIES RECEIVING PAYMENT.,Low,IN_PROGRESS,Call Center,False
CBK0001560,TXN00001620,USR85566,MCH6810,Pharmacy,,2026-03-23 00:00:00,,,1347.82,False,Fraud & Account Takeover,Suspicious high-value payment disputed by customer.,Low,RESOLVED,Chatbot,True
CBK0000409,TXN00006280,USR91269,MCH4181,Hotel & Lodging,2026-02-18 22:17:11,2026-02-22 14:17:00,2026-03-21 14:17:11,3.666539351851852,1032.66,False,Fraud & Account Takeover,USER CLAIMS ACCOUNT WAS COMPROMISED BEFORE TRANSACTION.,Medium,REJECTED,App,True
CBK0001847,TXN00012093,USR36399,MCH7286,Transportation,2026-02-21 10:24:33,2026-02-28 00:00:00,2026-03-22 00:00:00,6.566284722222222,3867.32,False,Fraud & Account Takeover,Merchant service was not delivered after payment.,Critical,RESOLVED,Ivr,True
CBK0001673,TXN00017039,USR32436,MCH9055,Hotel & Lodging,2026-01-03 00:00:00,2026-01-06 00:00:00,2026-01-21 15:04:59,3.0,1306.0,False,Service & Delivery Failure,user reports money deducted but merchant denies receiving payment.,Low,RESOLVED,Chatbot,True
CBK0000284,TXN00032709,USR91199,MCH7235,Miscellaneous Retail,2026-01-29 00:00:00,,2026-02-13 00:00:00,,4152.0,False,Fraud & Account Takeover,User claims account was compromised before transaction.,Medium,CLOSED,Email,False
CBK0001681,TXN00013474,USR44690,MCH1928,Transportation,2026-03-08 17:42:18,2026-04-07 00:00:00,,29.262291666666666,3303.95,False,Service & Delivery Failure,Payment made to unknown merchant as per customer statement.,Low,IN_PROGRESS,Ivr,True
CBK0001146,TXN00006160,USR11770,MCH4871,Restaurant,2026-03-07 00:00:00,2026-03-14 00:00:00,2026-04-07 00:00:00,7.0,384.6,False,Fraud & Account Takeover,Customer complaint text unclear due to poor call center notes.,Medium,IN_PROGRESS,Branch,True
CBK0000431,TXN00011403,USR76792,MCH3707,Transportation,2026-03-16 00:00:00,2026-03-17 00:00:00,2026-03-22 00:00:00,1.0,88.39,False,Fraud & Account Takeover,user reports money deducted but merchant denies receiving payment.,Low,CLOSED,Branch,True
CBK0000038,TXN00016138,USR75856,MCH5345,Restaurant,2026-02-15 00:00:00,2026-03-18 00:00:00,2026-04-13 00:00:00,31.0,2973.45,False,Duplicate Debit & Billing,Payment made to unknown merchant as per customer statement.,Low,IN_PROGRESS,Ivr,True
CBK0001051,TXN00007915,USR14299,MCH2383,Pharmacy,2026-02-10 03:04:00,2026-03-13 00:00:00,2026-03-18 00:00:00,30.872222222222224,1789.71,False,Fraud & Account Takeover,PAYMENT MADE TO UNKNOWN MERCHANT AS PER CUSTOMER STATEMENT.,Critical,RESOLVED,Call Center,True
CBK0000442,TXN00007729,USR34645,MCH5076,Grocery,2026-01-05 00:00:00,2026-01-09 00:00:00,2026-01-29 00:00:00,4.0,819.04,False,Customer General Dispute,USER CLAIMS ACCOUNT WAS COMPROMISED BEFORE TRANSACTION.,Low,CLOSED,Email,True
CBK0002207,TXN00015126,USR62875,MCH2383,Hotel & Lodging,2026-01-06 00:00:00,2026-01-06 00:00:00,2026-01-23 00:00:00,0.0,2119.11,False,Duplicate Debit & Billing,Customer complaint text unclear due to poor call center notes.,Low,IN_PROGRESS,Chatbot,True
CBK0000536,TXN00017414,USR39006,MCH5032,Transportation,2026-01-10 00:00:00,2026-01-08 00:00:00,2026-02-06 04:32:02,-2.0,12249.71,False,Service & Delivery Failure,Complaint received after multiple failed attempts.,High,CLOSED,Email,True
CBK0000633,TXN00013693,USR72322,MCH8732,Grocery,2026-03-19 17:11:52,2026-03-21 00:00:00,,1.283425925925926,1899.73,False,Service & Delivery Failure,Merchant service was not delivered after payment.,High,RESOLVED,Ivr,True
CBK0002622,TXN00018833,USR92174,MCH4861,Grocery,2026-02-05 00:00:00,2026-02-13 13:09:19,2026-02-19 00:00:00,8.548136574074075,-451.83,False,Fraud & Account Takeover,Customer says transaction was not authorized.,Critical,RESOLVED,Chatbot,True
CBK0001117,TXN00012679,USR13963,MCH3522,Transportation,2026-02-07 00:00:00,2026-02-09 00:00:00,,2.0,1851.93,False,Duplicate Debit & Billing,Complaint received after multiple failed attempts.,Medium,IN_PROGRESS,App,True
CBK0000939,TXN00009825,USR24660,MCH9618,Grocery,2026-03-26 00:00:00,2026-03-29 06:03:00,2026-04-25 00:00:00,3.252083333333333,3080.0,False,Customer General Dispute,Complaint received after multiple failed attempts.,Low,RESOLVED,Branch,True
CBK0001090,TXN00016195,USR85787,MCH4442,Hotel & Lodging,2026-03-11 00:00:00,2026-03-22 01:33:06,2026-04-13 00:00:00,11.064652777777777,471.0,False,Service & Delivery Failure,User says UPI PIN was not entered by them.,Low,IN_PROGRESS,Branch,True
CBK0001682,TXN00010834,USR67399,MCH8675,Grocery,2026-03-12 15:00:00,2026-03-23 00:00:00,,10.375,1750.36,False,Duplicate Debit & Billing,Customer complaint text unclear due to poor call center notes.,Medium,IN_PROGRESS,Chatbot,True
CBK0001294,TXN00019221,USR67336,MCH7286,Transportation,2026-03-10 08:05:58,2026-03-17 00:00:00,2026-04-04 21:05:58,6.662523148148148,596.6,False,Customer General Dispute,Customer says txn was not authorized.,Medium,CLOSED,Branch,True
CBK0001189,TXN00015243,USR90963,MCH4871,Pharmacy,2026-02-14 13:48:33,2026-02-14 00:00:00,2026-03-05 14:48:33,-0.5753819444444445,448.21,False,Customer General Dispute,Merchant service was not delivered after payment.,Medium,REJECTED,Chatbot,True
CBK0000070,TXN00019236,USR39755,MCH6038,Restaurant,2026-03-26 13:55:00,2026-04-10 23:55:00,2026-05-08 00:00:00,15.416666666666666,3160.25,False,Fraud & Account Takeover,Payment made to unknown merchant as per customer statement.,High,RESOLVED,Email,True
CBK0000476,TXN00076059,USR36575,MCH1929,Books & Stationery,2026-03-29 00:00:00,2026-04-01 00:00:00,,3.0,1726.97,False,Duplicate Debit & Billing,Payment made to unknown merchant as per customer statement.,High,IN_PROGRESS,Ivr,False
CBK0000092,TXN00019596,USR96380,MCH3161,Hotel & Lodging,2026-02-23 05:30:01,,,,2991.63,False,Duplicate Debit & Billing,Customer says amount was debited twice.,High,RESOLVED,Chatbot,True
CBK0000095,TXN00006584,USR85655,MCH1599,Pharmacy,2026-03-03 21:45:00,2026-03-04 00:00:00,2026-03-18 00:00:00,0.09375,1087.37,False,Service & Delivery Failure,Merchant service was not delivered after payment.,Medium,IN_PROGRESS,Call Center,True
CBK0000861,TXN00016940,USR83977,MCH1995,Hotel & Lodging,2026-01-05 00:00:00,2026-01-07 01:02:00,2026-01-24 00:00:00,2.0430555555555556,7669.97,False,Duplicate Debit & Billing,Payment made to unknown merchant as per customer statement.,Medium,RESOLVED,Branch,True
CBK0000040,TXN00009861,USR84241,MCH1811,Hotel & Lodging,2026-02-05 00:00:00,2026-02-08 00:00:00,2026-02-15 15:27:00,3.0,883.5,False,Service & Delivery Failure,User reports money deducted but merchant denies receiving payment.,High,RESOLVED,Email,True
CBK0001663,TXN00008414,USR40891,MCH1873,Grocery,2026-02-23 00:00:00,2026-03-01 13:21:00,,6.55625,-1523.73,False,Service & Delivery Failure,user says upi pin was not entered by them.,High,IN_PROGRESS,Chatbot,True
CBK0001483,TXN00004890,USR15275,MCH1320,Pharmacy,2026-01-06 00:00:00,2026-01-02 00:00:00,,-4.0,17254.0,True,Duplicate Debit & Billing,suspicious high-value payment disputed by customer.,Low,CLOSED,Ivr,True
CBK0002538,TXN00018880,USR86824,MCH3870,Grocery,2026-01-13 00:00:00,2026-01-29 12:17:00,2026-02-18 00:00:00,16.511805555555554,2224.0,False,Fraud & Account Takeover,User reports money deducted but merchant denies receiving payment.,Low,REJECTED,Branch,True
CBK0000838,TXN00002790,USR38178,MCH9291,Restaurant,2026-01-30 05:36:28,,2026-02-09 00:00:00,,870.0,False,Duplicate Debit & Billing,User reports money deducted but merchant denies receiving payment.,Medium,CLOSED,Chatbot,True
CBK0000514,TXN00091755,USR83157,MCH3365,Miscellaneous Retail,2026-03-24 11:00:58,,2026-04-22 00:00:00,,3762.83,False,Fraud & Account Takeover,COMPLAINT RECEIVED AFTER MULTIPLE FAILED ATTEMPTS.,Critical,IN_PROGRESS,App,False
CBK0001432,TXN00014015,USR84470,MCH4732,Restaurant,2026-02-07 00:00:00,2026-02-12 00:00:00,2026-03-10 00:00:00,5.0,1855.84,False,Duplicate Debit & Billing,MERCHANT SERVICE WAS NOT DELIVERED AFTER PAYMENT.,Medium,IN_PROGRESS,Ivr,True
CBK0000434,TXN00002783,USR21986,MCH9344,Grocery,2026-01-10 02:14:17,2026-01-25 00:00:00,2026-02-19 10:14:17,14.906747685185184,447.3,False,Fraud & Account Takeover,Customer says amount was debited twice.,Medium,CLOSED,Ivr,True
CBK0002619,TXN00000071,USR86538,MCH2766,Miscellaneous Retail,2026-01-25 00:00:00,2026-01-27 18:40:21,,2.778020833333333,3311.22,False,Fraud & Account Takeover,Suspicious high-value payment disputed by customer. urgent,Medium,IN_PROGRESS,Call Center,True
CBK0001446,TXN00017598,USR51720,MCH4274,Grocery,2026-01-22 19:24:28,,2026-02-27 00:00:00,,819.3,False,Customer General Dispute,CUSTOMER SAYS AMOUNT WAS DEBITED TWICE.,Medium,CLOSED,Branch,True
CBK0002673,TXN00017755,USR27181,MCH6810,Department Store,2026-02-02 22:47:32,2026-02-06 08:47:00,2026-02-14 00:00:00,3.4162962962962964,3261.84,False,Duplicate Debit & Billing,Customer says amount was debited twice.,Medium,CLOSED,Email,True
CBK0000313,TXN00000248,USR50945,MCH5264,Transportation,2026-01-25 01:32:00,2026-01-26 05:32:05,2026-02-01 00:00:00,1.166724537037037,1984.03,False,Customer General Dispute,customer says amount was debited twice.,Low,CLOSED,Chatbot,True
CBK0000911,TXN00002114,USR52444,MCH1797,Grocery,2026-01-26 14:20:00,2026-02-26 00:00:00,,30.40277777777778,4126.61,False,Fraud & Account Takeover,Customer says amount was debited twice.,Low,REJECTED,Branch,True
CBK0001457,TXN00004271,USR60321,MCH2200,Pharmacy,2026-03-06 15:12:38,2026-03-13 23:12:00,,7.332893518518518,2672.78,False,Service & Delivery Failure,User reports money deducted but merchant denies receiving payment.,Low,IN_PROGRESS,App,True
CBK0000071,TXN00008538,USR89774,MCH8569,Grocery,2026-02-08 00:00:00,2026-02-10 14:50:39,,2.6185069444444444,2850.0,False,Fraud & Account Takeover,Customer complaint text unclear due to poor call center notes.,Medium,REJECTED,Chatbot,True
CBK0001767,TXN00003813,USR78593,MCH3210,Transportation,2026-01-09 14:05:22,2026-01-11 00:00:00,,1.412939814814815,5758.61,False,Fraud & Account Takeover,PAYMENT MADE TO UNKNOWN MERCHANT AS PER CUSTOMER STATEMENT.,Low,RESOLVED,Email,True
CBK0002661,TXN00015325,USR25636,MCH1585,Transportation,,2026-02-20 00:00:00,2026-02-21 00:00:00,,5464.95,False,Service & Delivery Failure,Merchant service was not delivered after payment.,Medium,REJECTED,Call Center,True
CBK0002127,TXN00007220,USR63182,MCH9060,Grocery,2026-01-05 00:00:00,2026-01-08 00:00:00,2026-01-12 00:00:00,3.0,4676.01,False,Fraud & Account Takeover,Customer complaint text unclear due to poor call center notes.,Medium,IN_PROGRESS,Branch,True
CBK0002697,TXN00004642,USR90463,MCH5765,Hotel & Lodging,2026-03-13 01:00:19,2026-03-14 00:00:00,,0.958113425925926,1778.23,False,Fraud & Account Takeover,Suspicious high-value payment disputed by customer.,Medium,IN_PROGRESS,Ivr,True
CBK0001263,TXN00002462,USR87914,MCH6026,Grocery,2026-01-03 00:00:00,2026-01-04 13:43:14,2026-01-07 00:00:00,1.5716898148148148,2723.0,False,Duplicate Debit & Billing,User says UPI PIN was not entered by them.,High,RESOLVED,Call Center,True
CBK0002161,TXN00005572,USR72135,MCH4577,Grocery,2026-01-26 00:00:00,,2026-02-02 04:34:00,,-1181.23,False,Fraud & Account Takeover,Customer says amount was debited twice.,Low,REJECTED,Email,True
CBK0001347,TXN00016394,USR93953,MCH3886,Grocery,2026-03-27 07:12:43,2026-03-30 00:00:00,2026-03-31 04:12:00,2.699502314814815,1503.32,False,Service & Delivery Failure,User says UPI PIN was not entered by them.,Low,IN_PROGRESS,App,True
CBK0002140,TXN00013237,USR59679,MCH1712,Grocery,2026-01-23 00:00:00,2026-01-24 20:01:00,,1.8340277777777778,405.0,False,Fraud & Account Takeover,User claims account was compromised before transaction.,Medium,IN_PROGRESS,Call Center,True
CBK0000743,TXN00005962,USR43455,MCH1477,Grocery,2026-03-16 00:00:00,2026-03-22 00:00:00,,6.0,354.48,False,Fraud & Account Takeover,Suspicious high-value payment disputed by customer.,Medium,IN_PROGRESS,Ivr,True
CBK0001876,,USR39217,MCH8156,Miscellaneous Retail,2026-03-06 00:00:00,2026-03-21 00:00:00,,15.0,927.0,False,Duplicate Debit & Billing,User claims account was compromised before transaction.,Low,RESOLVED,Chatbot,False
CBK0001874,TXN00004675,USR30340,MCH7982,Hotel & Lodging,2026-03-21 00:00:00,2026-04-06 22:58:00,,16.956944444444446,258.2,False,Service & Delivery Failure,Complaint received after multiple failed attempts.,High,IN_PROGRESS,Chatbot,True
CBK0001715,TXN00010566,USR83077,MCH9707,Transportation,2026-02-21 00:00:00,2026-02-24 00:00:00,2026-03-01 19:01:00,3.0,3265.07,False,Fraud & Account Takeover,Payment made to unknown merchant as per cust statement.,Medium,REJECTED,Ivr,True
CBK0000544,TXN00016205,USR41135,MCH4873,Grocery,2026-03-21 00:00:00,2026-03-20 00:00:00,2026-04-13 00:00:00,-1.0,3052.0,False,Fraud & Account Takeover,suspicious high-value payment disputed by customer.,Low,RESOLVED,Chatbot,True
CBK0000007,TXN00017412,USR26201,MCH8154,Pharmacy,2026-02-16 22:23:08,2026-02-17 00:00:00,2026-02-18 05:23:00,0.06726851851851852,1505.0,False,Service & Delivery Failure,Complaint received after multiple failed attempts.,Low,IN_PROGRESS,App,True
CBK0002040,TXN00019376,USR95000,MCH8391,Grocery,,2026-01-09 18:31:00,2026-01-10 00:00:00,,439.77,False,Duplicate Debit & Billing,MERCHANT SERVICE WAS NOT DELIVERED AFTER PAYMENT.,High,IN_PROGRESS,Branch,True
CBK0002551,TXN00011968,USR52233,MCH3341,Grocery,2026-02-12 00:00:00,2026-03-14 00:00:00,2026-03-18 00:00:00,30.0,-4809.04,False,Fraud & Account Takeover,User says UPI PIN was not entered by them.,Medium,IN_PROGRESS,Chatbot,True
CBK0000800,TXN00008407,USR54047,MCH8953,Transportation,2026-03-29 00:00:00,2026-03-29 00:00:00,2026-04-22 00:00:00,0.0,2017.17,False,Fraud & Account Takeover,Customer says transaction was not authorized. urgent,Medium,CLOSED,Ivr,True
CBK0001603,TXN00007165,USR26534,MCH2266,Miscellaneous Retail,2026-03-03 00:00:00,2026-03-06 00:00:00,2026-03-09 18:27:00,3.0,676.0,False,Duplicate Debit & Billing,suspicious high-value payment disputed by customer.,Low,CLOSED,App,True
CBK0002563,TXN00004512,USR79645,MCH1381,Transportation,2026-02-11 00:00:00,2026-02-13 00:00:00,2026-02-25 14:14:00,2.0,1358.0,False,Duplicate Debit & Billing,Merchant service was not delivered after payment.,Low,IN_PROGRESS,Email,True
CBK0001982,TXN00003383,USR14096,MCH7078,Hotel & Lodging,2026-03-01 00:00:00,2026-03-07 00:00:00,2026-03-08 10:23:47,6.0,1589.0,False,Fraud & Account Takeover,Complaint received after multiple failed attempts.,Low,RESOLVED,App,True
CBK0001850,TXN00000410,USR29306,MCH9778,Restaurant,2026-01-23 00:00:00,2026-01-29 00:00:00,2026-02-02 05:21:02,6.0,388.0,False,Fraud & Account Takeover,User claims account was compromised before transaction.,High,IN_PROGRESS,App,True
CBK0000810,TXN00008813,USR55160,MCH9104,Hotel & Lodging,2026-03-15 00:00:00,,,,-825.92,False,Customer General Dispute,User says UPI PIN was not entered by them.,Low,IN_PROGRESS,Call Center,True
CBK0000188,TXN00001256,USR74352,MCH1724,Department Store,2026-01-20 03:59:31,2026-01-21 00:00:00,2026-02-01 22:59:00,0.8336689814814815,10763.34,True,Duplicate Debit & Billing,payment made to unknown merchant as per customer statement.,High,RESOLVED,Email,True
CBK0000806,TXN00010423,USR91337,MCH8154,Hotel & Lodging,,2026-02-25 04:33:00,2026-03-03 00:00:00,,1285.39,False,Service & Delivery Failure,User reports money deducted but merchant denies receiving payment.,Low,REJECTED,App,True
CBK0001458,TXN00002805,USR85655,MCH1702,Restaurant,2026-02-18 00:00:00,2026-03-05 00:00:00,2026-03-28 00:00:00,15.0,1623.96,False,Duplicate Debit & Billing,User claims account was compromised before transaction. call dropped,Medium,CLOSED,Branch,True
CBK0001348,TXN00006710,USR80160,MCH8221,Restaurant,2026-03-28 11:14:00,2026-03-30 00:00:00,2026-04-07 00:00:00,1.5319444444444446,2194.0,False,Fraud & Account Takeover,USER CLAIMS ACCOUNT WAS COMPROMISED BEFORE TRANSACTION.,High,IN_PROGRESS,Ivr,True
CBK0002428,TXN00009714,USR79175,MCH8542,Pharmacy,2026-02-15 22:57:47,2026-03-03 00:00:00,2026-04-02 00:00:00,15.043206018518518,807.62,False,Duplicate Debit & Billing,Customer says transaction was not authorized.,Low,CLOSED,Branch,True
CBK0002255,TXN00008016,USR72981,MCH7286,Grocery,2026-01-01 23:32:29,2026-01-02 00:00:00,,0.019108796296296297,1364.41,False,Fraud & Account Takeover,Customer says amount was debited twice. NA,Low,IN_PROGRESS,Chatbot,True
CBK0001215,TXN00007445,USR46899,MCH9910,Grocery,2026-01-24 18:17:00,2026-01-27 00:00:00,,2.2381944444444444,3055.0,False,Fraud & Account Takeover,User says UPI PIN was not entered by them. pls check asap,Medium,RESOLVED,Ivr,True
CBK0002709,TXN00003581,USR40538,MCH8057,Transportation,2026-01-27 00:00:00,2026-02-26 10:26:00,2026-03-08 00:00:00,30.434722222222224,3616.02,False,Fraud & Account Takeover,Merchant service was not delivered after payment.,Medium,IN_PROGRESS,Ivr,True
CBK0001714,TXN00019200,USR10307,MCH3670,Grocery,2026-01-23 04:45:00,2026-01-24 13:45:28,2026-02-20 00:00:00,1.375324074074074,1186.0,False,Customer General Dispute,Complaint received after multiple failed attempts.,Medium,IN_PROGRESS,Chatbot,True
CBK0000074,TXN00018905,USR67079,MCH5054,Miscellaneous Retail,2026-02-09 00:00:00,2026-02-10 00:00:00,,1.0,547.94,False,Customer General Dispute,Suspicious high-value payment disputed by customer. pls check asap,High,IN_PROGRESS,Branch,True
CBK0002061,TXN00000123,USR25645,MCH1279,Grocery,2026-01-26 00:00:00,2026-01-30 00:00:00,,4.0,4808.45,False,Fraud & Account Takeover,User says UPI PIN was not entered by them.,High,IN_PROGRESS,Email,True
CBK0000846,TXN00018851,USR98606,MCH9609,Grocery,2026-03-18 00:00:00,2026-04-17 14:56:00,,30.622222222222224,2087.83,False,Customer General Dispute,User says UPI PIN was not entered by them.,High,IN_PROGRESS,App,True
CBK0000427,TXN00013526,USR91283,MCH5276,Pharmacy,,2026-03-29 00:00:00,,,1210.19,False,Fraud & Account Takeover,Payment made to unknown merchant as per customer statement.,Critical,RESOLVED,Chatbot,True
CBK0001036,TXN00015494,USR80517,MCH8983,Restaurant,,2026-01-29 00:00:00,2026-01-31 00:00:00,,1459.8,False,Fraud & Account Takeover,customer complaint text unclear due to poor call center notes.,Critical,REJECTED,Ivr,True
CBK0001174,TXN00005857,USR50126,MCH4181,Hotel & Lodging,2026-02-17 00:00:00,2026-03-20 00:00:00,2026-04-12 00:00:00,31.0,-244.97,False,Duplicate Debit & Billing,Customer says amount was debited twice.,Low,IN_PROGRESS,Chatbot,True
CBK0000225,TXN00000007,USR30925,MCH5655,Pharmacy,2026-02-07 05:47:09,2026-02-09 00:00:00,2026-02-12 18:47:00,1.758923611111111,2231.72,False,Fraud & Account Takeover,User reports money deducted but merchant denies receiving payment.,High,IN_PROGRESS,Email,True
CBK0000472,TXN00001422,USR49251,MCH7171,Restaurant,2026-02-20 00:00:00,2026-02-21 00:00:00,2026-02-26 02:45:57,1.0,2080.17,False,Fraud & Account Takeover,User claims account was compromised before transaction.,Low,CLOSED,Ivr,True
CBK0000673,TXN00006799,USR90390,MCH2514,Hotel & Lodging,2026-01-04 00:00:00,2026-01-19 00:00:00,2026-02-09 00:00:00,15.0,7272.77,False,Fraud & Account Takeover,customer complaint text unclear due to poor call center notes.,Medium,REJECTED,Email,True
CBK0001783,TXN00003103,USR31416,MCH8794,Hotel & Lodging,2026-01-24 15:01:00,2026-01-26 00:00:00,2026-02-03 00:00:00,1.3743055555555554,7765.0,False,Service & Delivery Failure,SUSPICIOUS HIGH-VALUE PAYMENT DISPUTED BY CUSTOMER.,Low,RESOLVED,Ivr,True
CBK0000232,TXN00019245,USR86563,MCH2065,Grocery,2026-01-01 00:00:00,2026-01-11 00:00:00,,10.0,2823.84,False,Customer General Dispute,User claims account was compromised before transaction.,Low,RESOLVED,Email,True
CBK0001610,TXN00008090,USR29627,MCH9644,Miscellaneous Retail,2026-03-28 23:39:25,2026-03-31 00:00:00,,2.0142939814814813,3349.24,False,Duplicate Debit & Billing,Merchant service was not delivered after payment.,Medium,IN_PROGRESS,Call Center,True
CBK0002361,TXN00010080,USR53138,MCH7137,Restaurant,2026-03-08 00:00:00,2026-03-14 08:24:12,2026-04-11 00:00:00,6.350138888888889,824.94,False,Fraud & Account Takeover,Customer says transaction was not authorized.,Medium,CLOSED,App,True
CBK0000281,TXN00017953,USR13544,MCH2334,Transportation,2026-01-04 01:24:00,2026-01-06 19:24:02,,2.750023148148148,6427.42,False,Service & Delivery Failure,Complaint received after multiple failed attempts.,Medium,RESOLVED,App,True
CBK0001871,TXN00009076,USR67496,MCH3100,Grocery,2026-03-30 00:00:00,2026-03-31 11:44:40,2026-04-28 00:00:00,1.4893518518518518,1552.98,False,Fraud & Account Takeover,Customer complaint text unclear due to poor call center notes.,High,IN_PROGRESS,Branch,True
CBK0000436,TXN00012192,USR93581,MCH4547,Hotel & Lodging,2026-02-24 00:00:00,2026-04-11 00:00:00,2026-05-07 00:00:00,46.0,-5520.5,False,Service & Delivery Failure,Customer says transaction was not authorized. pls check asap,Medium,IN_PROGRESS,Branch,True
CBK0001824,TXN00016562,USR59778,MCH2822,Transportation,2026-01-10 00:00:00,2026-01-15 13:06:53,,5.5464467592592595,709.53,False,Fraud & Account Takeover,Customer says transaction was not authorized.,Low,CLOSED,Call Center,True
CBK0002068,TXN00009416,USR13134,MCH9782,Grocery,2026-03-07 00:00:00,2026-03-09 13:28:00,2026-03-17 00:00:00,2.561111111111111,4883.77,False,Fraud & Account Takeover,Payment made to unknown merchant as per cust statement.,Low,IN_PROGRESS,Ivr,True
CBK0000756,TXN00017864,USR17657,MCH1702,Restaurant,2026-03-01 00:00:00,2026-03-05 00:00:00,,4.0,-2911.37,False,Service & Delivery Failure,Customer says amount was debited twice.,High,IN_PROGRESS,Ivr,True
CBK0002112,TXN00002782,USR94403,MCH2757,Restaurant,2026-02-14 18:10:29,2026-02-17 00:00:00,2026-03-19 12:10:29,2.2427199074074076,3648.19,False,Fraud & Account Takeover,Customer says txn was not authorized.,High,IN_PROGRESS,Call Center,True
CBK0001881,TXN00008840,USR73167,MCH4857,Pharmacy,2026-01-13 00:00:00,2026-01-18 00:00:00,,5.0,1257.85,False,Duplicate Debit & Billing,Customer says amount was debited twice.,High,IN_PROGRESS,Branch,True
CBK0002343,TXN00015911,USR29306,MCH9294,Miscellaneous Retail,2026-02-16 00:00:00,2026-04-02 00:00:00,2026-04-29 00:00:00,45.0,1701.23,False,Duplicate Debit & Billing,User claims account was compromised before transaction.,High,REJECTED,App,True
CBK0002173,TXN00013107,USR82940,MCH2266,Transportation,2026-03-28 00:00:00,2026-04-12 00:00:00,2026-04-15 00:00:00,15.0,2242.79,False,Fraud & Account Takeover,Customer says transaction was not authorized. details missing,Low,IN_PROGRESS,Email,True
CBK0002433,TXN00013653,USR85471,MCH6459,Pharmacy,2026-02-02 03:05:01,2026-02-17 22:05:01,,15.791666666666666,-555.33,False,Duplicate Debit & Billing,Customer says amount was debited twice.,Medium,IN_PROGRESS,Chatbot,True
CBK0000129,TXN00009368,USR60939,MCH4143,Grocery,2026-03-01 00:00:00,2026-03-03 00:00:00,2026-03-11 20:10:00,2.0,2931.23,False,Service & Delivery Failure,MERCHANT SERVICE WAS NOT DELIVERED AFTER PAYMENT.,Low,REJECTED,Email,True
CBK0000801,TXN00000284,USR94447,MCH5873,Grocery,2026-03-06 06:58:00,2026-03-21 12:58:56,2026-04-20 00:00:00,15.250648148148148,2676.58,False,Fraud & Account Takeover,Customer says amount was debited twice.,Medium,RESOLVED,Ivr,True
CBK0001337,TXN00011351,USR28182,MCH2065,Grocery,2026-01-05 00:00:00,2026-01-08 00:00:00,,3.0,4601.18,False,Duplicate Debit & Billing,Customer says transaction was not authorized.,Medium,IN_PROGRESS,Email,True
CBK0001544,TXN00010606,USR12233,MCH9344,Transportation,2026-03-21 23:56:00,,2026-04-16 09:56:11,,13028.67,False,Service & Delivery Failure,Customer complaint text unclear due to poor call center notes.,High,RESOLVED,Chatbot,True
CBK0002110,TXN00019908,USR76321,MCH5838,Restaurant,2026-02-03 00:00:00,2026-02-18 00:00:00,2026-02-22 00:00:00,15.0,14932.0,False,Fraud & Account Takeover,customer complaint text unclear due to poor call center notes.,Low,IN_PROGRESS,Chatbot,True
CBK0001660,TXN00002347,USR11036,MCH2383,Pharmacy,2026-03-08 00:42:06,2026-03-09 00:00:00,2026-04-01 00:00:00,0.9707638888888889,1200.09,False,Service & Delivery Failure,suspicious high-value payment disputed by customer.,Medium,REJECTED,Ivr,True
CBK0000341,TXN00009379,USR68432,MCH6606,Restaurant,2026-03-20 14:08:47,2026-03-23 00:00:00,2026-03-31 06:08:47,2.4105671296296296,578.72,False,Duplicate Debit & Billing,Suspicious high-value payment disputed by customer.,High,CLOSED,Ivr,True
CBK0001304,TXN00017396,USR40538,MCH9984,Restaurant,,2026-03-18 00:00:00,2026-03-18 05:40:59,,642.07,False,Fraud & Account Takeover,User reports money deducted but merchant denies receiving payment.,High,IN_PROGRESS,Call Center,True
CBK0001062,TXN00012810,USR43890,MCH7683,Pharmacy,2026-01-26 00:00:00,2026-02-10 16:43:00,2026-03-10 00:00:00,15.696527777777778,14920.61,True,Duplicate Debit & Billing,User reports money deducted but merchant denies receiving payment.,Low,IN_PROGRESS,Ivr,True
CBK0002330,TXN00007824,USR15414,MCH7186,Transportation,2026-03-24 00:00:00,2026-03-27 06:06:46,,3.254699074074074,1375.65,False,Service & Delivery Failure,Suspicious high-value payment disputed by cust.,Medium,REJECTED,Call Center,True
CBK0001222,TXN00004174,USR60027,MCH2402,Transportation,2026-02-22 00:00:00,2026-03-10 00:00:00,2026-03-24 00:40:00,16.0,26842.07,False,Fraud & Account Takeover,Customer complaint text unclear due to poor call center notes.,Critical,REJECTED,Chatbot,True
CBK0000815,TXN00014312,USR67696,MCH5671,Pharmacy,2026-01-16 00:00:00,2026-01-17 00:00:00,2026-02-10 00:00:00,1.0,4063.03,False,Fraud & Account Takeover,User says UPI PIN was not entered by them.,Low,IN_PROGRESS,Call Center,True
CBK0001725,TXN00007324,USR35882,MCH8337,Restaurant,2026-02-03 09:39:26,2026-02-06 00:00:00,2026-02-13 00:00:00,2.5976157407407405,175.45,False,Customer General Dispute,Customer says transaction was not authorized.,High,CLOSED,App,True
CBK0000186,TXN00016957,USR98066,MCH1945,Restaurant,2026-03-17 00:00:00,2026-04-16 00:00:00,2026-05-11 20:04:57,30.0,1444.28,False,Fraud & Account Takeover,user reports money deducted but merchant denies receiving payment.,Low,RESOLVED,Branch,True
CBK0000290,TXN00000426,USR31371,MCH4811,Hotel & Lodging,2026-03-10 00:00:00,2026-04-10 00:00:00,2026-04-28 12:40:00,31.0,13742.73,True,Customer General Dispute,Customer complaint text unclear due to poor call center notes.,Medium,REJECTED,Ivr,True
CBK0000141,TXN00006360,USR82731,MCH8970,Grocery,2026-02-25 00:00:00,2026-02-27 00:00:00,2026-03-14 00:00:00,2.0,1731.1,False,Duplicate Debit & Billing,Complaint received after multiple failed attempts. details missing,Low,IN_PROGRESS,Chatbot,True
CBK0000882,TXN00018975,USR38277,MCH9872,Restaurant,2026-01-11 00:00:00,,2026-01-19 00:00:00,,701.39,False,Customer General Dispute,Payment made to unknown merchant as per customer statement.,High,CLOSED,Ivr,True
CBK0001227,TXN00007552,USR61339,MCH4281,Restaurant,2026-01-01 00:00:00,2026-01-09 00:00:00,,8.0,12509.66,False,Service & Delivery Failure,Payment made to unknown merchant as per customer statement.,Low,CLOSED,Email,True
CBK0000730,TXN00009351,USR52558,MCH2688,Pharmacy,2026-03-04 00:00:00,2026-03-06 14:47:30,2026-03-25 00:00:00,2.6163194444444446,1026.98,False,Service & Delivery Failure,Merchant service was not delivered after payment.,Medium,IN_PROGRESS,App,True
CBK0002607,TXN00010699,USR18453,MCH9441,Hotel & Lodging,2026-03-27 21:25:00,2026-03-30 02:25:11,2026-04-15 00:00:00,2.208460648148148,428.88,False,Fraud & Account Takeover,USER SAYS UPI PIN WAS NOT ENTERED BY THEM.,Critical,IN_PROGRESS,Ivr,True
CBK0002456,TXN00015278,USR97030,MCH7914,Hotel & Lodging,2026-03-29 13:39:54,2026-04-08 19:39:54,2026-04-23 19:39:54,10.25,1070.58,False,Duplicate Debit & Billing,Complaint received after multiple failed attempts. urgent,Medium,RESOLVED,App,True
CBK0001405,TXN00032094,USR48929,MCH2565,Miscellaneous Retail,2026-02-16 00:00:00,2026-02-20 00:00:00,2026-03-22 19:28:00,4.0,1381.95,False,Duplicate Debit & Billing,User reports money deducted but merchant denies receiving payment.,Medium,IN_PROGRESS,Chatbot,False
CBK0001843,TXN00015367,USR17315,MCH1269,Restaurant,,2026-01-28 00:00:00,2026-02-22 00:00:00,,3023.77,False,Fraud & Account Takeover,Suspicious high-value payment disputed by customer.,Critical,IN_PROGRESS,Chatbot,True
CBK0000565,TXN00007016,USR34955,MCH4574,Hotel & Lodging,2026-02-05 00:00:00,2026-02-15 00:00:00,2026-03-15 12:45:03,10.0,1144.6,False,Fraud & Account Takeover,Customer complaint text unclear due to poor call center notes.,High,REJECTED,App,True
CBK0001797,TXN00007084,USR14626,MCH7878,Grocery,2026-02-07 00:00:00,2026-02-10 00:00:00,,3.0,2000.05,False,Customer General Dispute,Complaint received after multiple failed attempts.,Low,RESOLVED,Ivr,True
CBK0000441,TXN00002216,USR58639,MCH4339,Hotel & Lodging,,2026-03-12 00:00:00,2026-04-08 00:00:00,,5160.27,False,Duplicate Debit & Billing,user claims account was compromised before transaction.,Low,REJECTED,Ivr,True
CBK0001791,TXN00002382,USR91799,MCH9069,Grocery,2026-01-02 22:06:00,2026-01-04 02:06:30,2026-01-31 00:00:00,1.1670138888888888,44046.77,False,Duplicate Debit & Billing,Complaint received after multiple failed attempts.,Low,CLOSED,App,True
CBK0000240,TXN00014390,USR75856,MCH4429,Miscellaneous Retail,2026-01-12 00:00:00,2026-01-15 10:39:00,2026-01-29 00:00:00,3.44375,793.04,False,Duplicate Debit & Billing,Customer says transaction was not authorized.,Low,IN_PROGRESS,Chatbot,True
CBK0000051,TXN00015825,USR97494,MCH6181,Pharmacy,2026-03-19 00:00:00,2026-04-03 00:00:00,2026-04-24 00:00:00,15.0,272.77,False,Fraud & Account Takeover,payment made to unknown merchant as per customer statement.,Critical,RESOLVED,Chatbot,True
CBK0002095,TXN00004933,USR43455,MCH2566,Transportation,2026-01-26 00:00:00,2026-02-06 00:00:00,2026-03-08 00:00:00,11.0,4720.79,False,Service & Delivery Failure,Suspicious high-value payment disputed by customer.,Low,CLOSED,Chatbot,True
CBK0001001,TXN00011430,USR72135,MCH4504,Hotel & Lodging,2026-03-23 13:00:00,2026-03-25 00:00:00,2026-03-27 23:00:00,1.4583333333333333,-1138.68,False,Duplicate Debit & Billing,Customer says transaction was not authorized.,Medium,RESOLVED,Email,True
CBK0000199,TXN00014454,USR65385,MCH9061,Grocery,2026-01-01 00:00:00,,,,752.03,False,Fraud & Account Takeover,User says UPI PIN was not entered by them. call dropped,Low,CLOSED,App,True
CBK0002434,TXN00017925,USR13134,MCH5284,Grocery,2026-01-07 02:25:00,,2026-01-27 00:00:00,,1402.12,False,Customer General Dispute,User claims account was compromised before transaction.,Medium,IN_PROGRESS,Email,True
CBK0000200,TXN00015054,USR51506,MCH5954,Grocery,2026-03-20 00:00:00,2026-05-04 00:00:00,2026-05-09 20:49:00,45.0,-6049.12,False,Fraud & Account Takeover,User reports money deducted but merchant denies receiving payment.,Medium,IN_PROGRESS,Ivr,True
CBK0000674,TXN00095066,USR27533,MCH5993,Miscellaneous Retail,2026-03-01 00:00:00,,2026-03-10 00:00:00,,731.0,False,Fraud & Account Takeover,customer says amount was debited twice.,Medium,RESOLVED,App,False
CBK0001886,TXN00004693,USR44959,MCH7728,Pharmacy,2026-01-27 00:00:00,2026-01-29 00:00:00,,2.0,3249.99,False,Duplicate Debit & Billing,User says UPI PIN was not entered by them.,Low,IN_PROGRESS,App,True
CBK0000793,TXN00006175,USR62254,MCH4226,Pharmacy,2026-02-27 00:00:00,2026-02-28 09:53:08,,1.411898148148148,709.86,False,Service & Delivery Failure,Suspicious high-value payment disputed by cust.,Low,IN_PROGRESS,Ivr,True
CBK0001639,TXN00005636,USR63938,MCH1320,Grocery,2026-02-02 00:00:00,2026-02-03 00:00:00,2026-02-12 11:56:31,1.0,1118.0,False,Duplicate Debit & Billing,user claims account was compromised before transaction.,Medium,CLOSED,Email,True
CBK0000875,TXN00007782,USR71887,MCH4181,Pharmacy,,2026-01-16 00:00:00,2026-01-27 00:00:00,,-647.02,False,Fraud & Account Takeover,User claims account was compromised before transaction.,Low,IN_PROGRESS,Ivr,True
CBK0001931,TXN00002531,USR10307,MCH4473,Restaurant,2026-02-16 00:00:00,,,,1017.5,False,Duplicate Debit & Billing,Customer complaint text unclear due to poor call center notes.,Medium,IN_PROGRESS,Ivr,True
CBK0001735,TXN00017962,USR81878,MCH2822,Restaurant,2026-01-13 03:38:00,2026-02-27 00:00:00,2026-03-16 23:38:14,44.84861111111111,2741.61,False,Duplicate Debit & Billing,Payment made to unknown merchant as per customer statement.,Low,IN_PROGRESS,App,True
CBK0000478,TXN00014062,USR69966,MCH2822,Grocery,2026-02-25 19:59:11,2026-02-26 00:00:00,2026-03-25 15:59:00,0.16723379629629628,1078.9,False,Fraud & Account Takeover,User claims account was compromised before transaction.,Low,IN_PROGRESS,Branch,True
CBK0001505,TXN00001496,USR40061,MCH3765,Grocery,2026-03-04 00:00:00,2026-03-08 11:54:46,2026-03-13 11:54:46,4.496365740740741,5669.05,False,Customer General Dispute,User says UPI PIN was not entered by them.,Low,REJECTED,Ivr,True
CBK0002469,TXN00002314,USR99748,MCH7621,Transportation,2026-02-22 00:00:00,2026-02-23 18:44:31,2026-03-24 00:00:00,1.7809143518518518,725.65,False,Duplicate Debit & Billing,User reports money deducted but merchant denies receiving payment.,High,IN_PROGRESS,Ivr,True
CBK0002480,TXN00007980,USR87914,MCH7383,Restaurant,2026-02-02 00:00:00,2026-02-06 15:03:23,,4.627349537037037,1231.74,False,Fraud & Account Takeover,customer says transaction was not authorized.,Medium,IN_PROGRESS,Ivr,True
CBK0002264,TXN00001289,USR79175,MCH4181,Miscellaneous Retail,2026-02-26 00:00:00,2026-03-28 17:35:00,2026-04-26 00:00:00,30.73263888888889,201.03,False,Service & Delivery Failure,User claims account was compromised before transaction. call dropped,Critical,IN_PROGRESS,Branch,True
CBK0000032,TXN00001691,USR43171,MCH8182,Grocery,2026-01-08 00:00:00,2026-01-09 00:00:00,2026-01-26 09:44:49,1.0,875.81,False,Duplicate Debit & Billing,User claims account was compromised before transaction.,Medium,IN_PROGRESS,App,True
CBK0000967,TXN00016890,USR11933,MCH4841,Transportation,2026-03-28 00:00:00,2026-03-29 00:00:00,2026-04-04 00:00:00,1.0,2406.47,False,Duplicate Debit & Billing,Suspicious high-value payment disputed by customer.,Low,IN_PROGRESS,Chatbot,True
CBK0002345,TXN00010920,USR70736,MCH8559,Grocery,2026-03-11 00:00:00,2026-03-13 00:00:00,2026-03-24 03:54:00,2.0,822.8,False,Customer General Dispute,User claims account was compromised before transaction.,Low,CLOSED,Call Center,True
CBK0001835,TXN00066186,USR21162,MCH2549,Miscellaneous Retail,2026-02-25 20:33:49,2026-02-28 00:00:00,2026-03-17 20:33:49,2.1431828703703704,5546.22,False,Fraud & Account Takeover,Customer says transaction was not authorized.,High,CLOSED,Chatbot,False
CBK0000622,TXN00007356,USR81916,MCH6117,Restaurant,2026-02-25 00:00:00,2026-03-12 00:00:00,2026-03-19 13:11:32,15.0,4608.17,False,Duplicate Debit & Billing,Payment made to unknown merchant as per customer statement.,Low,IN_PROGRESS,Chatbot,True
CBK0000580,TXN00008617,USR62748,MCH9878,Grocery,,2026-04-03 00:00:00,,,4101.67,False,Duplicate Debit & Billing,Merchant service was not delivered after payment.,Critical,CLOSED,Ivr,True
CBK0000997,TXN00004554,USR64865,MCH4157,Miscellaneous Retail,2026-02-19 00:00:00,2026-03-01 20:11:18,2026-03-21 00:00:00,10.841180555555555,2266.29,False,Duplicate Debit & Billing,Customer says amount was debited twice.,Medium,IN_PROGRESS,Email,True
CBK0002559,TXN00014011,USR19313,MCH4037,Hotel & Lodging,2026-01-04 10:10:00,,,,1125.73,False,Duplicate Debit & Billing,User says UPI PIN was not entered by them.,Low,IN_PROGRESS,Branch,True
CBK0001205,TXN00000084,USR11916,MCH6850,Restaurant,,2026-02-08 00:00:00,,,958.61,False,Fraud & Account Takeover,Complaint received after multiple failed attempts.,Low,REJECTED,Chatbot,True
CBK0001045,TXN00010810,USR65507,MCH7833,Pharmacy,2026-03-07 00:00:00,2026-03-08 00:00:00,2026-04-03 00:00:00,1.0,541.11,False,Service & Delivery Failure,Customer says amount was debited twice.,Medium,IN_PROGRESS,Ivr,True
CBK0000357,TXN00002320,USR38540,MCH5330,Grocery,2026-01-02 00:00:00,2026-01-12 00:00:00,2026-01-16 00:00:00,10.0,911.59,False,Service & Delivery Failure,User claims account was compromised before transaction.,Medium,IN_PROGRESS,Email,True
CBK0002031,TXN00001568,USR46045,MCH7468,Grocery,2026-01-01 00:00:00,2026-01-03 00:00:00,2026-01-20 00:00:00,2.0,13654.34,False,Duplicate Debit & Billing,Complaint received after multiple failed attempts.,Medium,RESOLVED,Chatbot,True
CBK0002393,TXN00003575,USR73909,MCH7833,Restaurant,2026-02-01 00:00:00,,,,-1311.04,False,Fraud & Account Takeover,Customer says txn was not authorized.,Low,IN_PROGRESS,App,True
CBK0002464,TXN00000389,USR51316,MCH2059,Grocery,2026-02-08 06:31:54,2026-02-06 06:31:54,2026-02-19 06:31:00,-2.0,2566.03,False,Service & Delivery Failure,User reports money deducted but merchant denies receiving payment.,High,RESOLVED,Call Center,True
CBK0002639,TXN00016579,USR53527,MCH8073,Hotel & Lodging,2026-03-02 00:00:00,2026-03-05 00:00:00,2026-04-04 08:22:00,3.0,1345.55,False,Service & Delivery Failure,User reports money deducted but merchant denies receiving payment.,Medium,CLOSED,App,True
CBK0000663,TXN00002699,USR94333,MCH8975,Miscellaneous Retail,,2026-03-11 00:00:00,,,422.45,False,Fraud & Account Takeover,Complaint received after multiple failed attempts.,High,CLOSED,Email,True
CBK0001571,TXN00006558,USR78593,MCH4215,Hotel & Lodging,2026-03-26 00:00:00,2026-04-26 00:00:00,2026-05-07 03:33:21,31.0,-673.61,False,Customer General Dispute,Suspicious high-value payment disputed by customer.,Medium,RESOLVED,Chatbot,True
CBK0000984,TXN00019434,USR68023,MCH4473,Grocery,2026-01-11 23:06:15,2026-01-15 00:00:00,2026-01-20 16:06:15,3.037326388888889,7211.97,False,Service & Delivery Failure,Customer says amount was debited twice.,Medium,IN_PROGRESS,Email,True
CBK0001547,TXN00019722,USR58117,MCH9568,Grocery,2026-02-07 20:23:00,2026-02-17 00:00:00,,9.150694444444444,11641.0,False,Duplicate Debit & Billing,User claims account was compromised before transaction.,High,IN_PROGRESS,Ivr,True
CBK0001848,TXN00016662,USR91934,MCH8779,Pharmacy,2026-01-13 00:00:00,2026-01-13 00:00:00,2026-01-27 00:00:00,0.0,4341.13,False,Fraud & Account Takeover,Customer says amount was debited twice.,Low,IN_PROGRESS,Call Center,True
CBK0001004,TXN00001391,USR43520,MCH6140,Grocery,2026-01-19 06:14:05,2026-01-22 04:14:00,,2.916608796296296,1852.28,False,Fraud & Account Takeover,Customer complaint text unclear due to poor call center notes.,Low,IN_PROGRESS,Branch,True
CBK0002185,TXN00001072,USR78593,MCH4473,Grocery,2026-01-23 00:00:00,,2026-02-11 00:00:00,,893.6,False,Fraud & Account Takeover,customer says transaction was not authorized.,Medium,IN_PROGRESS,Chatbot,True
CBK0000418,TXN00003628,USR35882,MCH4473,Grocery,,2026-04-04 06:41:27,2026-04-06 06:41:00,,2430.89,False,Fraud & Account Takeover,User says UPI PIN was not entered by them.,Medium,IN_PROGRESS,Chatbot,True
CBK0002417,TXN00005056,USR27928,MCH8953,Hotel & Lodging,2026-01-29 00:00:00,2026-01-31 00:00:00,,2.0,6278.49,False,Service & Delivery Failure,User claims account was compromised before transaction.,Critical,IN_PROGRESS,Call Center,True
CBK0000356,TXN00001423,USR36629,MCH4418,Hotel & Lodging,2026-03-22 00:00:00,2026-04-02 00:00:00,2026-04-11 13:31:00,11.0,6009.85,False,Fraud & Account Takeover,Payment made to unknown merchant as per customer statement.,Medium,IN_PROGRESS,Ivr,True
CBK0001169,TXN00012596,USR40747,MCH2822,Restaurant,,2026-03-14 00:00:00,2026-03-23 00:00:00,,1692.85,False,Fraud & Account Takeover,Customer says amount was debited twice.,Low,IN_PROGRESS,Email,True
CBK0001000,,USR21798,MCH5980,Transportation,2026-03-09 00:00:00,2026-03-24 00:00:00,2026-03-28 17:53:00,15.0,725.0,False,Customer General Dispute,USER REPORTS MONEY DEDUCTED BUT MERCHANT DENIES RECEIVING PAYMENT.,Critical,IN_PROGRESS,Chatbot,False
CBK0000146,TXN00008795,USR87406,MCH4568,Grocery,2026-02-22 00:00:00,,,,1052.0,False,Fraud & Account Takeover,Payment made to unknown merchant as per customer statement.,Medium,IN_PROGRESS,Call Center,True
CBK0001807,TXN00002417,USR50995,MCH1244,Pharmacy,2026-03-20 13:07:59,,2026-04-08 00:00:00,,3188.13,False,Service & Delivery Failure,User says UPI PIN was not entered by them.,Medium,REJECTED,App,True
CBK0000239,TXN00005752,USR34028,MCH3100,Hotel & Lodging,2026-01-06 00:00:00,2026-01-11 00:00:00,2026-01-12 00:00:00,5.0,1800.88,False,Fraud & Account Takeover,Customer says transaction was not authorized.,Low,REJECTED,Branch,True
CBK0002079,TXN00014711,USR67922,MCH2492,Grocery,2026-01-22 00:35:57,2026-01-25 00:00:00,,2.9750347222222224,1709.84,False,Customer General Dispute,Payment made to unknown merchant as per customer statement.,Low,IN_PROGRESS,Chatbot,True
CBK0001376,TXN00009369,USR24660,MCH4473,Hotel & Lodging,2026-02-16 00:00:00,2026-02-19 00:00:00,2026-03-06 00:00:00,3.0,2070.15,False,Fraud & Account Takeover,Customer complaint text unclear due to poor call center notes.,Low,RESOLVED,Branch,True
CBK0001260,TXN00011332,USR93701,MCH3846,Miscellaneous Retail,2026-02-19 00:00:00,2026-02-27 00:00:00,2026-02-28 00:00:00,8.0,529.68,False,Service & Delivery Failure,Merchant service was not delivered after payment.,Medium,RESOLVED,Call Center,True
CBK0001533,TXN00007635,USR56755,MCH7066,Grocery,2026-02-13 03:52:00,2026-02-14 00:00:00,2026-03-06 05:52:00,0.8388888888888889,1325.25,False,Fraud & Account Takeover,customer complaint text unclear due to poor call center notes.,High,REJECTED,App,True
CBK0002418,TXN00011396,USR35122,MCH4181,Pharmacy,2026-02-22 00:00:00,2026-03-04 15:55:09,2026-03-22 00:00:00,10.663298611111111,205.54,False,Service & Delivery Failure,User reports money deducted but merchant denies receiving payment.,High,IN_PROGRESS,Chatbot,True
CBK0000326,TXN00017327,USR84200,MCH2753,Miscellaneous Retail,2026-02-01 22:35:22,2026-02-02 00:00:00,2026-02-10 07:35:22,0.05877314814814815,1722.43,False,Customer General Dispute,Customer says transaction was not authorized.,Low,IN_PROGRESS,Call Center,True
CBK0001403,TXN00012661,USR30500,MCH6979,Grocery,2026-03-08 00:00:00,2026-03-14 00:00:00,2026-03-30 00:00:00,6.0,4457.64,False,Fraud & Account Takeover,Payment made to unknown merchant as per customer statement.,Medium,RESOLVED,Ivr,True
CBK0001811,TXN00007437,USR22170,MCH2381,Transportation,2026-02-14 00:00:00,2026-02-20 07:41:16,2026-03-02 00:00:00,6.320324074074074,-751.0,False,Fraud & Account Takeover,Payment made to unknown merchant as per customer statement.,Medium,IN_PROGRESS,Chatbot,True
CBK0001512,TXN00019027,USR98733,MCH1775,Hotel & Lodging,2026-02-16 08:24:00,2026-02-17 00:00:00,,0.65,800.24,False,Duplicate Debit & Billing,Customer says amount was debited twice.,Medium,REJECTED,Email,True
CBK0001567,TXN00010292,USR40745,MCH3673,Hotel & Lodging,2026-01-19 08:28:00,,2026-02-19 00:00:00,,982.39,False,Customer General Dispute,User claims account was compromised before transaction.,Medium,IN_PROGRESS,Email,True
CBK0000695,TXN00012216,USR72760,MCH7773,Grocery,2026-03-13 00:00:00,2026-03-15 00:00:00,,2.0,972.52,False,Fraud & Account Takeover,Complaint received after multiple failed attempts.,Low,IN_PROGRESS,Chatbot,True
CBK0000215,TXN00001291,USR52378,MCH9991,Miscellaneous Retail,2026-01-29 00:00:00,2026-01-31 00:00:00,2026-02-13 00:00:00,2.0,1404.87,False,Fraud & Account Takeover,user claims account was compromised before transaction.,High,IN_PROGRESS,Branch,True
CBK0000811,TXN00015831,USR22432,MCH2078,Pharmacy,2026-02-15 00:00:00,2026-02-16 00:00:00,,1.0,3377.0,False,Fraud & Account Takeover,customer complaint text unclear due to poor call center notes.,High,CLOSED,Email,True
CBK0002795,TXN00013236,USR87506,MCH5811,Grocery,2026-01-12 00:00:00,2026-01-14 07:15:20,2026-01-29 00:00:00,2.3023148148148147,6523.57,False,Service & Delivery Failure,Customer says transaction was not authorized.,Low,IN_PROGRESS,Chatbot,True
CBK0001849,TXN00051763,USR23350,MCH2303,Miscellaneous Retail,2026-01-23 00:00:00,,,,830.25,False,Duplicate Debit & Billing,payment made to unknown merchant as per customer statement.,Low,IN_PROGRESS,Email,False
CBK0000655,TXN00002874,USR22639,MCH4186,Grocery,2026-01-12 15:25:38,2026-01-14 00:00:00,,1.357199074074074,634.21,False,Duplicate Debit & Billing,Customer says amount was debited twice.,Low,REJECTED,Chatbot,True
CBK0001377,TXN00016673,USR91623,MCH6411,Pharmacy,2026-01-01 10:17:00,2026-01-05 00:00:00,,3.571527777777778,1675.84,False,Service & Delivery Failure,Customer says amount was debited twice.,Low,REJECTED,Chatbot,True
CBK0002655,TXN00002868,USR13587,MCH8080,Restaurant,2026-02-20 23:55:00,2026-03-03 00:00:00,2026-03-13 00:55:24,10.003472222222221,-860.7,False,Service & Delivery Failure,User claims account was compromised before txn.,High,IN_PROGRESS,Ivr,True
CBK0001596,TXN00002674,USR97070,MCH2065,Restaurant,,2026-01-17 00:00:00,2026-01-25 00:00:00,,1722.0,False,Fraud & Account Takeover,Merchant service was not delivered after payment.,Medium,CLOSED,Call Center,True
CBK0001012,TXN00084920,USR51185,MCH2543,Miscellaneous Retail,2026-03-23 00:00:00,2026-03-26 20:35:00,2026-04-19 20:35:21,3.857638888888889,,False,Customer General Dispute,User reports money deducted but merchant denies receiving payment.,Medium,IN_PROGRESS,Email,False
CBK0002409,TXN00004555,USR24591,MCH7745,Department Store,2026-02-09 00:00:00,2026-02-15 00:12:00,2026-02-21 00:00:00,6.008333333333334,889.98,False,Service & Delivery Failure,Customer says amount was debited twice.,High,IN_PROGRESS,Chatbot,True
CBK0000067,TXN00003314,USR37105,MCH6003,Transportation,2026-01-15 00:00:00,2026-01-20 00:00:00,2026-02-10 21:13:32,5.0,1814.0,False,Customer General Dispute,Suspicious high-value payment disputed by cust.,Low,IN_PROGRESS,Branch,True
CBK0001637,TXN00014399,USR56117,MCH2434,Restaurant,2026-02-15 14:45:18,2026-02-21 00:00:00,2026-03-05 00:45:18,5.385208333333333,748.53,False,Fraud & Account Takeover,User reports money deducted but merchant denies receiving payment. urgent,High,IN_PROGRESS,Ivr,True
CBK0002638,TXN00016536,USR21162,MCH8425,Pharmacy,2026-03-06 13:39:44,2026-03-06 00:00:00,2026-04-01 00:00:00,-0.5692592592592592,406.58,False,Duplicate Debit & Billing,Customer says amount was debited twice.,Critical,IN_PROGRESS,Email,True
CBK0001996,TXN00019262,USR61461,MCH1598,Miscellaneous Retail,2026-01-04 00:00:00,,2026-01-25 00:00:00,,385.0,False,Fraud & Account Takeover,User says UPI PIN was not entered by them.,Low,IN_PROGRESS,Chatbot,True
CBK0001667,TXN00003837,USR73010,MCH2586,Pharmacy,2026-01-04 00:00:00,2026-01-12 03:14:58,,8.13539351851852,723.24,False,Service & Delivery Failure,User reports money deducted but merchant denies receiving payment.,High,IN_PROGRESS,Call Center,True
CBK0000592,TXN00018501,USR90616,MCH7951,Pharmacy,2026-02-23 20:45:37,2026-03-06 07:45:00,2026-03-27 00:00:00,10.457905092592593,1061.55,False,Duplicate Debit & Billing,customer complaint text unclear due to poor call center notes.,Low,IN_PROGRESS,Call Center,True
CBK0001425,TXN00007508,USR88956,MCH6166,Hotel & Lodging,2026-01-21 00:00:00,2026-01-22 20:15:00,2026-02-12 00:00:00,1.84375,696.41,False,Fraud & Account Takeover,complaint received after multiple failed attempts.,Low,IN_PROGRESS,Chatbot,True
CBK0000741,TXN00015495,USR41660,MCH6753,Transportation,,2026-04-08 09:57:07,2026-04-09 09:57:07,,448.1,False,Duplicate Debit & Billing,complaint received after multiple failed attempts.,Medium,IN_PROGRESS,Email,True
CBK0000933,TXN00010810,USR57890,MCH9602,Pharmacy,2026-03-15 16:04:00,2026-03-16 20:04:58,2026-04-01 00:00:00,1.167337962962963,836.2,False,Fraud & Account Takeover,User says UPI PIN was not entered by them.,Medium,CLOSED,Ivr,True
CBK0000109,TXN00003546,USR15596,MCH1434,Pharmacy,2026-03-01 00:00:00,2026-03-03 00:00:00,2026-03-26 00:00:00,2.0,3229.57,False,Duplicate Debit & Billing,User claims account was compromised before transaction.,Medium,CLOSED,Call Center,True
CBK0002562,TXN00001105,USR90598,MCH5860,Grocery,2026-01-13 00:00:00,2026-01-23 00:00:00,2026-02-10 22:59:43,10.0,310.15,False,Fraud & Account Takeover,Payment made to unknown merchant as per customer statement. call dropped,Low,IN_PROGRESS,Ivr,True
CBK0000689,TXN00017204,USR95707,MCH3736,Restaurant,2026-01-16 00:00:00,2026-01-18 00:00:00,2026-01-22 10:09:56,2.0,9543.47,True,Fraud & Account Takeover,Merchant service was not delivered after payment.,Medium,RESOLVED,App,True
CBK0002398,TXN00004386,USR59393,MCH4310,Transportation,2026-02-02 00:00:00,2026-02-04 09:35:06,2026-02-14 00:00:00,2.399375,2691.36,False,Service & Delivery Failure,User says UPI PIN was not entered by them.,Medium,IN_PROGRESS,Ivr,True
CBK0001700,TXN00016401,USR72166,MCH6133,Grocery,2026-01-01 00:00:00,2026-01-02 00:00:00,2026-01-06 00:00:00,1.0,5981.0,False,Duplicate Debit & Billing,Merchant service was not delivered after payment.,High,CLOSED,Ivr,True
CBK0002146,TXN00004284,USR94012,MCH8613,Grocery,2026-01-17 00:00:00,2026-01-23 13:44:23,2026-02-14 00:00:00,6.5724884259259255,3737.05,False,Duplicate Debit & Billing,User claims account was compromised before transaction.,Medium,REJECTED,Branch,True
CBK0001671,TXN00001758,USR86472,MCH7728,Restaurant,2026-02-19 00:00:00,2026-02-22 04:14:22,,3.1766435185185187,1416.0,False,Service & Delivery Failure,User claims account was compromised before transaction.,Low,IN_PROGRESS,Chatbot,True
CBK0000331,TXN00016055,USR61715,MCH2991,Apparel,,2026-01-17 00:00:00,2026-02-06 14:40:17,,509.0,False,Fraud & Account Takeover,Payment made to unknown merchant as per customer statement.,High,CLOSED,Call Center,True
CBK0002794,TXN00018116,USR71316,MCH6194,Restaurant,,2026-02-05 00:00:00,2026-02-07 22:14:43,,1239.17,False,Duplicate Debit & Billing,Suspicious high-value payment disputed by customer.,Low,IN_PROGRESS,Ivr,True
CBK0000828,TXN00007187,USR27947,MCH4473,Restaurant,2026-03-07 00:00:00,,,,361.6,False,Duplicate Debit & Billing,Merchant service was not delivered after payment.,Medium,RESOLVED,Email,True
CBK0000321,TXN00011096,USR32450,MCH5659,Hotel & Lodging,2026-02-21 13:51:00,2026-02-25 03:51:21,2026-03-20 00:00:00,3.583576388888889,825.0,False,Customer General Dispute,merchant service was not delivered after payment.,Medium,REJECTED,Ivr,True
CBK0002789,TXN00000255,USR59679,MCH6985,Grocery,2026-01-06 00:00:00,2026-01-16 00:00:00,2026-01-27 15:04:00,10.0,2178.8,False,Duplicate Debit & Billing,User says UPI PIN was not entered by them.,Medium,IN_PROGRESS,Chatbot,True
CBK0000975,TXN00019717,USR22234,MCH4473,Restaurant,2026-02-18 00:00:00,2026-02-20 19:33:19,2026-03-06 00:00:00,2.8148032407407406,1122.85,False,Customer General Dispute,Payment made to unknown merchant as per customer statement.,Low,RESOLVED,Ivr,True
CBK0000044,TXN00004903,USR49770,MCH4578,Restaurant,2026-02-26 00:00:00,2026-02-23 08:37:00,,-2.640972222222222,639.26,False,Service & Delivery Failure,Merchant service was not delivered after payment.,Medium,IN_PROGRESS,Chatbot,True
CBK0002329,TXN00005401,USR58914,MCH9277,Restaurant,2026-02-01 11:50:12,2026-02-05 08:50:12,2026-03-07 08:50:12,3.875,14197.19,False,Fraud & Account Takeover,SUSPICIOUS HIGH-VALUE PAYMENT DISPUTED BY CUSTOMER.,Low,IN_PROGRESS,Chatbot,True
CBK0001844,TXN00005723,USR27285,MCH8154,Hotel & Lodging,2026-02-06 09:43:00,2026-02-08 00:00:00,2026-02-15 00:00:00,1.5951388888888889,4655.0,False,Duplicate Debit & Billing,Merchant service was not delivered after payment.,Low,RESOLVED,Email,True
CBK0000465,TXN00003105,USR50434,MCH1786,Restaurant,2026-03-13 00:00:00,,2026-04-18 00:00:00,,775.96,False,Duplicate Debit & Billing,User reports money deducted but merchant denies receiving payment.,Medium,IN_PROGRESS,Call Center,True
CBK0002289,TXN00009795,USR13941,MCH2131,Miscellaneous Retail,2026-03-20 09:34:19,2026-03-21 00:00:00,2026-04-11 00:00:00,0.6011689814814815,4846.0,False,Service & Delivery Failure,User claims account was compromised before transaction.,Medium,IN_PROGRESS,Ivr,True
CBK0000918,,USR24555,MCH7951,Hotel & Lodging,2026-01-04 12:35:38,2026-01-15 08:35:00,,10.83289351851852,1207.12,False,Duplicate Debit & Billing,complaint received after multiple failed attempts.,High,IN_PROGRESS,Ivr,False
CBK0002229,TXN00017286,USR53259,MCH9564,Hotel & Lodging,2026-01-27 00:00:00,2026-01-30 00:00:00,,3.0,497.0,False,Fraud & Account Takeover,User says UPI PIN was not entered by them. urgent,Medium,REJECTED,Email,True
CBK0000350,TXN00005138,USR67243,MCH3024,Restaurant,2026-03-28 00:00:00,2026-04-03 00:00:00,2026-04-28 00:00:00,6.0,1449.14,False,Duplicate Debit & Billing,Payment made to unknown merchant as per customer statement.,Medium,IN_PROGRESS,Branch,True
CBK0000276,TXN00000311,USR38155,MCH3734,Miscellaneous Retail,2026-01-30 00:00:00,2026-02-04 00:00:00,2026-02-20 00:00:00,5.0,2784.85,False,Duplicate Debit & Billing,Customer says transaction was not authorized.,High,REJECTED,Email,True
