merchant_id,merchant_name,mcc,merchant_category,business_type,city,state,onboarding_date,settlement_account,merchant_status,declared_avg_ticket_size,resolution_type,resolution_confidence,raw_record_count,conflict_details
MCH1001,Anand-Kothari,,Grocery,Partnership,Pune,Maharashtra,2026-02-17 06:54:00,7962506762,ACTIVE,332.55,SINGLETON,1.0,1,No duplicates
MCH1002,"Apte, Saha And Edwin",5812,Restaurant,Private_Limited,Bangalore,Karnataka,2026-01-07 09:01:00,XXXX8596,ACTIVE,1671.2,SINGLETON,1.0,1,No duplicates
MCH1003,"Nayar, Batta And Barad",5699,Apparel,Private Limited,Chennai,Tamil Nadu,,,ACTIVE,792.91,SINGLETON,1.0,1,No duplicates
MCH1004,Pillai-Mohan,4131,Transportation,Sole-Proprietor,Lko,Uttar Pradesh,2023-04-08 00:00:00,3448414449,ACTIVE,342.7,SINGLETON,1.0,1,No duplicates
MCH1005,Sagar And Sons,5912,Pharmacy,Partnership,Ludhiana,Punjab,2024-02-06 00:00:00,IPTY9767700049775,ACTIVE,967.53,SINGLETON,1.0,1,No duplicates
MCH1007,"Sunder, Wason And Pau",5812,Restaurant,Partnership,Jaipur,Rajasthan,2023-11-19 00:00:00,,ACTIVE,164.45,CONFLICTING_MERCHANT_RECORD,0.55,2,"Conflicting Names: ['Sunder, Wason And Pau', 'Jain-Wadhwa']; Conflicting Categories: ['Eating Place', 'Hotel_Lodging']; Conflicting Cities: ['Jaipur', 'Chennai']"
MCH1009,Bha11A-Dave,,Transportation,Individual,Mumbai,Maharashtra,2024-01-08 00:00:00,BAVP5007663773178,ACTIVE,1496.0,SINGLETON,1.0,1,No duplicates
MCH1010,Menon-Andra,,Grocery,Private-Limited,Delhi,Delhi,2024-11-17 00:00:00,XXXX4837,ACTIVE,678.36,SINGLETON,1.0,1,No duplicates
MCH1011,Wable And Sons,5411,Grocery,Private_Limited,Ludhiana,Punjab,2023-11-02 00:00:00,,ACTIVE,6536.07,FORMATTING_DUPLICATE,0.85,2,2 records with formatting variations consolidated
MCH1014,"Agate, Saxena And Pandit",5311,Department Store,Partnership,Jalandar,Punjab,2023-12-21 00:00:00,3851769270,ACTIVE,1096.96,CONFLICTING_MERCHANT_RECORD,0.55,2,"Conflicting Names: ['Raghavan, Barad And Bahl', 'Agate, Saxena And Pandit']; Conflicting Categories: ['Food', 'Department Store']; Conflicting Cities: ['Pune', 'Jalandar']"
MCH1015,Mannan-Subramaniam,7011,Hotel & Lodging,Individual,Hyd,Telangana,2024-05-19 00:00:00,,ACTIVE,1116.83,SINGLETON,1.0,1,No duplicates
MCH1016,"Char, Bhargava And Chaudhary",5812,Restaurant,Private_Limited,Hyd,Telangana,,TODJ2902550918108,ACTIVE,1933.0,CONFLICTING_MERCHANT_RECORD,0.55,3,"Conflicting Names: ['Reddy, Amble And Parmar', 'Mangat, Som And Deshmukh', 'Char, Bhargava And Chaudhary']; Conflicting Categories: ['Telecom', 'Books_Stationery', 'Restaurant']; Conflicting Cities: ['Madras', 'Pune', 'Hyd']"
MCH1018,Kannan-Khatri,5311,Department Store,Individual,Jalandar,Punjab,2023-03-19 00:00:00,,ACTIVE,1791.0,SINGLETON,1.0,1,No duplicates
MCH1019,Iyer-Thaker,5699,Apparel,Partnership,Kolkata,West Bengal,2025-05-23 00:00:00,XXXX9462,ACTIVE,,SINGLETON,1.0,1,No duplicates
MCH1020,Garg-Kale,4131,Transportation,Sole_Proprietor,Asr,Punjab,2023-05-09 00:00:00,,ACTIVE,1015.68,SINGLETON,1.0,1,No duplicates
MCH1021,Naik-Karpe,5411,Grocery,Sole_Proprietor,Mumbai,Maharashtra,2025-11-16 17:48:36,BPUY6277335937444,ACTIVE,2341.57,CONFLICTING_MERCHANT_RECORD,0.55,2,"Conflicting Names: ['Varghese-Ramachandran', 'Naik-Karpe']; Conflicting Categories: ['Food_Services', 'Grocery']; Conflicting Cities: ['Asr', 'Mumbai']"
MCH1022,Ramesh-Bhat,,Miscellaneous Retail,Private-Limited,Hyderabad,Telangana,,,ACTIVE,3026.17,SINGLETON,1.0,1,No duplicates
MCH1032,Nori-Nigam,7011,Hotel & Lodging,Sole_Proprietor,Pune,Maharashtra,2025-09-21 00:00:00,DXHQ1859405929058,ACTIVE,652.29,CONFLICTING_MERCHANT_RECORD,0.55,3,"Conflicting Names: ['Nori-Nigam', 'Manda-Hayer']; Conflicting Cities: ['Pune', 'Amritsar']"
MCH1033,Sidhu And Sons,4814,Telecom,Individual,Jalandhar,Punjab,2023-09-11 00:00:00,WXKC0706100279623,ACTIVE,1871.48,CONFLICTING_MERCHANT_RECORD,0.55,2,"Conflicting Names: ['Sidhu And Sons', 'Virk Plc']; Conflicting Categories: ['Phone Service', 'Hospitality']; Conflicting Cities: ['Jalandhar', 'Amritsar']"
MCH1034,Devi-Chaudhari,7011,Hotel & Lodging,Private_Limited,Delhi,Delhi,2024-06-17 22:15:00,XXXX9097,ACTIVE,243.38,SINGLETON,1.0,1,No duplicates
MCH1035,Minhas-Khatri,5812,Restaurant,Sole-Proprietor,Mumbay,Maharashtra,2024-01-24 00:00:00,LDCT0604920639781,ACTIVE,5777.68,SINGLETON,1.0,1,No duplicates
MCH1039,Palan-Mody,4814,Telecom,Individual,Hyd,Telangana,2023-07-14 00:00:00,,ACTIVE,545.34,CONFLICTING_MERCHANT_RECORD,0.55,2,"Conflicting Names: ['Palan-Mody', 'Lal-Barad']; Conflicting Categories: ['Phone Service', 'Telecom']; Conflicting Cities: ['Hyd', 'Lko']"
MCH1040,Krishnan And S0Ns,5411,Grocery,Sole_Proprietor,Jalandar,Punjab,2023-01-06 00:00:00,5805252531,ACTIVE,1030.03,CONFLICTING_MERCHANT_RECORD,0.55,2,"Conflicting Names: ['Chand Plc', 'Krishnan And S0Ns']; Conflicting Categories: ['Medical', 'Kirana']; Conflicting Cities: ['Pune', 'Jalandar']"
MCH1041,Pat1A-S0M,,Apparel,Private_Limited,Kolkata,West Bengal,2024-04-21 00:00:00,,ACTIVE,3701.53,SINGLETON,1.0,1,No duplicates
MCH1044,"Jha, Salvi And Setty",5311,Department Store,Partnership,Hyderabad,Telangana,2024-10-28 00:00:00,VZSQ7155957356020,ACTIVE,1084.93,SINGLETON,1.0,1,No duplicates
MCH1047,Rana-Aurora,4814,Telecom,Partnership,Bangalore,Karnataka,2023-08-20 01:01:00,BJXS0430805448675,ACTIVE,1003.46,CONFLICTING_MERCHANT_RECORD,0.55,2,"Conflicting Names: ['Rana-Aurora', 'Natarajan, Kashyap And Goel']; Conflicting Categories: ['Telecom', 'Hotels']; Conflicting Cities: ['Bangalore', 'Kolkata']"
MCH1050,Trivedi-Zachariah,5699,Apparel,Sole Proprietor,Jaipur,Rajasthan,2025-01-30 00:00:00,0368449602,ACTIVE,2479.88,SINGLETON,1.0,1,No duplicates
MCH1053,"Gera, Grover And Sehgal",4814,Telecom,Individual,Amritsar,Punjab,2025-02-22 00:00:00,,ACTIVE,708.11,SINGLETON,1.0,1,No duplicates
MCH1054,Cheema Ltd,5311,Department Store,Private-Limited,Pune,Maharashtra,2023-05-27 00:00:00,,ACTIVE,868.09,SINGLETON,1.0,1,No duplicates
MCH1055,Dhingra-Kapoor,5311,Department Store,Partnership,Blr,Karnataka,2024-12-30 03:08:34,6794786904,ACTIVE,770.74,SINGLETON,1.0,1,No duplicates
MCH1056,Mital-Jhaveri,5311,Department Store,Partnership,Asr,Punjab,2023-09-10 00:09:34,6820698589,ACTIVE,5938.05,SINGLETON,1.0,1,No duplicates
MCH1058,"Vyas,Virkanddatta",5311,Department Store,Partnership,Poona,Maharashtra,2023-01-20 00:00:00,XXXX0826,ACTIVE,1504.39,SINGLETON,1.0,1,No duplicates
MCH1059,Prasad Ltd,4814,Telecom,Partnership,Hyd,Telangana,2023-03-18 00:00:00,XXXX9900,ACTIVE,4187.75,SINGLETON,1.0,1,No duplicates
MCH1060,"Subramaniam, Rama And Contractor",4131,Transportation,Individual,Hyderabad,Telangana,2024-05-02 09:00:14,FXHY9362967598468,ACTIVE,480.0,CONFLICTING_MERCHANT_RECORD,0.55,3,"Conflicting Names: ['Subramaniam, Rama And Contractor', 'Goda And Sons', 'Sampath-Dora']; Conflicting Categories: ['Transport', 'Dept_Store', 'Restaurants']; Conflicting Cities: ['Hyderabad', 'Madras', 'Jalandar']"
MCH1063,"Samra, Sur And Venkataraman",5999,Miscellaneous Retail,Private_Limited,Chennai,Tamil Nadu,2023-06-13 00:00:00,2476053551,ACTIVE,1297.7,SINGLETON,1.0,1,No duplicates
MCH1064,Nanda Ltd,5812,Restaurant,Individual,Amritsar,Punjab,2025-09-09 22:49:04,,ACTIVE,1182.15,CONFLICTING_MERCHANT_RECORD,0.55,2,"Conflicting Names: ['Nanda Ltd', 'Mishra-Badami']; Conflicting Categories: ['Eating Place', 'Books']; Conflicting Cities: ['Amritsar', 'Lucknow']"
MCH1068,Mall-Palan,,Miscellaneous Retail,Sole_Proprietor,Jaipur,Rajasthan,2026-02-09 09:23:00,PKRN8629349498422,ACTIVE,663.04,SINGLETON,1.0,1,No duplicates
MCH1070,Pandya Plc,5999,Miscellaneous Retail,Private Limited,Chennai,Tamil Nadu,2024-09-03 00:00:00,,ACTIVE,1259.2,SINGLETON,1.0,1,No duplicates
MCH1071,Shankargroup,7011,Hotel & Lodging,Individual,Mumbai,Maharashtra,2024-06-23 13:38:43,6765564160,ACTIVE,389.19,CONFLICTING_MERCHANT_RECORD,0.55,3,"Conflicting Names: ['Shankargroup', 'Keer, Roy And Narayanan', 'Wali And Sons']; Conflicting Categories: ['Hotel', 'Medical', 'Phone Service']; Conflicting Cities: ['Mumbai', 'Jpr', 'Bangalore']"
MCH1072,Kalla-Khalsa,5812,Restaurant,Private_Limited,Mumbai,Maharashtra,2025-11-10 00:00:00,,INACTIVE,422.23,SINGLETON,1.0,1,No duplicates
MCH1073,"Dasgupta,Rayanddara",,Pharmacy,Partnership,Lucknow,Uttar Pradesh,2024-09-22 00:00:00,XXXX7293,SUSPENDED,1002.63,SINGLETON,1.0,1,No duplicates
MCH1075,Pingle-Mohan,5912,Pharmacy,Sole-Proprietor,Ludhiana,Punjab,2025-02-24 00:00:00,XXXX2118,ACTIVE,1639.19,CONFLICTING_MERCHANT_RECORD,0.55,2,"Conflicting Names: ['Lala Plc', 'Pingle-Mohan']; Conflicting Categories: ['Phone Service', 'Medical']; Conflicting Cities: ['Pune', 'Ludhiana']"
MCH1077,Taneja-Nagar,5411,Grocery,Individual,Asr,Punjab,2026-02-27 00:00:00,QQWI6101172213624,ACTIVE,358.21,CONFLICTING_MERCHANT_RECORD,0.55,3,"Conflicting Names: ['Mitter And Sons', 'Taneja-Nagar', 'Peri, Pai And Dani']; Conflicting Categories: ['Restaurant', 'Kirana', 'Department Stores']; Conflicting Cities: ['Chennai', 'Asr', 'Pune']"
MCH1079,Sharaf And Sons,,Telecom,Sole Proprietor,Poona,Maharashtra,2023-10-20 00:00:00,,ACTIVE,455.39,SINGLETON,1.0,1,No duplicates
MCH1081,Mistry Group,5812,Restaurant,Private_Limited,Mumbay,Maharashtra,2025-05-27 00:00:00,XXXX5682,ACTIVE,2299.04,SINGLETON,1.0,1,No duplicates
MCH1082,Oommen Inc,7011,Hotel & Lodging,Partnership,Amritsar,Punjab,,6717543820,ACTIVE,833.19,SINGLETON,1.0,1,No duplicates
MCH1083,Chaudhry-Bhat,5812,Restaurant,Sole-Proprietor,Jalandhar,Punjab,2025-04-30 00:00:00,DSMZ2555394666399,INACTIVE,730.39,FORMATTING_DUPLICATE,0.85,2,2 records with formatting variations consolidated
MCH1084,Krishnamurthy Inc,5999,Miscellaneous Retail,Private_Limited,Jalandar,Punjab,2025-04-21 00:00:00,7207827487,ACTIVE,4469.21,SINGLETON,1.0,1,No duplicates
MCH1086,Agrawal-Sule,,Apparel,Individual,Ludhiana,Punjab,2023-11-13 00:00:00,,ACTIVE,1355.59,SINGLETON,1.0,1,No duplicates
MCH1087,"Mitter, Sawhney And Luthra",7011,Hotel & Lodging,Partnership,Madras,Tamil Nadu,2025-04-19 00:00:00,,SUSPENDED,2381.71,SINGLETON,1.0,1,No duplicates
MCH1089,"Mann, Edwin And Misra",5411,Grocery,Individual,Jaipur,Rajasthan,,7489263549,ACTIVE,678.0,CONFLICTING_MERCHANT_RECORD,0.55,2,"Conflicting Names: ['Mann, Edwin And Misra', 'Randhawa-Barad']; Conflicting Categories: ['Kirana', 'Books_Stationery']; Conflicting Cities: ['Jaipur', 'Jalandhar']"
MCH1093,"Dubey, Uppal And Bhatt",5812,Restaurant,Private_Limited,Poona,Maharashtra,2025-04-26 00:00:00,,INACTIVE,4005.67,SINGLETON,1.0,1,No duplicates
MCH1095,Mander Group,4814,Telecom,Partnership,Kolkata,West Bengal,2023-01-30 03:08:00,XXXX5510,ACTIVE,1277.94,SINGLETON,1.0,1,No duplicates
MCH1096,Subramanian-Prasad,5699,Apparel,Individual,Hyd,Telangana,2025-03-07 02:41:50,,ACTIVE,8373.82,SINGLETON,1.0,1,No duplicates
MCH1097,"Narayan, Datta And Chowdhury",5999,Miscellaneous Retail,Individual,Lko,Uttar Pradesh,2025-05-09 00:00:00,,ACTIVE,343.8,SINGLETON,1.0,1,No duplicates
MCH1098,"Raval, Yadav And Yogi",7011,Hotel & Lodging,Private Limited,Jaipur,Rajasthan,2023-12-01 00:00:00,XXXX3614,ACTIVE,181.0,SINGLETON,1.0,1,No duplicates
MCH1100,Swamy Inc,5311,Department Store,Partnership,Ludhiana,Punjab,2024-08-17 00:00:00,9084083237,INACTIVE,2008.22,FORMATTING_DUPLICATE,0.85,2,2 records with formatting variations consolidated
MCH1101,Mangal Inc,5912,Pharmacy,Individual,Madras,Tamil Nadu,2023-06-19 00:00:00,XXXX7862,ACTIVE,2025.16,CONFLICTING_MERCHANT_RECORD,0.55,5,"Conflicting Names: ['Mangal Inc', 'Seshadri-Rajagopalan', 'Ramaswamy-Prabhakar', 'Sethi Ltd', 'Deo, Gill And Dhaliwal']; Conflicting Categories: ['Medical', 'Phone Service', 'Pharmacies', 'Restaurant', 'Eating Place']; Conflicting Cities: ['Madras', 'Calcutta', 'Chennai', 'Kolkata', 'Delhi']"
MCH1104,Chander Llc,4814,Telecom,Private Limited,Delhi,Delhi,2024-09-05 00:00:00,,ACTIVE,778.62,SINGLETON,1.0,1,No duplicates
MCH1106,"Narang, Wali And Aurora",5411,Grocery,Sole Proprietor,Jalandhar,Punjab,2023-10-04 00:00:00,XKBE4857491773438,ACTIVE,1853.84,CONFLICTING_MERCHANT_RECORD,0.55,2,"Conflicting Names: ['Narang, Wali And Aurora', 'Agrawal, Ganguly And Kalla']; Conflicting Categories: ['Kirana', 'Grocery Stores']; Conflicting Cities: ['Jalandhar', 'Delhi']"
MCH1107,Sen-Das,,Telecom,Private Limited,Madras,Tamil Nadu,2024-09-16 00:00:00,VDXT6754486241555,ACTIVE,,SINGLETON,1.0,1,No duplicates
MCH1109,Solanki Ltd,5311,Department Store,Partnership,Mumbai,Maharashtra,2023-07-23 00:00:00,XXXX9384,ACTIVE,1262.18,CONFLICTING_MERCHANT_RECORD,0.55,2,"Conflicting Names: ['Sinha-Bumb', 'Solanki Ltd']; Conflicting Categories: ['Bus/Taxi', 'Department Stores']; Conflicting Cities: ['Amritsar', 'Mumbai']"
MCH1115,Nadkarni Llc,4131,Transportation,Partnership,Jalandhar,Punjab,,,ACTIVE,6943.0,SINGLETON,1.0,1,No duplicates
MCH1118,Chokshiinc,4131,Transportation,Partnership,Jalandar,Punjab,2025-07-26 00:00:00,XXXX1304,ACTIVE,590.75,CONFLICTING_MERCHANT_RECORD,0.55,2,"Conflicting Names: ['Chokshiinc', 'Basak, Pillai And Arora']; Conflicting Categories: ['Transport', 'Retail Other']; Conflicting Cities: ['Jalandar', 'Madras']"
MCH1122,"Rana, Choudhury And Garde",5912,Pharmacy,Partnership,Ldh,Punjab,2024-11-30 00:00:00,XXXX6047,ACTIVE,4792.92,CONFLICTING_MERCHANT_RECORD,0.55,2,"Conflicting Names: ['Bakshi And Sons', 'Rana, Choudhury And Garde']; Conflicting Categories: ['Department Store', 'Medical']; Conflicting Cities: ['Chennai', 'Ldh']"
MCH1124,Andra Inc,7011,Hotel & Lodging,Partnership,Lucknow,Uttar Pradesh,2023-08-07 00:00:00,,ACTIVE,5664.0,CONFLICTING_MERCHANT_RECORD,0.55,2,"Conflicting Names: ['Andra Inc', 'Hayre, Chana And Bhasin']; Conflicting Categories: ['Hospitality', 'Clothing']; Conflicting Cities: ['Lucknow', 'Jaipur']"
MCH1126,"Nayak, Dhaliwal And Soman",5411,Grocery,Partnership,Jalandhar,Punjab,2026-02-12 00:00:00,,ACTIVE,564.83,SINGLETON,1.0,1,No duplicates
MCH1128,Natt-Keer,5999,Miscellaneous Retail,Sole-Proprietor,Hyd,Telangana,2026-01-10 12:42:55,XXXX1918,ACTIVE,1028.32,CONFLICTING_MERCHANT_RECORD,0.55,2,"Conflicting Names: ['Natt-Keer', 'Srinivasan Group']; Conflicting Categories: ['Retail Other', 'Grocery_Store']; Conflicting Cities: ['Hyd', 'Madras']"
MCH1130,Bhargava-Dara,5311,Department Store,Individual,Amritsar,Punjab,2025-06-14 00:00:00,8689036086,ACTIVE,2188.62,CONFLICTING_MERCHANT_RECORD,0.55,2,"Conflicting Names: ['K0Thari, Singh And Sura', 'Bhargava-Dara']; Conflicting Categories: ['Department Stores', 'Department Store']; Conflicting Cities: ['Ldh', 'Amritsar']"
MCH1132,Cheema Inc,5999,Miscellaneous Retail,Sole_Proprietor,Ludhiana,Punjab,2023-09-10 00:00:00,3299217122,ACTIVE,,SINGLETON,1.0,1,No duplicates
MCH1133,Shere Ltd,5912,Pharmacy,Partnership,Bengaluru,Karnataka,2025-06-10 00:00:00,,ACTIVE,11501.53,SINGLETON,1.0,1,No duplicates
MCH1134,"Shenoy, Gokhale And Soman",5411,Grocery,Individual,Delhi,Delhi,2024-12-11 00:00:00,KZYJ5215017385369,ACTIVE,284.86,CONFLICTING_MERCHANT_RECORD,0.55,2,"Conflicting Names: ['Sani, Uppal And Pillai', 'Shenoy, Gokhale And Soman']; Conflicting Categories: ['Pharmacies', 'Grocery']; Conflicting Cities: ['Kolkata', 'Delhi']"
MCH1136,"Bahri, Kanda And Seth",5942,Books & Stationery,Private_Limited,Madras,Tamil Nadu,2023-07-17 00:00:00,XXXX4885,ACTIVE,896.84,SINGLETON,1.0,1,No duplicates
MCH1138,"Shan,Buchandtank",5942,Books & Stationery,Sole Proprietor,Bangalore,Karnataka,2024-07-03 21:25:00,XXXX0724,ACTIVE,1369.64,SINGLETON,1.0,1,No duplicates
MCH1142,"Master, Soni And Kapadia",4814,Telecom,Sole_Proprietor,Chennai,Tamil Nadu,2024-10-06 12:07:57,4563871051,ACTIVE,252.13,CONFLICTING_MERCHANT_RECORD,0.55,2,"Conflicting Names: ['Morar Llc', 'Master, Soni And Kapadia']; Conflicting Categories: ['Misc Retail', 'Phone Service']; Conflicting Cities: ['Jalandhar', 'Chennai']"
MCH1143,Arya-Khanna,4131,Transportation,Sole_Proprietor,Jalandhar,Punjab,2023-08-16 00:00:00,9953530102,ACTIVE,486.39,SINGLETON,1.0,1,No duplicates
MCH1144,Morar-Rattan,5699,Apparel,Sole-Proprietor,Jaipur,Rajasthan,2025-01-20 00:00:00,,ACTIVE,1182.28,SINGLETON,1.0,1,No duplicates
MCH1147,Dayal-Sabharwal,4814,Telecom,Individual,Kolkata,West Bengal,2023-11-23 00:00:00,XXXX2380,INACTIVE,939.97,SINGLETON,1.0,1,No duplicates
MCH1148,Deep-Manda,4131,Transportation,Individual,Asr,Punjab,2025-06-15 00:35:23,,ACTIVE,3461.0,SINGLETON,1.0,1,No duplicates
MCH1152,Raman-Choudhury,,Grocery,Partnership,Chennai,Tamil Nadu,2025-12-19 00:00:00,XXXX0685,ACTIVE,233.0,SINGLETON,1.0,1,No duplicates
MCH1153,"Oommen, Sastry And Varty",5311,Department Store,Private-Limited,Asr,Punjab,2024-06-17 00:00:00,XXXX3616,ACTIVE,873.51,CONFLICTING_MERCHANT_RECORD,0.55,2,"Conflicting Names: ['Oommen, Sastry And Varty', 'Johal, Suri And Rama']; Conflicting Categories: ['Department Store', 'Miscellaneous']; Conflicting Cities: ['Asr', 'Kolkata']"
MCH1154,Saran And Sons,5912,Pharmacy,Private Limited,Pune,Maharashtra,2023-12-26 00:00:00,TCTB2753134775657,ACTIVE,871.24,CONFLICTING_MERCHANT_RECORD,0.55,3,"Conflicting Names: ['Oommen, Tata And Randhawa', 'Saran And Sons']; Conflicting Categories: ['Hotel', 'Pharmacies']; Conflicting Cities: ['Kolkata', 'Pune']"
MCH1155,Sha Llc,4131,Transportation,Sole Proprietor,Amritsar,Punjab,2024-03-08 00:00:00,,INACTIVE,1753.08,SINGLETON,1.0,1,No duplicates
MCH1159,Sabharwal-Gole,4814,Telecom,Partnership,Hyd,Telangana,,XXXX4659,INACTIVE,790.13,CONFLICTING_MERCHANT_RECORD,0.55,2,"Conflicting Names: ['Sabharwal-Gole', 'De Ltd']; Conflicting Categories: ['Telecom', 'Books_Stationery']; Conflicting Cities: ['Hyd', 'Calcutta']"
MCH1161,"Kuruvilla, Pall And Ravel",5411,Grocery,Private_Limited,Jalandhar,Punjab,2023-12-29 00:00:00,,ACTIVE,549.82,SINGLETON,1.0,1,No duplicates
MCH1162,"Anand, Mistry And Khare",5999,Miscellaneous Retail,Private_Limited,New Delhi,Delhi,2025-12-02 00:00:00,XXXX2346,ACTIVE,1311.0,SINGLETON,1.0,1,No duplicates
MCH1163,"Gour, Comar And Palan",4814,Telecom,Partnership,Ldh,Punjab,2025-10-25 00:00:00,BYWD2962302915002,INACTIVE,5449.73,CONFLICTING_MERCHANT_RECORD,0.55,2,"Conflicting Names: ['Gour, Comar And Palan', 'Chauhan Group']; Conflicting Categories: ['Telecom', 'Medical_Store']; Conflicting Cities: ['Ldh', 'Calcutta']"
MCH1164,Goda Plc,4131,Transportation,Partnership,Ludhiana,Punjab,2025-10-27 00:00:00,,ACTIVE,953.0,SINGLETON,1.0,1,No duplicates
MCH1168,"Seshadri, Borah And Sachdeva",,Pharmacy,Individual,Pune,Maharashtra,2026-01-04 03:19:25,CWXA5916653675162,ACTIVE,4780.41,CONFLICTING_MERCHANT_RECORD,0.55,3,"Conflicting Names: ['Sekhon Inc', 'Seshadri, Borah And Sachdeva', 'Dugal, Thaker And Rana']; Conflicting Categories: ['Grocery', 'Chemist', 'Apparel']; Conflicting Cities: ['Hyd', 'Pune']"
MCH1169,Dey-Gupta,5812,Restaurant,Individual,Blr,Karnataka,2023-03-17 00:00:00,0295503532,ACTIVE,1427.7,SINGLETON,1.0,1,No duplicates
MCH1170,"Wali, Bala And Sanghvi",5311,Department Store,Sole-Proprietor,Blr,Karnataka,2023-04-01 15:30:00,,INACTIVE,1109.65,SINGLETON,1.0,1,No duplicates
MCH1171,Sampath-Shroff,5912,Pharmacy,Partnership,Dilli,Delhi,2026-01-19 05:21:00,,ACTIVE,393.94,SINGLETON,1.0,1,No duplicates
MCH1174,Mander-Kari,5411,Grocery,Partnership,Jalandar,Punjab,2023-05-01 00:00:00,,ACTIVE,1013.97,SINGLETON,1.0,1,No duplicates
MCH1177,"Mistry, Savant And Jha",4131,Transportation,Sole Proprietor,Amritsar,Punjab,2025-08-29 18:32:00,,ACTIVE,1663.99,SINGLETON,1.0,1,No duplicates
MCH1179,Suresh-Chand,5942,Books & Stationery,Partnership,Madras,Tamil Nadu,2025-11-19 00:00:00,,ACTIVE,,SINGLETON,1.0,1,No duplicates
MCH1180,Sangha And Sons,5411,Grocery,Individual,Hyderabad,Telangana,2023-11-03 00:00:00,VUOK6265318074983,ACTIVE,993.08,SINGLETON,1.0,1,No duplicates
MCH1183,Rajan Llc,5812,Restaurant,Private_Limited,Bengaluru,Karnataka,2023-02-02 00:00:00,,ACTIVE,1717.84,SINGLETON,1.0,1,No duplicates
MCH1185,"Buch, Barad And Toor",5999,Miscellaneous Retail,Partnership,Jalandhar,Punjab,2024-06-16 00:00:00,6769671490,ACTIVE,2955.34,SINGLETON,1.0,1,No duplicates
MCH1188,M0Rar Ltd,5912,Pharmacy,Individual,Hyderabad,Telangana,2024-02-19 00:00:00,3674511273,ACTIVE,1156.7,SINGLETON,1.0,1,No duplicates
MCH1189,"Rai, Doctor And Dar",5699,Apparel,Sole_Proprietor,Mumbay,Maharashtra,2024-11-13 20:40:00,8075572970,ACTIVE,1513.0,SINGLETON,1.0,1,No duplicates
MCH1191,Raval Ltd,4814,Telecom,Individual,Kolkata,West Bengal,2023-01-19 00:18:56,,INACTIVE,1670.52,SINGLETON,1.0,1,No duplicates
MCH1193,"Padmanabhan, Sekhon And Dhawan",5812,Restaurant,Partnership,Lucknow,Uttar Pradesh,2025-01-16 00:00:00,,ACTIVE,1712.05,SINGLETON,1.0,1,No duplicates
MCH1195,Cherian-Rana,4131,Transportation,Sole_Proprietor,Jalandhar,Punjab,2025-09-09 00:00:00,,ACTIVE,364.17,CONFLICTING_MERCHANT_RECORD,0.55,2,"Conflicting Names: ['Cherian-Rana', 'Parekh-Patla']; Conflicting Categories: ['Transport', 'Books_Stationery']; Conflicting Cities: ['Jalandhar', 'Ludhiana']"
MCH1197,"Gaba, Wadhwa And Sahni",5411,Grocery,Private Limited,Mumbai,Maharashtra,2024-08-01 00:00:00,8143796682,ACTIVE,488.96,SINGLETON,1.0,1,No duplicates
MCH1199,Chad-Grewal,5812,Restaurant,Sole_Proprietor,Hyd,Telangana,2024-11-22 00:00:00,8520358001,ACTIVE,187.18,CONFLICTING_MERCHANT_RECORD,0.55,2,"Conflicting Names: ['Chad-Grewal', 'Chatterjee, Chada And Ghose']; Conflicting Cities: ['Hyd', 'Madras']"
MCH1200,Vora And Sons,,Apparel,Private_Limited,Pune,Maharashtra,2023-02-08 00:00:00,MQRX2052089170910,ACTIVE,1072.0,SINGLETON,1.0,1,No duplicates
MCH1202,Koshy-Borde,5311,Department Store,Partnership,Ludhiana,Punjab,2023-04-27 14:11:10,QMOB6262370066772,ACTIVE,1998.99,SINGLETON,1.0,1,No duplicates
MCH1204,Rana Group,5311,Department Store,Private-Limited,Jpr,Rajasthan,2025-05-24 15:30:29,,ACTIVE,733.33,SINGLETON,1.0,1,No duplicates
MCH1207,"Pillai, Oak And Barman",5812,Restaurant,Individual,Delhi,Delhi,2024-04-11 00:00:00,,ACTIVE,1280.08,SINGLETON,1.0,1,No duplicates
MCH1210,"Dua, Buch And Kaul",,Books & Stationery,Private-Limited,Bombay,Maharashtra,,9379400368,SUSPENDED,1903.0,SINGLETON,1.0,1,No duplicates
MCH1211,"Munshi, Pai And Sibal",5311,Department Store,Sole_Proprietor,Delhi,Delhi,2023-01-04 00:00:00,NHYW6672789857023,ACTIVE,296.16,SINGLETON,1.0,1,No duplicates
MCH1213,Ray Llc,5912,Pharmacy,Partnership,Pune,Maharashtra,2024-01-07 18:33:52,1805958295,ACTIVE,1556.0,FORMATTING_DUPLICATE,0.85,2,2 records with formatting variations consolidated
MCH1214,Patel-Bhatti,5311,Department Store,Individual,Jalandhar,Punjab,2024-10-05 17:31:40,XXXX0366,ACTIVE,1829.91,CONFLICTING_MERCHANT_RECORD,0.55,2,"Conflicting Names: ['Padmanabhan Gr0Up', 'Patel-Bhatti']; Conflicting Categories: ['Telecom', 'Department Store']; Conflicting Cities: ['Amritsar', 'Jalandhar']"
MCH1216,Mani Ltd,5999,Miscellaneous Retail,Sole_Proprietor,Amritsar,Punjab,2025-04-05 19:50:02,WWHE9096090604868,ACTIVE,228.0,CONFLICTING_MERCHANT_RECORD,0.55,3,"Conflicting Names: ['Agarwal, Dave And Vala', 'Mani Ltd']; Conflicting Categories: ['Hotels', 'Misc Retail']; Conflicting Cities: ['Chennai', 'Amritsar']"
MCH1219,Buta1A Ltd,5699,Apparel,Sole-Proprietor,Lko,Uttar Pradesh,2025-10-23 00:00:00,1736220262,ACTIVE,1046.51,CONFLICTING_MERCHANT_RECORD,0.55,3,"Conflicting Names: ['Khare-Puri', 'Buta1A Ltd', 'Srinivas-Bobal']; Conflicting Categories: ['Food_Services', 'Garments', 'Pharmacies']; Conflicting Cities: ['Amritsar', 'Lko', 'Madras']"
MCH1221,"Bakshi, Doctor And Bobal",7011,Hotel & Lodging,Partnership,Mumbai,Maharashtra,,XXXX9345,ACTIVE,1302.2,CONFLICTING_MERCHANT_RECORD,0.55,3,"Conflicting Names: ['Sastry, Kapoor And Varughese', 'Bakshi, Doctor And Bobal', 'Nadig-Ray']; Conflicting Categories: ['Eating Place', 'Hotels', 'Books']; Conflicting Cities: ['Jalandhar', 'Mumbai', 'Delhi']"
MCH1222,Dass-Dugar,5411,Grocery,Sole Proprietor,Kolkata,West Bengal,2023-11-07 18:19:21,,ACTIVE,,SINGLETON,1.0,1,No duplicates
MCH1224,Setty-Sami,5942,Books & Stationery,Individual,Kolkata,West Bengal,2023-09-02 05:59:00,7626814027,ACTIVE,609.48,SINGLETON,1.0,1,No duplicates
MCH1226,Nadkarni Ltd,5912,Pharmacy,Sole_Proprietor,Ludhiana,Punjab,,,ACTIVE,602.21,CONFLICTING_MERCHANT_RECORD,0.55,2,"Conflicting Names: ['Nadkarni Ltd', 'Apte, Pingle And Pal']; Conflicting Categories: ['Medical_Store', 'Hotel']; Conflicting Cities: ['Ludhiana', 'Hyderabad']"
MCH1227,"Nazareth, Zacharia And Swaminathan",5812,Restaurant,Private_Limited,Ludhiana,Punjab,2023-03-21 16:36:39,MUJQ0020831226650,ACTIVE,870.36,CONFLICTING_MERCHANT_RECORD,0.55,4,"Conflicting Names: ['Nazareth, Zacharia And Swaminathan', 'Madan, More And Pal', 'Shah And Sons', 'Dyal Ltd']; Conflicting Categories: ['Food', 'Grocery_Store', 'Clothing', 'Other']; Conflicting Cities: ['Ludhiana', 'Hyd', 'Lko']"
MCH1229,"Sen, Dewan And Tripathi",5942,Books & Stationery,Private-Limited,Asr,Punjab,2025-02-19 00:00:00,JECT9983029325791,ACTIVE,2028.74,CONFLICTING_MERCHANT_RECORD,0.55,2,"Conflicting Names: ['Sen, Dewan And Tripathi', 'Hayre Inc']; Conflicting Categories: ['Stationery', 'Retail Other']; Conflicting Cities: ['Asr', 'Calcutta']"
MCH1233,"Upadhyay, Lall And Kala",5942,Books & Stationery,Private_Limited,Pune,Maharashtra,2024-07-19 00:00:00,,ACTIVE,1465.98,SINGLETON,1.0,1,No duplicates
MCH1234,Comar-Kari,4131,Transportation,Sole_Proprietor,Jalandhar,Punjab,,IUGP6821222732474,ACTIVE,1120.89,CONFLICTING_MERCHANT_RECORD,0.55,2,"Conflicting Names: ['Comar-Kari', 'Shah, Pathak And Bera']; Conflicting Categories: ['Transprt', 'Hospitality']; Conflicting Cities: ['Jalandhar', 'Jpr']"
MCH1237,Agarwal-Kibe,7011,Hotel & Lodging,Partnership,Mumbay,Maharashtra,2023-03-30 00:00:00,CKEI2680343648784,ACTIVE,750.84,SINGLETON,1.0,1,No duplicates
MCH1243,"Buch, Atwal And Roy",5912,Pharmacy,Partnership,Ludhiana,Punjab,2025-06-12 08:43:00,,ACTIVE,1323.94,SINGLETON,1.0,1,No duplicates
MCH1245,"Kumer, Varghese And Dhawan",,Pharmacy,Partnership,Poona,Maharashtra,2023-08-23 00:00:00,,ACTIVE,725.32,SINGLETON,1.0,1,No duplicates
MCH1247,"Nayak, Lala And Pillai",5411,Grocery,Sole-Proprietor,Bengaluru,Karnataka,2023-01-19 00:00:00,9109437765,INACTIVE,677.02,SINGLETON,1.0,1,No duplicates
MCH1249,"Varkey, Kulkarni And More",5311,Department Store,Sole-Proprietor,Blr,Karnataka,2023-07-26 21:44:19,,ACTIVE,1049.44,CONFLICTING_MERCHANT_RECORD,0.55,2,"Conflicting Names: ['Varkey, Kulkarni And More', 'Garg, Saha And Rattan']; Conflicting Categories: ['Retail', 'Other']; Conflicting Cities: ['Blr', 'Jalandhar']"
MCH1250,Ben-Thaman,5411,Grocery,Sole_Proprietor,Bengaluru,Karnataka,,BWCW6486975518274,SUSPENDED,1524.37,CONFLICTING_MERCHANT_RECORD,0.55,3,"Conflicting Names: ['Ben-Thaman', 'Bhardwaj-Wable', 'Kata Group']; Conflicting Categories: ['Grocery_Store', 'Bus/Taxi', 'Eating Place']; Conflicting Cities: ['Bengaluru', 'Pune', 'Chennai']"
MCH1254,Pant-Muni,4131,Transportation,Partnership,Delhi,Delhi,2023-10-21 00:00:00,,ACTIVE,781.27,SINGLETON,1.0,1,No duplicates
MCH1255,"Bose, Memon And Luthra",5942,Books & Stationery,Partnership,Pune,Maharashtra,2023-05-27 08:30:18,XXXX6249,ACTIVE,1129.38,CONFLICTING_MERCHANT_RECORD,0.55,2,"Conflicting Names: ['La1A And S0Ns', 'Bose, Memon And Luthra']; Conflicting Categories: ['Telecom', 'Book Store']; Conflicting Cities: ['Kolkata', 'Pune']"
MCH1256,Vala Inc,5912,Pharmacy,Sole_Proprietor,Kolkata,West Bengal,2025-01-17 00:00:00,,SUSPENDED,1415.24,SINGLETON,1.0,1,No duplicates
MCH1257,Varma-Maharaj,5942,Books & Stationery,Sole_Proprietor,Calcutta,West Bengal,2023-04-15 16:16:00,VIAW9051693811302,ACTIVE,3059.27,SINGLETON,1.0,1,No duplicates
MCH1259,"Wagle, Verma And Ramanathan",,Pharmacy,Private_Limited,Jaipur,Rajasthan,2025-08-12 00:00:00,,ACTIVE,548.2,SINGLETON,1.0,1,No duplicates
MCH1260,Kothari-Nadkarni,5699,Apparel,Private Limited,Lucknow,Uttar Pradesh,2026-01-15 00:00:00,6850024093,ACTIVE,2375.4,CONFLICTING_MERCHANT_RECORD,0.55,2,"Conflicting Names: ['Kothari-Nadkarni', 'Oommen-Jha']; Conflicting Categories: ['Clothing', 'Grocery_Store']; Conflicting Cities: ['Lucknow', 'Delhi']"
MCH1261,"Cheema, Savant And Bakshi",5311,Department Store,Sole_Proprietor,Ludhiana,Punjab,2024-06-03 00:00:00,EXGQ1328686965867,INACTIVE,,FORMATTING_DUPLICATE,0.85,2,2 records with formatting variations consolidated
MCH1262,Charinc,4814,Telecom,Individual,Pune,Maharashtra,2025-06-28 00:00:00,4484109203,ACTIVE,489.52,CONFLICTING_MERCHANT_RECORD,0.55,2,"Conflicting Names: ['Charinc', 'Lad And Sons']; Conflicting Categories: ['Telecom', 'Hospitality']; Conflicting Cities: ['Pune', 'Jalandar']"
MCH1263,Memon-Choudhary,5912,Pharmacy,Private Limited,Hyd,Telangana,2025-11-27 22:51:46,,ACTIVE,1888.17,CONFLICTING_MERCHANT_RECORD,0.55,3,"Conflicting Names: ['Krishnan-Venkataraman', 'Memon-Choudhary', 'Soman, Chaudhary And Luthra']; Conflicting Categories: ['Telecom', 'Chemist', 'Phone Service']; Conflicting Cities: ['Kolkata', 'Hyd']"
MCH1267,Master-Tiwari,4814,Telecom,Private_Limited,Lucknow,Uttar Pradesh,,,INACTIVE,1213.17,SINGLETON,1.0,1,No duplicates
MCH1268,Vyas Ltd,5311,Department Store,Individual,Amritsar,Punjab,2023-06-28 00:00:00,,ACTIVE,,SINGLETON,1.0,1,No duplicates
MCH1269,Shukla Plc,5699,Apparel,Individual,Hyd,Telangana,2025-03-03 19:00:09,,ACTIVE,1758.28,SINGLETON,1.0,1,No duplicates
MCH1270,Tiwari And Sons,5311,Department Store,Private_Limited,Hyderabad,Telangana,2023-06-02 14:56:50,,ACTIVE,1107.02,SINGLETON,1.0,1,No duplicates
MCH1272,Garg Inc,4131,Transportation,Partnership,Jpr,Rajasthan,2023-05-28 22:37:00,7553237450,ACTIVE,549.87,SINGLETON,1.0,1,No duplicates
MCH1275,Kata Group,7011,Hotel & Lodging,Partnership,Lucknow,Uttar Pradesh,2025-09-11 07:33:00,XXXX0284,ACTIVE,252.53,SINGLETON,1.0,1,No duplicates
MCH1277,Bhatnagar-Borah,5812,Restaurant,Individual,Kolkata,West Bengal,,4086473586,ACTIVE,3540.87,CONFLICTING_MERCHANT_RECORD,0.55,2,"Conflicting Names: ['Deol-Nayak', 'Bhatnagar-Borah']; Conflicting Categories: ['Transprt', 'Restaurant']; Conflicting Cities: ['Bengaluru', 'Kolkata']"
MCH1280,"Ben, Madan And Dey",5942,Books & Stationery,Private_Limited,Lucknow,Uttar Pradesh,2025-06-13 00:00:00,,ACTIVE,1308.81,SINGLETON,1.0,1,No duplicates
MCH1285,Hayer Plc,5912,Pharmacy,Individual,Blr,Karnataka,2023-09-24 07:15:32,,ACTIVE,436.7,SINGLETON,1.0,1,No duplicates
MCH1288,"Jain, Loke And Zacharia",4131,Transportation,Sole-Proprietor,Blr,Karnataka,2023-07-17 08:08:00,XXXX2041,ACTIVE,915.81,SINGLETON,1.0,1,No duplicates
MCH1292,Gera-Nayak,7011,Hotel & Lodging,Sole_Proprietor,Chennai,Tamil Nadu,2023-09-25 00:00:00,,ACTIVE,267.0,SINGLETON,1.0,1,No duplicates
MCH1293,"Kohli, Rajan And Nair",5699,Apparel,Sole_Proprietor,Jaipur,Rajasthan,2023-09-04 06:47:00,XXXX7079,ACTIVE,915.17,SINGLETON,1.0,1,No duplicates
MCH1294,Rajagopalan Group,5912,Pharmacy,Individual,Amritsar,Punjab,2024-08-29 05:38:00,XXXX1888,ACTIVE,539.82,SINGLETON,1.0,1,No duplicates
MCH1296,Gaba-Rama,5912,Pharmacy,Individual,Delhi,Delhi,2023-01-16 00:00:00,6728414996,ACTIVE,2547.8,SINGLETON,1.0,1,No duplicates
MCH1297,Luthra And Sons,5411,Grocery,Private-Limited,New Delhi,Delhi,2023-06-12 01:16:32,5942366474,ACTIVE,381.86,SINGLETON,1.0,1,No duplicates
MCH1298,"Raghavan,Reddyandsangha",5942,Books & Stationery,Sole_Proprietor,Hyderabad,Telangana,2025-04-28 00:00:00,XXXX0353,ACTIVE,364.92,SINGLETON,1.0,1,No duplicates
MCH1299,Mutti Plc,5699,Apparel,Partnership,Jaipur,Rajasthan,2023-06-27 00:00:00,8421728078,ACTIVE,605.64,SINGLETON,1.0,1,No duplicates
MCH1304,Sama Ltd,5912,Pharmacy,Individual,Bengaluru,Karnataka,2024-02-27 00:00:00,9710613459,ACTIVE,4095.57,SINGLETON,1.0,1,No duplicates
MCH1305,Ghose-Batta,4131,Transportation,Individual,Hyd,Telangana,2025-12-20 00:00:00,,INACTIVE,380.06,SINGLETON,1.0,1,No duplicates
MCH1308,Subramaniam-Shankar,5912,Pharmacy,Partnership,Bengaluru,Karnataka,2024-12-28 00:00:00,RSHZ2134290298030,INACTIVE,2112.78,SINGLETON,1.0,1,No duplicates
MCH1309,"Jhaveri, Dasgupta And Kata",5699,Apparel,Individual,Mumbai,Maharashtra,2023-09-20 00:00:00,XXXX1715,ACTIVE,929.23,SINGLETON,1.0,1,No duplicates
MCH1311,"Dugal, Munshi And Kunda",4814,Telecom,Individual,Jaipur,Rajasthan,2025-03-27 21:22:00,XXXX7230,ACTIVE,1605.92,SINGLETON,1.0,1,No duplicates
MCH1314,"Pant, Mammen And Doctor",5699,Apparel,Individual,Jaipur,Rajasthan,2023-11-12 16:47:12,,ACTIVE,1045.43,SINGLETON,1.0,1,No duplicates
MCH1318,Gupta Llc,4814,Telecom,Private_Limited,Jaipur,Rajasthan,,0618978505,ACTIVE,,SINGLETON,1.0,1,No duplicates
MCH1320,Babu-Khatri,5699,Apparel,Individual,Kolkata,West Bengal,2023-11-24 10:52:12,XXXX8923,ACTIVE,,FORMATTING_DUPLICATE,0.85,2,2 records with formatting variations consolidated
MCH1321,Borah-Dhaliwal,7011,Hotel & Lodging,Sole_Proprietor,Amritsar,Punjab,2025-12-06 00:00:00,XXXX0908,ACTIVE,7973.89,SINGLETON,1.0,1,No duplicates
MCH1323,Dhar And Sons,5942,Books & Stationery,Partnership,Amritsar,Punjab,,BGGB6995281283064,ACTIVE,3792.9,SINGLETON,1.0,1,No duplicates
MCH1324,"Edwin, Savant And Tandon",7011,Hotel & Lodging,Partnership,Bangalore,Karnataka,2026-01-26 00:00:00,,ACTIVE,1192.31,SINGLETON,1.0,1,No duplicates
MCH1326,"Chaudhry, Agrawa1 And Sridhar",5942,Books & Stationery,Sole_Proprietor,Bangalore,Karnataka,2024-05-20 00:00:00,ZQNQ7613300121760,ACTIVE,177.58,SINGLETON,1.0,1,No duplicates
MCH1327,Gandhiplc,5699,Apparel,Sole-Proprietor,Lko,Uttar Pradesh,2023-11-02 00:00:00,XXXX1458,ACTIVE,902.09,SINGLETON,1.0,1,No duplicates
MCH1328,Buch And Sons,7011,Hotel & Lodging,Sole_Proprietor,Chennai,Tamil Nadu,2025-03-28 00:00:00,JVTH6188797527471,ACTIVE,711.0,SINGLETON,1.0,1,No duplicates
MCH1331,"Garg, Bobal And Jain",4131,Transportation,Individual,Calcutta,West Bengal,2024-06-29 00:00:00,,ACTIVE,3720.61,SINGLETON,1.0,1,No duplicates
MCH1333,Sastry Plc,4814,Telecom,Individual,Amritsar,Punjab,2025-09-18 18:25:49,DIOZ5944277163234,INACTIVE,1548.51,SINGLETON,1.0,1,No duplicates
MCH1334,"Kalita, Sarraf And Bhardwaj",5999,Miscellaneous Retail,Individual,Bangalore,Karnataka,2025-09-28 00:00:00,RPOB8162410396498,ACTIVE,1780.83,SINGLETON,1.0,1,No duplicates
MCH1335,"Wagle, Kamdar And Mallick",7011,Hotel & Lodging,Sole_Proprietor,Mumbai,Maharashtra,2024-03-05 01:55:00,OQHA9321120180853,SUSPENDED,398.0,SINGLETON,1.0,1,No duplicates
MCH1336,"Zachariah, Bhattacharyya And Hegde",5699,Apparel,Sole_Proprietor,Blr,Karnataka,2024-08-30 12:55:19,DKKL1392349779906,ACTIVE,919.0,CONFLICTING_MERCHANT_RECORD,0.55,4,"Conflicting Names: ['Zachariah, Bhattacharyya And Hegde', 'Tandon-Pant', 'Narayanan, Anand And Kalita', 'Contractor-Dube']; Conflicting Categories: ['Apparel', 'Department Store', 'Other', 'Pharmacies']; Conflicting Cities: ['Blr', 'Jaipur', 'Ludhiana', 'Jalandhar']"
MCH1340,Pingle-Lad,5999,Miscellaneous Retail,Individual,Chennai,Tamil Nadu,2023-02-09 00:00:00,,ACTIVE,,CONFLICTING_MERCHANT_RECORD,0.55,2,"Conflicting Names: ['Pingle-Lad', 'Dash, Saxena And Kara']; Conflicting Categories: ['Misc Retail', 'Transport']; Conflicting Cities: ['Chennai', 'Hyderabad']"
MCH1343,Narasimhan-Shetty,5999,Miscellaneous Retail,Individual,Kolkata,West Bengal,2023-08-18 00:00:00,LWCS5510064722287,ACTIVE,3443.8,CONFLICTING_MERCHANT_RECORD,0.55,2,"Conflicting Names: ['Madan,Trivediandganguly', 'Narasimhan-Shetty']; Conflicting Categories: ['Garments', 'Miscellaneous']; Conflicting Cities: ['Blr', 'Kolkata']"
MCH1345,Bhat Inc,5311,Department Store,Private_Limited,Hyd,Telangana,2025-01-28 00:00:00,XXXX9759,ACTIVE,1702.79,SINGLETON,1.0,1,No duplicates
MCH1347,D’Alia Group,7011,Hotel & Lodging,Private_Limited,Chennai,Tamil Nadu,2023-07-02 00:00:00,XXXX4418,ACTIVE,1739.0,SINGLETON,1.0,1,No duplicates
MCH1349,Bahri And Sons,5912,Pharmacy,Individual,Hyderabad,Telangana,2025-06-08 00:00:00,BGVV4182827632214,ACTIVE,2320.2,CONFLICTING_MERCHANT_RECORD,0.55,3,"Conflicting Names: ['Verma-Rastogi', 'Bahri And Sons', 'Mital-Narasimhan']; Conflicting Categories: ['Books_Stationery', 'Pharmacies', 'Department Stores']; Conflicting Cities: ['Bombay', 'Hyderabad', 'Jpr']"
MCH1350,"Krishnamurthy, Dutt And Sura",4814,Telecom,Partnership,Mumbai,Maharashtra,2024-07-25 00:00:00,3860313878,ACTIVE,1360.18,SINGLETON,1.0,1,No duplicates
MCH1352,Mukherjee-Sethi,5812,Restaurant,Sole_Proprietor,Pune,Maharashtra,2024-03-19 01:21:36,,ACTIVE,737.77,CONFLICTING_MERCHANT_RECORD,0.55,2,"Conflicting Names: ['Mukherjee-Sethi', 'Bandi, Soman And Manne']; Conflicting Cities: ['Pune', 'Jalandar']"
MCH1353,Chada And Sons,4131,Transportation,Partnership,Jpr,Rajasthan,2023-11-25 07:19:00,,ACTIVE,2641.0,CONFLICTING_MERCHANT_RECORD,0.55,2,"Conflicting Names: ['Chada And Sons', 'Lata Llc']; Conflicting Categories: ['Bus/Taxi', 'Misc Retail']; Conflicting Cities: ['Jpr', 'Calcutta']"
MCH1358,"Chaudry, Baral And Modi",4131,Transportation,Individual,Ludhiana,Punjab,2025-06-07 00:00:00,3312553110,ACTIVE,2115.38,CONFLICTING_MERCHANT_RECORD,0.55,2,"Conflicting Names: ['Chaudry, Baral And Modi', 'Bhatia-Sekhon']; Conflicting Categories: ['Transportation', 'Books_Stationery']; Conflicting Cities: ['Ludhiana', 'Jaipur']"
MCH1359,Palan-Minhas,,Apparel,Individual,Madras,Tamil Nadu,2024-08-24 00:00:00,,ACTIVE,1891.91,SINGLETON,1.0,1,No duplicates
MCH1363,Rattan-Shere,7011,Hotel & Lodging,Sole_Proprietor,Madras,Tamil Nadu,2025-08-19 00:00:00,,ACTIVE,926.5,SINGLETON,1.0,1,No duplicates
MCH1364,Krishnamurthy Llc,4131,Transportation,Individual,Hyderabad,Telangana,2023-02-01 00:00:00,IIJY7170442781592,ACTIVE,377.26,CONFLICTING_MERCHANT_RECORD,0.55,3,"Conflicting Names: ['Krishnamurthy Llc', 'Ba1 Gr0Up', 'Kumar Llc']; Conflicting Categories: ['Transportation', 'Book Store', 'Stationery']; Conflicting Cities: ['Hyderabad', 'Lucknow', 'Jalandar']"
MCH1365,Ahluwalia-Choudhary,5311,Department Store,Private Limited,Ldh,Punjab,2023-10-03 00:00:00,XXXX5844,ACTIVE,4292.21,CONFLICTING_MERCHANT_RECORD,0.55,2,"Conflicting Names: ['Ahluwalia-Choudhary', 'Agate Plc']; Conflicting Categories: ['Retail', 'Stationery']; Conflicting Cities: ['Ldh', 'Pune']"
MCH1366,"Shah, Roy And Srinivasan",,Grocery,Sole_Proprietor,Calcutta,West Bengal,2023-08-03 07:31:06,5320028837,ACTIVE,935.11,SINGLETON,1.0,1,No duplicates
MCH1370,Wable Llc,4814,Telecom,Private-Limited,Jalandar,Punjab,2023-11-19 00:00:00,6802604838,ACTIVE,3898.88,SINGLETON,1.0,1,No duplicates
MCH1375,"Sahota, Johal And Shanker",5411,Grocery,Individual,Jalandhar,Punjab,2025-03-02 00:00:00,PHOZ2706415438619,SUSPENDED,1836.94,CONFLICTING_MERCHANT_RECORD,0.55,3,"Conflicting Names: ['Golla And Sons', 'Sahota, Johal And Shanker', 'Doctor-Srinivasan']; Conflicting Categories: ['Medical', 'Groceries', 'Chemist']; Conflicting Cities: ['Bengaluru', 'Jalandhar', 'Madras']"
MCH1377,"Taneja, Din And Kaul",5812,Restaurant,Sole_Proprietor,Dilli,Delhi,2025-10-05 09:00:44,QWQZ7332733729369,ACTIVE,767.08,CONFLICTING_MERCHANT_RECORD,0.55,2,"Conflicting Names: ['Taneja, Din And Kaul', 'Sinha-Gaba']; Conflicting Categories: ['Eating Place', 'Kirana']; Conflicting Cities: ['Dilli', 'Poona']"
MCH1378,Patil-Deshmukh,5311,Department Store,Private Limited,Madras,Tamil Nadu,2023-10-09 00:00:00,HYZE0588457086111,ACTIVE,387.99,SINGLETON,1.0,1,No duplicates
MCH1379,Chokshi Ltd,5912,Pharmacy,Individual,Chennai,Tamil Nadu,2024-01-23 00:00:00,XXXX4340,ACTIVE,2729.5,SINGLETON,1.0,1,No duplicates
MCH1380,Mahal-Khare,5999,Miscellaneous Retail,Private_Limited,Mumbai,Maharashtra,2025-02-23 00:44:00,TLPQ4078335945068,ACTIVE,3004.0,CONFLICTING_MERCHANT_RECORD,0.55,2,"Conflicting Names: ['Mahal-Khare', 'Bhatia-Oza']; Conflicting Categories: ['Miscellaneous', 'Telecom']; Conflicting Cities: ['Mumbai', 'Jaipur']"
MCH1383,Dubey Group,,Grocery,Individual,Hyderabad,Telangana,2023-09-03 16:33:00,JDGO5125225131187,ACTIVE,,SINGLETON,1.0,1,No duplicates
MCH1384,Thakur-Ben,4814,Telecom,Individual,Hyderabad,Telangana,2023-11-04 00:00:00,,ACTIVE,1433.16,CONFLICTING_MERCHANT_RECORD,0.55,2,"Conflicting Names: ['Thakur-Ben', 'Naidu-Bhatti']; Conflicting Categories: ['Telecom', 'Restaurants']; Conflicting Cities: ['Hyderabad', 'Ludhiana']"
MCH1387,Handa-Talwar,4131,Transportation,Sole_Proprietor,Lucknow,Uttar Pradesh,2023-10-05 03:18:00,,ACTIVE,754.0,SINGLETON,1.0,1,No duplicates
MCH1388,"Kala, Kunda And Pandit",5912,Pharmacy,Sole_Proprietor,Bengaluru,Karnataka,2025-07-22 00:00:00,PZDL0297294331143,ACTIVE,3155.43,SINGLETON,1.0,1,No duplicates
MCH1389,Munshi-Behl,5411,Grocery,Individual,Pune,Maharashtra,2023-06-17 00:00:00,,ACTIVE,3913.0,SINGLETON,1.0,1,No duplicates
MCH1391,"Kale, Shroff And Barad",7011,Hotel & Lodging,Individual,Kolkata,West Bengal,2025-10-31 06:57:00,,SUSPENDED,2757.0,SINGLETON,1.0,1,No duplicates
MCH1392,Johal-Gaba,5912,Pharmacy,Private-Limited,Pune,Maharashtra,2024-02-20 00:00:00,XXXX9354,INACTIVE,4352.7,SINGLETON,1.0,1,No duplicates
MCH1393,Hegde-Bahri,5912,Pharmacy,Partnership,Ludhiana,Punjab,2024-11-15 00:00:00,BAUM6641100955450,ACTIVE,6478.07,SINGLETON,1.0,1,No duplicates
MCH1395,Venkatesh Llc,5812,Restaurant,Partnership,Lucknow,Uttar Pradesh,2023-04-16 01:21:59,2640758547,ACTIVE,641.0,SINGLETON,1.0,1,No duplicates
MCH1397,Memon Llc,,Books & Stationery,Private_Limited,Blr,Karnataka,2025-04-18 00:00:00,XXXX0515,ACTIVE,1062.38,CONFLICTING_MERCHANT_RECORD,0.55,2,"Conflicting Names: ['Bir,Ravelandswaminathan', 'Memon Llc']; Conflicting Categories: ['Grocery_Store', 'Stationery']; Conflicting Cities: ['Pune', 'Blr']"
MCH1400,Kapoor-Bhalla,5699,Apparel,Partnership,Madras,Tamil Nadu,2023-05-17 00:00:00,,ACTIVE,913.08,SINGLETON,1.0,1,No duplicates
MCH1401,Din And Sons,5411,Grocery,Individual,Amritsar,Punjab,2025-07-20 20:31:24,2717124397,ACTIVE,286.09,SINGLETON,1.0,1,No duplicates
MCH1405,Chandra Inc,5311,Department Store,Partnership,Ludhiana,Punjab,2026-02-10 00:00:00,4121935460,INACTIVE,1248.0,CONFLICTING_MERCHANT_RECORD,0.55,2,"Conflicting Names: ['Sawhney-Naru1A', 'Chandra Inc']; Conflicting Categories: ['Medical_Store', 'Department Store']; Conflicting Cities: ['Lucknow', 'Ludhiana']"
MCH1406,Parmer-Goswami,7011,Hotel & Lodging,Private Limited,Bengaluru,Karnataka,2024-07-11 00:00:00,XXXX3050,ACTIVE,2632.53,SINGLETON,1.0,1,No duplicates
MCH1409,Baral Llc,5912,Pharmacy,Individual,Hyd,Telangana,2023-03-06 00:00:00,,ACTIVE,1891.12,SINGLETON,1.0,1,No duplicates
MCH1417,"Sekhon, Parsa And Bandi",4814,Telecom,Sole Proprietor,Mumbay,Maharashtra,2026-01-26 00:00:00,,ACTIVE,1501.66,SINGLETON,1.0,1,No duplicates
MCH1420,Aggarwal-Garde,4131,Transportation,Sole_Proprietor,Mumbai,Maharashtra,2024-03-18 00:00:00,XXXX4337,ACTIVE,830.85,CONFLICTING_MERCHANT_RECORD,0.55,3,"Conflicting Names: ['Nath, Setty And Pai', 'Aggarwal-Garde', 'Hayer, Malhotra And Dugar']; Conflicting Categories: ['Hotel', 'Bus/Taxi', 'Retail']; Conflicting Cities: ['Kolkata', 'Mumbai', 'Pune']"
MCH1422,Merchant And Sons,5912,Pharmacy,Individual,Hyderabad,Telangana,2023-04-25 00:00:00,,ACTIVE,4074.0,SINGLETON,1.0,1,No duplicates
MCH1424,"Goel, Balay And Dua",7011,Hotel & Lodging,Private-Limited,Jalandar,Punjab,2025-10-19 00:36:54,,ACTIVE,5339.46,SINGLETON,1.0,1,No duplicates
MCH1428,De-Natarajan,4131,Transportation,Individual,Mumbai,Maharashtra,2025-12-30 00:00:00,IPNL0786549644750,ACTIVE,1289.0,SINGLETON,1.0,1,No duplicates
MCH1429,Pal Ltd,5411,Grocery,Individual,Jaipur,Rajasthan,2024-10-13 00:00:00,YBSQ5701995451285,ACTIVE,258.0,SINGLETON,1.0,1,No duplicates
MCH1430,"Bhavsar, Dora And Singh",5812,Restaurant,Private_Limited,Dilli,Delhi,2024-03-07 00:00:00,,ACTIVE,238.76,SINGLETON,1.0,1,No duplicates
MCH1434,Kale And Sons,5812,Restaurant,Private_Limited,Jalandar,Punjab,2023-04-25 00:00:00,0258989067,ACTIVE,985.73,SINGLETON,1.0,1,No duplicates
MCH1438,Pandit-Menon,5999,Miscellaneous Retail,Partnership,Bangalore,Karnataka,2023-11-22 00:00:00,ZQNR3407194415594,ACTIVE,409.59,CONFLICTING_MERCHANT_RECORD,0.55,2,"Conflicting Names: ['Memon, Chaudhuri And Choudhry', 'Pandit-Menon']; Conflicting Categories: ['Restaurants', 'Other']; Conflicting Cities: ['Amritsar', 'Bangalore']"
MCH1439,Chawla Ltd,,Transportation,Individual,Chennai,Tamil Nadu,2023-05-10 00:00:00,OYZO1535504454366,ACTIVE,6190.53,FORMATTING_DUPLICATE,0.85,2,2 records with formatting variations consolidated
MCH1441,"Kakar, Parsa And Sodhi",5999,Miscellaneous Retail,Partnership,Lko,Uttar Pradesh,2024-06-09 00:00:00,SBUL4886955523512,ACTIVE,1723.15,SINGLETON,1.0,1,No duplicates
MCH1442,Wadhwa-Walla,7011,Hotel & Lodging,Private Limited,Pune,Maharashtra,2025-12-13 00:00:00,,ACTIVE,1483.74,SINGLETON,1.0,1,No duplicates
MCH1443,Swamy Plc,5999,Miscellaneous Retail,Private-Limited,Lucknow,Uttar Pradesh,2023-06-10 00:00:00,,INACTIVE,209.63,SINGLETON,1.0,1,No duplicates
MCH1445,Wali Plc,5411,Grocery,Sole_Proprietor,Hyd,Telangana,2023-11-09 17:23:59,8128323198,ACTIVE,1200.0,SINGLETON,1.0,1,No duplicates
MCH1446,Sunder-Sathe,5311,Department Store,Sole-Proprietor,Chennai,Tamil Nadu,2024-11-18 00:00:00,XXXX0028,ACTIVE,3885.08,SINGLETON,1.0,1,No duplicates
MCH1447,"Dara, Om And Chaudhry",5699,Apparel,Private_Limited,Bangalore,Karnataka,2023-04-29 00:00:00,NJHB3866390601882,INACTIVE,373.0,CONFLICTING_MERCHANT_RECORD,0.55,2,"Conflicting Names: ['Dara, Om And Chaudhry', 'Uppal Ltd']; Conflicting Categories: ['Garments', 'Medical']; Conflicting Cities: ['Bangalore', 'Lucknow']"
MCH1448,Tak And Sons,5999,Miscellaneous Retail,Sole_Proprietor,Mumbay,Maharashtra,2024-03-30 02:02:17,XXXX9348,ACTIVE,2897.23,SINGLETON,1.0,1,No duplicates
MCH1449,"Chadha, Ramakrishnan And Badami",7011,Hotel & Lodging,Partnership,Hyderabad,Telangana,2023-09-28 15:52:52,,SUSPENDED,1634.83,SINGLETON,1.0,1,No duplicates
MCH1450,"Hora, Kunda And Dani",5311,Department Store,Sole Proprietor,Ludhiana,Punjab,2023-10-30 00:00:00,XXXX1537,INACTIVE,1853.9,SINGLETON,1.0,1,No duplicates
MCH1454,Wableinc,5999,Miscellaneous Retail,Individual,Lucknow,Uttar Pradesh,2025-06-18 00:00:00,7787448001,ACTIVE,2617.0,CONFLICTING_MERCHANT_RECORD,0.55,3,"Conflicting Names: ['Wableinc', 'Bali, Kurian And Garde', 'Mishra-Batra']; Conflicting Categories: ['Misc Retail', 'Restaurant', 'Other']; Conflicting Cities: ['Lucknow', 'Hyd']"
MCH1456,Madan-Ganesh,5699,Apparel,Individual,Amritsar,Punjab,2025-11-01 00:00:00,,ACTIVE,,SINGLETON,1.0,1,No duplicates
MCH1457,Shetty Group,5999,Miscellaneous Retail,Individual,Jalandar,Punjab,2025-07-11 00:00:00,7979475554,ACTIVE,1159.43,SINGLETON,1.0,1,No duplicates
MCH1458,Chatterjee-Saran,,Department Store,Sole_Proprietor,Jalandar,Punjab,2025-05-09 00:00:00,XXXX1187,INACTIVE,658.54,SINGLETON,1.0,1,No duplicates
MCH1459,"Palla, Saini And Date",7011,Hotel & Lodging,Individual,Ludhiana,Punjab,2024-02-20 00:00:00,,SUSPENDED,1582.79,SINGLETON,1.0,1,No duplicates
MCH1462,Swamy Inc,5912,Pharmacy,Private-Limited,Jalandar,Punjab,2023-09-13 00:00:00,CPHK2049802773880,INACTIVE,1411.0,SINGLETON,1.0,1,No duplicates
MCH1465,"Garg, Mallick And Chadha",5812,Restaurant,Private_Limited,Dilli,Delhi,2024-03-24 17:13:00,AINO3925620579339,ACTIVE,443.93,CONFLICTING_MERCHANT_RECORD,0.55,2,"Conflicting Names: ['Shah, Solanki And Rajagopalan', 'Garg, Mallick And Chadha']; Conflicting Categories: ['Garments', 'Food']; Conflicting Cities: ['Lko', 'Dilli']"
MCH1469,"Choudhury, Jani And Ramaswamy",5942,Books & Stationery,Sole_Proprietor,Blr,Karnataka,2025-03-28 00:00:00,XXXX9996,ACTIVE,416.0,SINGLETON,1.0,1,No duplicates
MCH1473,Lata-Khurana,,Pharmacy,Partnership,Hyderabad,Telangana,,,INACTIVE,326.76,SINGLETON,1.0,1,No duplicates
MCH1474,"Sami, Sur And Tank",4131,Transportation,Private_Limited,Pune,Maharashtra,,XXXX6224,ACTIVE,1645.61,SINGLETON,1.0,1,No duplicates
MCH1475,"Bora, Bhakta And Aurora",,Department Store,Private_Limited,Calcutta,West Bengal,2024-06-11 00:00:00,8871048979,ACTIVE,1652.87,SINGLETON,1.0,1,No duplicates
MCH1477,Ahluwalia-Devan,5912,Pharmacy,Partnership,Jpr,Rajasthan,2024-04-15 00:00:00,XXXX2364,ACTIVE,551.17,SINGLETON,1.0,1,No duplicates
MCH1478,Sah0Ta Llc,5912,Pharmacy,Individual,Jaipur,Rajasthan,2024-09-12 18:14:03,1321864172,INACTIVE,2037.0,SINGLETON,1.0,1,No duplicates
MCH1479,"Mandal, Barad And Srinivasan",5942,Books & Stationery,Partnership,Kolkata,West Bengal,2025-07-27 00:00:00,XXXX4686,ACTIVE,,SINGLETON,1.0,1,No duplicates
MCH1480,Bala-Magar,5999,Miscellaneous Retail,Individual,Hyderabad,Telangana,,,ACTIVE,,SINGLETON,1.0,1,No duplicates
MCH1482,"Bahri,Sarinandhora",5999,Miscellaneous Retail,Partnership,Hyderabad,Telangana,2024-01-26 00:00:00,2731738944,SUSPENDED,1651.0,SINGLETON,1.0,1,No duplicates
MCH1483,Mohan-Kari,5942,Books & Stationery,Private Limited,Amritsar,Punjab,2026-02-11 00:00:00,XXXX3338,ACTIVE,1901.08,SINGLETON,1.0,1,No duplicates
MCH1484,"Uppal, Butala And Tata",7011,Hotel & Lodging,Individual,Bangalore,Karnataka,2025-02-18 00:00:00,,ACTIVE,3825.1,SINGLETON,1.0,1,No duplicates
MCH1488,"Chada, Gopal And Rajagopal",4814,Telecom,Sole-Proprietor,Jaipur,Rajasthan,2026-01-02 00:00:00,,ACTIVE,1905.0,SINGLETON,1.0,1,No duplicates
MCH1491,Tripathi Ltd,5699,Apparel,Private_Limited,Calcutta,West Bengal,2024-06-20 00:00:00,XXXX2255,ACTIVE,1820.04,CONFLICTING_MERCHANT_RECORD,0.55,2,"Conflicting Names: ['Sarna, Chand And Goda', 'Tripathi Ltd']; Conflicting Categories: ['Telecom', 'Apparel']; Conflicting Cities: ['Ludhiana', 'Calcutta']"
MCH1492,Ganesan Llc,5999,Miscellaneous Retail,Partnership,Hyderabad,Telangana,2023-08-19 12:27:00,1007001196,ACTIVE,3316.76,CONFLICTING_MERCHANT_RECORD,0.55,2,"Conflicting Names: ['Panchal, Bail And Nadkarni', 'Ganesan Llc']; Conflicting Categories: ['Medical', 'Other']; Conflicting Cities: ['Jaipur', 'Hyderabad']"
MCH1493,"Kar, Nath And Koshy",5942,Books & Stationery,Individual,Blr,Karnataka,2023-01-28 00:00:00,XXXX9866,ACTIVE,,SINGLETON,1.0,1,No duplicates
MCH1494,Joshi-Bala,5311,Department Store,Sole-Proprietor,Mumbai,Maharashtra,2023-12-07 00:00:00,QLRF2864130155210,ACTIVE,997.33,CONFLICTING_MERCHANT_RECORD,0.55,2,"Conflicting Names: ['Joshi-Bala', 'Dave Llc']; Conflicting Categories: ['Retail', 'Misc Retail']; Conflicting Cities: ['Mumbai', 'Hyd']"
MCH1497,Lanka Plc,5912,Pharmacy,Private Limited,Asr,Punjab,2025-09-24 00:00:00,,ACTIVE,1817.0,SINGLETON,1.0,1,No duplicates
MCH1498,Deo-Mand,5999,Miscellaneous Retail,Sole_Proprietor,Chennai,Tamil Nadu,2025-03-01 00:00:00,,ACTIVE,1460.33,SINGLETON,1.0,1,No duplicates
MCH1501,Anand-Bhatt,4814,Telecom,Partnership,Hyderabad,Telangana,2025-11-07 00:00:00,XXXX2933,ACTIVE,4185.6,SINGLETON,1.0,1,No duplicates
MCH1506,Gandhi-Loke,5912,Pharmacy,Partnership,Chennai,Tamil Nadu,2024-06-13 17:59:00,,ACTIVE,967.0,SINGLETON,1.0,1,No duplicates
MCH1509,"Rajan, Dash And Bora",,Transportation,Private_Limited,Amritsar,Punjab,2025-04-26 00:00:00,,INACTIVE,806.0,SINGLETON,1.0,1,No duplicates
MCH1514,"Lata, Raja And Parsa",5311,Department Store,Private_Limited,Jalandhar,Punjab,2024-06-14 17:26:04,XXXX1457,ACTIVE,553.18,SINGLETON,1.0,1,No duplicates
MCH1515,"Mall, Kara And Sastry",5699,Apparel,Partnership,Hyderabad,Telangana,2024-07-19 00:00:00,9073071658,ACTIVE,,SINGLETON,1.0,1,No duplicates
MCH1516,Loyal And Sons,5999,Miscellaneous Retail,Private Limited,Ldh,Punjab,2023-01-12 14:16:00,XXXX1307,ACTIVE,1471.99,SINGLETON,1.0,1,No duplicates
MCH1518,Saini-Gole,5999,Miscellaneous Retail,Private_Limited,Jalandhar,Punjab,2023-07-08 00:00:00,,ACTIVE,957.31,CONFLICTING_MERCHANT_RECORD,0.55,2,"Conflicting Names: ['Saini-Gole', 'Deol, Mand And Bhattacharyya']; Conflicting Categories: ['Other', 'Transportation']; Conflicting Cities: ['Jalandhar', 'Jaipur']"
MCH1522,Mody Inc,5912,Pharmacy,Sole_Proprietor,Jaipur,Rajasthan,2024-08-04 00:00:00,,ACTIVE,631.57,SINGLETON,1.0,1,No duplicates
MCH1525,Sant-Bhavsar,5942,Books & Stationery,Individual,Jaipur,Rajasthan,2023-09-10 00:00:00,XXXX7524,ACTIVE,754.82,SINGLETON,1.0,1,No duplicates
MCH1526,Chowdhury And Sons,4814,Telecom,Sole_Proprietor,Bangalore,Karnataka,2023-07-14 00:00:00,HWTS1273017978357,ACTIVE,2697.93,SINGLETON,1.0,1,No duplicates
MCH1529,"Sangha,Banerjeeandsengupta",7011,Hotel & Lodging,Private_Limited,Ludhiana,Punjab,2023-02-06 00:00:00,,INACTIVE,1257.59,SINGLETON,1.0,1,No duplicates
MCH1530,Parmer-Bath,5699,Apparel,Individual,Lucknow,Uttar Pradesh,2024-04-29 00:00:00,JMXE9195425616055,ACTIVE,375.02,CONFLICTING_MERCHANT_RECORD,0.55,2,"Conflicting Names: ['Suresh, Kadakia And Iyer', 'Parmer-Bath']; Conflicting Categories: ['Medical', 'Clothing']; Conflicting Cities: ['Jalandhar', 'Lucknow']"
MCH1531,Savant And Sons,7011,Hotel & Lodging,Private_Limited,Delhi,Delhi,2026-02-10 00:00:00,,INACTIVE,1019.94,SINGLETON,1.0,1,No duplicates
MCH1532,Sarna-Kota,5999,Miscellaneous Retail,Private_Limited,New Delhi,Delhi,2024-10-21 00:00:00,,ACTIVE,4843.68,SINGLETON,1.0,1,No duplicates
MCH1533,Wason And Sons,5812,Restaurant,Partnership,Amritsar,Punjab,2025-03-27 07:32:49,,INACTIVE,419.64,SINGLETON,1.0,1,No duplicates
MCH1534,"Merchant, Sarna And Korpal",5912,Pharmacy,Private-Limited,Hyderabad,Telangana,2023-04-02 14:45:00,,INACTIVE,3752.5,SINGLETON,1.0,1,No duplicates
MCH1537,Goswami-Sibal,5812,Restaurant,Partnership,Hyderabad,Telangana,2023-04-05 00:00:00,VFGD4255370364176,ACTIVE,360.35,SINGLETON,1.0,1,No duplicates
MCH1540,Dave Llc,5942,Books & Stationery,Sole_Proprietor,Mumbai,Maharashtra,2024-05-21 00:00:00,,ACTIVE,525.0,CONFLICTING_MERCHANT_RECORD,0.55,2,"Conflicting Names: ['Mohan-Hegde', 'Dave Llc']; Conflicting Categories: ['Pharmacy', 'Books_Stationery']; Conflicting Cities: ['Mumbay', 'Mumbai']"
MCH1541,Bhattacharyya-Hans,7011,Hotel & Lodging,Private-Limited,Kolkata,West Bengal,2024-03-24 00:00:00,XXXX2848,ACTIVE,621.01,CONFLICTING_MERCHANT_RECORD,0.55,2,"Conflicting Names: ['Bhattacharyya-Hans', 'Chopra Llc']; Conflicting Categories: ['Hotels', 'Dept_Store']; Conflicting Cities: ['Kolkata', 'Chennai']"
MCH1543,Parmer Group,4131,Transportation,Individual,Hyderabad,Telangana,2025-02-04 20:13:00,,ACTIVE,1064.76,SINGLETON,1.0,1,No duplicates
MCH1551,Malhotra-Subramanian,5812,Restaurant,Partnership,Pune,Maharashtra,2024-06-13 00:00:00,,ACTIVE,1909.07,SINGLETON,1.0,1,No duplicates
MCH1552,Uppal Plc,4131,Transportation,Sole_Proprietor,Hyderabad,Telangana,,,ACTIVE,1136.0,SINGLETON,1.0,1,No duplicates
MCH1553,Basu-Varma,5942,Books & Stationery,Sole_Proprietor,Calcutta,West Bengal,,,ACTIVE,1630.0,SINGLETON,1.0,1,No duplicates
MCH1555,Raj Llc,5942,Books & Stationery,Individual,Pune,Maharashtra,2023-04-23 00:00:00,,ACTIVE,602.0,SINGLETON,1.0,1,No duplicates
MCH1558,Shroff-Khanna,4814,Telecom,Partnership,Blr,Karnataka,2023-01-20 12:52:42,,ACTIVE,1953.35,SINGLETON,1.0,1,No duplicates
MCH1561,Gera-Kota,5942,Books & Stationery,Sole_Proprietor,Jaipur,Rajasthan,2024-06-15 00:00:00,8921681390,INACTIVE,530.0,SINGLETON,1.0,1,No duplicates
MCH1563,Mandal-Biswas,4814,Telecom,Partnership,Jaipur,Rajasthan,2023-11-10 00:00:00,5466191568,SUSPENDED,376.51,SINGLETON,1.0,1,No duplicates
MCH1567,Bhargava-Bora,5812,Restaurant,Private_Limited,Jalandhar,Punjab,2024-12-20 00:00:00,PRCN9599813480981,ACTIVE,101.33,CONFLICTING_MERCHANT_RECORD,0.55,3,"Conflicting Names: ['Samra Plc', 'Bhargava-Bora', 'Suresh Ltd']; Conflicting Categories: ['Clothing', 'Food', 'Cloths']; Conflicting Cities: ['Mumbai', 'Jalandhar', 'Chennai']"
MCH1568,Chandran Ltd,7011,Hotel & Lodging,Sole_Proprietor,Lucknow,Uttar Pradesh,2024-09-04 00:00:00,,ACTIVE,3618.31,SINGLETON,1.0,1,No duplicates
MCH1569,"Bal, Wali And Sheth",4814,Telecom,Private Limited,Chennai,Tamil Nadu,2025-10-11 00:00:00,XXXX9971,ACTIVE,1678.57,SINGLETON,1.0,1,No duplicates
MCH1571,"Rao, Viswanathan And Joshi",4131,Transportation,Sole_Proprietor,Chennai,Tamil Nadu,2023-08-03 04:40:51,,ACTIVE,866.2,SINGLETON,1.0,1,No duplicates
MCH1573,"Tailor, Som And Soni",4814,Telecom,Partnership,Jalandhar,Punjab,2023-12-11 00:00:00,,ACTIVE,540.2,SINGLETON,1.0,1,No duplicates
MCH1578,Gala Ltd,5999,Miscellaneous Retail,Individual,Blr,Karnataka,2023-04-13 00:00:00,,ACTIVE,446.42,SINGLETON,1.0,1,No duplicates
MCH1580,"Subramaniam, Krishnamurthy And Din",5999,Miscellaneous Retail,Sole_Proprietor,Kolkata,West Bengal,2025-08-01 00:00:00,IDJM3876425874680,ACTIVE,2992.77,SINGLETON,1.0,1,No duplicates
MCH1581,"Nayak, Verma And Sawhney",5311,Department Store,Partnership,Mumbai,Maharashtra,2025-01-11 00:00:00,,ACTIVE,3655.93,SINGLETON,1.0,1,No duplicates
MCH1583,Sarin-More,5812,Restaurant,Private_Limited,Asr,Punjab,2023-10-05 00:00:00,1923155303,ACTIVE,1435.48,SINGLETON,1.0,1,No duplicates
MCH1585,Khalsa-Kulkarni,5311,Department Store,Partnership,New Delhi,Delhi,2023-05-22 00:00:00,XXXX6587,ACTIVE,3398.13,SINGLETON,1.0,1,No duplicates
MCH1587,Srivastava-Saha,5912,Pharmacy,Private-Limited,Kolkata,West Bengal,,XXXX9260,ACTIVE,1502.0,SINGLETON,1.0,1,No duplicates
MCH1588,Doctor Ltd,4131,Transportation,Individual,Ludhiana,Punjab,2025-07-27 00:00:00,XXXX2866,SUSPENDED,1791.21,SINGLETON,1.0,1,No duplicates
MCH1591,Ramaswamy-Babu,5311,Department Store,Partnership,Amritsar,Punjab,2024-04-18 00:00:00,,ACTIVE,1638.46,SINGLETON,1.0,1,No duplicates
MCH1592,Cherian-Bhavsar,7011,Hotel & Lodging,Sole_Proprietor,Mumbai,Maharashtra,2024-06-12 00:00:00,7646312300,ACTIVE,2941.81,CONFLICTING_MERCHANT_RECORD,0.55,2,"Conflicting Names: ['Agateinc', 'Cherian-Bhavsar']; Conflicting Categories: ['Retail', 'Hotel_Lodging']; Conflicting Cities: ['Hyderabad', 'Mumbai']"
MCH1593,Wali-Murthy,5999,Miscellaneous Retail,Sole_Proprietor,Blr,Karnataka,2026-02-23 12:14:26,XXXX7216,ACTIVE,15388.22,SINGLETON,1.0,1,No duplicates
MCH1594,Bera Inc,5999,Miscellaneous Retail,Private-Limited,Amritsar,Punjab,2024-09-05 00:00:00,9659925213,ACTIVE,2187.43,SINGLETON,1.0,1,No duplicates
MCH1599,Rastogi-Kumer,5311,Department Store,Partnership,Jalandhar,Punjab,2025-12-25 00:00:00,EEOR2299289390848,ACTIVE,361.82,SINGLETON,1.0,1,No duplicates
MCH1600,"Warrior, Anand And Kata",5311,Department Store,Individual,Chennai,Tamil Nadu,2025-10-07 00:00:00,DNAN6947992423478,ACTIVE,2937.03,SINGLETON,1.0,1,No duplicates
MCH1605,Shethandsons,4131,Transportation,Sole Proprietor,Mumbai,Maharashtra,,9021316639,ACTIVE,1128.85,CONFLICTING_MERCHANT_RECORD,0.55,3,"Conflicting Names: ['Shethandsons', 'Patla, Thaman And Chatterjee', 'Kar-Peri']; Conflicting Categories: ['Travel', 'Transport', 'Misc Retail']; Conflicting Cities: ['Mumbai', 'Bangalore', 'Dilli']"
MCH1609,Ram-Palla,4814,Telecom,Private Limited,Mumbai,Maharashtra,2023-07-17 21:30:00,8485226822,ACTIVE,554.3,SINGLETON,1.0,1,No duplicates
MCH1610,Sodhi-Parekh,5411,Grocery,Partnership,Amritsar,Punjab,,XXXX7277,ACTIVE,1488.13,SINGLETON,1.0,1,No duplicates
MCH1611,Karan-Kibe,,Grocery,Sole_Proprietor,Jalandhar,Punjab,2024-03-06 00:00:00,,ACTIVE,343.64,SINGLETON,1.0,1,No duplicates
MCH1612,Khare-Jha,7011,Hotel & Lodging,Sole_Proprietor,Pune,Maharashtra,2024-05-07 13:44:00,XXXX6820,ACTIVE,3967.18,CONFLICTING_MERCHANT_RECORD,0.55,3,"Conflicting Names: ['Andra, Chana And Saha', 'Khare-Jha', 'Salvi-Patel']; Conflicting Categories: ['Eating Place', 'Hotel_Lodging', 'Restaurant']; Conflicting Cities: ['Lko', 'Pune', 'Dilli']"
MCH1616,"Suresh, Borra And Ganesh",4814,Telecom,Individual,Chennai,Tamil Nadu,2023-11-10 00:00:00,,ACTIVE,2818.0,SINGLETON,1.0,1,No duplicates
MCH1617,Cherian Llc,5311,Department Store,Individual,Hyderabad,Telangana,2024-02-09 07:13:57,4300505477,ACTIVE,11340.36,SINGLETON,1.0,1,No duplicates
MCH1618,Muni Ltd,5812,Restaurant,Individual,Delhi,Delhi,2023-11-01 18:31:16,,ACTIVE,1051.73,SINGLETON,1.0,1,No duplicates
MCH1619,Divan-Bhatti,5912,Pharmacy,Sole_Proprietor,New Delhi,Delhi,2025-12-24 00:00:00,,ACTIVE,477.85,SINGLETON,1.0,1,No duplicates
MCH1621,Pandey-Soni,5812,Restaurant,Sole Proprietor,Pune,Maharashtra,2023-11-15 00:00:00,XXXX4420,INACTIVE,769.0,SINGLETON,1.0,1,No duplicates
MCH1625,Saran Ltd,4814,Telecom,Partnership,Calcutta,West Bengal,2024-10-17 02:52:00,6216492189,ACTIVE,1093.54,CONFLICTING_MERCHANT_RECORD,0.55,4,"Conflicting Names: ['Handallc', 'Bora, Hayer And Koshy', 'Saran Ltd']; Conflicting Categories: ['Medical_Store', 'Miscellaneous', 'Mobile Recharge']; Conflicting Cities: ['Ludhiana', 'Bangalore', 'Calcutta']"
MCH1626,"Pau, Iyengar And Khare",5999,Miscellaneous Retail,Sole_Proprietor,Delhi,Delhi,2025-07-12 00:00:00,XXXX6353,ACTIVE,550.42,SINGLETON,1.0,1,No duplicates
MCH1627,Dua Ltd,5999,Miscellaneous Retail,Private_Limited,Lko,Uttar Pradesh,2024-07-31 00:00:00,,ACTIVE,160.25,SINGLETON,1.0,1,No duplicates
MCH1628,"Rao, Buch And Kala",5912,Pharmacy,Individual,Lko,Uttar Pradesh,2025-01-08 16:04:25,,ACTIVE,789.95,SINGLETON,1.0,1,No duplicates
MCH1630,Yogi-Agate,5942,Books & Stationery,Partnership,Kolkata,West Bengal,2023-10-31 00:00:00,XXXX1041,ACTIVE,444.27,SINGLETON,1.0,1,No duplicates
MCH1636,Nigam Plc,5699,Apparel,Partnership,Delhi,Delhi,2024-06-13 01:00:37,,ACTIVE,2284.21,CONFLICTING_MERCHANT_RECORD,0.55,2,"Conflicting Names: ['Nigam Plc', 'Natt, Mitter And Oza']; Conflicting Categories: ['Garments', 'Hotel_Lodging']"
MCH1639,"Borah, Dhaliwal And Morar",5999,Miscellaneous Retail,Partnership,Kolkata,West Bengal,2024-11-14 10:51:00,XXXX3629,ACTIVE,7799.0,CONFLICTING_MERCHANT_RECORD,0.55,2,"Conflicting Names: ['Halder Inc', 'Borah, Dhaliwal And Morar']; Conflicting Categories: ['Grocery_Store', 'Misc Retail']; Conflicting Cities: ['Chennai', 'Kolkata']"
MCH1640,Trivedi-Agrawal,5411,Grocery,Private_Limited,Jalandhar,Punjab,2025-01-25 11:29:34,WQQD1666405545072,ACTIVE,2316.65,CONFLICTING_MERCHANT_RECORD,0.55,3,"Conflicting Names: ['Trivedi-Agrawal', 'Sem Plc', 'Dash Ltd']; Conflicting Categories: ['Kirana', 'Hospitality', 'Clothing']; Conflicting Cities: ['Jalandhar', 'Mumbai', 'Jpr']"
MCH1641,Bali Llc,5999,Miscellaneous Retail,Sole_Proprietor,Delhi,Delhi,,,ACTIVE,3239.36,SINGLETON,1.0,1,No duplicates
MCH1642,Zacharia-Dhawan,5411,Grocery,Partnership,Kolkata,West Bengal,2023-01-02 04:08:32,XXXX3812,ACTIVE,363.0,SINGLETON,1.0,1,No duplicates
MCH1645,Savant-Singha1,5942,Books & Stationery,Sole Proprietor,Madras,Tamil Nadu,2024-04-19 00:00:00,GUUE6743967074534,ACTIVE,337.0,SINGLETON,1.0,1,No duplicates
MCH1646,"Sane, Zacharia And Samra",5912,Pharmacy,Individual,Jpr,Rajasthan,2023-12-31 00:00:00,5847905998,ACTIVE,1891.86,CONFLICTING_MERCHANT_RECORD,0.55,2,"Conflicting Names: ['Golla And Sons', 'Sane, Zacharia And Samra']; Conflicting Categories: ['Groceries', 'Medical']; Conflicting Cities: ['Mumbai', 'Jpr']"
MCH1647,Narula Llc,5699,Apparel,Individual,Ludhiana,Punjab,2024-05-10 18:51:00,5628842369,SUSPENDED,1898.14,SINGLETON,1.0,1,No duplicates
MCH1649,Venkatesh Plc,5812,Restaurant,Private-Limited,Delhi,Delhi,2024-03-08 17:27:00,6043188789,SUSPENDED,851.41,SINGLETON,1.0,1,No duplicates
MCH1651,Kumar Inc,5942,Books & Stationery,Sole_Proprietor,Mumbai,Maharashtra,2024-09-03 00:00:00,XXXX7749,ACTIVE,1249.76,SINGLETON,1.0,1,No duplicates
MCH1652,Tripathi-Vasa,5311,Department Store,Private-Limited,Amritsar,Punjab,2025-08-03 00:00:00,7462856821,INACTIVE,1419.63,SINGLETON,1.0,1,No duplicates
MCH1653,Mitra Inc,7011,Hotel & Lodging,Sole_Proprietor,Chennai,Tamil Nadu,,XXXX9573,ACTIVE,1669.53,SINGLETON,1.0,1,No duplicates
MCH1654,More Plc,5999,Miscellaneous Retail,Individual,Bengaluru,Karnataka,2025-02-18 00:00:00,,ACTIVE,2598.19,CONFLICTING_MERCHANT_RECORD,0.55,2,"Conflicting Names: ['More Plc', 'Swamy Group']; Conflicting Categories: ['Retail Other', 'Telecom']; Conflicting Cities: ['Bengaluru', 'Jalandhar']"
MCH1656,Dhar Plc,5311,Department Store,Partnership,Amritsar,Punjab,2025-05-29 22:52:00,OTBM8790953463908,ACTIVE,2992.0,SINGLETON,1.0,1,No duplicates
MCH1657,"Kaur, Sandhu And Shanker",5699,Apparel,Private Limited,Mumbai,Maharashtra,2025-01-14 15:44:00,,ACTIVE,1224.96,SINGLETON,1.0,1,No duplicates
MCH1658,Khatri-Mohanty,5812,Restaurant,Sole_Proprietor,Jpr,Rajasthan,2025-08-08 00:00:00,DGXZ0949885183603,INACTIVE,2016.79,SINGLETON,1.0,1,No duplicates
MCH1661,Mani-Jayaraman,5812,Restaurant,Private-Limited,Hyderabad,Telangana,2024-09-16 22:00:20,XXXX6928,ACTIVE,813.04,CONFLICTING_MERCHANT_RECORD,0.55,2,"Conflicting Names: ['Kothari-Dara', 'Mani-Jayaraman']; Conflicting Categories: ['Medical_Store', 'Eating Place']"
MCH1663,"Edwin, Kala And Barad",4131,Transportation,Individual,Chennai,Tamil Nadu,2024-07-04 00:00:00,FGIZ0772949946430,ACTIVE,449.21,SINGLETON,1.0,1,No duplicates
MCH1664,Karan Ltd,4131,Transportation,Partnership,Chennai,Tamil Nadu,2025-06-02 00:00:00,XXXX0248,ACTIVE,,SINGLETON,1.0,1,No duplicates
MCH1665,Salvi Group,5699,Apparel,Individual,Bangalore,Karnataka,2025-11-30 00:00:00,KSUI6181238646481,ACTIVE,946.53,SINGLETON,1.0,1,No duplicates
MCH1667,Prashad-Samra,5812,Restaurant,Private_Limited,Dilli,Delhi,2025-10-20 03:57:00,XXXX1144,ACTIVE,7788.38,CONFLICTING_MERCHANT_RECORD,0.55,2,"Conflicting Names: ['Prashad-Samra', 'Dalal Ltd']; Conflicting Categories: ['Restaurant', 'Hospitality']; Conflicting Cities: ['Dilli', 'Hyderabad']"
MCH1674,Kari-Tara,4814,Telecom,Partnership,Mumbay,Maharashtra,2024-08-16 00:00:00,XXXX5872,ACTIVE,1266.21,CONFLICTING_MERCHANT_RECORD,0.55,2,"Conflicting Names: ['Bansal, Babu And Bansal', 'Kari-Tara']; Conflicting Categories: ['Cloths', 'Telecom']; Conflicting Cities: ['Chennai', 'Mumbay']"
MCH1675,"Dey, Sathe And Sibal",4131,Transportation,Private_Limited,Chennai,Tamil Nadu,2025-09-11 00:00:00,DIRY6496511188422,ACTIVE,1577.75,CONFLICTING_MERCHANT_RECORD,0.55,4,"Conflicting Names: ['Sarma, Saxena And Chandran', 'Dey, Sathe And Sibal', 'Chokshi-Mukherjee']; Conflicting Categories: ['Department Stores', 'Transport', 'Grocery Stores']; Conflicting Cities: ['Jaipur', 'Chennai', 'Ldh']"
MCH1676,"Palla, Gupta And Narain",4814,Telecom,Sole Proprietor,Jalandar,Punjab,2025-11-27 17:23:23,,ACTIVE,750.53,SINGLETON,1.0,1,No duplicates
MCH1679,"Chawla, Sura And Pal",4131,Transportation,Individual,Lko,Uttar Pradesh,2026-01-30 14:56:48,XXXX9878,SUSPENDED,1030.0,SINGLETON,1.0,1,No duplicates
MCH1680,"Dube, Sekhon And Nagarajan",5699,Apparel,Sole-Proprietor,Ludhiana,Punjab,2025-02-03 01:50:32,,ACTIVE,855.0,SINGLETON,1.0,1,No duplicates
MCH1683,"Sampath, Anne And Madan",5812,Restaurant,Partnership,Madras,Tamil Nadu,2026-02-14 00:00:00,XXXX9435,ACTIVE,2458.98,SINGLETON,1.0,1,No duplicates
MCH1686,Chokshi And Sons,5942,Books & Stationery,Individual,Bangalore,Karnataka,2024-02-02 00:00:00,,ACTIVE,1116.34,SINGLETON,1.0,1,No duplicates
MCH1696,Prakash-Dhar,5411,Grocery,Partnership,Blr,Karnataka,2025-09-01 00:00:00,TXHI7483173386178,ACTIVE,567.04,CONFLICTING_MERCHANT_RECORD,0.55,2,"Conflicting Names: ['Rai And Sons', 'Prakash-Dhar']; Conflicting Categories: ['Department Stores', 'Kirana']; Conflicting Cities: ['Jaipur', 'Blr']"
MCH1697,Sodhi-Ramakrishnan,4814,Telecom,Private_Limited,Lucknow,Uttar Pradesh,2023-04-13 07:04:31,QYQC0323724202438,SUSPENDED,1234.06,SINGLETON,1.0,1,No duplicates
MCH1704,"Shukla, Hari And Chopra",4131,Transportation,Sole_Proprietor,Lucknow,Uttar Pradesh,2023-08-04 00:00:00,,INACTIVE,2965.45,SINGLETON,1.0,1,No duplicates
MCH1706,"Vala, Nagarajan And Saxena",5311,Department Store,Partnership,Mumbai,Maharashtra,2023-08-27 00:00:00,XXXX3189,INACTIVE,513.27,CONFLICTING_MERCHANT_RECORD,0.55,3,"Conflicting Names: ['Merchant-Dhar', 'Kandaandsons', 'Vala, Nagarajan And Saxena']; Conflicting Categories: ['Books', 'Phone Service', 'Dept_Store']; Conflicting Cities: ['Amritsar', 'Chennai', 'Mumbai']"
MCH1709,Sachdeva-Khanna,5999,Miscellaneous Retail,Partnership,Madras,Tamil Nadu,2023-08-25 07:56:38,XXXX5946,ACTIVE,481.17,SINGLETON,1.0,1,No duplicates
MCH1710,"Tara, Dash And Pau",5912,Pharmacy,Partnership,Lucknow,Uttar Pradesh,2026-02-26 00:00:00,,ACTIVE,804.19,CONFLICTING_MERCHANT_RECORD,0.55,2,"Conflicting Names: ['Tara, Dash And Pau', 'Talwar, Goyal And Dhillon']; Conflicting Categories: ['Pharmacies', 'Food']; Conflicting Cities: ['Lucknow', 'Dilli']"
MCH1711,"Sastry, Kota And Merchant",5411,Grocery,Sole Proprietor,Ludhiana,Punjab,2023-12-17 08:04:00,NEUM7554192097058,ACTIVE,1991.22,SINGLETON,1.0,1,No duplicates
MCH1713,Dubey Inc,5812,Restaurant,Sole_Proprietor,Kolkata,West Bengal,2025-06-02 00:00:00,XXXX0557,ACTIVE,1132.0,SINGLETON,1.0,1,No duplicates
MCH1714,Sampath Llc,5699,Apparel,Partnership,Lko,Uttar Pradesh,2026-02-17 00:00:00,6074080748,ACTIVE,585.92,CONFLICTING_MERCHANT_RECORD,0.55,2,"Conflicting Names: ['Sampath Llc', 'Kalita Group']; Conflicting Categories: ['Fashion', 'Cloths']; Conflicting Cities: ['Lko', 'Amritsar']"
MCH1718,Wason-Vaidya,5311,Department Store,Private_Limited,Jalandhar,Punjab,2025-04-04 17:19:00,,ACTIVE,705.66,FORMATTING_DUPLICATE,0.85,2,2 records with formatting variations consolidated
MCH1721,"Mammen, Ka1A And Gara",7011,Hotel & Lodging,Individual,Kolkata,West Bengal,2023-10-07 01:39:20,,ACTIVE,1736.83,SINGLETON,1.0,1,No duplicates
MCH1722,Patel-Warrior,7011,Hotel & Lodging,Individual,Calcutta,West Bengal,2025-03-15 00:00:00,XXXX3839,ACTIVE,420.0,SINGLETON,1.0,1,No duplicates
MCH1725,"Narayanan, Thaker And Sandhu",5999,Miscellaneous Retail,Partnership,Jpr,Rajasthan,2025-02-15 04:37:51,XXXX2721,ACTIVE,385.5,SINGLETON,1.0,1,No duplicates
MCH1726,Raja And Sons,4131,Transportation,Private_Limited,New Delhi,Delhi,2025-12-13 00:00:00,,ACTIVE,639.24,SINGLETON,1.0,1,No duplicates
MCH1727,Chacko Llc,5999,Miscellaneous Retail,Partnership,Amritsar,Punjab,2023-07-23 00:00:00,,ACTIVE,1914.68,SINGLETON,1.0,1,No duplicates
MCH1729,Vora Llc,,Restaurant,Individual,Ludhiana,Punjab,2023-12-25 00:00:00,SJMV2211374932495,ACTIVE,2759.18,CONFLICTING_MERCHANT_RECORD,0.55,2,"Conflicting Names: ['Vora Llc', 'Ganesh Plc']; Conflicting Categories: ['Food', 'Food_Services']; Conflicting Cities: ['Ludhiana', 'Hyderabad']"
MCH1730,Buch Ltd,5699,Apparel,Individual,Kolkata,West Bengal,2023-04-25 00:00:00,,ACTIVE,813.32,SINGLETON,1.0,1,No duplicates
MCH1732,"Bal, Loke And Chadha",5411,Grocery,Private-Limited,Delhi,Delhi,2024-10-24 00:00:00,9581945425,ACTIVE,3477.98,CONFLICTING_MERCHANT_RECORD,0.55,2,"Conflicting Names: ['Badal-Chacko', 'Bal, Loke And Chadha']; Conflicting Categories: ['Travel', 'Grocery_Store']; Conflicting Cities: ['Kolkata', 'Delhi']"
MCH1736,Barman Inc,4131,Transportation,Partnership,Jpr,Rajasthan,2025-06-08 20:56:00,,ACTIVE,1937.05,SINGLETON,1.0,1,No duplicates
MCH1739,Keer Group,5999,Miscellaneous Retail,Individual,Kolkata,West Bengal,2024-02-11 00:00:00,,ACTIVE,2619.15,CONFLICTING_MERCHANT_RECORD,0.55,2,"Conflicting Names: ['Keer Group', 'Joshi Group']; Conflicting Categories: ['Misc Retail', 'Book Store']; Conflicting Cities: ['Kolkata', 'Ldh']"
MCH1740,"Dhaliwal, Boase And Walla",7011,Hotel & Lodging,Partnership,Poona,Maharashtra,2025-02-09 00:00:00,LCLK0132407508023,ACTIVE,903.0,SINGLETON,1.0,1,No duplicates
MCH1744,"Mani, Tara And Mane",4131,Transportation,Sole-Proprietor,Ludhiana,Punjab,2023-03-20 16:42:33,,INACTIVE,466.22,SINGLETON,1.0,1,No duplicates
MCH1747,Ray Inc,5812,Restaurant,Sole-Proprietor,Poona,Maharashtra,2023-11-04 00:00:00,YGJM1546623351510,ACTIVE,115.81,CONFLICTING_MERCHANT_RECORD,0.55,2,"Conflicting Names: ['Ray Inc', 'Vig, Cherian And Ch0Udhury']; Conflicting Categories: ['Eating Place', 'Other']; Conflicting Cities: ['Poona', 'New Delhi']"
MCH1750,"Dube, Natt And V0Hra",4131,Transportation,Individual,Pune,Maharashtra,2024-12-18 12:18:45,XXXX3705,ACTIVE,,CONFLICTING_MERCHANT_RECORD,0.55,3,"Conflicting Names: ['Ravi-Dhar', 'Dube, Natt And V0Hra', 'Sastry-Chaudhari']; Conflicting Categories: ['Telecom', 'Transprt', 'Apparel']; Conflicting Cities: ['Ldh', 'Pune', 'Dilli']"
MCH1751,Bava-Mukherjee,5411,Grocery,Sole_Proprietor,Jpr,Rajasthan,2023-05-20 00:00:00,EFFJ4269274300862,ACTIVE,1591.0,CONFLICTING_MERCHANT_RECORD,0.55,2,"Conflicting Names: ['Bava-Mukherjee', 'Keer, Dara And Gour']; Conflicting Categories: ['Grocery_Store', 'Books_Stationery']; Conflicting Cities: ['Jpr', 'Ldh']"
MCH1755,Kulkarni And Sons,4814,Telecom,Individual,Mumbai,Maharashtra,2025-12-29 00:00:00,9887027328,ACTIVE,1088.47,SINGLETON,1.0,1,No duplicates
MCH1756,Ben And Sons,5999,Miscellaneous Retail,Private Limited,Hyderabad,Telangana,2023-08-02 00:00:00,XXXX4519,ACTIVE,1706.9,CONFLICTING_MERCHANT_RECORD,0.55,3,"Conflicting Names: ['Ben And Sons', 'Vala-Cheema', 'Borah, Sura And Kunda']; Conflicting Categories: ['Miscellaneous', 'Retail', 'Groceries']; Conflicting Cities: ['Hyderabad', 'New Delhi', 'Jaipur']"
MCH1763,Dhillon Ltd,,Department Store,Partnership,Jalandhar,Punjab,2026-02-22 00:00:00,4567982166,ACTIVE,231.69,SINGLETON,1.0,1,No duplicates
MCH1764,"Kurian, Vaidya And Loyal",5999,Miscellaneous Retail,Individual,Lko,Uttar Pradesh,2025-11-16 04:20:00,QLVG4760642998653,SUSPENDED,419.98,CONFLICTING_MERCHANT_RECORD,0.55,2,"Conflicting Names: ['K0H1I, Sa1Vi And Ch0Kshi', 'Kurian, Vaidya And Loyal']; Conflicting Categories: ['Cloths', 'Misc Retail']; Conflicting Cities: ['Asr', 'Lko']"
MCH1767,Bhatnagar-Ka1A,,Telecom,Individual,Jalandar,Punjab,,2537411732,ACTIVE,314.16,SINGLETON,1.0,1,No duplicates
MCH1768,"Mody, Tata And Chatterjee",4131,Transportation,Sole-Proprietor,Madras,Tamil Nadu,2024-09-08 00:00:00,,ACTIVE,360.87,SINGLETON,1.0,1,No duplicates
MCH1769,"Sekhon, Goswami And Rajan",4814,Telecom,Sole_Proprietor,Lucknow,Uttar Pradesh,2025-06-28 07:25:18,DYOJ7653218721893,ACTIVE,1009.67,CONFLICTING_MERCHANT_RECORD,0.55,2,"Conflicting Names: ['Sekhon, Goswami And Rajan', 'Jha, Samra And Jhaveri']; Conflicting Categories: ['Telecom', 'Dept_Store']; Conflicting Cities: ['Lucknow', 'Mumbai']"
MCH1770,Prabhu Inc,5411,Grocery,Partnership,Kolkata,West Bengal,2026-02-19 00:00:00,STER3056508036813,ACTIVE,1130.22,SINGLETON,1.0,1,No duplicates
MCH1772,Grover Group,5311,Department Store,Partnership,Calcutta,West Bengal,2023-03-18 13:57:00,0665098924,ACTIVE,1962.32,CONFLICTING_MERCHANT_RECORD,0.55,4,"Conflicting Names: ['Grover Group', 'Thakur, Talwar And Chahal', 'Sarin,Kothariandlal']; Conflicting Categories: ['Dept_Store', 'Pharmacies', 'Medical']; Conflicting Cities: ['Calcutta', 'Pune', 'Jalandhar']"
MCH1773,Prakash-Malhotra,5411,Grocery,Individual,Jalandhar,Punjab,,XEKJ5137440988369,ACTIVE,1551.73,SINGLETON,1.0,1,No duplicates
MCH1774,"Chawla, Luthra And Kapur",4814,Telecom,Sole_Proprietor,Amritsar,Punjab,2024-08-09 00:00:00,MJXY1754643071882,ACTIVE,691.84,CONFLICTING_MERCHANT_RECORD,0.55,3,"Conflicting Names: ['Chawla, Luthra And Kapur', 'Sundaram, Dani And Mall', 'Patla-Warrior']; Conflicting Categories: ['Phone Service', 'Stationery', 'Chemist']; Conflicting Cities: ['Amritsar', 'Lucknow', 'Mumbai']"
MCH1775,Karnik Inc,5411,Grocery,Private_Limited,Lucknow,Uttar Pradesh,2023-04-13 08:51:51,MCRQ9864671908344,ACTIVE,313.0,SINGLETON,1.0,1,No duplicates
MCH1776,Vohra And Sons,5999,Miscellaneous Retail,Private_Limited,Lucknow,Uttar Pradesh,2023-06-16 00:00:00,XXXX6558,ACTIVE,843.8,SINGLETON,1.0,1,No duplicates
MCH1779,Char-Karnik,5699,Apparel,Private_Limited,Jaipur,Rajasthan,,2529504175,ACTIVE,6097.01,CONFLICTING_MERCHANT_RECORD,0.55,2,"Conflicting Names: ['Maharaj, Jaggi And Reddy', 'Char-Karnik']; Conflicting Categories: ['Hotel', 'Garments']; Conflicting Cities: ['Bengaluru', 'Jaipur']"
MCH1782,Kari Plc,5411,Grocery,Sole_Proprietor,Mumbai,Maharashtra,2024-06-26 00:00:00,,ACTIVE,4762.58,SINGLETON,1.0,1,No duplicates
MCH1785,Shere-Pall,5311,Department Store,Sole_Proprietor,Calcutta,West Bengal,2023-08-05 05:22:00,,ACTIVE,2271.85,SINGLETON,1.0,1,No duplicates
MCH1786,"Ganguly, Mammen And Babu",5411,Grocery,Sole_Proprietor,Pune,Maharashtra,2025-05-22 00:00:00,YNDF5378176701295,ACTIVE,1212.0,CONFLICTING_MERCHANT_RECORD,0.55,3,"Conflicting Names: ['Ganguly, Mammen And Babu', 'Tank, Nadkarni And Srinivasan']; Conflicting Categories: ['Groceries', 'Travel']; Conflicting Cities: ['Pune', 'Amritsar']"
MCH1787,Johal And Sons,5942,Books & Stationery,Sole_Proprietor,Madras,Tamil Nadu,2024-04-09 00:00:00,8096098187,ACTIVE,1495.88,SINGLETON,1.0,1,No duplicates
MCH1788,"Dass, Rajagopal And Madan",,Telecom,Private_Limited,Pune,Maharashtra,2024-11-12 00:00:00,,SUSPENDED,1479.46,SINGLETON,1.0,1,No duplicates
MCH1789,Loke-Chanda,5942,Books & Stationery,Partnership,Jaipur,Rajasthan,2023-02-25 00:00:00,,ACTIVE,15713.68,SINGLETON,1.0,1,No duplicates
MCH1792,Palan-Naidu,5699,Apparel,Partnership,Bengaluru,Karnataka,2023-01-28 00:00:00,JXLM1363091809821,ACTIVE,443.5,CONFLICTING_MERCHANT_RECORD,0.55,2,"Conflicting Names: ['Palan-Naidu', 'Suresh, Chada And Mahal']; Conflicting Categories: ['Cloths', 'Dept_Store']; Conflicting Cities: ['Bengaluru', 'Calcutta']"
MCH1793,Jaggi Plc,7011,Hotel & Lodging,Sole_Proprietor,Delhi,Delhi,2024-08-21 00:47:16,,ACTIVE,2705.89,SINGLETON,1.0,1,No duplicates
MCH1796,Kohli-Nagar,5942,Books & Stationery,Individual,Amritsar,Punjab,2024-07-20 00:00:00,,ACTIVE,741.16,SINGLETON,1.0,1,No duplicates
MCH1800,Mall Plc,5311,Department Store,Private_Limited,Hyd,Telangana,2025-10-24 00:00:00,,ACTIVE,1030.0,SINGLETON,1.0,1,No duplicates
MCH1806,Thaker-Dutt,,Apparel,Individual,Ludhiana,Punjab,2024-05-02 09:16:54,1201362088,ACTIVE,6418.0,CONFLICTING_MERCHANT_RECORD,0.55,2,"Conflicting Names: ['Thaker-Dutt', 'Dugar-Rege']; Conflicting Categories: ['Fashion', 'Chemist']; Conflicting Cities: ['Ludhiana', 'New Delhi']"
MCH1809,Grewal Inc,5311,Department Store,Private Limited,Blr,Karnataka,2025-10-31 03:18:09,1597132394,ACTIVE,2181.93,SINGLETON,1.0,1,No duplicates
MCH1811,Varkey Inc,5311,Department Store,Sole_Proprietor,Blr,Karnataka,2026-02-25 00:00:00,,ACTIVE,592.0,CONFLICTING_MERCHANT_RECORD,0.55,2,"Conflicting Names: ['Varkey Inc', 'Shukla-Ganesan']; Conflicting Categories: ['Department Store', 'Hotel_Lodging']; Conflicting Cities: ['Blr', 'Delhi']"
MCH1812,Om Plc,5812,Restaurant,Sole-Proprietor,Amritsar,Punjab,2024-11-26 18:01:01,,ACTIVE,2079.98,SINGLETON,1.0,1,No duplicates
MCH1813,Balan-Deo,5311,Department Store,Partnership,Poona,Maharashtra,2024-08-28 00:00:00,UAJB1335544875863,ACTIVE,610.94,SINGLETON,1.0,1,No duplicates
MCH1815,Saha-Varghese,4131,Transportation,Private_Limited,Delhi,Delhi,2024-04-22 07:33:36,XXXX3927,ACTIVE,846.74,CONFLICTING_MERCHANT_RECORD,0.55,2,"Conflicting Names: ['Bhasin-Hans', 'Saha-Varghese']; Conflicting Categories: ['Misc Retail', 'Bus/Taxi']; Conflicting Cities: ['Hyd', 'Delhi']"
MCH1816,Modi-Sinha,,Grocery,Individual,Hyderabad,Telangana,2023-11-24 00:00:00,XXXX5140,ACTIVE,,CONFLICTING_MERCHANT_RECORD,0.55,5,"Conflicting Names: ['Aurora-Kata', 'Kohli-Hans', 'Dass, Chaudhry And Peri', 'Samra-Bhattacharyya', 'Modi-Sinha']; Conflicting Categories: ['Retail', 'Hotel_Lodging', 'Misc Retail', 'Medical', 'Grocery Stores']; Conflicting Cities: ['Lucknow', 'Kolkata', 'Jaipur', 'Hyderabad']"
MCH1817,Wadhwa Group,,Telecom,Partnership,Kolkata,West Bengal,2024-06-30 00:00:00,XZWP2134363743881,ACTIVE,200.17,CONFLICTING_MERCHANT_RECORD,0.55,2,"Conflicting Names: ['Wadhwa Group', 'Mohanty, Behl And Rao']; Conflicting Categories: ['Telecom', 'Transport']; Conflicting Cities: ['Kolkata', 'Poona']"
MCH1818,Bakshi-Golla,5699,Apparel,Private_Limited,Kolkata,West Bengal,2023-10-04 00:00:00,7575233501,ACTIVE,4859.19,SINGLETON,1.0,1,No duplicates
MCH1823,"Patla, Bhasin And Parsa",,Hotel & Lodging,Partnership,Lucknow,Uttar Pradesh,2023-06-15 00:00:00,,ACTIVE,3003.2,SINGLETON,1.0,1,No duplicates
MCH1827,Saha Ltd,5999,Miscellaneous Retail,Partnership,Pune,Maharashtra,2026-01-12 00:00:00,GFSK2439344528128,ACTIVE,790.89,SINGLETON,1.0,1,No duplicates
MCH1828,Goel Plc,5699,Apparel,Private_Limited,Chennai,Tamil Nadu,2025-10-15 00:00:00,XXXX2989,ACTIVE,4227.93,CONFLICTING_MERCHANT_RECORD,0.55,2,"Conflicting Names: ['Goel Plc', 'Mohanty-Gole']; Conflicting Categories: ['Clothing', 'Retail Other']; Conflicting Cities: ['Chennai', 'Calcutta']"
MCH1829,Ramaswamy Group,4131,Transportation,Sole-Proprietor,Calcutta,West Bengal,2024-03-15 00:00:00,,ACTIVE,2351.23,SINGLETON,1.0,1,No duplicates
MCH1830,Shan Llc,7011,Hotel & Lodging,Private_Limited,Lucknow,Uttar Pradesh,,8821748714,ACTIVE,405.35,SINGLETON,1.0,1,No duplicates
MCH1832,Mistry-Chaudhary,5999,Miscellaneous Retail,Individual,Hyd,Telangana,2024-12-11 00:06:45,,INACTIVE,448.33,SINGLETON,1.0,1,No duplicates
MCH1833,"Bhatnagar, Bhavsar And Iyengar",4131,Transportation,Partnership,Bombay,Maharashtra,2023-06-24 00:00:00,XXXX4268,ACTIVE,2843.21,CONFLICTING_MERCHANT_RECORD,0.55,2,"Conflicting Names: ['Bhatnagar, Bhavsar And Iyengar', 'Sabharwal, Chopra And Nayar']; Conflicting Categories: ['Transportation', 'Transprt']; Conflicting Cities: ['Bombay', 'Poona']"
MCH1836,"Nazareth, Bahl And Manda",5411,Grocery,Private-Limited,Hyderabad,Telangana,2023-11-15 00:00:00,IUQT6934618863943,ACTIVE,,SINGLETON,1.0,1,No duplicates
MCH1838,Manda-Deshpande,5942,Books & Stationery,Partnership,Jalandhar,Punjab,2025-09-04 06:22:16,XYTA4197098019941,ACTIVE,2224.32,CONFLICTING_MERCHANT_RECORD,0.55,2,"Conflicting Names: ['Sarraf-Bhakta', 'Manda-Deshpande']; Conflicting Categories: ['Miscellaneous', 'Stationery']; Conflicting Cities: ['Bengaluru', 'Jalandhar']"
MCH1839,Krish Group,5411,Grocery,Sole_Proprietor,Jalandhar,Punjab,2024-01-29 20:47:00,,ACTIVE,1503.47,SINGLETON,1.0,1,No duplicates
MCH1840,Chahal And Sons,5942,Books & Stationery,Sole-Proprietor,Ludhiana,Punjab,2026-02-06 00:00:00,XXXX9616,ACTIVE,764.0,SINGLETON,1.0,1,No duplicates
MCH1841,Kadakia-Rao,,Hotel & Lodging,Sole_Proprietor,Kolkata,West Bengal,2025-07-01 00:00:00,7706295964,ACTIVE,532.17,SINGLETON,1.0,1,No duplicates
MCH1842,Bedi-Vohra,5411,Grocery,Private_Limited,Lucknow,Uttar Pradesh,,XXXX6666,ACTIVE,1241.96,CONFLICTING_MERCHANT_RECORD,0.55,2,"Conflicting Names: ['Bedi-Vohra', 'Singh, Dhillon And Garg']; Conflicting Categories: ['Grocery_Store', 'Telecom']"
MCH1843,Edwin And Sons,5999,Miscellaneous Retail,Sole Proprietor,Dilli,Delhi,2024-09-19 00:00:00,,ACTIVE,,SINGLETON,1.0,1,No duplicates
MCH1845,Goel Inc,4131,Transportation,Private_Limited,Dilli,Delhi,2023-10-17 00:00:00,6579207527,ACTIVE,1675.96,SINGLETON,1.0,1,No duplicates
MCH1846,Kurian-Chad,7011,Hotel & Lodging,Partnership,Madras,Tamil Nadu,2023-03-23 22:54:26,,ACTIVE,597.53,SINGLETON,1.0,1,No duplicates
MCH1848,Acharya-Bail,5311,Department Store,Partnership,Poona,Maharashtra,2025-09-05 00:00:00,3196162533,ACTIVE,3044.0,CONFLICTING_MERCHANT_RECORD,0.55,2,"Conflicting Names: ['Acharya-Bail', 'Dugar And Sons']; Conflicting Categories: ['Retail', 'Telecom']; Conflicting Cities: ['Poona', 'Chennai']"
MCH1852,Prabhu Group,5411,Grocery,Individual,Mumbai,Maharashtra,2024-03-31 00:00:00,8479119924,ACTIVE,786.71,SINGLETON,1.0,1,No duplicates
MCH1853,Narayanan-Chander,4131,Transportation,Sole_Proprietor,Asr,Punjab,2023-10-10 00:20:00,GGYD8312524893538,ACTIVE,13872.38,CONFLICTING_MERCHANT_RECORD,0.55,2,"Conflicting Names: ['Narayanan-Chander', 'Mukhopadhyay Inc']; Conflicting Categories: ['Transport', 'Cloths']"
MCH1854,"Sule, Prashad And Balay",,Hotel & Lodging,Partnership,Amritsar,Punjab,2023-09-21 00:00:00,XXXX8005,ACTIVE,5318.31,SINGLETON,1.0,1,No duplicates
MCH1855,Kala-Shan,,Restaurant,Private Limited,Kolkata,West Bengal,2023-11-13 00:38:34,,SUSPENDED,1474.0,SINGLETON,1.0,1,No duplicates
MCH1856,Baria-Balay,5311,Department Store,Sole_Proprietor,Lucknow,Uttar Pradesh,2023-12-26 15:21:00,XXXX1618,ACTIVE,2071.73,CONFLICTING_MERCHANT_RECORD,0.55,3,"Conflicting Names: ['Sem, Dhawan And Bakshi', 'Baria-Balay']; Conflicting Categories: ['Groceries', 'Dept_Store']; Conflicting Cities: ['Bangalore', 'Lucknow']"
MCH1861,Vora-Balan,5411,Grocery,Sole Proprietor,Pune,Maharashtra,2025-10-17 00:39:00,MBHV3858162453364,INACTIVE,2646.57,SINGLETON,1.0,1,No duplicates
MCH1862,Puri Inc,4131,Transportation,Individual,Mumbay,Maharashtra,2024-11-15 12:30:15,6516098644,ACTIVE,1444.68,SINGLETON,1.0,1,No duplicates
MCH1863,Sachar-Gokhale,5942,Books & Stationery,Private_Limited,Hyderabad,Telangana,2024-03-24 16:08:37,XXXX8775,ACTIVE,760.42,SINGLETON,1.0,1,No duplicates
MCH1865,Chandra-Pandey,5942,Books & Stationery,Individual,Pune,Maharashtra,2025-11-15 00:00:00,,ACTIVE,3847.74,SINGLETON,1.0,1,No duplicates
MCH1872,Chaudry Group,5999,Miscellaneous Retail,Private_Limited,Blr,Karnataka,2024-02-02 00:00:00,2703911432,ACTIVE,1044.41,CONFLICTING_MERCHANT_RECORD,0.55,2,"Conflicting Names: ['Rege Llc', 'Chaudry Group']; Conflicting Categories: ['Phone Service', 'Other']; Conflicting Cities: ['Bengaluru', 'Blr']"
MCH1873,Oak-Ramachandran,,Telecom,Private_Limited,Amritsar,Punjab,2024-05-23 15:31:00,XXXX5817,ACTIVE,942.83,CONFLICTING_MERCHANT_RECORD,0.55,2,"Conflicting Names: ['Rai-Nagi', 'Oak-Ramachandran']; Conflicting Categories: ['Transport', 'Phone Service']; Conflicting Cities: ['Dilli', 'Amritsar']"
MCH1874,Kanda-Mane,5942,Books & Stationery,Partnership,Ludhiana,Punjab,2024-12-06 00:00:00,0940514966,ACTIVE,2286.66,CONFLICTING_MERCHANT_RECORD,0.55,2,"Conflicting Names: ['Kanda-Mane', 'Bail, Madan And Mahal']; Conflicting Categories: ['Book Store', 'Grocery Stores']; Conflicting Cities: ['Ludhiana', 'Jalandhar']"
MCH1876,"Deol, Sandal And Nagi",5999,Miscellaneous Retail,Partnership,Bengaluru,Karnataka,2024-04-29 00:00:00,KRVT6824787386581,ACTIVE,603.93,SINGLETON,1.0,1,No duplicates
MCH1878,Narula Group,7011,Hotel & Lodging,Private-Limited,Delhi,Delhi,2025-02-26 00:00:00,XXXX5015,ACTIVE,,SINGLETON,1.0,1,No duplicates
MCH1879,Muni-Sachdeva,5999,Miscellaneous Retail,Individual,Chennai,Tamil Nadu,2023-12-16 00:00:00,XXXX4876,ACTIVE,687.52,CONFLICTING_MERCHANT_RECORD,0.55,2,"Conflicting Names: ['Maharaj Plc', 'Muni-Sachdeva']; Conflicting Categories: ['Books_Stationery', 'Miscellaneous']; Conflicting Cities: ['Delhi', 'Chennai']"
MCH1881,"Bawa, Ganesan And Oak",5912,Pharmacy,Partnership,Chennai,Tamil Nadu,2023-12-14 00:00:00,,SUSPENDED,1349.05,SINGLETON,1.0,1,No duplicates
MCH1882,Kamdar-Banik,5812,Restaurant,Partnership,Ludhiana,Punjab,,,INACTIVE,427.5,SINGLETON,1.0,1,No duplicates
MCH1883,"Bahl, Kashyap And Sibal",5812,Restaurant,Private_Limited,Jalandhar,Punjab,2023-01-04 00:00:00,XXXX4248,ACTIVE,,SINGLETON,1.0,1,No duplicates
MCH1884,Nagi Llc,4131,Transportation,Private_Limited,Bengaluru,Karnataka,2025-01-08 00:00:00,ROSD8740992299086,ACTIVE,628.95,SINGLETON,1.0,1,No duplicates
MCH1885,Mahal Ltd,5999,Miscellaneous Retail,Private_Limited,Hyderabad,Telangana,2025-11-07 18:42:57,,ACTIVE,618.0,SINGLETON,1.0,1,No duplicates
MCH1887,Peri Inc,5311,Department Store,Private_Limited,Bangalore,Karnataka,2023-02-26 00:00:00,,ACTIVE,2706.7,SINGLETON,1.0,1,No duplicates
MCH1889,Bakshi Llc,5999,Miscellaneous Retail,Individual,Jalandhar,Punjab,2024-02-13 09:50:36,XXXX2818,ACTIVE,2474.04,SINGLETON,1.0,1,No duplicates
MCH1892,Shanker-De,7011,Hotel & Lodging,Private Limited,Mumbai,Maharashtra,2024-02-12 01:08:42,4394256877,ACTIVE,987.4,SINGLETON,1.0,1,No duplicates
MCH1894,Setty-Doshi,5812,Restaurant,Partnership,Blr,Karnataka,2025-08-11 00:00:00,1742153273,ACTIVE,2961.06,CONFLICTING_MERCHANT_RECORD,0.55,4,"Conflicting Names: ['Setty-Doshi', 'Chandra-Kapur', 'Tara-Gupta', 'Shenoy-Venkatesh']; Conflicting Categories: ['Restaurant', 'Department Store', 'Food_Services', 'Cloths']; Conflicting Cities: ['Blr', 'Jalandhar', 'Hyderabad', 'Dilli']"
MCH1899,Subramaniam-Bedi,,Books & Stationery,Private-Limited,Ludhiana,Punjab,2025-09-27 00:00:00,XXXX4698,ACTIVE,,SINGLETON,1.0,1,No duplicates
MCH1904,Sandal Inc,4814,Telecom,Individual,Jalandhar,Punjab,2024-03-23 06:08:07,EZBT7024632751925,ACTIVE,1398.65,SINGLETON,1.0,1,No duplicates
MCH1906,"Taneja, Mahajan And Sarna",5311,Department Store,Individual,Bangalore,Karnataka,2026-01-16 00:00:00,ZMCC2986180199571,INACTIVE,2772.0,SINGLETON,1.0,1,No duplicates
MCH1908,"Raghavan, Badami And Mani",5942,Books & Stationery,Partnership,Kolkata,West Bengal,2025-05-29 11:41:39,XXXX6948,ACTIVE,856.0,CONFLICTING_MERCHANT_RECORD,0.55,2,"Conflicting Names: ['Raghavan, Badami And Mani', 'Tara-Babu']; Conflicting Categories: ['Stationery', 'Books_Stationery']; Conflicting Cities: ['Kolkata', 'Chennai']"
MCH1909,Murthy And Sons,5942,Books & Stationery,Sole Proprietor,Poona,Maharashtra,2023-11-25 00:00:00,6570869272,ACTIVE,823.0,SINGLETON,1.0,1,No duplicates
MCH1912,Keer-Mitra,4131,Transportation,Sole Proprietor,Madras,Tamil Nadu,2024-10-27 18:55:18,XXXX9508,ACTIVE,3259.24,SINGLETON,1.0,1,No duplicates
MCH1913,"Sandal, Srinivas And Lata",5912,Pharmacy,Partnership,Lko,Uttar Pradesh,2023-06-09 00:00:00,3453698993,ACTIVE,468.17,SINGLETON,1.0,1,No duplicates
MCH1917,"Bera, Bhakta And Dhillon",5942,Books & Stationery,Sole_Proprietor,Mumbai,Maharashtra,2023-08-06 01:48:07,9839969668,ACTIVE,293.0,CONFLICTING_MERCHANT_RECORD,0.55,2,"Conflicting Names: ['Chowdhury, Krishna And Rajagopal', 'Bera, Bhakta And Dhillon']; Conflicting Categories: ['Fashion', 'Books']; Conflicting Cities: ['Amritsar', 'Mumbai']"
MCH1921,Raj Llc,5999,Miscellaneous Retail,Partnership,Lucknow,Uttar Pradesh,2024-02-12 00:00:00,5917860419,ACTIVE,2280.24,SINGLETON,1.0,1,No duplicates
MCH1922,"Deo, Saraf And Kale",,Books & Stationery,Sole-Proprietor,Lucknow,Uttar Pradesh,,,ACTIVE,2507.85,SINGLETON,1.0,1,No duplicates
MCH1923,Barad-Devan,5699,Apparel,Private Limited,Hyd,Telangana,2025-12-08 00:00:00,,ACTIVE,300.28,SINGLETON,1.0,1,No duplicates
MCH1924,"Choudhary, Iyer And Boase",5912,Pharmacy,Partnership,Jaipur,Rajasthan,2024-11-12 00:00:00,XXXX3944,ACTIVE,7220.04,SINGLETON,1.0,1,No duplicates
MCH1926,Bhattacharyya-Om,5311,Department Store,Individual,Mumbay,Maharashtra,2025-06-16 00:00:00,3013938494,ACTIVE,2425.42,CONFLICTING_MERCHANT_RECORD,0.55,2,"Conflicting Names: ['Bail, Bala And Bahl', 'Bhattacharyya-Om']; Conflicting Categories: ['Books', 'Dept_Store']; Conflicting Cities: ['Poona', 'Mumbay']"
MCH1929,"Bahri,Daraandsaran",5942,Books & Stationery,Private Limited,Jpr,Rajasthan,2025-12-26 09:06:43,XXXX4676,ACTIVE,2563.73,SINGLETON,1.0,1,No duplicates
MCH1934,"Deol,Dugarandparmer",5942,Books & Stationery,Private Limited,Madras,Tamil Nadu,2025-06-26 13:50:54,,ACTIVE,2520.96,SINGLETON,1.0,1,No duplicates
MCH1936,"Batra, Ramanathan And Din",5912,Pharmacy,Sole-Proprietor,Hyderabad,Telangana,2024-07-16 00:00:00,XXXX3173,ACTIVE,143.98,FORMATTING_DUPLICATE,0.85,2,2 records with formatting variations consolidated
MCH1939,"Lal,Sahniandchopra",7011,Hotel & Lodging,Private_Limited,Ludhiana,Punjab,2026-02-05 00:00:00,XXXX8735,ACTIVE,509.0,SINGLETON,1.0,1,No duplicates
MCH1940,Anne Group,4131,Transportation,Sole Proprietor,Hyderabad,Telangana,2025-01-16 19:34:00,XXXX3192,ACTIVE,2525.67,CONFLICTING_MERCHANT_RECORD,0.55,2,"Conflicting Names: ['Anne Group', 'Ravel Inc']; Conflicting Categories: ['Transport', 'Mobile Recharge']; Conflicting Cities: ['Hyderabad', 'Chennai']"
MCH1941,Bath-Sunder,4814,Telecom,Sole Proprietor,Jaipur,Rajasthan,2024-05-22 00:00:00,,SUSPENDED,,SINGLETON,1.0,1,No duplicates
MCH1944,Morar Ltd,5812,Restaurant,Individual,Pune,Maharashtra,2023-04-23 00:00:00,XXXX8672,ACTIVE,1207.98,CONFLICTING_MERCHANT_RECORD,0.55,2,"Conflicting Names: ['Morar Ltd', 'Srinivas-Singh']; Conflicting Categories: ['Food_Services', 'Hotels']; Conflicting Cities: ['Pune', 'Mumbai']"
MCH1946,Kanda Group,5812,Restaurant,Partnership,Kolkata,West Bengal,,YUNT1236584633844,ACTIVE,1028.0,CONFLICTING_MERCHANT_RECORD,0.55,2,"Conflicting Names: ['Kanda Group', 'Sibal Llc']; Conflicting Categories: ['Eating Place', 'Hospitality']; Conflicting Cities: ['Kolkata', 'Jalandar']"
MCH1947,"Batra, Kar And Sodhi",5699,Apparel,Partnership,Blr,Karnataka,2025-08-24 19:46:43,QPJE6965990436721,ACTIVE,3015.23,CONFLICTING_MERCHANT_RECORD,0.55,2,"Conflicting Names: ['Batra, Kar And Sodhi', 'Bhatti Plc']; Conflicting Categories: ['Garments', 'Transprt']; Conflicting Cities: ['Blr', 'Hyderabad']"
MCH1948,"Sundaram, Sami And Jha",4814,Telecom,Private_Limited,Jaipur,Rajasthan,2024-07-17 00:00:00,4160009756,ACTIVE,634.29,CONFLICTING_MERCHANT_RECORD,0.55,2,"Conflicting Names: ['Sundaram, Sami And Jha', 'Prabhakar-Kari']; Conflicting Categories: ['Mobile Recharge', 'Apparel']; Conflicting Cities: ['Jaipur', 'Mumbay']"
MCH1952,Madan Inc,5942,Books & Stationery,Partnership,Chennai,Tamil Nadu,2024-06-28 00:00:00,7688662215,INACTIVE,1643.17,SINGLETON,1.0,1,No duplicates
MCH1953,"Banerjee, Maharaj And Rege",7011,Hotel & Lodging,Sole_Proprietor,Jalandhar,Punjab,2025-12-14 00:00:00,QMMB6426177933216,ACTIVE,1226.94,SINGLETON,1.0,1,No duplicates
MCH1954,"Kunda, Kata And Shetty",,Telecom,Individual,Poona,Maharashtra,2025-10-19 00:00:00,0079661036,ACTIVE,923.81,SINGLETON,1.0,1,No duplicates
MCH1955,"Srinivas, Khurana And Choudhry",5999,Miscellaneous Retail,Private_Limited,Jalandhar,Punjab,2025-01-18 12:28:00,XXXX5304,ACTIVE,883.05,SINGLETON,1.0,1,No duplicates
MCH1956,"Magar, Ramakrishnan And Dhingra",5912,Pharmacy,Private_Limited,Ldh,Punjab,2024-05-02 00:00:00,XXXX9114,ACTIVE,919.28,CONFLICTING_MERCHANT_RECORD,0.55,3,"Conflicting Names: ['Sodhi Plc', 'Magar, Ramakrishnan And Dhingra']; Conflicting Categories: ['Pharmacy', 'Medical_Store']; Conflicting Cities: ['Amritsar', 'Ldh']"
MCH1959,Khatri-Kumar,5912,Pharmacy,Private-Limited,Mumbai,Maharashtra,2025-09-01 20:33:00,VKRC9106963270153,ACTIVE,622.0,CONFLICTING_MERCHANT_RECORD,0.55,2,"Conflicting Names: ['Barad, Bala And Chad', 'Khatri-Kumar']; Conflicting Categories: ['Retail Other', 'Pharmacy']; Conflicting Cities: ['Pune', 'Mumbai']"
MCH1960,Bail-Chand,5411,Grocery,Partnership,Hyd,Telangana,2024-08-26 00:00:00,XXXX7716,ACTIVE,613.0,SINGLETON,1.0,1,No duplicates
MCH1965,Kata Inc,5311,Department Store,Private Limited,Asr,Punjab,2023-04-04 01:07:57,,ACTIVE,686.92,CONFLICTING_MERCHANT_RECORD,0.55,2,"Conflicting Names: ['Kata Inc', 'Chawla-Sawhney']; Conflicting Categories: ['Dept_Store', 'Phone Service']; Conflicting Cities: ['Asr', 'Blr']"
MCH1966,Munshi-Bath,4131,Transportation,Private_Limited,Bangalore,Karnataka,2026-01-27 00:00:00,,SUSPENDED,1858.12,SINGLETON,1.0,1,No duplicates
MCH1968,Shroff-Mani,,Grocery,Partnership,Mumbai,Maharashtra,2024-04-10 00:00:00,FIQR5425866491953,ACTIVE,1674.0,SINGLETON,1.0,1,No duplicates
MCH1969,Gole Llc,4131,Transportation,Private-Limited,Chennai,Tamil Nadu,,URWV6656600871469,ACTIVE,6707.89,CONFLICTING_MERCHANT_RECORD,0.55,2,"Conflicting Names: ['Gole Llc', 'Narain-Menon']; Conflicting Categories: ['Travel', 'Retail']; Conflicting Cities: ['Chennai', 'Dilli']"
MCH1971,Khanna And Sons,4814,Telecom,Partnership,Mumbai,Maharashtra,2026-02-06 00:00:00,XXXX1386,ACTIVE,2326.17,CONFLICTING_MERCHANT_RECORD,0.55,2,"Conflicting Names: ['Batta, Lal And Wason', 'Khanna And Sons']; Conflicting Categories: ['Clothing', 'Telecom']"
MCH1973,"Walia, Khatri And Saha",5942,Books & Stationery,Sole_Proprietor,Lko,Uttar Pradesh,2025-11-16 00:00:00,2944514975,ACTIVE,,CONFLICTING_MERCHANT_RECORD,0.55,4,"Conflicting Names: ['Sastry Ltd', 'Walia, Khatri And Saha', 'Shan-Ahuja', 'Pau-H0Ra']; Conflicting Categories: ['Cloths', 'Books_Stationery', 'Phone Service', 'Department Stores']; Conflicting Cities: ['Madras', 'Lko', 'New Delhi', 'Amritsar']"
MCH1974,Kap00R Llc,4131,Transportation,Partnership,Chennai,Tamil Nadu,2024-05-12 08:25:13,5931788473,ACTIVE,,SINGLETON,1.0,1,No duplicates
MCH1976,"Mutti, Sastry And Jha",5942,Books & Stationery,Private_Limited,Amritsar,Punjab,2023-04-08 00:00:00,,ACTIVE,2928.73,SINGLETON,1.0,1,No duplicates
MCH1977,Mukherjee-Menon,5311,Department Store,Partnership,Hyderabad,Telangana,2025-04-29 03:02:42,XXXX1090,ACTIVE,4221.17,CONFLICTING_MERCHANT_RECORD,0.55,2,"Conflicting Names: ['Mukherjee-Menon', 'Chahal-Kumer']; Conflicting Categories: ['Department Store', 'Stationery']; Conflicting Cities: ['Hyderabad', 'Calcutta']"
MCH1982,"Behl, Jayaraman And Divan",5699,Apparel,Sole_Proprietor,Bombay,Maharashtra,2025-10-09 00:00:00,,ACTIVE,298.94,SINGLETON,1.0,1,No duplicates
MCH1983,Jayaraman Plc,5912,Pharmacy,Sole_Proprietor,Hyderabad,Telangana,2024-12-13 00:00:00,6619790480,ACTIVE,657.32,SINGLETON,1.0,1,No duplicates
MCH1984,"Lala, Wagle And Bal",5699,Apparel,Partnership,Madras,Tamil Nadu,2025-01-08 00:00:00,,ACTIVE,5244.88,SINGLETON,1.0,1,No duplicates
MCH1986,"Bains, Chanda And Gh0Sh",5311,Department Store,Individual,Jalandhar,Punjab,2026-01-10 00:00:00,,ACTIVE,1427.52,CONFLICTING_MERCHANT_RECORD,0.55,3,"Conflicting Names: ['Bains, Chanda And Gh0Sh', 'Brahmbhatt Inc', 'Vaidya-Roy']; Conflicting Categories: ['Retail', 'Retail Other', 'Clothing']; Conflicting Cities: ['Jalandhar', 'Mumbai', 'Bengaluru']"
MCH1987,"Dora, Sarma And Biswas",4814,Telecom,Partnership,Mumbai,Maharashtra,2023-01-31 00:00:00,NNVG3490646202999,ACTIVE,3268.84,SINGLETON,1.0,1,No duplicates
MCH1990,Mitra Plc,7011,Hotel & Lodging,Partnership,Amritsar,Punjab,2024-04-12 00:00:00,5026245001,ACTIVE,1251.23,CONFLICTING_MERCHANT_RECORD,0.55,2,"Conflicting Names: ['Mitra Plc', 'Sawhney-Parekh']; Conflicting Categories: ['Hospitality', 'Mobile Recharge']; Conflicting Cities: ['Amritsar', 'Jpr']"
MCH1993,Dhaliwal Plc,4814,Telecom,Sole Proprietor,Amritsar,Punjab,,8690977818,ACTIVE,428.65,SINGLETON,1.0,1,No duplicates
MCH1994,"Naik, Bhasin And Virk",7011,Hotel & Lodging,Sole-Proprietor,Asr,Punjab,2024-09-24 12:17:05,3176426647,ACTIVE,886.83,SINGLETON,1.0,1,No duplicates
MCH1995,"Mand, Halder And Rajagopalan",5942,Books & Stationery,Partnership,Jaipur,Rajasthan,2024-04-04 00:00:00,COIS3057851068966,INACTIVE,158.78,CONFLICTING_MERCHANT_RECORD,0.55,2,"Conflicting Names: ['Mand, Halder And Rajagopalan', 'Sandhu, Kar And Chaudry']; Conflicting Categories: ['Books', 'Apparel']; Conflicting Cities: ['Jaipur', 'Mumbai']"
MCH2003,Rajagopalan Inc,5311,Department Store,Individual,Poona,Maharashtra,2023-06-16 00:00:00,3428467704,ACTIVE,567.0,SINGLETON,1.0,1,No duplicates
MCH2007,"Mahal, Divan And Sharaf",5999,Miscellaneous Retail,Sole_Proprietor,Jalandhar,Punjab,2023-02-02 22:14:37,4814016835,ACTIVE,435.32,SINGLETON,1.0,1,No duplicates
MCH2009,"Tiwari, Naidu And Muni",5699,Apparel,Partnership,Pune,Maharashtra,2024-04-05 00:00:00,NVFX6549311428381,ACTIVE,732.0,SINGLETON,1.0,1,No duplicates
MCH2013,"Nanda, Saraf And Halder",5411,Grocery,Individual,Kolkata,West Bengal,2025-04-22 00:00:00,,ACTIVE,1721.62,SINGLETON,1.0,1,No duplicates
MCH2014,Bali-Mani,7011,Hotel & Lodging,Individual,Pune,Maharashtra,2023-08-01 09:32:25,ARLE1914445816062,ACTIVE,8107.98,CONFLICTING_MERCHANT_RECORD,0.55,2,"Conflicting Names: ['Bali-Mani', 'Sundaram And Sons']; Conflicting Categories: ['Hotels', 'Miscellaneous']; Conflicting Cities: ['Pune', 'Ludhiana']"
MCH2015,Gulati Llc,4814,Telecom,Private_Limited,Jaipur,Rajasthan,2023-06-22 07:04:00,,ACTIVE,17945.28,SINGLETON,1.0,1,No duplicates
MCH2016,"Amble, Yadav And Dube",5999,Miscellaneous Retail,Partnership,Kolkata,West Bengal,2025-03-18 00:00:00,XXXX3614,SUSPENDED,10324.69,SINGLETON,1.0,1,No duplicates
MCH2019,Walla-Ranganathan,5999,Miscellaneous Retail,Partnership,Bengaluru,Karnataka,2024-05-22 00:00:00,,ACTIVE,1915.39,SINGLETON,1.0,1,No duplicates
MCH2020,Prabhu-Kar,5699,Apparel,Private-Limited,Jalandhar,Punjab,2025-03-15 21:17:00,XXXX1985,SUSPENDED,2649.5,CONFLICTING_MERCHANT_RECORD,0.55,2,"Conflicting Names: ['Prabhu-Kar', 'Gole, Bera And Patla']; Conflicting Categories: ['Cloths', 'Medical']; Conflicting Cities: ['Jalandhar', 'Bengaluru']"
MCH2021,Shenoy-Wable,5912,Pharmacy,Sole Proprietor,Delhi,Delhi,2025-06-05 00:00:00,BNOS2436378037599,ACTIVE,2287.51,SINGLETON,1.0,1,No duplicates
MCH2022,Nagi-Gala,5999,Miscellaneous Retail,Individual,Chennai,Tamil Nadu,2024-04-08 00:00:00,,ACTIVE,3182.35,SINGLETON,1.0,1,No duplicates
MCH2024,"Ram, Manda And Chopra",4131,Transportation,Sole Proprietor,Pune,Maharashtra,2025-07-24 00:00:00,,ACTIVE,1122.98,SINGLETON,1.0,1,No duplicates
MCH2027,"Boase, Ghosh And Manda",5311,Department Store,Partnership,Chennai,Tamil Nadu,2023-12-16 00:00:00,XXXX6284,ACTIVE,1163.7,SINGLETON,1.0,1,No duplicates
MCH2028,Viswanathan Llc,,Telecom,Individual,Pune,Maharashtra,2024-05-23 00:00:00,XXXX2833,ACTIVE,634.0,CONFLICTING_MERCHANT_RECORD,0.55,3,"Conflicting Names: ['Dhingra Plc', 'Viswanathan Llc', 'Sanghvi, Sibal And Vala']; Conflicting Categories: ['Phone Service', 'Telecom', 'Transportation']; Conflicting Cities: ['Pune', 'Bombay']"
MCH2029,Bhalla-Brahmbhatt,5999,Miscellaneous Retail,Sole_Proprietor,Jalandar,Punjab,2023-06-20 12:29:06,,ACTIVE,276.02,SINGLETON,1.0,1,No duplicates
MCH2030,Singh-Banerjee,4131,Transportation,Individual,Ldh,Punjab,2023-02-25 00:00:00,,ACTIVE,3976.0,SINGLETON,1.0,1,No duplicates
MCH2032,"Doshi, Sur And Sarna",,Restaurant,Private_Limited,Pune,Maharashtra,2023-07-15 00:00:00,,ACTIVE,771.07,SINGLETON,1.0,1,No duplicates
MCH2033,"Munshi, Sundaram And Bhasin",5699,Apparel,Private-Limited,Poona,Maharashtra,2025-09-30 00:00:00,XXXX3680,ACTIVE,294.83,SINGLETON,1.0,1,No duplicates
MCH2035,Hora-Grover,4131,Transportation,Sole Proprietor,New Delhi,Delhi,2026-01-07 09:43:17,,ACTIVE,212.97,SINGLETON,1.0,1,No duplicates
MCH2037,Kadakia Llc,,Grocery,Partnership,New Delhi,Delhi,2024-10-13 00:00:00,ZTLJ8328872113925,ACTIVE,426.54,CONFLICTING_MERCHANT_RECORD,0.55,2,"Conflicting Names: ['Kadakia Llc', 'Kaul, Peri And Viswanathan']; Conflicting Categories: ['Grocery Stores', 'Department Stores']; Conflicting Cities: ['New Delhi', 'Kolkata']"
MCH2038,Dara-Sama,7011,Hotel & Lodging,Individual,Hyderabad,Telangana,2023-08-20 00:00:00,1467343581,ACTIVE,801.94,CONFLICTING_MERCHANT_RECORD,0.55,2,"Conflicting Names: ['Dara-Sama', 'Keer Inc']; Conflicting Categories: ['Hotel', 'Department Stores']; Conflicting Cities: ['Hyderabad', 'Pune']"
MCH2040,Goel-Dewan,,Miscellaneous Retail,Individual,Delhi,Delhi,2025-12-07 00:00:00,EFTH2141412119625,ACTIVE,320.83,CONFLICTING_MERCHANT_RECORD,0.55,3,"Conflicting Names: ['Goel-Dewan', 'Atwal-Varughese', 'Balan, Sahota And Nagi']; Conflicting Categories: ['Miscellaneous', 'Dept_Store', 'Clothing']; Conflicting Cities: ['Delhi', 'Blr', 'Kolkata']"
MCH2041,"Sagar, Chakraborty And Kurian",4131,Transportation,Sole_Proprietor,Ludhiana,Punjab,2024-03-22 10:36:41,,INACTIVE,,SINGLETON,1.0,1,No duplicates
MCH2042,"Rai, Das And Bava",5311,Department Store,Partnership,Pune,Maharashtra,2023-12-17 00:00:00,ZYCY1593553139876,ACTIVE,1564.88,SINGLETON,1.0,1,No duplicates
MCH2044,"Upadhyay, Kapoor And Nazareth",7011,Hotel & Lodging,Individual,Lko,Uttar Pradesh,2023-01-02 00:58:55,3913922043,ACTIVE,368.05,SINGLETON,1.0,1,No duplicates
MCH2045,Nadig-Bal,5699,Apparel,Private-Limited,Pune,Maharashtra,2024-02-05 23:14:00,,ACTIVE,2363.1,SINGLETON,1.0,1,No duplicates
MCH2046,Konda-Garde,5411,Grocery,Sole_Proprietor,Lucknow,Uttar Pradesh,2026-01-28 00:00:00,,ACTIVE,1405.98,SINGLETON,1.0,1,No duplicates
MCH2047,"Kalita, Nagarajan And Joshi",5999,Miscellaneous Retail,Individual,Pune,Maharashtra,2024-07-07 00:00:00,8653452097,INACTIVE,341.63,CONFLICTING_MERCHANT_RECORD,0.55,2,"Conflicting Names: ['Ghose-Kannan', 'Kalita, Nagarajan And Joshi']; Conflicting Categories: ['Book Store', 'Misc Retail']; Conflicting Cities: ['Lko', 'Pune']"
MCH2051,Deshpande Plc,5912,Pharmacy,Private_Limited,Chennai,Tamil Nadu,2024-10-06 00:00:00,6948597427,ACTIVE,625.93,SINGLETON,1.0,1,No duplicates
MCH2052,"Saraf, Maharaj And Kakar",5999,Miscellaneous Retail,Individual,Poona,Maharashtra,2025-01-30 00:00:00,XXXX8291,ACTIVE,3476.81,SINGLETON,1.0,1,No duplicates
MCH2056,"Kadakia, Nagi And Ramakrishnan",5699,Apparel,Sole Proprietor,Bombay,Maharashtra,2023-02-23 00:00:00,XXXX6025,ACTIVE,2168.0,SINGLETON,1.0,1,No duplicates
MCH2060,Grover-Dugar,,Hotel & Lodging,Individual,Chennai,Tamil Nadu,2025-10-02 05:31:26,DZGT5983407724510,ACTIVE,540.0,SINGLETON,1.0,1,No duplicates
MCH2063,Bhavsar Gr0Up,4131,Transportation,Private-Limited,Madras,Tamil Nadu,2025-10-10 15:34:00,,ACTIVE,2405.73,SINGLETON,1.0,1,No duplicates
MCH2064,Date And Sons,5812,Restaurant,Private_Limited,Delhi,Delhi,2025-08-05 00:00:00,,ACTIVE,1715.0,SINGLETON,1.0,1,No duplicates
MCH2067,"Barad, Rai And Kapur",5411,Grocery,Private Limited,Jaipur,Rajasthan,2023-03-04 00:00:00,5177364796,ACTIVE,999.18,CONFLICTING_MERCHANT_RECORD,0.55,2,"Conflicting Names: ['Barad, Rai And Kapur', 'Choudhry, Bhalla And Jaggi']; Conflicting Categories: ['Grocery Stores', 'Book Store']; Conflicting Cities: ['Jaipur', 'Jalandar']"
MCH2071,Dube-Kapadia,,Telecom,Sole Proprietor,Amritsar,Punjab,2024-08-19 04:07:47,5736154750,ACTIVE,1392.0,SINGLETON,1.0,1,No duplicates
MCH2074,D’Alia Inc,5699,Apparel,Partnership,Jaipur,Rajasthan,2025-10-22 19:54:55,VRCT7941741947399,ACTIVE,1616.2,CONFLICTING_MERCHANT_RECORD,0.55,2,"Conflicting Names: ['D’Alia Inc', 'Kaur, Minhas And Ramakrishnan']; Conflicting Categories: ['Fashion', 'Grocery']; Conflicting Cities: ['Jaipur', 'Hyderabad']"
MCH2075,"Dhar,Deoandrau",5912,Pharmacy,Individual,Delhi,Delhi,2024-09-01 00:59:41,0032289516,ACTIVE,1584.12,SINGLETON,1.0,1,No duplicates
MCH2076,Chad Ltd,5942,Books & Stationery,Sole_Proprietor,Jalandhar,Punjab,2024-07-03 02:08:00,7969775416,ACTIVE,579.16,SINGLETON,1.0,1,No duplicates
MCH2077,Kara Plc,5812,Restaurant,Individual,Amritsar,Punjab,2025-11-15 02:48:00,XXXX1473,ACTIVE,239.1,CONFLICTING_MERCHANT_RECORD,0.55,2,"Conflicting Names: ['Kara Plc', 'Sahota Inc']; Conflicting Categories: ['Eating Place', 'Book Store']; Conflicting Cities: ['Amritsar', 'Lucknow']"
MCH2078,Chada-Dubey,5311,Department Store,Individual,Bengaluru,Karnataka,2025-03-14 00:00:00,,ACTIVE,1915.85,SINGLETON,1.0,1,No duplicates
MCH2081,Date Plc,5311,Department Store,Private Limited,Lko,Uttar Pradesh,2023-04-01 00:00:00,XXXX3660,ACTIVE,275.64,CONFLICTING_MERCHANT_RECORD,0.55,2,"Conflicting Names: ['Swaminathan And Sons', 'Date Plc']; Conflicting Categories: ['Hotels', 'Department Stores']; Conflicting Cities: ['Jalandar', 'Lko']"
MCH2083,Patla-Basak,5912,Pharmacy,Individual,Calcutta,West Bengal,2024-10-08 01:26:00,,SUSPENDED,556.93,SINGLETON,1.0,1,No duplicates
MCH2084,"Murthy, Dutt And Bakshi",4131,Transportation,Private_Limited,Mumbai,Maharashtra,2024-04-03 00:00:00,,ACTIVE,659.75,SINGLETON,1.0,1,No duplicates
MCH2085,Kala-Shah,4131,Transportation,Private_Limited,Poona,Maharashtra,2024-07-22 00:00:00,XXXX7338,ACTIVE,3590.82,CONFLICTING_MERCHANT_RECORD,0.55,4,"Conflicting Names: ['Loke Inc', 'Chacko-Zachariah', 'Kala-Shah', 'Varma, Dua And Bhattacharyya']; Conflicting Categories: ['Hotel_Lodging', 'Transport', 'Transprt', 'Books_Stationery']; Conflicting Cities: ['Hyderabad', 'Lko', 'Poona', 'Asr']"
MCH2087,Dubey-Doctor,5999,Miscellaneous Retail,Individual,Asr,Punjab,2025-04-17 00:00:00,0974736100,ACTIVE,4751.6,SINGLETON,1.0,1,No duplicates
MCH2090,Upadhyay Plc,5812,Restaurant,Sole-Proprietor,Dilli,Delhi,2026-01-05 04:15:56,KZDI9850791739312,ACTIVE,439.31,SINGLETON,1.0,1,No duplicates
MCH2092,"Dubey, Tara And Thaker",4131,Transportation,Individual,Kolkata,West Bengal,2023-11-09 00:00:00,6682311847,ACTIVE,1262.97,SINGLETON,1.0,1,No duplicates
MCH2093,Ghosh-Gaba,,Department Store,Sole-Proprietor,Ludhiana,Punjab,2024-02-05 00:00:00,IJYU8161082317804,ACTIVE,2389.0,SINGLETON,1.0,1,No duplicates
MCH2094,Ratti Ltd,5411,Grocery,Sole-Proprietor,Bengaluru,Karnataka,,2357394958,ACTIVE,4897.48,SINGLETON,1.0,1,No duplicates
MCH2096,"Taneja, Basu And Bal",4814,Telecom,Private-Limited,Pune,Maharashtra,2024-09-28 00:00:00,6426260442,ACTIVE,1660.3,CONFLICTING_MERCHANT_RECORD,0.55,2,"Conflicting Names: ['Taneja, Basu And Bal', 'Goleplc']; Conflicting Categories: ['Telecom', 'Books']; Conflicting Cities: ['Pune', 'Delhi']"
MCH2098,Ranganathan-Chopra,4131,Transportation,Private_Limited,Madras,Tamil Nadu,2023-05-13 00:00:00,,ACTIVE,4538.04,SINGLETON,1.0,1,No duplicates
MCH2099,"Tara, Date And Thakur",4131,Transportation,Sole_Proprietor,Madras,Tamil Nadu,2023-06-28 00:00:00,BFBY2666613604973,ACTIVE,1054.15,CONFLICTING_MERCHANT_RECORD,0.55,2,"Conflicting Names: ['Tara, Date And Thakur', 'Atwal Group']; Conflicting Categories: ['Transprt', 'Apparel']; Conflicting Cities: ['Madras', 'Bombay']"
MCH2100,"Jani, Bobal And Singhal",7011,Hotel & Lodging,Individual,Bangalore,Karnataka,,,ACTIVE,1281.0,SINGLETON,1.0,1,No duplicates
MCH2102,"Mand, Bobal And Saini",5812,Restaurant,Individual,Ludhiana,Punjab,2024-04-25 00:00:00,,ACTIVE,2985.52,SINGLETON,1.0,1,No duplicates
MCH2104,Iyengar Plc,,Apparel,Private_Limited,Lko,Uttar Pradesh,2025-03-20 13:20:17,,SUSPENDED,1344.05,SINGLETON,1.0,1,No duplicates
MCH2105,Nagar-Misra,5912,Pharmacy,Private_Limited,Jaipur,Rajasthan,2024-03-17 02:55:14,DJMK6141720098442,ACTIVE,1101.76,CONFLICTING_MERCHANT_RECORD,0.55,2,"Conflicting Names: ['Savant, Chauhan And Kumer', 'Nagar-Misra']; Conflicting Cities: ['Amritsar', 'Jaipur']"
MCH2106,"Doctor, Karnik And Sridhar",5999,Miscellaneous Retail,Partnership,Bengaluru,Karnataka,2023-08-16 00:00:00,XXXX6082,INACTIVE,871.69,SINGLETON,1.0,1,No duplicates
MCH2107,"Wali, Srinivas And Vyas",5912,Pharmacy,Private-Limited,Madras,Tamil Nadu,2023-08-29 00:00:00,KNZL1450578164711,ACTIVE,679.27,SINGLETON,1.0,1,No duplicates
MCH2108,Sankar-Desai,5912,Pharmacy,Sole-Proprietor,Ludhiana,Punjab,2023-10-30 00:00:00,9695114754,SUSPENDED,1535.43,SINGLETON,1.0,1,No duplicates
MCH2111,Dubey-Oommen,7011,Hotel & Lodging,Individual,Ludhiana,Punjab,2023-07-26 08:03:00,,ACTIVE,5111.16,SINGLETON,1.0,1,No duplicates
MCH2115,Modi-Kari,5912,Pharmacy,Sole-Proprietor,Delhi,Delhi,2023-10-04 10:56:00,XXXX4594,ACTIVE,1597.33,CONFLICTING_MERCHANT_RECORD,0.55,2,"Conflicting Names: ['Modi-Kari', 'Kohli-Doshi']; Conflicting Categories: ['Chemist', 'Travel']; Conflicting Cities: ['Delhi', 'Chennai']"
MCH2116,Chaudhari And Sons,5699,Apparel,Individual,Jpr,Rajasthan,2023-09-02 00:00:00,XXXX7517,ACTIVE,947.14,SINGLETON,1.0,1,No duplicates
MCH2117,Lal Group,,Hotel & Lodging,Partnership,Jaipur,Rajasthan,2025-10-28 00:00:00,,ACTIVE,2615.21,SINGLETON,1.0,1,No duplicates
MCH2118,Jani-Subramaniam,5942,Books & Stationery,Partnership,Ludhiana,Punjab,2024-05-30 00:00:00,TOPO3167206929855,ACTIVE,1546.09,CONFLICTING_MERCHANT_RECORD,0.55,2,"Conflicting Names: ['Jani-Subramaniam', 'Kakar Group']; Conflicting Categories: ['Stationery', 'Food']; Conflicting Cities: ['Ludhiana', 'Dilli']"
MCH2119,Kashyap Ltd,5699,Apparel,Individual,Chennai,Tamil Nadu,2023-07-23 08:53:50,QOGH2854636021780,INACTIVE,1155.58,SINGLETON,1.0,1,No duplicates
MCH2120,"Yohannan, Patla And Parmer",7011,Hotel & Lodging,Partnership,Delhi,Delhi,2024-01-01 00:00:00,XXXX7380,ACTIVE,3366.53,CONFLICTING_MERCHANT_RECORD,0.55,3,"Conflicting Names: ['Yohannan, Patla And Parmer', 'Vohra-Kashyap']; Conflicting Categories: ['Hotel_Lodging', 'Telecom']; Conflicting Cities: ['Delhi', 'Jaipur']"
MCH2122,"Bava, Bal And Mittal",,Pharmacy,Individual,Pune,Maharashtra,2024-01-04 00:00:00,,ACTIVE,1119.03,SINGLETON,1.0,1,No duplicates
MCH2123,"Pandey, Swamy And Desai",5912,Pharmacy,Private-Limited,Hyderabad,Telangana,2024-03-31 00:00:00,1343743370,ACTIVE,2367.0,CONFLICTING_MERCHANT_RECORD,0.55,2,"Conflicting Names: ['Lala And Sons', 'Pandey, Swamy And Desai']; Conflicting Categories: ['Department Stores', 'Chemist']; Conflicting Cities: ['Mumbai', 'Hyderabad']"
MCH2124,"Chander, Kohli And Dube",4131,Transportation,Individual,Delhi,Delhi,2024-02-15 00:00:00,XXXX2531,ACTIVE,1551.09,SINGLETON,1.0,1,No duplicates
MCH2126,Golla And Sons,5311,Department Store,Partnership,Hyderabad,Telangana,2024-04-15 00:00:00,VOOP9800619907319,ACTIVE,342.0,SINGLETON,1.0,1,No duplicates
MCH2128,Ghosh-Sharaf,5812,Restaurant,Partnership,Amritsar,Punjab,2023-12-21 00:00:00,6688236722,ACTIVE,3157.17,SINGLETON,1.0,1,No duplicates
MCH2129,Bhavsar-De,5912,Pharmacy,Sole-Proprietor,Hyderabad,Telangana,,2500999511,ACTIVE,4898.0,SINGLETON,1.0,1,No duplicates
MCH2131,Boase-Varghese,5699,Apparel,Sole-Proprietor,Poona,Maharashtra,2025-03-29 00:00:00,,ACTIVE,2157.11,SINGLETON,1.0,1,No duplicates
MCH2133,Bose-Saraf,5999,Miscellaneous Retail,Sole-Proprietor,Mumbai,Maharashtra,2024-09-19 00:00:00,6035698626,ACTIVE,434.11,FORMATTING_DUPLICATE,0.85,2,2 records with formatting variations consolidated
MCH2135,"Singh, Talwar And Sur",5411,Grocery,Private_Limited,Jalandhar,Punjab,2025-01-15 00:00:00,,SUSPENDED,704.34,SINGLETON,1.0,1,No duplicates
MCH2137,Saran And Sons,5699,Apparel,Private Limited,Delhi,Delhi,2023-11-10 00:00:00,,ACTIVE,2376.86,CONFLICTING_MERCHANT_RECORD,0.55,2,"Conflicting Names: ['Saran And Sons', 'Dyalinc']; Conflicting Categories: ['Cloths', 'Transportation']; Conflicting Cities: ['Delhi', 'Amritsar']"
MCH2139,"Bali, Mahajan And Oza",5942,Books & Stationery,Sole_Proprietor,Bengaluru,Karnataka,2023-02-12 00:00:00,XXXX2161,ACTIVE,512.11,SINGLETON,1.0,1,No duplicates
MCH2142,"Banerjee, Ghose And Parekh",5942,Books & Stationery,Sole_Proprietor,Delhi,Delhi,2024-08-23 00:00:00,VSPN0134800422309,ACTIVE,3367.02,SINGLETON,1.0,1,No duplicates
MCH2144,Choudhary-Kashyap,5942,Books & Stationery,Partnership,Ldh,Punjab,2024-08-13 16:56:48,XXXX3571,ACTIVE,350.72,SINGLETON,1.0,1,No duplicates
MCH2148,Dora Ltd,5912,Pharmacy,Private_Limited,Asr,Punjab,2024-05-30 17:40:28,,ACTIVE,343.34,SINGLETON,1.0,1,No duplicates
MCH2149,"Doctor, Varughese And Hans",5942,Books & Stationery,Individual,Bengaluru,Karnataka,2025-05-07 00:00:00,XXXX2634,ACTIVE,3778.33,CONFLICTING_MERCHANT_RECORD,0.55,2,"Conflicting Names: ['Doctor, Varughese And Hans', 'Das, Roy And Sridhar']; Conflicting Categories: ['Stationery', 'Transportation']; Conflicting Cities: ['Bengaluru', 'Jalandar']"
MCH2152,"Choudhry, Chauhan And Dayal",5942,Books & Stationery,Private_Limited,Poona,Maharashtra,2025-11-28 17:27:17,6428134605,ACTIVE,1507.67,SINGLETON,1.0,1,No duplicates
MCH2153,"Dara, Vala And Venkatesh",5699,Apparel,Partnership,Madras,Tamil Nadu,2023-06-21 00:00:00,,ACTIVE,1608.19,SINGLETON,1.0,1,No duplicates
MCH2154,"Badal, Yadav And Mane",5999,Miscellaneous Retail,Sole-Proprietor,Lko,Uttar Pradesh,2023-08-02 02:36:07,XXXX9820,ACTIVE,4388.39,CONFLICTING_MERCHANT_RECORD,0.55,2,"Conflicting Names: ['Chhabra, Walla And Ramakrishnan', 'Badal, Yadav And Mane']; Conflicting Categories: ['Book Store', 'Miscellaneous']; Conflicting Cities: ['Ludhiana', 'Lko']"
MCH2155,Vig-Bobal,4814,Telecom,Private_Limited,New Delhi,Delhi,2023-05-03 00:00:00,XXXX5202,ACTIVE,8483.0,SINGLETON,1.0,1,No duplicates
MCH2157,"Ramaswamy, Sundaram And Sachdev",4131,Transportation,Individual,Hyderabad,Telangana,2023-05-25 00:00:00,,ACTIVE,1899.0,CONFLICTING_MERCHANT_RECORD,0.55,3,"Conflicting Names: ['Ramaswamy, Sundaram And Sachdev', 'Parmer-Sinha']; Conflicting Categories: ['Transprt', 'Pharmacies']; Conflicting Cities: ['Hyderabad', 'New Delhi']"
MCH2159,Sawhney Llc,5812,Restaurant,Sole_Proprietor,Jalandhar,Punjab,2024-05-16 00:00:00,MGFR5989061568022,ACTIVE,1420.0,SINGLETON,1.0,1,No duplicates
MCH2165,Venkataraman-Seshadri,5912,Pharmacy,Sole Proprietor,Pune,Maharashtra,2024-06-26 00:00:00,,ACTIVE,137.68,SINGLETON,1.0,1,No duplicates
MCH2166,Sant-Venkatesh,5912,Pharmacy,Individual,Asr,Punjab,2024-09-20 00:00:00,9608426270,ACTIVE,789.14,SINGLETON,1.0,1,No duplicates
MCH2169,"Yogi, Bhakta And Suresh",5812,Restaurant,Private-Limited,Hyderabad,Telangana,2023-04-25 08:08:00,XXXX3751,ACTIVE,5225.51,CONFLICTING_MERCHANT_RECORD,0.55,2,"Conflicting Names: ['Munshi, Srinivas And Ramanathan', 'Yogi, Bhakta And Suresh']; Conflicting Categories: ['Books_Stationery', 'Food']; Conflicting Cities: ['Chennai', 'Hyderabad']"
MCH2172,"Taneja, Raj And Vora",7011,Hotel & Lodging,Sole_Proprietor,Hyderabad,Telangana,2025-06-15 03:11:00,,ACTIVE,466.45,CONFLICTING_MERCHANT_RECORD,0.55,2,"Conflicting Names: ['Taneja, Raj And Vora', 'Pandey Group']; Conflicting Categories: ['Hotel', 'Clothing']; Conflicting Cities: ['Hyderabad', 'Amritsar']"
MCH2174,"Sood, Chowdhury And Chacko",7011,Hotel & Lodging,Private_Limited,New Delhi,Delhi,2024-03-13 00:00:00,8824000729,INACTIVE,1287.16,SINGLETON,1.0,1,No duplicates
MCH2177,Ramakrishnan Inc,5411,Grocery,Individual,Jpr,Rajasthan,2023-10-13 20:27:27,UGOR9246572099156,ACTIVE,1755.18,CONFLICTING_MERCHANT_RECORD,0.55,2,"Conflicting Names: ['Boase, Bajaj And Krish', 'Ramakrishnan Inc']; Conflicting Categories: ['Other', 'Groceries']; Conflicting Cities: ['Jalandhar', 'Jpr']"
MCH2179,Chanda-Sura,5699,Apparel,Private_Limited,Jalandhar,Punjab,2026-01-07 00:00:00,XXXX4523,ACTIVE,1281.24,CONFLICTING_MERCHANT_RECORD,0.55,2,"Conflicting Names: ['Chanda-Sura', 'Prakash Inc']; Conflicting Categories: ['Fashion', 'Groceries']; Conflicting Cities: ['Jalandhar', 'Jalandar']"
MCH2180,Chaudry-Sidhu,,Apparel,Private-Limited,Pune,Maharashtra,,4033666419,ACTIVE,3354.42,SINGLETON,1.0,1,No duplicates
MCH2183,Savant Llc,4131,Transportation,Sole-Proprietor,Dilli,Delhi,,XXXX8842,ACTIVE,202.62,SINGLETON,1.0,1,No duplicates
MCH2185,Wagle Inc,,Pharmacy,Private_Limited,Poona,Maharashtra,,XXXX8242,SUSPENDED,828.0,SINGLETON,1.0,1,No duplicates
MCH2186,Venkatesh And Sons,5912,Pharmacy,Sole_Proprietor,Lko,Uttar Pradesh,2025-11-23 00:00:00,,ACTIVE,661.82,SINGLETON,1.0,1,No duplicates
MCH2187,Balan And Sons,5999,Miscellaneous Retail,Sole-Proprietor,Bangalore,Karnataka,2024-10-22 00:00:00,,ACTIVE,1340.0,SINGLETON,1.0,1,No duplicates
MCH2188,"Sundaram, Prakash And Sheth",5699,Apparel,Sole_Proprietor,Hyderabad,Telangana,2025-11-02 20:29:00,,ACTIVE,778.36,SINGLETON,1.0,1,No duplicates
MCH2189,"Mammen, Balakrishnan And Prakash",5311,Department Store,Sole_Proprietor,Jaipur,Rajasthan,2025-05-14 00:00:00,,ACTIVE,2363.97,SINGLETON,1.0,1,No duplicates
MCH2191,"Raval, Halder And Brahmbhatt",5999,Miscellaneous Retail,Sole_Proprietor,Bengaluru,Karnataka,2023-09-15 00:00:00,,ACTIVE,2745.45,CONFLICTING_MERCHANT_RECORD,0.55,2,"Conflicting Names: ['Choudhry, Rai And Chokshi', 'Raval, Halder And Brahmbhatt']; Conflicting Categories: ['Book Store', 'Retail Other']; Conflicting Cities: ['Chennai', 'Bengaluru']"
MCH2196,Badal-Ghosh,4131,Transportation,Individual,Delhi,Delhi,2024-04-07 00:00:00,XXXX7232,ACTIVE,188.84,SINGLETON,1.0,1,No duplicates
MCH2197,Palan-Bhatti,5311,Department Store,Partnership,Delhi,Delhi,,YPNI1403413664050,ACTIVE,2800.25,SINGLETON,1.0,1,No duplicates
MCH2198,"Arya, Dalal And Keer",5812,Restaurant,Private-Limited,Jaipur,Rajasthan,2023-09-08 16:05:16,,ACTIVE,2776.31,SINGLETON,1.0,1,No duplicates
MCH2199,Subramanian Inc,5311,Department Store,Private-Limited,Bangalore,Karnataka,2024-01-14 00:00:00,,SUSPENDED,369.25,SINGLETON,1.0,1,No duplicates
MCH2200,Choudhry-Vig,4814,Telecom,Private Limited,Jaipur,Rajasthan,2023-04-21 06:16:00,JBNG6240536039384,ACTIVE,207.14,SINGLETON,1.0,1,No duplicates
MCH2201,"Date, Muni And Dasgupta",5999,Miscellaneous Retail,Individual,Kolkata,West Bengal,2023-07-12 00:00:00,EYWQ3550445400883,ACTIVE,238.32,CONFLICTING_MERCHANT_RECORD,0.55,2,"Conflicting Names: ['Date, Muni And Dasgupta', 'Chandra, Sen And Ray']; Conflicting Categories: ['Miscellaneous', 'Eating Place']; Conflicting Cities: ['Kolkata', 'Blr']"
MCH2202,"Dass, Vala And Goda",5912,Pharmacy,Private_Limited,Hyd,Telangana,2023-06-19 00:00:00,EGTB4563622891580,SUSPENDED,1191.83,SINGLETON,1.0,1,No duplicates
MCH2203,"Dar, Khurana And Vasa",5812,Restaurant,Sole-Proprietor,Jaipur,Rajasthan,2024-07-05 09:28:00,,ACTIVE,14312.42,SINGLETON,1.0,1,No duplicates
MCH2205,Parmer-Lad,5311,Department Store,Individual,Delhi,Delhi,2023-07-01 18:11:38,QDLE8658067283923,ACTIVE,986.0,CONFLICTING_MERCHANT_RECORD,0.55,4,"Conflicting Names: ['Mannan And Sons', 'Parmer-Lad', 'Narayan Plc']; Conflicting Categories: ['Miscellaneous', 'Department Store', 'Bus/Taxi']; Conflicting Cities: ['Ludhiana', 'Delhi', 'Hyderabad']"
MCH2211,Krishnan-Sibal,5942,Books & Stationery,Individual,Bengaluru,Karnataka,2023-05-28 18:32:06,,ACTIVE,1189.37,SINGLETON,1.0,1,No duplicates
MCH2212,Parmar Group,,Transportation,Private_Limited,Jalandhar,Punjab,2025-02-01 07:40:00,,ACTIVE,4432.56,SINGLETON,1.0,1,No duplicates
MCH2213,"Dash,Soniandpalla",7011,Hotel & Lodging,Individual,Kolkata,West Bengal,2023-04-30 00:00:00,,ACTIVE,4392.08,SINGLETON,1.0,1,No duplicates
MCH2214,Varkey-Seshadri,4131,Transportation,Partnership,New Delhi,Delhi,2024-12-18 00:00:00,9016212995,ACTIVE,649.44,SINGLETON,1.0,1,No duplicates
MCH2215,Maharaj-Kale,7011,Hotel & Lodging,Individual,Calcutta,West Bengal,2024-08-03 00:00:00,,ACTIVE,3526.35,SINGLETON,1.0,1,No duplicates
MCH2217,"Rai, Bala And Shenoy",5411,Grocery,Individual,Mumbay,Maharashtra,2023-08-15 00:00:00,2506258510,ACTIVE,728.77,SINGLETON,1.0,1,No duplicates
MCH2218,"Upadhyay, Sharma And Kothari",7011,Hotel & Lodging,Partnership,Lko,Uttar Pradesh,2024-04-23 18:51:00,VZAG9844318169851,ACTIVE,341.57,SINGLETON,1.0,1,No duplicates
MCH2220,Tailor And Sons,5311,Department Store,Sole Proprietor,Mumbay,Maharashtra,2025-06-23 20:54:27,,ACTIVE,940.64,SINGLETON,1.0,1,No duplicates
MCH2222,"Mani, Ravel And Agrawal",,Apparel,Sole Proprietor,Lko,Uttar Pradesh,2023-10-01 00:00:00,,ACTIVE,815.84,SINGLETON,1.0,1,No duplicates
MCH2223,"Magar, Krishnamurthy And Maharaj",5942,Books & Stationery,Private_Limited,Delhi,Delhi,,3527789859,ACTIVE,1565.53,CONFLICTING_MERCHANT_RECORD,0.55,2,"Conflicting Names: ['Magar, Krishnamurthy And Maharaj', 'Dhaliwal Llc']; Conflicting Categories: ['Books_Stationery', 'Mobile Recharge']; Conflicting Cities: ['Delhi', 'Mumbai']"
MCH2224,Nadig-Varma,5812,Restaurant,Private-Limited,Chennai,Tamil Nadu,2025-10-29 00:00:00,,ACTIVE,2261.0,CONFLICTING_MERCHANT_RECORD,0.55,2,"Conflicting Names: ['Luthra-Nagy', 'Nadig-Varma']; Conflicting Categories: ['Book Store', 'Food_Services']; Conflicting Cities: ['Jaipur', 'Chennai']"
MCH2229,Maharaj Group,5999,Miscellaneous Retail,Private_Limited,Hyderabad,Telangana,2025-12-12 00:00:00,,ACTIVE,289.57,CONFLICTING_MERCHANT_RECORD,0.55,2,"Conflicting Names: ['Maharaj Group', 'Kala, Baral And Subramanian']; Conflicting Categories: ['Misc Retail', 'Dept_Store']; Conflicting Cities: ['Hyderabad', 'Mumbai']"
MCH2231,"Goyal, Balakrishnan And Patla",7011,Hotel & Lodging,Private_Limited,Blr,Karnataka,2024-11-10 09:09:32,,INACTIVE,1360.71,SINGLETON,1.0,1,No duplicates
MCH2232,Borde-Sule,5311,Department Store,Partnership,Hyderabad,Telangana,2025-02-24 00:00:00,9040784909,ACTIVE,642.26,CONFLICTING_MERCHANT_RECORD,0.55,2,"Conflicting Names: ['Borde-Sule', 'Saha Plc']; Conflicting Categories: ['Department Store', 'Hotel_Lodging']; Conflicting Cities: ['Hyderabad', 'Dilli']"
MCH2236,Yohannan-Chada,5311,Department Store,Private Limited,Kolkata,West Bengal,2023-01-24 08:58:43,3926948531,INACTIVE,5340.64,FORMATTING_DUPLICATE,0.85,2,2 records with formatting variations consolidated
MCH2237,Chatterjee-Din,4814,Telecom,Sole_Proprietor,Lucknow,Uttar Pradesh,2023-01-23 00:00:00,4350832934,ACTIVE,,SINGLETON,1.0,1,No duplicates
MCH2238,Chakrabarti-Lata,5699,Apparel,Individual,Amritsar,Punjab,2024-10-19 10:57:01,0636957365,ACTIVE,1650.0,SINGLETON,1.0,1,No duplicates
MCH2240,"Shenoy, Tara And Kala",5912,Pharmacy,Partnership,Chennai,Tamil Nadu,2023-03-25 00:00:00,,ACTIVE,1500.77,SINGLETON,1.0,1,No duplicates
MCH2241,Patla-Prabhakar,5942,Books & Stationery,Partnership,Calcutta,West Bengal,2026-01-15 00:00:00,,ACTIVE,868.0,SINGLETON,1.0,1,No duplicates
MCH2244,Master Plc,5912,Pharmacy,Private_Limited,Jalandar,Punjab,2024-06-10 01:44:00,,INACTIVE,2383.0,SINGLETON,1.0,1,No duplicates
MCH2248,Mutti-Manne,5812,Restaurant,Partnership,Ludhiana,Punjab,2023-11-22 00:00:00,,INACTIVE,1021.0,SINGLETON,1.0,1,No duplicates
MCH2249,Bahri-Nagarajan,7011,Hotel & Lodging,Sole_Proprietor,Ludhiana,Punjab,2024-11-17 00:00:00,0364290572,ACTIVE,590.8,CONFLICTING_MERCHANT_RECORD,0.55,3,"Conflicting Names: ['Bahri-Nagarajan', 'Rout, Thaker And Pal', 'Konda Ltd']; Conflicting Categories: ['Hotel_Lodging', 'Department Stores', 'Grocery']; Conflicting Cities: ['Ludhiana', 'Mumbay', 'Calcutta']"
MCH2250,Borra And Sons,5942,Books & Stationery,Individual,Hyderabad,Telangana,2024-07-18 18:37:00,XXXX4935,ACTIVE,,CONFLICTING_MERCHANT_RECORD,0.55,2,"Conflicting Names: ['Sachdev, Ma1H0Tra And Saraf', 'Borra And Sons']; Conflicting Categories: ['Transportation', 'Books']; Conflicting Cities: ['Ldh', 'Hyderabad']"
MCH2255,Lal Ltd,5311,Department Store,Individual,Jpr,Rajasthan,2023-05-29 00:00:00,6674150314,ACTIVE,1404.67,SINGLETON,1.0,1,No duplicates
MCH2257,Mandal-Sankaran,5311,Department Store,Individual,Mumbai,Maharashtra,2024-04-18 23:11:42,,ACTIVE,4831.04,SINGLETON,1.0,1,No duplicates
MCH2258,Walia Group,5311,Department Store,Sole_Proprietor,Jalandhar,Punjab,2025-10-14 00:00:00,XXXX1416,ACTIVE,1902.49,SINGLETON,1.0,1,No duplicates
MCH2261,Gr0Ver Inc,5812,Restaurant,Sole Proprietor,Mumbai,Maharashtra,2025-11-25 01:19:55,,ACTIVE,1519.0,SINGLETON,1.0,1,No duplicates
MCH2263,Puri-D’Alia,5311,Department Store,Private-Limited,Asr,Punjab,2024-08-29 00:00:00,CMUQ0128896673333,ACTIVE,2781.79,SINGLETON,1.0,1,No duplicates
MCH2264,"Sule, Sarma And Sur",5311,Department Store,Individual,New Delhi,Delhi,2025-10-21 00:00:00,HGHS4575612385959,SUSPENDED,4017.0,CONFLICTING_MERCHANT_RECORD,0.55,3,"Conflicting Names: ['Sule, Sarma And Sur', 'Sandal-Nadig']; Conflicting Categories: ['Retail', 'Pharmacies']; Conflicting Cities: ['New Delhi', 'Kolkata']"
MCH2265,"Bail, Gopal And Khare",,Miscellaneous Retail,Partnership,Lko,Uttar Pradesh,2024-08-04 00:00:00,VZCP3787385327453,INACTIVE,785.4,FORMATTING_DUPLICATE,0.85,2,2 records with formatting variations consolidated
MCH2266,Natarajan And Sons,5912,Pharmacy,Individual,Chennai,Tamil Nadu,2025-04-17 01:53:35,NABB6271790214696,ACTIVE,447.78,SINGLETON,1.0,1,No duplicates
MCH2267,Bobal And Sons,7011,Hotel & Lodging,Partnership,Delhi,Delhi,2023-01-03 00:00:00,NKYD4958921832559,ACTIVE,2114.71,SINGLETON,1.0,1,No duplicates
MCH2268,"Verma, Aurora And De",5999,Miscellaneous Retail,Private-Limited,Jalandhar,Punjab,,NBDA6083922141930,ACTIVE,995.42,SINGLETON,1.0,1,No duplicates
MCH2269,"Dalal, Samra And Kala",7011,Hotel & Lodging,Sole_Proprietor,Pune,Maharashtra,2025-10-08 00:00:00,,ACTIVE,356.96,SINGLETON,1.0,1,No duplicates
MCH2274,"Kunda, Vig And Parsa",5999,Miscellaneous Retail,Sole_Proprietor,Mumbai,Maharashtra,2023-06-06 04:13:00,XXXX2871,ACTIVE,3028.0,CONFLICTING_MERCHANT_RECORD,0.55,3,"Conflicting Names: ['Kade-Wadhwa', 'D’Alia Group', 'Kunda, Vig And Parsa']; Conflicting Categories: ['Clothing', 'Transprt', 'Other']; Conflicting Cities: ['Delhi', 'Ldh', 'Mumbai']"
MCH2278,"Mohanty, Bobal And Minhas",7011,Hotel & Lodging,Sole-Proprietor,Poona,Maharashtra,2023-08-25 22:07:00,2573696997,ACTIVE,4540.82,SINGLETON,1.0,1,No duplicates
MCH2279,Sarma Inc,5912,Pharmacy,Private_Limited,Mumbai,Maharashtra,2024-07-29 00:00:00,CIPY5229888115398,ACTIVE,2197.82,SINGLETON,1.0,1,No duplicates
MCH2282,Mall Group,,Department Store,Partnership,Jalandar,Punjab,2024-02-08 23:31:25,0935990033,ACTIVE,654.0,SINGLETON,1.0,1,No duplicates
MCH2283,"Dhawan, Pa11A And Krishnan",7011,Hotel & Lodging,Partnership,Hyd,Telangana,,2734680306,ACTIVE,954.74,SINGLETON,1.0,1,No duplicates
MCH2284,Nayak Group,5699,Apparel,Private-Limited,Mumbai,Maharashtra,2025-10-01 04:44:36,XXXX8146,SUSPENDED,998.2,CONFLICTING_MERCHANT_RECORD,0.55,2,"Conflicting Names: ['Nayak Group', 'Wadhwa-Karpe']; Conflicting Categories: ['Apparel', 'Travel']; Conflicting Cities: ['Mumbai', 'Lucknow']"
MCH2287,Baral Inc,5912,Pharmacy,Individual,Delhi,Delhi,2025-06-11 00:00:00,,ACTIVE,920.82,SINGLETON,1.0,1,No duplicates
MCH2289,Tank-Datta,5812,Restaurant,Private_Limited,Hyd,Telangana,2025-10-26 00:00:00,2288122436,ACTIVE,372.03,CONFLICTING_MERCHANT_RECORD,0.55,2,"Conflicting Names: ['Tank-Datta', 'Sinha-Purohit']; Conflicting Categories: ['Food', 'Fashion']; Conflicting Cities: ['Hyd', 'Lko']"
MCH2293,"Pandit, Bhavsar And Barman",4814,Telecom,Private_Limited,Pune,Maharashtra,2023-03-20 00:50:23,,ACTIVE,792.61,SINGLETON,1.0,1,No duplicates
MCH2296,Buch Ltd,4131,Transportation,Partnership,Ludhiana,Punjab,2023-06-19 12:35:26,XXXX9780,ACTIVE,8012.35,SINGLETON,1.0,1,No duplicates
MCH2297,Mutti And Sons,5942,Books & Stationery,Partnership,Ldh,Punjab,2026-01-15 05:18:27,,ACTIVE,1134.74,SINGLETON,1.0,1,No duplicates
MCH2299,Ahluwalia Inc,4131,Transportation,Partnership,Ludhiana,Punjab,2024-12-02 23:31:00,,ACTIVE,2936.54,FORMATTING_DUPLICATE,0.85,2,2 records with formatting variations consolidated
MCH2302,"Sekhon, Tak And Dhingra",5942,Books & Stationery,Sole-Proprietor,Amritsar,Punjab,2023-11-11 00:00:00,8509370195,ACTIVE,852.28,SINGLETON,1.0,1,No duplicates
MCH2306,Goswami Inc,7011,Hotel & Lodging,Sole-Proprietor,Bengaluru,Karnataka,,4771057298,ACTIVE,1562.95,SINGLETON,1.0,1,No duplicates
MCH2308,Bhattacharyya Llc,5311,Department Store,Sole-Proprietor,Jalandhar,Punjab,2023-10-14 00:00:00,,INACTIVE,4753.89,SINGLETON,1.0,1,No duplicates
MCH2309,"Bajaj, Chakraborty And Malhotra",5311,Department Store,Individual,Amritsar,Punjab,2026-01-24 07:59:49,RUZB5463334435942,ACTIVE,355.13,CONFLICTING_MERCHANT_RECORD,0.55,2,"Conflicting Names: ['Tripathiplc', 'Bajaj, Chakraborty And Malhotra']; Conflicting Categories: ['Groceries', 'Dept_Store']; Conflicting Cities: ['Jpr', 'Amritsar']"
MCH2310,Char-Singhal,5942,Books & Stationery,Individual,Jpr,Rajasthan,2025-09-08 00:00:00,,ACTIVE,1253.77,CONFLICTING_MERCHANT_RECORD,0.55,2,"Conflicting Names: ['Char-Singhal', 'Raj Ltd']; Conflicting Categories: ['Book Store', 'Grocery Stores']"
MCH2313,Gulati Llc,5999,Miscellaneous Retail,Private-Limited,Kolkata,West Bengal,2024-06-09 00:00:00,PWIA0473863869043,INACTIVE,3231.31,SINGLETON,1.0,1,No duplicates
MCH2314,"Tank, Bera And Dash",,Restaurant,Sole_Proprietor,Kolkata,West Bengal,2023-02-01 01:03:00,,ACTIVE,2905.93,SINGLETON,1.0,1,No duplicates
MCH2327,Kibe-Char,5812,Restaurant,Partnership,Hyderabad,Telangana,2025-10-09 00:00:00,XXXX0303,ACTIVE,848.32,CONFLICTING_MERCHANT_RECORD,0.55,3,"Conflicting Names: ['Ganguly, Grover And Mutti', 'Kibe-Char']; Conflicting Categories: ['Retail Other', 'Food']; Conflicting Cities: ['Jaipur', 'Hyderabad']"
MCH2332,Toor Inc,7011,Hotel & Lodging,Individual,Ludhiana,Punjab,2023-04-20 08:12:00,PKCI7470482397105,ACTIVE,3555.73,SINGLETON,1.0,1,No duplicates
MCH2335,Ganeshltd,5999,Miscellaneous Retail,Private_Limited,Poona,Maharashtra,2025-03-03 00:00:00,,ACTIVE,,SINGLETON,1.0,1,No duplicates
MCH2336,Narasimhan Inc,,Grocery,Sole_Proprietor,Jalandar,Punjab,2025-06-18 00:00:00,,INACTIVE,791.05,SINGLETON,1.0,1,No duplicates
MCH2344,"Purohit, Rege And Patil",,Apparel,Private_Limited,Jaipur,Rajasthan,,,ACTIVE,,SINGLETON,1.0,1,No duplicates
MCH2345,"Kibe, Verma And Koshy",4814,Telecom,Individual,Bengaluru,Karnataka,2024-06-28 00:00:00,2126684184,ACTIVE,808.61,SINGLETON,1.0,1,No duplicates
MCH2346,Palla-Mannan,5699,Apparel,Partnership,Chennai,Tamil Nadu,2025-04-29 00:00:00,XXXX3607,ACTIVE,468.76,SINGLETON,1.0,1,No duplicates
MCH2347,"Dara, Ravel And Soni",5912,Pharmacy,Sole_Proprietor,Asr,Punjab,2023-12-09 00:00:00,LYBJ8156884625938,ACTIVE,3169.93,SINGLETON,1.0,1,No duplicates
MCH2350,Tata-Palla,5699,Apparel,Private_Limited,Jaipur,Rajasthan,2025-01-29 00:00:00,,ACTIVE,1391.95,CONFLICTING_MERCHANT_RECORD,0.55,2,"Conflicting Names: ['Tata-Palla', 'Gill, Sura And Doshi']; Conflicting Categories: ['Cloths', 'Restaurant']; Conflicting Cities: ['Jaipur', 'Pune']"
MCH2353,Sood-Vasa,5411,Grocery,Sole_Proprietor,Mumbai,Maharashtra,2026-01-24 05:19:00,,ACTIVE,2728.11,SINGLETON,1.0,1,No duplicates
MCH2354,"Toor, Nagi And Dara",5912,Pharmacy,Sole_Proprietor,Pune,Maharashtra,2024-04-12 23:57:41,AIXG4946165098881,ACTIVE,1954.79,SINGLETON,1.0,1,No duplicates
MCH2356,"Vyas, Chhabra And Kala",,Hotel & Lodging,Private-Limited,Chennai,Tamil Nadu,2024-08-07 00:00:00,,ACTIVE,2064.97,CONFLICTING_MERCHANT_RECORD,0.55,2,"Conflicting Names: ['Vyas, Chhabra And Kala', 'Baria Plc']; Conflicting Categories: ['Hotel_Lodging', 'Chemist']; Conflicting Cities: ['Chennai', 'Ldh']"
MCH2357,Shan Ltd,5999,Miscellaneous Retail,Individual,Jalandhar,Punjab,2025-06-16 00:00:00,XXXX8144,ACTIVE,945.26,SINGLETON,1.0,1,No duplicates
MCH2360,Bhakta-Nazareth,5942,Books & Stationery,Private Limited,Jpr,Rajasthan,2024-06-21 00:00:00,,INACTIVE,755.69,SINGLETON,1.0,1,No duplicates
MCH2368,Chadha-Barman,5912,Pharmacy,Individual,Jalandhar,Punjab,2025-11-27 00:00:00,7857705450,SUSPENDED,3326.29,SINGLETON,1.0,1,No duplicates
MCH2370,Mutti-Sarma,5699,Apparel,Individual,Delhi,Delhi,2024-08-03 00:00:00,,ACTIVE,6053.56,SINGLETON,1.0,1,No duplicates
MCH2376,"Lata, Krishnamurthy And Lal",5311,Department Store,Partnership,Jalandhar,Punjab,2025-12-05 00:00:00,,ACTIVE,113.0,SINGLETON,1.0,1,No duplicates
MCH2378,"Rau, Pradhan And Bansa1",5411,Grocery,Individual,Lko,Uttar Pradesh,2024-02-09 01:00:15,8007526864,ACTIVE,6158.0,SINGLETON,1.0,1,No duplicates
MCH2382,Parsa-Mandal,4814,Telecom,Individual,Jalandhar,Punjab,2026-01-30 05:50:43,,SUSPENDED,16892.62,SINGLETON,1.0,1,No duplicates
MCH2383,Dewan-Misra,4814,Telecom,Sole-Proprietor,Ldh,Punjab,2023-05-09 17:41:00,,ACTIVE,923.06,SINGLETON,1.0,1,No duplicates
MCH2384,Dugar-Sathe,,Telecom,Partnership,Ludhiana,Punjab,2023-10-01 00:00:00,9586840707,ACTIVE,7203.05,CONFLICTING_MERCHANT_RECORD,0.55,5,"Conflicting Names: ['Atwal, Sawhney And Magar', 'Dugar-Sathe', 'Sarkar-Aur0Ra', 'Savant, Kant And Chokshi']; Conflicting Categories: ['Misc Retail', 'Telecom', 'Chemist', 'Fashion']; Conflicting Cities: ['Lucknow', 'Ludhiana', 'Jaipur', 'Chennai']"
MCH2387,Dar-Dass,5912,Pharmacy,Partnership,Lucknow,Uttar Pradesh,,,ACTIVE,1022.15,SINGLETON,1.0,1,No duplicates
MCH2390,Bandi-Sidhu,5311,Department Store,Sole Proprietor,Jpr,Rajasthan,,XXXX9688,ACTIVE,1091.1,SINGLETON,1.0,1,No duplicates
MCH2392,Shetty And Sons,,Grocery,Individual,Amritsar,Punjab,2025-12-18 00:00:00,XXXX1862,ACTIVE,655.01,SINGLETON,1.0,1,No duplicates
MCH2394,Rajagopalan Llc,5812,Restaurant,Partnership,Calcutta,West Bengal,,XXXX3997,ACTIVE,2001.35,SINGLETON,1.0,1,No duplicates
MCH2395,Dara-Natarajan,5999,Miscellaneous Retail,Private_Limited,Jalandar,Punjab,,7691266983,ACTIVE,1204.29,CONFLICTING_MERCHANT_RECORD,0.55,2,"Conflicting Names: ['Sathe-Dixit', 'Dara-Natarajan']; Conflicting Categories: ['Bus/Taxi', 'Misc Retail']; Conflicting Cities: ['Chennai', 'Jalandar']"
MCH2398,Kapur-Dani,5311,Department Store,Individual,Chennai,Tamil Nadu,2023-09-15 16:58:35,IWCQ2998069556193,ACTIVE,711.05,CONFLICTING_MERCHANT_RECORD,0.55,2,"Conflicting Names: ['Kapur-Dani', 'Nagarajan, Radhakrishnan And Amble']; Conflicting Categories: ['Dept_Store', 'Department Store']; Conflicting Cities: ['Chennai', 'Calcutta']"
MCH2402,Dhillon Group,5912,Pharmacy,Individual,Mumbay,Maharashtra,2024-02-12 07:15:12,IEQW6694363532348,ACTIVE,1477.89,SINGLETON,1.0,1,No duplicates
MCH2403,Chana-Yohannan,5411,Grocery,Partnership,Kolkata,West Bengal,2025-07-28 00:00:00,,ACTIVE,574.13,SINGLETON,1.0,1,No duplicates
MCH2404,Mutti-Seshadri,5411,Grocery,Individual,Ludhiana,Punjab,2026-01-13 07:54:00,,ACTIVE,233.4,SINGLETON,1.0,1,No duplicates
MCH2407,Chaudhry Plc,,Pharmacy,Private Limited,Pune,Maharashtra,,4475713369,ACTIVE,5215.07,SINGLETON,1.0,1,No duplicates
MCH2408,"Kumar, Din And Sule",5999,Miscellaneous Retail,Sole_Proprietor,Bengaluru,Karnataka,,,ACTIVE,2001.55,SINGLETON,1.0,1,No duplicates
MCH2411,Saraf-Gola,4131,Transportation,Individual,Jpr,Rajasthan,2023-02-09 06:15:13,,ACTIVE,2300.71,SINGLETON,1.0,1,No duplicates
MCH2412,Nadig Inc,5942,Books & Stationery,Individual,Hyderabad,Telangana,2024-12-08 07:03:51,XXXX9581,ACTIVE,144.12,SINGLETON,1.0,1,No duplicates
MCH2416,"Gokhale, Dua And Murty",5411,Grocery,Sole Proprietor,New Delhi,Delhi,2024-09-15 00:00:00,0489469400,ACTIVE,4341.41,SINGLETON,1.0,1,No duplicates
MCH2417,"Reddy, Patel And Manda",5912,Pharmacy,Individual,Bengaluru,Karnataka,2025-03-13 00:00:00,XXXX5551,ACTIVE,1553.29,SINGLETON,1.0,1,No duplicates
MCH2418,Doctor Group,4131,Transportation,Sole_Proprietor,Bengaluru,Karnataka,2023-03-25 11:18:00,8132788390,ACTIVE,523.42,CONFLICTING_MERCHANT_RECORD,0.55,4,"Conflicting Names: ['Majumdar-Hegde', 'Doctor Group', 'Mangal-Krishnamurthy', 'Dasgupta-Dhingra']; Conflicting Categories: ['Groceries', 'Transport', 'Stationery']; Conflicting Cities: ['Pune', 'Bengaluru', 'Delhi', 'Mumbay']"
MCH2419,Suri Ltd,5999,Miscellaneous Retail,Individual,Mumbai,Maharashtra,2024-02-05 00:00:00,2248391109,ACTIVE,5184.52,SINGLETON,1.0,1,No duplicates
MCH2421,Chanda Plc,4131,Transportation,Partnership,Lucknow,Uttar Pradesh,2023-10-11 20:31:00,VAVC3668026777539,ACTIVE,146.0,SINGLETON,1.0,1,No duplicates
MCH2422,Sampath-Balasubramanian,,Telecom,Private-Limited,Bangalore,Karnataka,2025-06-25 00:00:00,7967511719,ACTIVE,2352.58,FORMATTING_DUPLICATE,0.85,2,2 records with formatting variations consolidated
MCH2423,Ratti-Gupta,4131,Transportation,Private Limited,Hyderabad,Telangana,2023-02-09 07:16:00,8487553058,ACTIVE,1549.78,CONFLICTING_MERCHANT_RECORD,0.55,2,"Conflicting Names: ['Lad, Kibe And Bora', 'Ratti-Gupta']; Conflicting Categories: ['Hotel_Lodging', 'Travel']; Conflicting Cities: ['Pune', 'Hyderabad']"
MCH2424,Kari-Morar,5999,Miscellaneous Retail,Sole_Proprietor,Mumbay,Maharashtra,,7720169821,ACTIVE,763.93,CONFLICTING_MERCHANT_RECORD,0.55,2,"Conflicting Names: ['Patil Ltd', 'Kari-Morar']; Conflicting Categories: ['Chemist', 'Miscellaneous']; Conflicting Cities: ['Madras', 'Mumbay']"
MCH2425,Suri-Kurian,5411,Grocery,Partnership,Ludhiana,Punjab,2023-06-06 04:11:03,,ACTIVE,1800.35,SINGLETON,1.0,1,No duplicates
MCH2428,Suresh-Varma,4814,Telecom,Private Limited,Hyd,Telangana,2024-05-31 00:00:00,XXXX3635,ACTIVE,949.0,SINGLETON,1.0,1,No duplicates
MCH2430,Bora Group,4814,Telecom,Individual,Amritsar,Punjab,2026-01-27 15:52:53,2955352677,ACTIVE,827.43,CONFLICTING_MERCHANT_RECORD,0.55,2,"Conflicting Names: ['Bora Group', 'Balay-Golla']; Conflicting Categories: ['Telecom', 'Misc Retail']; Conflicting Cities: ['Amritsar', 'Jalandhar']"
MCH2432,Parmar-Parmer,4131,Transportation,Individual,Calcutta,West Bengal,,,ACTIVE,2557.63,SINGLETON,1.0,1,No duplicates
MCH2435,"Badal, Chada And Narang",5699,Apparel,Private_Limited,Ludhiana,Punjab,,0219895854,ACTIVE,2576.23,CONFLICTING_MERCHANT_RECORD,0.55,2,"Conflicting Names: ['Badal, Chada And Narang', 'Devi, Baral And Chander']; Conflicting Categories: ['Fashion', 'Book Store']; Conflicting Cities: ['Ludhiana', 'Mumbai']"
MCH2436,"Bhagat, Amble And Dixit",4131,Transportation,Individual,Lko,Uttar Pradesh,2024-07-27 10:21:56,XXXX8612,ACTIVE,2085.74,CONFLICTING_MERCHANT_RECORD,0.55,2,"Conflicting Names: ['Shetty-Gour', 'Bhagat, Amble And Dixit']; Conflicting Categories: ['Misc Retail', 'Transportation']; Conflicting Cities: ['Hyderabad', 'Lko']"
MCH2438,Saxena-Sagar,5999,Miscellaneous Retail,Sole_Proprietor,Amritsar,Punjab,2025-06-21 03:10:13,TOND5392493573658,ACTIVE,1010.25,SINGLETON,1.0,1,No duplicates
MCH2440,Hans-Master,7011,Hotel & Lodging,Sole-Proprietor,Ldh,Punjab,2023-02-15 11:47:00,IUZN5055483856054,ACTIVE,1395.0,SINGLETON,1.0,1,No duplicates
MCH2441,Bhatnagar Plc,4814,Telecom,Individual,Jaipur,Rajasthan,2024-05-04 23:00:00,4907126528,ACTIVE,1789.0,SINGLETON,1.0,1,No duplicates
MCH2442,Gole Plc,5812,Restaurant,Partnership,Mumbai,Maharashtra,2024-08-28 00:00:00,7767111670,ACTIVE,625.13,SINGLETON,1.0,1,No duplicates
MCH2444,"Sachar, Das And Deo",4131,Transportation,Sole_Proprietor,Jalandar,Punjab,2025-05-12 00:00:00,,ACTIVE,563.27,CONFLICTING_MERCHANT_RECORD,0.55,2,"Conflicting Names: ['Barman-Prakash', 'Sachar, Das And Deo']; Conflicting Categories: ['Misc Retail', 'Bus/Taxi']; Conflicting Cities: ['Chennai', 'Jalandar']"
MCH2445,Khare-Sane,,Department Store,Sole_Proprietor,Jpr,Rajasthan,2023-12-05 19:25:57,3925528828,ACTIVE,6063.97,CONFLICTING_MERCHANT_RECORD,0.55,2,"Conflicting Names: ['Khare-Sane', 'Vohra, Gill And Saini']; Conflicting Categories: ['Retail Other', 'Dept_Store']"
MCH2447,Anand Llc,4131,Transportation,Sole_Proprietor,Jpr,Rajasthan,,,INACTIVE,1803.52,SINGLETON,1.0,1,No duplicates
MCH2448,Shan Ltd,5699,Apparel,Private-Limited,Delhi,Delhi,2023-03-22 16:55:53,,ACTIVE,331.32,SINGLETON,1.0,1,No duplicates
MCH2450,Bail Plc,5812,Restaurant,Private-Limited,Hyderabad,Telangana,2024-04-25 12:52:00,XXXX3279,ACTIVE,3923.0,SINGLETON,1.0,1,No duplicates
MCH2451,"Halder, Kannan And Dixit",7011,Hotel & Lodging,Private Limited,Kolkata,West Bengal,2025-11-20 00:00:00,NIXX7228219214941,INACTIVE,610.7,SINGLETON,1.0,1,No duplicates
MCH2459,Gala And Sons,4131,Transportation,Sole-Proprietor,Jaipur,Rajasthan,2025-04-16 00:00:00,OKFD4897091413997,ACTIVE,789.05,SINGLETON,1.0,1,No duplicates
MCH2463,Yogi-Dhar,4131,Transportation,Private_Limited,Mumbay,Maharashtra,2023-10-20 20:24:00,2758552991,ACTIVE,4463.41,CONFLICTING_MERCHANT_RECORD,0.55,2,"Conflicting Names: ['Yogi-Dhar', 'Pillai, Tank And Das']; Conflicting Categories: ['Transport', 'Hospitality']; Conflicting Cities: ['Mumbay', 'Chennai']"
MCH2470,Chadha Llc,,Department Store,Individual,Lko,Uttar Pradesh,2025-01-28 00:00:00,DYBS8259485877528,ACTIVE,144.47,CONFLICTING_MERCHANT_RECORD,0.55,2,"Conflicting Names: ['Chadha Llc', 'Mutti-Bawa']; Conflicting Categories: ['Retail Other', 'Chemist']; Conflicting Cities: ['Lko', 'Jalandar']"
MCH2471,Das Group,5942,Books & Stationery,Individual,Jalandhar,Punjab,2024-05-30 00:00:00,SVRE3169162150744,ACTIVE,3177.16,CONFLICTING_MERCHANT_RECORD,0.55,2,"Conflicting Names: ['Das Group', 'Pillai, Chopra And Modi']; Conflicting Categories: ['Books_Stationery', 'Hotel']; Conflicting Cities: ['Jalandhar', 'New Delhi']"
MCH2473,Lanka Inc,5942,Books & Stationery,Individual,Bengaluru,Karnataka,2025-01-20 01:42:00,7620940119,ACTIVE,1883.19,CONFLICTING_MERCHANT_RECORD,0.55,2,"Conflicting Names: ['Lanka Inc', 'Gill, Deol And Deep']; Conflicting Categories: ['Books', 'Grocery Stores']; Conflicting Cities: ['Bengaluru', 'Lucknow']"
MCH2474,"Setty, Reddy And Singh",,Pharmacy,Sole-Proprietor,Kolkata,West Bengal,2023-12-11 00:00:00,XXXX1604,ACTIVE,3043.1,SINGLETON,1.0,1,No duplicates
MCH2475,Bains-Sahota,5411,Grocery,Individual,Bangalore,Karnataka,2023-08-16 00:00:00,XXXX6630,ACTIVE,619.32,SINGLETON,1.0,1,No duplicates
MCH2476,Choudhary-Borah,7011,Hotel & Lodging,Private-Limited,Kolkata,West Bengal,2025-10-15 00:00:00,PXIN8486080746921,ACTIVE,1108.38,SINGLETON,1.0,1,No duplicates
MCH2478,"Bala, Sane And Som",5699,Apparel,Sole Proprietor,Hyderabad,Telangana,2023-02-15 00:00:00,QRPZ8741280654685,ACTIVE,911.53,SINGLETON,1.0,1,No duplicates
MCH2480,Banik-Nagar,5812,Restaurant,Private_Limited,Jpr,Rajasthan,2025-07-27 00:00:00,XXXX7952,ACTIVE,3594.0,SINGLETON,1.0,1,No duplicates
MCH2486,"Mohanty, Iyer And Sharma",7011,Hotel & Lodging,Individual,Chennai,Tamil Nadu,2023-10-23 21:00:00,FCPB2927426048520,ACTIVE,2266.0,SINGLETON,1.0,1,No duplicates
MCH2487,Venkatesh Ltd,,Hotel & Lodging,Partnership,Ludhiana,Punjab,,MCTW2396874836471,ACTIVE,2913.12,CONFLICTING_MERCHANT_RECORD,0.55,2,"Conflicting Names: ['Virk, Ganguly And Saraf', 'Venkatesh Ltd']; Conflicting Categories: ['Food', 'Hotel']; Conflicting Cities: ['Bengaluru', 'Ludhiana']"
MCH2492,"Dhawan, Salvi And Dara",5812,Restaurant,Partnership,Lucknow,Uttar Pradesh,2025-08-07 00:00:00,XXXX8560,INACTIVE,3500.9,CONFLICTING_MERCHANT_RECORD,0.55,4,"Conflicting Names: ['Chandran Group', 'Dhawan, Salvi And Dara', 'More Llc', 'Bhatti, Kala And Sahni']; Conflicting Categories: ['Restaurants', 'Food', 'Cloths', 'Travel']; Conflicting Cities: ['Amritsar', 'Lucknow', 'Jaipur', 'Hyderabad']"
MCH2493,"Tella, Lata And Tripathi",4814,Telecom,Individual,Jaipur,Rajasthan,2023-10-28 00:00:00,ROFA2679305641354,ACTIVE,4200.08,SINGLETON,1.0,1,No duplicates
MCH2494,Sane Ltd,5699,Apparel,Partnership,Amritsar,Punjab,,8156434201,ACTIVE,582.0,SINGLETON,1.0,1,No duplicates
MCH2495,Solanki Llc,,Books & Stationery,Private_Limited,Delhi,Delhi,2023-05-19 00:00:00,8034024153,ACTIVE,1374.43,CONFLICTING_MERCHANT_RECORD,0.55,2,"Conflicting Names: ['Sibal, Shankar And Malhotra', 'Solanki Llc']; Conflicting Categories: ['Apparel', 'Books']; Conflicting Cities: ['Blr', 'Delhi']"
MCH2498,Peri-Sachdeva,7011,Hotel & Lodging,Individual,Lucknow,Uttar Pradesh,2024-07-22 00:00:00,7968546113,ACTIVE,1576.69,SINGLETON,1.0,1,No duplicates
MCH2501,Ravel Inc,,Miscellaneous Retail,Partnership,Ludhiana,Punjab,2024-08-13 00:00:00,XXXX9432,ACTIVE,2494.94,SINGLETON,1.0,1,No duplicates
MCH2503,Ravel Plc,4814,Telecom,Individual,Kolkata,West Bengal,2025-03-10 00:00:00,5029689598,ACTIVE,858.0,CONFLICTING_MERCHANT_RECORD,0.55,3,"Conflicting Names: ['Ravel Plc', 'Date Llc', 'Chatterjee-Saran']; Conflicting Categories: ['Mobile Recharge', 'Telecom', 'Fashion']; Conflicting Cities: ['Kolkata', 'Jaipur', 'Jalandar']"
MCH2504,Mittal Ltd,5999,Miscellaneous Retail,Individual,Pune,Maharashtra,2024-12-29 00:00:00,XXXX5857,INACTIVE,1689.96,CONFLICTING_MERCHANT_RECORD,0.55,2,"Conflicting Names: ['Mittal Ltd', 'Pau, Mody And Dora']; Conflicting Categories: ['Retail Other', 'Pharmacy']; Conflicting Cities: ['Pune', 'Mumbai']"
MCH2506,"Sarna, Vora And Seth",4131,Transportation,Individual,Jaipur,Rajasthan,2024-06-13 02:51:27,,ACTIVE,222.33,SINGLETON,1.0,1,No duplicates
MCH2510,Sathe Plc,5912,Pharmacy,Partnership,Madras,Tamil Nadu,2024-02-02 01:49:36,XXXX9018,ACTIVE,596.36,CONFLICTING_MERCHANT_RECORD,0.55,2,"Conflicting Names: ['Sathe Plc', 'Kakar Group']; Conflicting Categories: ['Chemist', 'Kirana']; Conflicting Cities: ['Madras', 'Hyderabad']"
MCH2513,Bhallainc,,Apparel,Partnership,Amritsar,Punjab,2023-11-09 00:00:00,6553818868,ACTIVE,5544.37,SINGLETON,1.0,1,No duplicates
MCH2514,"Dua, Peri And Sani",,Telecom,Sole Proprietor,Kolkata,West Bengal,,VHRN8113044559744,ACTIVE,937.87,SINGLETON,1.0,1,No duplicates
MCH2516,Ben-Varghese,,Grocery,Sole-Proprietor,Chennai,Tamil Nadu,2023-08-04 21:20:00,,SUSPENDED,398.68,SINGLETON,1.0,1,No duplicates
MCH2522,Savant-Sangha,5311,Department Store,Partnership,Mumbai,Maharashtra,2024-03-01 15:56:00,1167145374,ACTIVE,702.03,CONFLICTING_MERCHANT_RECORD,0.55,2,"Conflicting Names: ['Singhal-Chana', 'Savant-Sangha']; Conflicting Categories: ['Miscellaneous', 'Retail']; Conflicting Cities: ['Ludhiana', 'Mumbai']"
MCH2523,Sarma Inc,5999,Miscellaneous Retail,Individual,Kolkata,West Bengal,2025-09-05 00:00:00,,ACTIVE,2146.62,SINGLETON,1.0,1,No duplicates
MCH2525,Narayan-Mallick,5912,Pharmacy,Sole Proprietor,Amritsar,Punjab,2025-03-17 22:22:00,,ACTIVE,1084.48,CONFLICTING_MERCHANT_RECORD,0.55,2,"Conflicting Names: ['Narayan-Mallick', 'Nath, Gaba And Viswanathan']; Conflicting Categories: ['Medical_Store', 'Fashion']; Conflicting Cities: ['Amritsar', 'Mumbay']"
MCH2528,Cherian Ltd,5999,Miscellaneous Retail,Private_Limited,Jalandhar,Punjab,2024-08-03 00:00:00,,ACTIVE,830.85,CONFLICTING_MERCHANT_RECORD,0.55,2,"Conflicting Names: ['Cherian Ltd', 'Bumb Plc']; Conflicting Categories: ['Miscellaneous', 'Transport']; Conflicting Cities: ['Jalandhar', 'Amritsar']"
MCH2529,Sheth-Pal,5942,Books & Stationery,Individual,Lucknow,Uttar Pradesh,2023-08-23 00:00:00,2709901385,ACTIVE,1398.37,SINGLETON,1.0,1,No duplicates
MCH2530,Bal-Sant,5999,Miscellaneous Retail,Partnership,Kolkata,West Bengal,2023-08-06 17:36:00,XXXX3441,ACTIVE,372.49,CONFLICTING_MERCHANT_RECORD,0.55,2,"Conflicting Names: ['Bal-Sant', 'Palla-Datta']; Conflicting Categories: ['Retail Other', 'Books']; Conflicting Cities: ['Kolkata', 'Poona']"
MCH2532,Chad Inc,5999,Miscellaneous Retail,Partnership,Jpr,Rajasthan,2023-01-11 00:00:00,SDKV0929160095786,INACTIVE,351.38,SINGLETON,1.0,1,No duplicates
MCH2533,Khatri-Devi,,Grocery,Sole Proprietor,Jaipur,Rajasthan,2024-11-23 15:52:39,3534229147,ACTIVE,3147.37,CONFLICTING_MERCHANT_RECORD,0.55,3,"Conflicting Names: ['Khatri-Devi', 'Chhabra, Shah And Tella', 'Chana, Joshi And Saran']; Conflicting Categories: ['Grocery', 'Medical', 'Transport']; Conflicting Cities: ['Jaipur', 'Jpr', 'Lucknow']"
MCH2534,Shetty-Sundaram,5411,Grocery,Private_Limited,Pune,Maharashtra,2025-03-10 16:30:29,,ACTIVE,709.87,SINGLETON,1.0,1,No duplicates
MCH2535,Pall-Dugar,5942,Books & Stationery,Private Limited,Mumbai,Maharashtra,2024-08-29 00:00:00,4792112625,ACTIVE,978.69,CONFLICTING_MERCHANT_RECORD,0.55,2,"Conflicting Names: ['Pall-Dugar', 'Mody-Grewal']; Conflicting Categories: ['Books', 'Garments']"
MCH2536,Divan-Radhakrishnan,4131,Transportation,Private-Limited,Poona,Maharashtra,2025-07-09 00:00:00,NWSY9894058484946,ACTIVE,,SINGLETON,1.0,1,No duplicates
MCH2542,Thakur Group,5411,Grocery,Sole-Proprietor,Kolkata,West Bengal,2023-12-15 00:00:00,7251186427,INACTIVE,3711.74,SINGLETON,1.0,1,No duplicates
MCH2546,Kant Group,,Pharmacy,Sole_Proprietor,Amritsar,Punjab,2025-04-04 00:00:00,VVGC5802490491946,ACTIVE,4120.12,SINGLETON,1.0,1,No duplicates
MCH2548,Anne Llc,5812,Restaurant,Partnership,Kolkata,West Bengal,2024-03-28 00:00:00,,ACTIVE,2367.01,SINGLETON,1.0,1,No duplicates
MCH2550,Misra-Natarajan,,Transportation,Individual,Ludhiana,Punjab,2023-02-06 04:42:00,7951076714,ACTIVE,1549.99,CONFLICTING_MERCHANT_RECORD,0.55,3,"Conflicting Names: ['Basu, Madan And Chaudry', 'Misra-Natarajan', 'Dhaliwal Llc']; Conflicting Categories: ['Miscellaneous', 'Bus/Taxi', 'Telecom']; Conflicting Cities: ['Pune', 'Ludhiana', 'Chennai']"
MCH2551,"Krishnamurthy, Murthy And Savant",5699,Apparel,Private_Limited,Pune,Maharashtra,2023-09-27 00:00:00,XXXX9848,ACTIVE,3427.0,CONFLICTING_MERCHANT_RECORD,0.55,2,"Conflicting Names: ['Nagarajan And Sons', 'Krishnamurthy, Murthy And Savant']; Conflicting Categories: ['Food_Services', 'Fashion']; Conflicting Cities: ['Bengaluru', 'Pune']"
MCH2552,"Saran, Dyal And Wable",4814,Telecom,Partnership,Hyderabad,Telangana,2023-10-19 00:00:00,XXXX2290,ACTIVE,1588.96,CONFLICTING_MERCHANT_RECORD,0.55,2,"Conflicting Names: ['Saran, Dyal And Wable', 'Mukherjee, Iyengar And Deo']; Conflicting Categories: ['Phone Service', 'Stationery']; Conflicting Cities: ['Hyderabad', 'Pune']"
MCH2556,"Zachariah, Manne And Bedi",5942,Books & Stationery,Partnership,Calcutta,West Bengal,2024-10-05 01:12:00,8663284555,ACTIVE,1248.82,SINGLETON,1.0,1,No duplicates
MCH2559,"Sastry, Dhar And Kibe",7011,Hotel & Lodging,Partnership,Pune,Maharashtra,2023-05-08 00:00:00,0777710681,ACTIVE,1827.84,SINGLETON,1.0,1,No duplicates
MCH2564,Bumb And Sons,7011,Hotel & Lodging,Private_Limited,Hyd,Telangana,2025-04-18 00:00:00,XXXX0675,ACTIVE,1155.71,SINGLETON,1.0,1,No duplicates
MCH2566,Oommen Inc,5999,Miscellaneous Retail,Private_Limited,New Delhi,Delhi,,XXXX9507,ACTIVE,2200.23,SINGLETON,1.0,1,No duplicates
MCH2567,"Magar, Hora And Khare",4131,Transportation,Sole_Proprietor,Delhi,Delhi,2024-09-30 00:00:00,TLMQ4688047179537,ACTIVE,572.7,SINGLETON,1.0,1,No duplicates
MCH2568,"Dhaliwal, Bhat And Sarin",5411,Grocery,Partnership,Mumbai,Maharashtra,2023-04-28 00:00:00,3925852137,ACTIVE,803.0,SINGLETON,1.0,1,No duplicates
MCH2571,Deep-Chakraborty,5812,Restaurant,Partnership,Delhi,Delhi,2024-07-31 00:00:00,,SUSPENDED,3828.75,SINGLETON,1.0,1,No duplicates
MCH2574,Bala And Sons,5699,Apparel,Individual,Delhi,Delhi,,HZFE1194010260924,SUSPENDED,197.23,SINGLETON,1.0,1,No duplicates
MCH2575,Rast0Gi-Verma,5912,Pharmacy,Individual,Pune,Maharashtra,2025-04-09 16:48:12,XXXX2986,ACTIVE,549.08,SINGLETON,1.0,1,No duplicates
MCH2576,"Shan,Semandpau",5311,Department Store,Partnership,Hyderabad,Telangana,2023-12-03 00:00:00,3390811191,ACTIVE,472.21,SINGLETON,1.0,1,No duplicates
MCH2577,Dua Inc,5812,Restaurant,Sole-Proprietor,Blr,Karnataka,2023-11-23 00:00:00,,ACTIVE,23536.65,SINGLETON,1.0,1,No duplicates
MCH2579,More Inc,,Books & Stationery,Partnership,Jaipur,Rajasthan,2024-06-05 00:00:00,,ACTIVE,4068.74,SINGLETON,1.0,1,No duplicates
MCH2580,Rajag0Pa1An-S0Man,5812,Restaurant,Private_Limited,Jpr,Rajasthan,2023-07-17 00:00:00,XXXX4205,ACTIVE,7864.69,SINGLETON,1.0,1,No duplicates
MCH2582,Lal Plc,5912,Pharmacy,Sole_Proprietor,Dilli,Delhi,2025-09-13 00:00:00,,ACTIVE,1344.48,SINGLETON,1.0,1,No duplicates
MCH2583,Gole-Prabhakar,4814,Telecom,Private_Limited,Bangalore,Karnataka,2025-04-21 00:00:00,XXXX1523,ACTIVE,323.0,SINGLETON,1.0,1,No duplicates
MCH2585,Roy Llc,,Grocery,Sole_Proprietor,Jpr,Rajasthan,2025-10-13 00:00:00,2320667701,ACTIVE,2233.97,SINGLETON,1.0,1,No duplicates
MCH2588,Datta Inc,5699,Apparel,Private Limited,Jaipur,Rajasthan,2024-09-28 00:00:00,XXXX7714,ACTIVE,311.95,CONFLICTING_MERCHANT_RECORD,0.55,2,"Conflicting Names: ['Datta Inc', 'Kala, Mahajan And Kumar']; Conflicting Categories: ['Apparel', 'Pharmacy']; Conflicting Cities: ['Jaipur', 'Jalandhar']"
MCH2589,Dhawan-Thaker,5311,Department Store,Sole_Proprietor,Hyderabad,Telangana,2025-12-01 00:00:00,XXXX8775,INACTIVE,611.95,SINGLETON,1.0,1,No duplicates
MCH2590,Goyal Group,7011,Hotel & Lodging,Individual,Delhi,Delhi,2025-06-22 04:22:00,XXXX8497,ACTIVE,531.43,SINGLETON,1.0,1,No duplicates
MCH2591,"Deol, Palla And Goel",,Grocery,Individual,Hyderabad,Telangana,2025-08-22 00:00:00,2241068743,ACTIVE,468.59,SINGLETON,1.0,1,No duplicates
MCH2592,"Garg, Saha And Sampath",5999,Miscellaneous Retail,Private_Limited,Hyderabad,Telangana,2024-03-28 13:13:52,,ACTIVE,3945.98,CONFLICTING_MERCHANT_RECORD,0.55,2,"Conflicting Names: ['Mander, Goel And Soni', 'Garg, Saha And Sampath']; Conflicting Categories: ['Transport', 'Miscellaneous']; Conflicting Cities: ['Bombay', 'Hyderabad']"
MCH2593,Gour Inc,5999,Miscellaneous Retail,Sole-Proprietor,Jalandhar,Punjab,2025-10-20 00:00:00,4362658883,ACTIVE,1307.82,SINGLETON,1.0,1,No duplicates
MCH2596,Vasa Plc,4131,Transportation,Sole-Proprietor,Hyderabad,Telangana,2025-08-20 22:49:00,,ACTIVE,2736.9,SINGLETON,1.0,1,No duplicates
MCH2598,Sani Gr0Up,,Apparel,Partnership,Pune,Maharashtra,2025-11-27 17:05:19,1059212674,ACTIVE,489.0,CONFLICTING_MERCHANT_RECORD,0.55,2,"Conflicting Names: ['Sani Gr0Up', 'Dutta, Ramanathan And Date']; Conflicting Categories: ['Clothing', 'Hospitality']; Conflicting Cities: ['Pune', 'Delhi']"
MCH2600,Prabhakar And Sons,5699,Apparel,Partnership,Kolkata,West Bengal,2024-12-17 20:12:43,1873277155,ACTIVE,1712.51,SINGLETON,1.0,1,No duplicates
MCH2601,"Mangal, Lalla And Desai",4131,Transportation,Private-Limited,Ludhiana,Punjab,2025-02-19 00:00:00,XXXX7238,ACTIVE,1601.46,SINGLETON,1.0,1,No duplicates
MCH2604,Sharaf-Kaur,4131,Transportation,Private Limited,Lucknow,Uttar Pradesh,2023-10-30 00:00:00,CYOT7406673710255,ACTIVE,1813.01,SINGLETON,1.0,1,No duplicates
MCH2605,Gera-Karpe,5699,Apparel,Individual,Bombay,Maharashtra,2026-02-25 00:00:00,ZUZI7142150561628,ACTIVE,1371.0,CONFLICTING_MERCHANT_RECORD,0.55,2,"Conflicting Names: ['Gera-Karpe', 'Swamy Inc']; Conflicting Categories: ['Fashion', 'Eating Place']; Conflicting Cities: ['Bombay', 'Chennai']"
MCH2607,Garg Plc,5812,Restaurant,Individual,Hyderabad,Telangana,2023-01-31 00:00:00,,ACTIVE,3395.0,CONFLICTING_MERCHANT_RECORD,0.55,2,"Conflicting Names: ['Garg Plc', 'Deep, Prasad And Dass']; Conflicting Categories: ['Food', 'Cloths']; Conflicting Cities: ['Hyderabad', 'Hyd']"
MCH2608,"Loyal, Ghosh And Gaba",5999,Miscellaneous Retail,Individual,Hyd,Telangana,2025-03-21 00:00:00,ZBIP4363265097456,ACTIVE,869.47,SINGLETON,1.0,1,No duplicates
MCH2610,"Dhar, Mahajan And Sarkar",5912,Pharmacy,Private-Limited,Dilli,Delhi,2025-08-09 18:24:29,GLOR5725383010765,ACTIVE,3319.36,CONFLICTING_MERCHANT_RECORD,0.55,2,"Conflicting Names: ['Chopra-Narayanan', 'Dhar, Mahajan And Sarkar']; Conflicting Categories: ['Dept_Store', 'Pharmacy']; Conflicting Cities: ['Delhi', 'Dilli']"
MCH2612,Vala Ltd,7011,Hotel & Lodging,Sole_Proprietor,Lucknow,Uttar Pradesh,2023-08-11 00:00:00,,ACTIVE,,SINGLETON,1.0,1,No duplicates
MCH2613,"Grewal, Gade And Bhattacharyya",4814,Telecom,Private_Limited,Kolkata,West Bengal,2023-06-04 01:02:27,,SUSPENDED,1066.15,SINGLETON,1.0,1,No duplicates
MCH2617,Mander-Parmar,4814,Telecom,Private-Limited,Kolkata,West Bengal,2023-08-05 08:15:00,5203670066,ACTIVE,5191.58,SINGLETON,1.0,1,No duplicates
MCH2618,"Loyal, Nadkarni And Mangal",5942,Books & Stationery,Partnership,Bangalore,Karnataka,2026-01-27 20:44:00,NZSX7829638547170,ACTIVE,816.0,SINGLETON,1.0,1,No duplicates
MCH2623,"Oak, Nadig And Doshi",5411,Grocery,Sole_Proprietor,Jalandhar,Punjab,2025-03-18 11:32:41,SGLM9352062021997,ACTIVE,1380.47,CONFLICTING_MERCHANT_RECORD,0.55,4,"Conflicting Names: ['Oak, Nadig And Doshi', 'Chokshiltd', 'Dara-Kulkarni']; Conflicting Categories: ['Kirana', 'Bus/Taxi', 'Books_Stationery']; Conflicting Cities: ['Jalandhar', 'Madras', 'Calcutta']"
MCH2624,Pandya Group,5311,Department Store,Individual,Bombay,Maharashtra,2023-12-09 00:00:00,3278618323,SUSPENDED,606.95,SINGLETON,1.0,1,No duplicates
MCH2627,Shanker Plc,5311,Department Store,Individual,Lucknow,Uttar Pradesh,2024-10-16 00:00:00,0834395040,ACTIVE,427.05,CONFLICTING_MERCHANT_RECORD,0.55,2,"Conflicting Names: ['Shanker Plc', 'Gupta And Sons']; Conflicting Categories: ['Retail', 'Garments']; Conflicting Cities: ['Lucknow', 'Delhi']"
MCH2628,Muni Plc,,Department Store,Individual,Pune,Maharashtra,2024-07-13 00:00:00,1524505804,ACTIVE,1382.04,SINGLETON,1.0,1,No duplicates
MCH2632,Agate-Gandhi,5311,Department Store,Partnership,Madras,Tamil Nadu,2026-01-14 00:00:00,ZCSO2053232739383,ACTIVE,243.56,SINGLETON,1.0,1,No duplicates
MCH2634,"Karnik, Bains And Ratti",5311,Department Store,Individual,Bengaluru,Karnataka,2025-03-20 07:33:00,3474601890,ACTIVE,581.71,CONFLICTING_MERCHANT_RECORD,0.55,2,"Conflicting Names: ['Duga1, G0Pa1 And La1A', 'Karnik, Bains And Ratti']; Conflicting Categories: ['Hotel', 'Retail']; Conflicting Cities: ['Lucknow', 'Bengaluru']"
MCH2636,Rau Plc,5311,Department Store,Partnership,Delhi,Delhi,2024-04-06 14:07:44,,ACTIVE,5739.27,SINGLETON,1.0,1,No duplicates
MCH2637,Joshi Group,5999,Miscellaneous Retail,Partnership,Chennai,Tamil Nadu,2025-02-20 00:00:00,,ACTIVE,760.41,SINGLETON,1.0,1,No duplicates
MCH2639,Sunder-Keer,5411,Grocery,Partnership,Jaipur,Rajasthan,2025-04-19 00:00:00,,ACTIVE,853.1,SINGLETON,1.0,1,No duplicates
MCH2641,Varma-Saha,5999,Miscellaneous Retail,Individual,Blr,Karnataka,2024-10-09 00:00:00,,INACTIVE,5621.28,SINGLETON,1.0,1,No duplicates
MCH2646,Parsa-Gole,5999,Miscellaneous Retail,Private_Limited,Hyderabad,Telangana,2025-12-18 03:23:00,JJBK8920317843679,ACTIVE,450.19,SINGLETON,1.0,1,No duplicates
MCH2647,Saha Inc,5999,Miscellaneous Retail,Private_Limited,Lko,Uttar Pradesh,2023-04-06 00:00:00,,ACTIVE,1551.4,SINGLETON,1.0,1,No duplicates
MCH2648,Batta Llc,5999,Miscellaneous Retail,Partnership,Jaipur,Rajasthan,2024-10-10 00:00:00,,ACTIVE,416.94,FORMATTING_DUPLICATE,0.85,2,2 records with formatting variations consolidated
MCH2649,Pandya Plc,,Grocery,Individual,Pune,Maharashtra,2025-05-31 00:00:00,XXXX1050,ACTIVE,6206.32,SINGLETON,1.0,1,No duplicates
MCH2650,Choudhary Ltd,5942,Books & Stationery,Individual,New Delhi,Delhi,2024-09-22 00:00:00,,INACTIVE,1197.2,SINGLETON,1.0,1,No duplicates
MCH2654,Saxena-Sarkar,4814,Telecom,Sole Proprietor,Pune,Maharashtra,2026-01-10 00:00:00,,ACTIVE,3080.46,CONFLICTING_MERCHANT_RECORD,0.55,2,"Conflicting Names: ['Saxena-Sarkar', 'Lanka Inc']; Conflicting Categories: ['Telecom', 'Hotel_Lodging']; Conflicting Cities: ['Pune', 'Jalandhar']"
MCH2655,"Brahmbhatt, Desai And Sangha",4814,Telecom,Sole Proprietor,Amritsar,Punjab,2026-01-04 00:00:00,4532869649,ACTIVE,3102.0,FORMATTING_DUPLICATE,0.85,2,2 records with formatting variations consolidated
MCH2656,"Patla, Deo And Babu",5912,Pharmacy,Partnership,Jaipur,Rajasthan,2026-02-02 00:00:00,2362196367,ACTIVE,1217.69,CONFLICTING_MERCHANT_RECORD,0.55,2,"Conflicting Names: ['Patla, Deo And Babu', 'Kala, Shetty And Sheth']; Conflicting Categories: ['Chemist', 'Kirana']; Conflicting Cities: ['Jaipur', 'Dilli']"
MCH2658,"Parmar, Purohit And Bhasin",5812,Restaurant,Sole Proprietor,Bengaluru,Karnataka,,8958415885,ACTIVE,548.82,SINGLETON,1.0,1,No duplicates
MCH2665,"Goswami, Savant And Kar",5311,Department Store,Sole_Proprietor,Hyd,Telangana,2024-03-23 00:00:00,XXXX6615,ACTIVE,1516.75,CONFLICTING_MERCHANT_RECORD,0.55,2,"Conflicting Names: ['Arora, Bir And Mahal', 'Goswami, Savant And Kar']; Conflicting Categories: ['Retail', 'Department Store']; Conflicting Cities: ['Lko', 'Hyd']"
MCH2671,Mohanty-Chakrabarti,5999,Miscellaneous Retail,Partnership,Jalandhar,Punjab,2023-05-08 18:02:00,,ACTIVE,1187.55,SINGLETON,1.0,1,No duplicates
MCH2674,Mistry And Sons,5942,Books & Stationery,Sole Proprietor,Hyderabad,Telangana,,XXXX8847,ACTIVE,569.39,CONFLICTING_MERCHANT_RECORD,0.55,3,"Conflicting Names: ['Nair Llc', 'Mistry And Sons', 'Rajagopalan Inc']; Conflicting Categories: ['Bus/Taxi', 'Books_Stationery', 'Pharmacies']; Conflicting Cities: ['New Delhi', 'Hyderabad', 'Amritsar']"
MCH2675,Venkataraman-Rastogi,5942,Books & Stationery,Private_Limited,Asr,Punjab,2025-06-23 00:00:00,YXGI4135701284971,ACTIVE,877.85,SINGLETON,1.0,1,No duplicates
MCH2676,Subramanian Inc,5912,Pharmacy,Partnership,Calcutta,West Bengal,2025-04-01 00:00:00,2515678335,ACTIVE,1679.3,CONFLICTING_MERCHANT_RECORD,0.55,4,"Conflicting Names: ['Desai Ltd', 'Subramanian Inc', 'Kohli, Biswas And Aggarwal']; Conflicting Categories: ['Telecom', 'Medical_Store', 'Chemist']; Conflicting Cities: ['Ludhiana', 'Calcutta', 'Pune']"
MCH2679,"Barman, Bains And Shan",5912,Pharmacy,Private_Limited,Mumbai,Maharashtra,2024-12-25 00:00:00,2613968880,ACTIVE,1334.82,SINGLETON,1.0,1,No duplicates
MCH2681,Upadhyay-Bava,7011,Hotel & Lodging,Individual,Pune,Maharashtra,2024-02-16 00:00:00,YHMW6591611383032,ACTIVE,230.72,CONFLICTING_MERCHANT_RECORD,0.55,2,"Conflicting Names: ['Upadhyay-Bava', 'Mahajan And Sons']; Conflicting Categories: ['Hospitality', 'Fashion']; Conflicting Cities: ['Pune', 'Bengaluru']"
MCH2684,Barad-Jaggi,5942,Books & Stationery,Sole_Proprietor,New Delhi,Delhi,2024-04-13 01:13:00,VFSV6228720846838,ACTIVE,518.0,SINGLETON,1.0,1,No duplicates
MCH2690,Nagarajan Inc,5912,Pharmacy,Sole Proprietor,Lko,Uttar Pradesh,2023-06-22 00:00:00,LDEV4758391652112,SUSPENDED,3091.83,SINGLETON,1.0,1,No duplicates
MCH2691,Pathak And Sons,,Hotel & Lodging,Private_Limited,Lucknow,Uttar Pradesh,2024-09-06 00:00:00,,ACTIVE,5340.32,SINGLETON,1.0,1,No duplicates
MCH2693,Tandon-Kaur,5311,Department Store,Individual,Chennai,Tamil Nadu,2025-04-06 00:00:00,3068123352,ACTIVE,1966.59,SINGLETON,1.0,1,No duplicates
MCH2694,Misra Plc,5699,Apparel,Individual,Pune,Maharashtra,,,INACTIVE,2669.29,SINGLETON,1.0,1,No duplicates
MCH2695,Patil Inc,5411,Grocery,Partnership,Pune,Maharashtra,2024-06-26 00:00:00,9565066028,ACTIVE,792.09,SINGLETON,1.0,1,No duplicates
MCH2696,"Dave, Chaudhari And Bhatti",5411,Grocery,Individual,Delhi,Delhi,2024-11-25 00:00:00,XXXX0248,ACTIVE,9658.06,FORMATTING_DUPLICATE,0.85,2,2 records with formatting variations consolidated
MCH2697,Shan-Warrior,4131,Transportation,Private Limited,Bangalore,Karnataka,2024-02-08 04:05:00,,INACTIVE,1199.93,SINGLETON,1.0,1,No duplicates
MCH2698,Kalallc,7011,Hotel & Lodging,Individual,Lucknow,Uttar Pradesh,2023-08-19 00:00:00,YXNF3515433387898,ACTIVE,3590.19,CONFLICTING_MERCHANT_RECORD,0.55,3,"Conflicting Names: ['Kalallc', 'Purohit-Issac']; Conflicting Categories: ['Hotel_Lodging', 'Other']; Conflicting Cities: ['Lucknow', 'Ludhiana']"
MCH2701,"Prabhakar, Saraf And Mand",7011,Hotel & Lodging,Private-Limited,Hyderabad,Telangana,2023-01-25 00:00:00,1250735780,ACTIVE,2599.41,CONFLICTING_MERCHANT_RECORD,0.55,2,"Conflicting Names: ['Prabhakar, Saraf And Mand', 'Bail Ltd']; Conflicting Categories: ['Hospitality', 'Other']; Conflicting Cities: ['Hyderabad', 'Jpr']"
MCH2704,Sengupta-Sarin,5699,Apparel,Private_Limited,Poona,Maharashtra,2023-03-08 07:11:36,TSWF3138170868556,ACTIVE,2593.67,SINGLETON,1.0,1,No duplicates
MCH2708,"Mand, Zacharia And Vora",4131,Transportation,Sole Proprietor,Madras,Tamil Nadu,2026-01-20 00:00:00,XXXX2440,ACTIVE,363.56,SINGLETON,1.0,1,No duplicates
MCH2709,"Iyengar, Dugar And Chacko",7011,Hotel & Lodging,Private_Limited,Jaipur,Rajasthan,2023-09-16 04:28:40,XXXX4012,ACTIVE,2413.11,SINGLETON,1.0,1,No duplicates
MCH2710,"Ramanathan, Bandi And Edwin",5411,Grocery,Sole_Proprietor,New Delhi,Delhi,2024-11-07 00:00:00,9267399474,ACTIVE,5021.08,CONFLICTING_MERCHANT_RECORD,0.55,4,"Conflicting Names: ['Ramanathan, Bandi And Edwin', 'Kohli Group', 'Batta, Shetty And Ka1Ita', 'Sami, Sibal And Sabharwal']; Conflicting Categories: ['Grocery Stores', 'Apparel', 'Telecom']; Conflicting Cities: ['New Delhi', 'Hyderabad', 'Ludhiana']"
MCH2712,"Rai, Ghose And Wadhwa",5411,Grocery,Private-Limited,Amritsar,Punjab,2023-09-30 00:00:00,XXXX9691,ACTIVE,2957.32,SINGLETON,1.0,1,No duplicates
MCH2713,Dayal Group,5699,Apparel,Individual,Poona,Maharashtra,2024-08-10 00:00:00,1734751668,SUSPENDED,1199.07,SINGLETON,1.0,1,No duplicates
MCH2718,"Krishna, Prabhu And Kara",7011,Hotel & Lodging,Individual,Bengaluru,Karnataka,2024-12-20 00:00:00,VEWG4998867762324,ACTIVE,529.14,SINGLETON,1.0,1,No duplicates
MCH2719,"Ranganathan, Mall And Aggarwal",5812,Restaurant,Partnership,Lucknow,Uttar Pradesh,2024-05-24 21:02:58,,ACTIVE,2283.24,CONFLICTING_MERCHANT_RECORD,0.55,2,"Conflicting Names: ['Ranganathan, Mall And Aggarwal', 'Sood, Chacko And Chaudry']; Conflicting Categories: ['Food_Services', 'Transport']; Conflicting Cities: ['Lucknow', 'Mumbai']"
MCH2723,Purohit-Dani,,Restaurant,Individual,Asr,Punjab,2024-04-16 04:10:00,XXXX6527,ACTIVE,1384.67,CONFLICTING_MERCHANT_RECORD,0.55,2,"Conflicting Names: ['Purohit-Dani', 'Mandal Plc']; Conflicting Categories: ['Food', 'Eating Place']; Conflicting Cities: ['Asr', 'Ludhiana']"
MCH2724,Aggarwal Group,5812,Restaurant,Individual,Blr,Karnataka,,2736138598,ACTIVE,7977.75,CONFLICTING_MERCHANT_RECORD,0.55,2,"Conflicting Names: ['Aggarwal Group', 'Saha Group']; Conflicting Categories: ['Food', 'Department Store']; Conflicting Cities: ['Blr', 'Jaipur']"
MCH2725,"Sridhar, Jayaraman And Rajagopalan",,Hotel & Lodging,Private_Limited,Lko,Uttar Pradesh,,5996031822,SUSPENDED,1550.81,CONFLICTING_MERCHANT_RECORD,0.55,2,"Conflicting Names: ['Varma-Loke', 'Sridhar, Jayaraman And Rajagopalan']; Conflicting Categories: ['Food_Services', 'Hotel_Lodging']; Conflicting Cities: ['Kolkata', 'Lko']"
MCH2726,"Shukla, Trivedi And Balan",5411,Grocery,Private-Limited,Amritsar,Punjab,2023-04-04 00:00:00,DPXX2201328447445,ACTIVE,7491.26,CONFLICTING_MERCHANT_RECORD,0.55,4,"Conflicting Names: ['Shukla, Trivedi And Balan', 'Chawla, Tata And Chander', 'Rastogi, Behl And Purohit', 'Sant-Sani']; Conflicting Categories: ['Grocery Stores', 'Clothing', 'Stationery', 'Grocery']; Conflicting Cities: ['Amritsar', 'Chennai', 'Mumbai', 'Lucknow']"
MCH2727,Ahluwalia And Sons,5942,Books & Stationery,Partnership,Blr,Karnataka,2023-07-24 00:00:00,FLWS4381228751020,ACTIVE,133.58,CONFLICTING_MERCHANT_RECORD,0.55,2,"Conflicting Names: ['Viswanathan, Kamdar And Raman', 'Ahluwalia And Sons']; Conflicting Categories: ['Telecom', 'Books_Stationery']; Conflicting Cities: ['Jaipur', 'Blr']"
MCH2730,Nayar And Sons,7011,Hotel & Lodging,Sole_Proprietor,Jaipur,Rajasthan,2023-06-30 00:00:00,,ACTIVE,1113.62,CONFLICTING_MERCHANT_RECORD,0.55,2,"Conflicting Names: ['Hans Llc', 'Nayar And Sons']; Conflicting Categories: ['Miscellaneous', 'Hotels']; Conflicting Cities: ['Jpr', 'Jaipur']"
MCH2731,Krishna-Kumar,5311,Department Store,Private_Limited,Ludhiana,Punjab,2025-12-18 00:00:00,XXXX8549,ACTIVE,1031.53,SINGLETON,1.0,1,No duplicates
MCH2733,Chauhan Ltd,5411,Grocery,Sole Proprietor,New Delhi,Delhi,2024-12-27 00:00:00,,ACTIVE,872.28,SINGLETON,1.0,1,No duplicates
MCH2737,"Sani, Chowdhury And Ganesan",5999,Miscellaneous Retail,Partnership,Bengaluru,Karnataka,2023-05-01 00:00:00,1105547451,ACTIVE,610.07,SINGLETON,1.0,1,No duplicates
MCH2738,Yadav Group,5999,Miscellaneous Retail,Individual,Pune,Maharashtra,2024-11-03 22:47:58,8802607832,ACTIVE,1282.34,CONFLICTING_MERCHANT_RECORD,0.55,2,"Conflicting Names: ['Yadav Group', 'Grover Plc']; Conflicting Categories: ['Other', 'Travel']"
MCH2741,"Palan, Bhalla And Srinivasan",5812,Restaurant,Individual,Jpr,Rajasthan,2025-12-19 01:05:00,XXXX0289,ACTIVE,1319.0,CONFLICTING_MERCHANT_RECORD,0.55,2,"Conflicting Names: ['Palan, Bhalla And Srinivasan', 'Wason, Jain And D’Alia']; Conflicting Categories: ['Food_Services', 'Books_Stationery']; Conflicting Cities: ['Jpr', 'Ludhiana']"
MCH2742,"Vasa, Devan And Tandon",5699,Apparel,Individual,Mumbay,Maharashtra,2023-11-13 00:00:00,XXXX3213,ACTIVE,541.72,CONFLICTING_MERCHANT_RECORD,0.55,2,"Conflicting Names: ['Vasa, Devan And Tandon', 'Manne, Patil And Mukhopadhyay']; Conflicting Categories: ['Fashion', 'Stationery']; Conflicting Cities: ['Mumbay', 'Poona']"
MCH2743,Joshi Plc,,Pharmacy,Private_Limited,Kolkata,West Bengal,2024-12-02 17:56:14,,ACTIVE,,SINGLETON,1.0,1,No duplicates
MCH2744,"Divan, Narang And Jhaveri",5912,Pharmacy,Partnership,Lucknow,Uttar Pradesh,2025-11-04 23:49:11,2199444279,SUSPENDED,734.64,SINGLETON,1.0,1,No duplicates
MCH2746,"Tella, Mane And Pillai",7011,Hotel & Lodging,Private_Limited,Ludhiana,Punjab,2023-03-12 00:00:00,0851637180,INACTIVE,395.56,SINGLETON,1.0,1,No duplicates
MCH2748,"Banerjee, Wason And Dyal",5812,Restaurant,Private_Limited,Pune,Maharashtra,2023-11-16 23:24:41,XXXX5034,ACTIVE,1037.44,SINGLETON,1.0,1,No duplicates
MCH2749,Borde Plc,7011,Hotel & Lodging,Partnership,Jalandar,Punjab,2025-11-15 14:42:20,AKGD7711918524900,ACTIVE,299.85,CONFLICTING_MERCHANT_RECORD,0.55,3,"Conflicting Names: ['Issac And Sons', 'Kashyap-Pillai', 'Borde Plc']; Conflicting Categories: ['Medical_Store', 'Transport', 'Hotel_Lodging']; Conflicting Cities: ['Mumbai', 'Bangalore', 'Jalandar']"
MCH2750,Rao-Narayanan,5942,Books & Stationery,Individual,Ldh,Punjab,2024-05-13 00:00:00,,ACTIVE,3052.68,SINGLETON,1.0,1,No duplicates
MCH2752,Palla Llc,4131,Transportation,Sole_Proprietor,Lucknow,Uttar Pradesh,2023-01-13 21:44:09,XXXX1787,ACTIVE,69.28,SINGLETON,1.0,1,No duplicates
MCH2753,"Karan, Ganguly And Desai",5999,Miscellaneous Retail,Private Limited,Amritsar,Punjab,2023-03-31 00:00:00,,ACTIVE,1254.6,SINGLETON,1.0,1,No duplicates
MCH2754,Chahal Group,5812,Restaurant,Sole_Proprietor,Amritsar,Punjab,2023-09-27 00:00:00,,ACTIVE,1452.51,CONFLICTING_MERCHANT_RECORD,0.55,3,"Conflicting Names: ['Chahal Group', 'Rastogi, Kamdar And Kumer', 'Lata,Wadhwaandparsa']; Conflicting Categories: ['Food', 'Medical', 'Restaurant']; Conflicting Cities: ['Amritsar', 'Madras', 'Bengaluru']"
MCH2755,"Majumdar, Ravi And Dave",5999,Miscellaneous Retail,Partnership,Mumbai,Maharashtra,2026-02-13 00:00:00,,ACTIVE,889.32,CONFLICTING_MERCHANT_RECORD,0.55,3,"Conflicting Names: ['Majumdar, Ravi And Dave', 'Wason And Sons', 'Chaudhuri And S0Ns']; Conflicting Categories: ['Miscellaneous', 'Fashion', 'Books']; Conflicting Cities: ['Mumbai', 'Blr', 'Mumbay']"
MCH2757,Chhabra-Dugar,5699,Apparel,Sole_Proprietor,Kolkata,West Bengal,2025-11-16 00:00:00,XXXX2280,ACTIVE,1214.2,CONFLICTING_MERCHANT_RECORD,0.55,2,"Conflicting Names: ['Chhabra-Dugar', 'Cherian-Parmer']; Conflicting Categories: ['Clothing', 'Book Store']; Conflicting Cities: ['Kolkata', 'Chennai']"
MCH2761,Sabharwa1-Pati1,5999,Miscellaneous Retail,Private-Limited,Hyderabad,Telangana,2025-04-04 00:00:00,,INACTIVE,2607.92,SINGLETON,1.0,1,No duplicates
MCH2763,Thaman-Virk,5912,Pharmacy,Private Limited,Bangalore,Karnataka,2025-07-23 00:00:00,XXXX7625,ACTIVE,563.88,SINGLETON,1.0,1,No duplicates
MCH2764,"Yogi, Jani And Choudhry",4814,Telecom,Individual,Ludhiana,Punjab,2024-04-19 00:00:00,3163531350,ACTIVE,516.18,SINGLETON,1.0,1,No duplicates
MCH2765,Mukhopadhyay Inc,5311,Department Store,Sole-Proprietor,Lko,Uttar Pradesh,2024-11-19 00:00:00,XXXX9677,ACTIVE,3568.4,CONFLICTING_MERCHANT_RECORD,0.55,3,"Conflicting Names: ['Buch Llc', 'Sant, Natt And Sawhney', 'Mukhopadhyay Inc']; Conflicting Categories: ['Telecom', 'Hotel', 'Dept_Store']; Conflicting Cities: ['Jaipur', 'Kolkata', 'Lko']"
MCH2766,Kanda-Brahmbhatt,5311,Department Store,Sole_Proprietor,Madras,Tamil Nadu,2025-06-18 00:00:00,5339281473,ACTIVE,1540.08,CONFLICTING_MERCHANT_RECORD,0.55,3,"Conflicting Names: ['Chakraborty, Nazareth And Dasgupta', 'Kanda-Brahmbhatt', 'Lalla Group']; Conflicting Categories: ['Groceries', 'Dept_Store', 'Transportation']; Conflicting Cities: ['Madras', 'Jaipur']"
MCH2767,"Munshi, Kohli And Pai",,Apparel,Private_Limited,Lko,Uttar Pradesh,2026-02-28 11:47:10,6694122395,ACTIVE,1994.09,CONFLICTING_MERCHANT_RECORD,0.55,3,"Conflicting Names: ['Patel, Jhaveri And Dugar', 'Banik-Biswas', 'Munshi, Kohli And Pai']; Conflicting Categories: ['Telecom', 'Grocery Stores', 'Garments']; Conflicting Cities: ['Jalandhar', 'Mumbai', 'Lko']"
MCH2769,Sehgal Plc,4814,Telecom,Private-Limited,Asr,Punjab,2023-09-19 00:00:00,3613137952,ACTIVE,131.0,SINGLETON,1.0,1,No duplicates
MCH2770,"Deep, Ganguly And Solanki",5699,Apparel,Individual,Chennai,Tamil Nadu,2025-07-31 00:00:00,,ACTIVE,660.0,CONFLICTING_MERCHANT_RECORD,0.55,2,"Conflicting Names: ['Nagi Plc', 'Deep, Ganguly And Solanki']; Conflicting Categories: ['Retail Other', 'Clothing']; Conflicting Cities: ['Jaipur', 'Chennai']"
MCH2772,Rajagopalan-Lal,5699,Apparel,Partnership,Jalandar,Punjab,2025-05-03 00:00:00,YDTF9778396986125,SUSPENDED,594.07,CONFLICTING_MERCHANT_RECORD,0.55,2,"Conflicting Names: ['Goyal Inc', 'Rajagopalan-Lal']; Conflicting Categories: ['Books', 'Cloths']; Conflicting Cities: ['Delhi', 'Jalandar']"
MCH2776,"Mittal, Shah And Kade",5411,Grocery,Private Limited,Mumbai,Maharashtra,2023-01-27 00:00:00,EGXV9123448025042,ACTIVE,10044.9,CONFLICTING_MERCHANT_RECORD,0.55,2,"Conflicting Names: ['Mittal, Shah And Kade', 'Datta Ltd']; Conflicting Categories: ['Groceries', 'Telecom']; Conflicting Cities: ['Mumbai', 'Jpr']"
MCH2778,Madan Plc,5912,Pharmacy,Sole_Proprietor,Amritsar,Punjab,2024-03-25 00:00:00,XXXX3934,ACTIVE,4029.72,CONFLICTING_MERCHANT_RECORD,0.55,2,"Conflicting Names: ['Madan Plc', 'Buch-Lala']; Conflicting Categories: ['Medical', 'Pharmacies']; Conflicting Cities: ['Amritsar', 'Hyderabad']"
MCH2786,Gola Inc,5699,Apparel,Partnership,Chennai,Tamil Nadu,2024-12-19 14:34:15,XXXX8423,ACTIVE,576.47,CONFLICTING_MERCHANT_RECORD,0.55,3,"Conflicting Names: ['Gola Inc', 'Cheema And Sons', 'Majumdar, Ramachandran And Bava']; Conflicting Categories: ['Clothing', 'Grocery_Store']; Conflicting Cities: ['Chennai', 'Blr', 'Ludhiana']"
MCH2788,"Dash, Mallick And Sachdev",5812,Restaurant,Individual,Blr,Karnataka,2025-04-06 04:08:29,WZXG3956270476463,ACTIVE,3989.94,SINGLETON,1.0,1,No duplicates
MCH2789,Peri-Panchal,5311,Department Store,Partnership,Jalandhar,Punjab,,,ACTIVE,1044.19,SINGLETON,1.0,1,No duplicates
MCH2791,"Rastogi, Mannan And Sabharwal",,Pharmacy,Sole Proprietor,Delhi,Delhi,2025-08-21 00:00:00,,ACTIVE,,SINGLETON,1.0,1,No duplicates
MCH2792,"Varkey, Uppal And Mitter",,Transportation,Partnership,Delhi,Delhi,2024-11-06 13:47:30,4127542367,ACTIVE,130.0,CONFLICTING_MERCHANT_RECORD,0.55,2,"Conflicting Names: ['Krishnamurthyplc', 'Varkey, Uppal And Mitter']; Conflicting Categories: ['Hotel', 'Transport']; Conflicting Cities: ['Jalandhar', 'Delhi']"
MCH2797,Sandhu-Singh,7011,Hotel & Lodging,Partnership,Bengaluru,Karnataka,2025-05-27 00:00:00,XXXX2336,ACTIVE,1083.54,SINGLETON,1.0,1,No duplicates
MCH2799,Kadakia-Nayak,5812,Restaurant,Sole Proprietor,Delhi,Delhi,2025-05-04 23:51:09,LDOE2045126421896,ACTIVE,249.35,SINGLETON,1.0,1,No duplicates
MCH2800,Raja-Naik,5311,Department Store,Private_Limited,Bangalore,Karnataka,2024-04-18 00:00:00,9493307388,INACTIVE,1096.85,SINGLETON,1.0,1,No duplicates
MCH2801,"Khurana, Oza And Divan",4814,Telecom,Private_Limited,New Delhi,Delhi,2025-10-14 00:00:00,,ACTIVE,406.76,SINGLETON,1.0,1,No duplicates
MCH2806,Jhaveri-Babu,7011,Hotel & Lodging,Sole-Proprietor,Lucknow,Uttar Pradesh,2023-09-15 11:54:30,XXXX2533,INACTIVE,1939.0,CONFLICTING_MERCHANT_RECORD,0.55,2,"Conflicting Names: ['Jhaveri-Babu', 'Raman, Aggarwal And Salvi']; Conflicting Categories: ['Hospitality', 'Retail Other']; Conflicting Cities: ['Lucknow', 'Hyderabad']"
MCH2813,"Sha, Bhatia And Vig",,Department Store,Individual,Chennai,Tamil Nadu,2024-10-24 13:37:28,5399147177,ACTIVE,3821.16,CONFLICTING_MERCHANT_RECORD,0.55,3,"Conflicting Names: ['Sha, Bhatia And Vig', 'Panchal, Pradhan And Bora']; Conflicting Categories: ['Dept_Store', 'Food']; Conflicting Cities: ['Chennai', 'Jalandhar']"
MCH2814,"Sani, Khare And Ramachandran",5912,Pharmacy,Partnership,Jalandhar,Punjab,2024-02-24 00:00:00,XXXX1070,ACTIVE,1581.52,SINGLETON,1.0,1,No duplicates
MCH2816,Behl Group,5812,Restaurant,Sole_Proprietor,Amritsar,Punjab,2023-02-17 00:00:00,UHYF4970596803050,INACTIVE,5297.33,CONFLICTING_MERCHANT_RECORD,0.55,2,"Conflicting Names: ['Yogi-Palan', 'Behl Group']; Conflicting Categories: ['Miscellaneous', 'Food']; Conflicting Cities: ['Mumbai', 'Amritsar']"
MCH2817,"Hayre, Ramesh And Parikh",4814,Telecom,Individual,Calcutta,West Bengal,2025-04-23 01:57:00,HCIS1374268781822,ACTIVE,1790.3,CONFLICTING_MERCHANT_RECORD,0.55,2,"Conflicting Names: ['Keer And Sons', 'Hayre, Ramesh And Parikh']; Conflicting Categories: ['Misc Retail', 'Phone Service']; Conflicting Cities: ['Ludhiana', 'Calcutta']"
MCH2818,Sibal Inc,5411,Grocery,Sole_Proprietor,Jalandhar,Punjab,2025-06-03 00:00:00,HHRP3016788161129,ACTIVE,600.04,SINGLETON,1.0,1,No duplicates
MCH2825,Ku1Karni Inc,4814,Telecom,Individual,Ludhiana,Punjab,2023-07-18 00:00:00,QGWN3520325181186,ACTIVE,1291.01,CONFLICTING_MERCHANT_RECORD,0.55,2,"Conflicting Names: ['Ku1Karni Inc', 'Koshy-Gola']; Conflicting Categories: ['Phone Service', 'Restaurant']; Conflicting Cities: ['Ludhiana', 'Bangalore']"
MCH2827,Bala-Bhatti,5999,Miscellaneous Retail,Individual,Bangalore,Karnataka,2024-05-10 20:16:00,5191749246,INACTIVE,381.0,SINGLETON,1.0,1,No duplicates
MCH2829,Narain Ltd,5999,Miscellaneous Retail,Sole Proprietor,Bangalore,Karnataka,2023-02-15 14:46:04,,ACTIVE,1912.36,SINGLETON,1.0,1,No duplicates
MCH2830,"Joshi,Chaudhariandtoor",5411,Grocery,Individual,Bangalore,Karnataka,2023-04-15 14:55:00,,ACTIVE,756.0,SINGLETON,1.0,1,No duplicates
MCH2831,Rastogi-Devi,,Miscellaneous Retail,Private Limited,Delhi,Delhi,2023-10-20 00:00:00,XXXX4746,ACTIVE,501.88,SINGLETON,1.0,1,No duplicates
MCH2832,Parmer Inc,5311,Department Store,Private Limited,Pune,Maharashtra,2025-10-26 00:00:00,,ACTIVE,831.48,SINGLETON,1.0,1,No duplicates
MCH2833,Kapoor-Shankar,7011,Hotel & Lodging,Sole_Proprietor,Jalandar,Punjab,,VEQH1532066637768,ACTIVE,474.69,SINGLETON,1.0,1,No duplicates
MCH2836,Rai And Sons,5912,Pharmacy,Private-Limited,Chennai,Tamil Nadu,2024-07-15 12:28:59,XXXX2773,INACTIVE,3262.99,SINGLETON,1.0,1,No duplicates
MCH2838,Bose-Bir,4814,Telecom,Sole_Proprietor,Chennai,Tamil Nadu,2024-07-25 00:00:00,,ACTIVE,3409.39,CONFLICTING_MERCHANT_RECORD,0.55,2,"Conflicting Names: ['Bose-Bir', 'Goel, Chand And Pai']; Conflicting Categories: ['Telecom', 'Retail Other']; Conflicting Cities: ['Chennai', 'Poona']"
MCH2839,"Brar, Varughese And Cherian",5411,Grocery,Partnership,Poona,Maharashtra,2025-04-21 03:59:43,,ACTIVE,614.31,SINGLETON,1.0,1,No duplicates
MCH2841,"Memon, Samra And Rajagopal",5942,Books & Stationery,Sole-Proprietor,Mumbai,Maharashtra,2024-06-13 00:00:00,,ACTIVE,,SINGLETON,1.0,1,No duplicates
MCH2842,Anne Ltd,5699,Apparel,Partnership,Delhi,Delhi,2023-03-04 00:00:00,,ACTIVE,1642.14,CONFLICTING_MERCHANT_RECORD,0.55,2,"Conflicting Names: ['Anne Ltd', 'Patel-Chacko']; Conflicting Categories: ['Cloths', 'Hotels']; Conflicting Cities: ['Delhi', 'Bangalore']"
MCH2844,Misra-Seth,4131,Transportation,Individual,Asr,Punjab,2023-05-24 00:00:00,XXXX4860,ACTIVE,162.5,SINGLETON,1.0,1,No duplicates
MCH2845,Narasimhan Llc,5999,Miscellaneous Retail,Partnership,Amritsar,Punjab,2024-10-01 00:00:00,2844893176,ACTIVE,5926.94,SINGLETON,1.0,1,No duplicates
MCH2846,"Sha, Ramanathan And Kota",5411,Grocery,Individual,Jaipur,Rajasthan,2025-09-30 00:00:00,2763596998,INACTIVE,2995.95,SINGLETON,1.0,1,No duplicates
MCH2849,Gokhale-Iyengar,4814,Telecom,Partnership,Jalandhar,Punjab,,8509639866,ACTIVE,1215.62,CONFLICTING_MERCHANT_RECORD,0.55,4,"Conflicting Names: ['Bhavsar, Kota And Zacharia', 'Ba1 Llc', 'Gokhale-Iyengar']; Conflicting Categories: ['Hotel_Lodging', 'Misc Retail', 'Telecom']; Conflicting Cities: ['Ludhiana', 'Mumbai', 'Jalandhar']"
MCH2850,Reddy-Kara,4131,Transportation,Private Limited,Jaipur,Rajasthan,2024-04-22 00:00:00,XXXX7186,ACTIVE,953.86,CONFLICTING_MERCHANT_RECORD,0.55,2,"Conflicting Names: ['Reddy-Kara', 'Gera-Seth']; Conflicting Categories: ['Bus/Taxi', 'Telecom']; Conflicting Cities: ['Jaipur', 'Madras']"
MCH2851,Minhas Group,5311,Department Store,Sole-Proprietor,Hyderabad,Telangana,2023-01-25 00:00:00,XXXX8636,ACTIVE,1535.83,CONFLICTING_MERCHANT_RECORD,0.55,3,"Conflicting Names: ['Minhas Group', 'Kalla-Jain', 'Ben Ltd']; Conflicting Categories: ['Department Stores', 'Hotel_Lodging', 'Transport']; Conflicting Cities: ['Hyderabad', 'Mumbay', 'Lucknow']"
MCH2857,Bhattacharyya Inc,4131,Transportation,Private_Limited,Jalandar,Punjab,2025-07-13 00:00:00,AFIK7241528245690,ACTIVE,4557.38,SINGLETON,1.0,1,No duplicates
MCH2859,"Doctor, Bir And Lanka",5411,Grocery,Private Limited,Hyderabad,Telangana,2025-04-03 00:00:00,,ACTIVE,2296.45,SINGLETON,1.0,1,No duplicates
MCH2860,Ahluwalia Ltd,7011,Hotel & Lodging,Private Limited,Bengaluru,Karnataka,2026-01-27 00:00:00,EAAS5526551207941,ACTIVE,250.0,SINGLETON,1.0,1,No duplicates
MCH2861,Hayer Inc,5311,Department Store,Private_Limited,Pune,Maharashtra,2024-11-09 19:09:35,XXXX6916,ACTIVE,676.0,SINGLETON,1.0,1,No duplicates
MCH2862,Bhasin Group,5699,Apparel,Partnership,Jpr,Rajasthan,2023-07-20 00:00:00,FHYX9050690414655,ACTIVE,544.8,SINGLETON,1.0,1,No duplicates
MCH2870,"Loyal, Buch And Ghose",5812,Restaurant,Sole Proprietor,Delhi,Delhi,2025-05-27 02:11:43,,ACTIVE,2213.61,SINGLETON,1.0,1,No duplicates
MCH2875,Chander-Parmer,5311,Department Store,Partnership,Ludhiana,Punjab,2024-11-12 00:00:00,XXXX0207,ACTIVE,351.55,SINGLETON,1.0,1,No duplicates
MCH2879,"Pillay, Vora And Karnik",5812,Restaurant,Individual,Ldh,Punjab,2024-05-20 19:55:26,9486638654,ACTIVE,,CONFLICTING_MERCHANT_RECORD,0.55,2,"Conflicting Names: ['Pillay, Vora And Karnik', 'Sidhu, Kumer And Venkatesh']; Conflicting Categories: ['Restaurant', 'Bus/Taxi']; Conflicting Cities: ['Ldh', 'Blr']"
MCH2881,J0Ha1 Plc,,Restaurant,Partnership,Asr,Punjab,2023-05-16 23:44:00,WTST5086684279337,ACTIVE,807.63,SINGLETON,1.0,1,No duplicates
MCH2884,Malhotra-Sarin,5942,Books & Stationery,Sole-Proprietor,Pune,Maharashtra,2025-02-27 00:00:00,,ACTIVE,683.54,SINGLETON,1.0,1,No duplicates
MCH2885,"Varkey, Goda And Bala",5812,Restaurant,Private Limited,Mumbai,Maharashtra,2023-01-23 00:00:00,0317882844,ACTIVE,4853.92,FORMATTING_DUPLICATE,0.85,2,2 records with formatting variations consolidated
MCH2886,"Kurian, Dash And Walla",7011,Hotel & Lodging,Private_Limited,Bengaluru,Karnataka,2023-05-25 01:14:00,XXXX6301,SUSPENDED,8233.35,CONFLICTING_MERCHANT_RECORD,0.55,3,"Conflicting Names: ['Kurian, Dash And Walla', 'Raja, Hayre And Deshmukh']; Conflicting Categories: ['Hotel', 'Medical']; Conflicting Cities: ['Bengaluru', 'Calcutta']"
MCH2887,Rau-Saha,5699,Apparel,Sole-Proprietor,Delhi,Delhi,2023-08-17 00:00:00,XXXX7555,ACTIVE,,SINGLETON,1.0,1,No duplicates
MCH2888,Chahal Llc,5912,Pharmacy,Private Limited,Mumbai,Maharashtra,2023-04-21 00:00:00,XXXX3951,ACTIVE,631.05,SINGLETON,1.0,1,No duplicates
MCH2894,Rege-Baria,5699,Apparel,Private-Limited,Delhi,Delhi,2024-12-22 00:00:00,XXXX3813,ACTIVE,2107.84,CONFLICTING_MERCHANT_RECORD,0.55,2,"Conflicting Names: ['Nori-Kurian', 'Rege-Baria']; Conflicting Categories: ['Restaurants', 'Garments']; Conflicting Cities: ['Lucknow', 'Delhi']"
MCH2896,"Date, Sahota And Hayre",4131,Transportation,Individual,Madras,Tamil Nadu,,KPBN8019714054804,ACTIVE,1484.62,CONFLICTING_MERCHANT_RECORD,0.55,2,"Conflicting Names: ['Date, Sahota And Hayre', 'Jayaraman-Nazareth']; Conflicting Categories: ['Transport', 'Medical_Store']; Conflicting Cities: ['Madras', 'Calcutta']"
MCH2897,Bath Ltd,5999,Miscellaneous Retail,Private_Limited,Hyderabad,Telangana,2025-07-23 05:48:07,,ACTIVE,2239.12,SINGLETON,1.0,1,No duplicates
MCH2899,Golla Ltd,4131,Transportation,Partnership,Jaipur,Rajasthan,,EGFZ1016369573887,ACTIVE,5018.99,CONFLICTING_MERCHANT_RECORD,0.55,2,"Conflicting Names: ['Sampath-Mannan', 'Golla Ltd']; Conflicting Categories: ['Eating Place', 'Transprt']; Conflicting Cities: ['Bangalore', 'Jaipur']"
MCH2902,Samra-Kapur,5411,Grocery,Individual,Chennai,Tamil Nadu,2024-04-24 00:00:00,XXXX9404,ACTIVE,,CONFLICTING_MERCHANT_RECORD,0.55,3,"Conflicting Names: ['Narang, Varghese And Sur', 'Samra-Kapur', 'Karpe Llc']; Conflicting Categories: ['Transprt', 'Grocery_Store', 'Medical']; Conflicting Cities: ['Amritsar', 'Chennai', 'Jaipur']"
MCH2903,Swamy-Parsa,5699,Apparel,Individual,Bombay,Maharashtra,2023-04-14 00:00:00,,INACTIVE,1218.16,SINGLETON,1.0,1,No duplicates
MCH2904,Iyengar-Comar,5999,Miscellaneous Retail,Private_Limited,Delhi,Delhi,2026-01-05 00:00:00,XXXX7160,ACTIVE,1147.91,SINGLETON,1.0,1,No duplicates
MCH2905,Goyal-Gopal,5912,Pharmacy,Individual,Dilli,Delhi,2024-02-13 00:00:00,,SUSPENDED,2312.5,SINGLETON,1.0,1,No duplicates
MCH2907,Varughese-Mani,5912,Pharmacy,Sole Proprietor,Chennai,Tamil Nadu,2023-04-25 00:00:00,,ACTIVE,1106.0,SINGLETON,1.0,1,No duplicates
MCH2910,"Mall, Sankaran And Mittal",4131,Transportation,Private Limited,Delhi,Delhi,2025-09-28 00:00:00,XXXX0107,ACTIVE,3631.28,CONFLICTING_MERCHANT_RECORD,0.55,4,"Conflicting Names: ['Mall, Sankaran And Mittal', 'Anand, Bhatia And Bora', 'Mitter, Sekhon And Kunda']; Conflicting Categories: ['Bus/Taxi', 'Books_Stationery', 'Pharmacies']; Conflicting Cities: ['Delhi', 'Pune', 'Lucknow']"
MCH2912,"Singhal, Iyengar And Balasubramanian",,Grocery,Sole_Proprietor,Lucknow,Uttar Pradesh,2023-03-08 00:00:00,MPVF3803985979560,INACTIVE,4518.86,CONFLICTING_MERCHANT_RECORD,0.55,2,"Conflicting Names: ['Singhal, Iyengar And Balasubramanian', 'Natt-Kohli']; Conflicting Categories: ['Kirana', 'Groceries']; Conflicting Cities: ['Lucknow', 'Jalandar']"
MCH2914,Bassi-Varghese,5812,Restaurant,Sole-Proprietor,Hyderabad,Telangana,2025-01-01 00:00:00,VBYI2823908948465,INACTIVE,90.0,CONFLICTING_MERCHANT_RECORD,0.55,2,"Conflicting Names: ['Bassi-Varghese', 'Sharaf-Tara']; Conflicting Categories: ['Food_Services', 'Retail']; Conflicting Cities: ['Hyderabad', 'Kolkata']"
MCH2915,"Chakrabarti, Hora And Sha",4814,Telecom,Partnership,Chennai,Tamil Nadu,2024-03-15 00:00:00,1253622214,ACTIVE,18355.56,CONFLICTING_MERCHANT_RECORD,0.55,2,"Conflicting Names: ['Vohra, Pathak And Bumb', 'Chakrabarti, Hora And Sha']; Conflicting Categories: ['Pharmacies', 'Telecom']; Conflicting Cities: ['Kolkata', 'Chennai']"
MCH2917,"Deol, Kibe And Khanna",5999,Miscellaneous Retail,Private_Limited,Dilli,Delhi,2024-07-23 00:00:00,XXXX8419,ACTIVE,356.58,CONFLICTING_MERCHANT_RECORD,0.55,3,"Conflicting Names: ['Gole-Rau', 'Deol, Kibe And Khanna', 'Edwin-Ahuja']; Conflicting Categories: ['Food', 'Misc Retail', 'Grocery Stores']; Conflicting Cities: ['Madras', 'Dilli', 'Jalandar']"
MCH2919,Menon-Vaidya,,Pharmacy,Sole_Proprietor,New Delhi,Delhi,2023-03-20 14:46:24,,ACTIVE,3825.85,SINGLETON,1.0,1,No duplicates
MCH2921,Bakshi-Narayanan,7011,Hotel & Lodging,Private Limited,Lucknow,Uttar Pradesh,2024-06-18 00:00:00,XXXX0910,ACTIVE,6327.48,SINGLETON,1.0,1,No duplicates
MCH2922,Chhabra-Jha,5999,Miscellaneous Retail,Sole_Proprietor,Bombay,Maharashtra,2024-10-10 00:00:00,FAIS4263479017973,ACTIVE,1096.49,SINGLETON,1.0,1,No duplicates
MCH2923,Bahri Plc,5912,Pharmacy,Sole_Proprietor,Bengaluru,Karnataka,2024-11-11 00:00:00,,ACTIVE,1195.19,CONFLICTING_MERCHANT_RECORD,0.55,2,"Conflicting Names: ['Bahri Plc', 'Virk Group']; Conflicting Categories: ['Pharmacies', 'Phone Service']; Conflicting Cities: ['Bengaluru', 'Jalandar']"
MCH2924,Chaudhary-Dugar,5942,Books & Stationery,Individual,Bombay,Maharashtra,2024-12-26 03:07:13,2683760099,ACTIVE,770.99,SINGLETON,1.0,1,No duplicates
MCH2926,Sule-Thaker,5942,Books & Stationery,Partnership,Bengaluru,Karnataka,2024-12-16 18:18:00,XXXX3557,ACTIVE,1590.53,SINGLETON,1.0,1,No duplicates
MCH2928,"Hans, Parmer And Buch",5812,Restaurant,Private-Limited,Ludhiana,Punjab,2025-12-04 00:00:00,,INACTIVE,1903.0,SINGLETON,1.0,1,No duplicates
MCH2934,Sama Plc,,Department Store,Individual,Jalandhar,Punjab,2023-10-13 00:00:00,6130921180,ACTIVE,1759.02,CONFLICTING_MERCHANT_RECORD,0.55,2,"Conflicting Names: ['Warri0R-Siba1', 'Sama Plc']; Conflicting Categories: ['Other', 'Department Store']; Conflicting Cities: ['Amritsar', 'Jalandhar']"
MCH2938,"Babu, Lata And Zacharia",5411,Grocery,Private_Limited,Poona,Maharashtra,2024-09-06 00:00:00,ZZOP9174222804228,ACTIVE,823.9,SINGLETON,1.0,1,No duplicates
MCH2941,Sengroup,5311,Department Store,Sole-Proprietor,Mumbai,Maharashtra,2024-09-22 00:00:00,XXXX4390,ACTIVE,1783.76,SINGLETON,1.0,1,No duplicates
MCH2943,Kh0S1A Llc,5812,Restaurant,Private Limited,Mumbay,Maharashtra,2024-03-29 00:00:00,XXXX8006,ACTIVE,2741.64,CONFLICTING_MERCHANT_RECORD,0.55,2,"Conflicting Names: ['Kh0S1A Llc', 'Kuruvilla And Sons']; Conflicting Categories: ['Restaurant', 'Food']; Conflicting Cities: ['Mumbay', 'Poona']"
MCH2945,Agarwa1-Cherian,,Telecom,Sole Proprietor,Jalandar,Punjab,2025-10-06 00:00:00,XXXX2889,INACTIVE,1759.15,SINGLETON,1.0,1,No duplicates
MCH2946,Divan Inc,4814,Telecom,Private_Limited,Jaipur,Rajasthan,2024-09-22 00:00:00,XXXX7575,ACTIVE,1246.97,CONFLICTING_MERCHANT_RECORD,0.55,2,"Conflicting Names: ['Divan Inc', 'Nagy-Jani']; Conflicting Categories: ['Telecom', 'Bus/Taxi']; Conflicting Cities: ['Jaipur', 'Mumbai']"
MCH2949,"Mahal, Natt And Ghosh",5999,Miscellaneous Retail,Partnership,Jaipur,Rajasthan,2024-07-19 00:00:00,6197525290,ACTIVE,2320.74,SINGLETON,1.0,1,No duplicates
MCH2950,"Rastogi, Bhavsar And Varghese",5942,Books & Stationery,Private_Limited,Blr,Karnataka,2024-11-26 00:00:00,6783380146,ACTIVE,2370.66,SINGLETON,1.0,1,No duplicates
MCH2951,"Thakur, Subramaniam And Agrawal",7011,Hotel & Lodging,Partnership,Mumbai,Maharashtra,2026-02-06 00:00:00,0506591392,ACTIVE,3115.69,SINGLETON,1.0,1,No duplicates
MCH2954,"Keer, Borra And Hayre",7011,Hotel & Lodging,Private_Limited,Ldh,Punjab,2025-12-23 00:00:00,,ACTIVE,1556.07,CONFLICTING_MERCHANT_RECORD,0.55,2,"Conflicting Names: ['Keer, Borra And Hayre', 'Gour Group']; Conflicting Categories: ['Hotels', 'Medical_Store']; Conflicting Cities: ['Ldh', 'Calcutta']"
MCH2956,Bava Ltd,,Telecom,Individual,Delhi,Delhi,2023-01-18 00:00:00,2075067293,ACTIVE,2838.96,CONFLICTING_MERCHANT_RECORD,0.55,2,"Conflicting Names: ['Wali, Khatri And Mistry', 'Bava Ltd']; Conflicting Categories: ['Mobile Recharge', 'Telecom']; Conflicting Cities: ['Lucknow', 'Delhi']"
MCH2959,Kanda Llc,5812,Restaurant,Private_Limited,Kolkata,West Bengal,2023-10-08 00:00:00,,ACTIVE,6588.76,SINGLETON,1.0,1,No duplicates
MCH2960,Malhotra-Buch,4131,Transportation,Private_Limited,Chennai,Tamil Nadu,2023-01-06 00:00:00,XXXX6660,ACTIVE,2348.07,SINGLETON,1.0,1,No duplicates
MCH2962,"Naik, Ranganathan And Sahota",4814,Telecom,Partnership,Pune,Maharashtra,2024-08-23 00:00:00,XXXX5665,ACTIVE,174.64,CONFLICTING_MERCHANT_RECORD,0.55,2,"Conflicting Names: ['Bala, Grover And Dutta', 'Naik, Ranganathan And Sahota']; Conflicting Categories: ['Kirana', 'Telecom']; Conflicting Cities: ['Ludhiana', 'Pune']"
MCH2964,Bala-Sarkar,4814,Telecom,Individual,Jalandar,Punjab,2025-06-20 00:00:00,4343067882,ACTIVE,1298.45,CONFLICTING_MERCHANT_RECORD,0.55,2,"Conflicting Names: ['Bala-Sarkar', 'Nanda, Comar And Sachdev']; Conflicting Categories: ['Phone Service', 'Restaurants']; Conflicting Cities: ['Jalandar', 'Delhi']"
MCH2965,Shroff-Prabhakar,5411,Grocery,Partnership,Amritsar,Punjab,,FISH8890557164281,ACTIVE,2028.0,SINGLETON,1.0,1,No duplicates
MCH2969,Randhawa-Karnik,7011,Hotel & Lodging,Sole-Proprietor,Bengaluru,Karnataka,2023-07-27 00:00:00,,ACTIVE,310.59,SINGLETON,1.0,1,No duplicates
MCH2970,Golla-Vora,5699,Apparel,Individual,Calcutta,West Bengal,2025-02-01 00:00:00,,ACTIVE,326.25,SINGLETON,1.0,1,No duplicates
MCH2971,"Garg, Merchant And Kuruvilla",5699,Apparel,Individual,Ludhiana,Punjab,2024-08-28 00:00:00,,ACTIVE,205.16,SINGLETON,1.0,1,No duplicates
MCH2973,"Bhargava, Dani And Krishnamurthy",4131,Transportation,Partnership,Ludhiana,Punjab,2023-08-30 00:00:00,,ACTIVE,3748.31,SINGLETON,1.0,1,No duplicates
MCH2975,"Bora, Mander And Dalal",5942,Books & Stationery,Sole_Proprietor,Chennai,Tamil Nadu,2023-09-05 00:00:00,,INACTIVE,3477.51,SINGLETON,1.0,1,No duplicates
MCH2978,Deshpande Llc,7011,Hotel & Lodging,Private_Limited,Lucknow,Uttar Pradesh,2023-02-01 23:57:31,XXXX0228,ACTIVE,194.6,SINGLETON,1.0,1,No duplicates
MCH2979,"Kurian, Guha And Gaba",5999,Miscellaneous Retail,Individual,Chennai,Tamil Nadu,2023-03-11 13:48:16,XXXX6692,ACTIVE,7883.21,SINGLETON,1.0,1,No duplicates
MCH2980,Mander And Sons,5411,Grocery,Sole Proprietor,Calcutta,West Bengal,2023-04-03 00:00:00,,ACTIVE,1129.72,SINGLETON,1.0,1,No duplicates
MCH2981,"Parekh, Anand And Nagi",4131,Transportation,Individual,Amritsar,Punjab,,4706473579,ACTIVE,2350.58,CONFLICTING_MERCHANT_RECORD,0.55,5,"Conflicting Names: ['Parekh, Anand And Nagi', 'Rastogi, Varma And Sarraf', 'Sami-Sura', 'Sachdeva, Iyer And Borra']; Conflicting Categories: ['Travel', 'Misc Retail', 'Stationery', 'Books']; Conflicting Cities: ['Amritsar', 'Lucknow', 'Kolkata', 'Calcutta']"
MCH2986,Kade-Anne,4131,Transportation,Partnership,Amritsar,Punjab,2025-11-29 00:00:00,,SUSPENDED,736.81,SINGLETON,1.0,1,No duplicates
MCH2988,"Mangal, Gokhale And Malhotra",5812,Restaurant,Sole-Proprietor,Mumbay,Maharashtra,2023-10-10 10:11:05,,ACTIVE,3595.96,SINGLETON,1.0,1,No duplicates
MCH2990,Rout And Sons,7011,Hotel & Lodging,Sole Proprietor,Ludhiana,Punjab,2025-08-30 00:00:00,XXXX7294,ACTIVE,1050.53,CONFLICTING_MERCHANT_RECORD,0.55,2,"Conflicting Names: ['Rout And Sons', 'Nazareth Ltd']; Conflicting Categories: ['Hotel', 'Telecom']; Conflicting Cities: ['Ludhiana', 'New Delhi']"
MCH2993,"Dube, Yadav And Konda",5942,Books & Stationery,Individual,Jaipur,Rajasthan,2025-07-14 00:00:00,WWQW1736251351915,ACTIVE,2422.76,SINGLETON,1.0,1,No duplicates
MCH2994,Ratta Group,4131,Transportation,Partnership,Ldh,Punjab,2023-11-14 00:00:00,GYYN8574685496959,ACTIVE,2132.38,CONFLICTING_MERCHANT_RECORD,0.55,2,"Conflicting Names: ['Kumar Plc', 'Ratta Group']; Conflicting Categories: ['Mobile Recharge', 'Transport']; Conflicting Cities: ['Jalandhar', 'Ldh']"
MCH2995,Patil Ltd,7011,Hotel & Lodging,Private-Limited,Amritsar,Punjab,2025-12-25 00:00:00,2612684538,ACTIVE,492.36,CONFLICTING_MERCHANT_RECORD,0.55,2,"Conflicting Names: ['Patil Ltd', 'Kurian-Kumar']; Conflicting Categories: ['Hotel', 'Cloths']"
MCH2996,Rege-Khanna,5411,Grocery,Individual,Lucknow,Uttar Pradesh,2023-10-15 00:00:00,,INACTIVE,745.45,SINGLETON,1.0,1,No duplicates
MCH2997,Mohanty Ltd,7011,Hotel & Lodging,Individual,Bengaluru,Karnataka,2024-10-16 00:00:00,AVZS8243524193975,ACTIVE,2948.35,CONFLICTING_MERCHANT_RECORD,0.55,3,"Conflicting Names: ['Mohanty Ltd', 'Nadkarni Inc', 'Karan Inc']; Conflicting Categories: ['Hotel_Lodging', 'Groceries', 'Hospitality']; Conflicting Cities: ['Bengaluru', 'Hyderabad', 'Lucknow']"
MCH3002,"Dey, Chopra And Vig",5699,Apparel,Individual,Ludhiana,Punjab,2024-10-27 00:00:00,7833308029,ACTIVE,761.12,SINGLETON,1.0,1,No duplicates
MCH3005,"Saxena, Narain And Mander",5699,Apparel,Private_Limited,Kolkata,West Bengal,2024-03-25 00:00:00,RIGO9314848159457,INACTIVE,1149.79,SINGLETON,1.0,1,No duplicates
MCH3006,Biswas-Ram,5999,Miscellaneous Retail,Individual,Lucknow,Uttar Pradesh,2023-08-14 00:00:00,XXXX8226,ACTIVE,638.0,SINGLETON,1.0,1,No duplicates
MCH3008,"Datta, Sarkar And Nori",5311,Department Store,Partnership,Ldh,Punjab,2024-11-11 00:00:00,,ACTIVE,522.31,SINGLETON,1.0,1,No duplicates
MCH3011,"Ahluwalia, Contractor And Comar",5311,Department Store,Sole-Proprietor,Dilli,Delhi,2023-11-30 00:00:00,XXXX1217,INACTIVE,2626.62,SINGLETON,1.0,1,No duplicates
MCH3012,Sathe Llc,,Grocery,Private-Limited,Chennai,Tamil Nadu,2024-10-23 02:09:00,,SUSPENDED,448.76,SINGLETON,1.0,1,No duplicates
MCH3014,Nagarajan-Bandi,5311,Department Store,Individual,Delhi,Delhi,2025-06-09 00:00:00,XXXX4761,ACTIVE,3013.17,SINGLETON,1.0,1,No duplicates
MCH3017,Ramanathan And Sons,5311,Department Store,Partnership,Delhi,Delhi,2024-07-06 00:00:00,,ACTIVE,3967.02,SINGLETON,1.0,1,No duplicates
MCH3021,"Gupta, Mukherjee And Setty",4131,Transportation,Sole_Proprietor,Mumbai,Maharashtra,2026-02-14 00:00:00,XXXX2366,ACTIVE,614.86,CONFLICTING_MERCHANT_RECORD,0.55,2,"Conflicting Names: ['Hegde, Kibe And Gade', 'Gupta, Mukherjee And Setty']; Conflicting Categories: ['Mobile Recharge', 'Bus/Taxi']; Conflicting Cities: ['Kolkata', 'Mumbai']"
MCH3023,Raj-Bajwa,4131,Transportation,Partnership,Lucknow,Uttar Pradesh,2024-11-10 00:00:00,YYPA0272541440376,ACTIVE,6135.0,CONFLICTING_MERCHANT_RECORD,0.55,3,"Conflicting Names: ['Arora Llc', 'Raj-Bajwa']; Conflicting Categories: ['Hospitality', 'Transport']; Conflicting Cities: ['Bengaluru', 'Lucknow']"
MCH3024,Kade-Bhatia,5812,Restaurant,Partnership,New Delhi,Delhi,2025-09-22 17:31:43,,ACTIVE,2093.0,SINGLETON,1.0,1,No duplicates
MCH3025,"Sachdeva, Bora And Hegde",4131,Transportation,Private Limited,Pune,Maharashtra,2024-08-15 00:00:00,3805315664,ACTIVE,611.84,SINGLETON,1.0,1,No duplicates
MCH3029,Hegde-Sood,5699,Apparel,Partnership,Ldh,Punjab,2023-11-30 03:01:00,TXOB9117990620646,ACTIVE,669.4,CONFLICTING_MERCHANT_RECORD,0.55,2,"Conflicting Names: ['Hegde-Sood', 'Sarma Plc']; Conflicting Categories: ['Clothing', 'Transprt']; Conflicting Cities: ['Ldh', 'Bombay']"
MCH3030,"Sengupta, Bhagat And Kota",5942,Books & Stationery,Private Limited,Chennai,Tamil Nadu,2025-09-07 00:00:00,,ACTIVE,194.19,SINGLETON,1.0,1,No duplicates
MCH3031,Morar And Sons,5411,Grocery,Individual,Pune,Maharashtra,2025-04-23 00:00:00,,ACTIVE,4053.43,SINGLETON,1.0,1,No duplicates
MCH3037,Wagle Ltd,5411,Grocery,Individual,Hyderabad,Telangana,2026-01-30 00:00:00,XXXX1382,ACTIVE,2391.24,CONFLICTING_MERCHANT_RECORD,0.55,3,"Conflicting Names: ['Gokhale Plc', 'Wagle Ltd']; Conflicting Categories: ['Grocery', 'Grocery Stores']; Conflicting Cities: ['Calcutta', 'Hyderabad']"
MCH3039,Murty Inc,5411,Grocery,Individual,Dilli,Delhi,2023-12-03 08:34:21,SVKA2268543185915,ACTIVE,1465.47,SINGLETON,1.0,1,No duplicates
MCH3040,"Dhar, Kunda And Desai",5411,Grocery,Partnership,Jaipur,Rajasthan,2025-03-05 00:00:00,,ACTIVE,267.0,SINGLETON,1.0,1,No duplicates
MCH3044,Gupta Plc,5942,Books & Stationery,Sole_Proprietor,Blr,Karnataka,2023-04-27 00:00:00,,INACTIVE,582.54,SINGLETON,1.0,1,No duplicates
MCH3046,Walla Plc,5942,Books & Stationery,Private Limited,Jalandhar,Punjab,2023-12-03 00:00:00,DJCZ8193007555479,SUSPENDED,6756.54,SINGLETON,1.0,1,No duplicates
MCH3048,Kala Group,7011,Hotel & Lodging,Private_Limited,Jaipur,Rajasthan,2023-11-11 00:00:00,,ACTIVE,613.58,SINGLETON,1.0,1,No duplicates
MCH3051,Hora-Mahajan,5699,Apparel,Private Limited,Jaipur,Rajasthan,2023-03-04 00:00:00,,ACTIVE,3699.21,SINGLETON,1.0,1,No duplicates
MCH3055,"Batta, Sha And Dugar",7011,Hotel & Lodging,Private_Limited,Madras,Tamil Nadu,2025-08-18 17:51:00,XXXX2455,ACTIVE,262.1,SINGLETON,1.0,1,No duplicates
MCH3057,Nagy-Banik,5311,Department Store,Partnership,Kolkata,West Bengal,2024-03-15 00:00:00,PCQH3034924487610,ACTIVE,764.15,SINGLETON,1.0,1,No duplicates
MCH3058,Patla-Padmanabhan,5942,Books & Stationery,Individual,Pune,Maharashtra,2024-10-18 00:00:00,OBXD4944464643223,ACTIVE,974.77,SINGLETON,1.0,1,No duplicates
MCH3060,Deep-Tata,5311,Department Store,Individual,Asr,Punjab,2023-04-17 00:00:00,,ACTIVE,2601.81,SINGLETON,1.0,1,No duplicates
MCH3061,Bansal Inc,5311,Department Store,Private_Limited,Madras,Tamil Nadu,2024-09-02 00:00:00,XXXX4596,ACTIVE,2114.75,CONFLICTING_MERCHANT_RECORD,0.55,3,"Conflicting Names: ['Viswanathan Ltd', 'Krishnamurthy-Tandon', 'Bansal Inc']; Conflicting Categories: ['Books_Stationery', 'Transportation', 'Department Stores']; Conflicting Cities: ['Lucknow', 'Pune', 'Madras']"
MCH3063,Bansal Inc,4131,Transportation,Individual,Jpr,Rajasthan,2025-07-02 00:00:00,,INACTIVE,282.67,SINGLETON,1.0,1,No duplicates
MCH3069,Magar Inc,5699,Apparel,Individual,Mumbay,Maharashtra,2024-10-18 00:00:00,,ACTIVE,5346.85,SINGLETON,1.0,1,No duplicates
MCH3070,"Patel, Sandal And Sinha",4814,Telecom,Individual,Hyderabad,Telangana,2025-09-18 00:00:00,XXXX6846,ACTIVE,1706.27,CONFLICTING_MERCHANT_RECORD,0.55,2,"Conflicting Names: ['Patel, Sandal And Sinha', 'Agate-Chopra']; Conflicting Categories: ['Telecom', 'Grocery_Store']; Conflicting Cities: ['Hyderabad', 'Bombay']"
MCH3071,Misra-Padmanabhan,5812,Restaurant,Sole_Proprietor,Ludhiana,Punjab,2024-07-24 08:52:44,IJYT4830685989652,ACTIVE,,SINGLETON,1.0,1,No duplicates
MCH3072,Vora-Soman,5699,Apparel,Individual,Asr,Punjab,2026-02-13 04:04:19,DNMO7101498768595,ACTIVE,1993.93,CONFLICTING_MERCHANT_RECORD,0.55,3,"Conflicting Names: ['Vora-Soman', 'Varkey-Shanker', 'Bhargava, Shan And Char']; Conflicting Categories: ['Clothing', 'Miscellaneous', 'Restaurants']; Conflicting Cities: ['Asr', 'Mumbai', 'Jalandhar']"
MCH3075,Bedi-Ramanathan,4131,Transportation,Individual,Jalandhar,Punjab,2023-09-29 00:00:00,XXXX7029,ACTIVE,1301.0,CONFLICTING_MERCHANT_RECORD,0.55,2,"Conflicting Names: ['Setty Ltd', 'Bedi-Ramanathan']; Conflicting Categories: ['Grocery Stores', 'Transprt']; Conflicting Cities: ['Mumbay', 'Jalandhar']"
MCH3077,Warrior Ltd,4131,Transportation,Partnership,Kolkata,West Bengal,2023-04-02 00:00:00,,ACTIVE,1448.69,SINGLETON,1.0,1,No duplicates
MCH3078,"Gandhi, Rout And Sankaran",7011,Hotel & Lodging,Sole-Proprietor,Bengaluru,Karnataka,2023-07-10 04:10:18,,ACTIVE,752.09,SINGLETON,1.0,1,No duplicates
MCH3079,"Bobal, Balay And Batra",7011,Hotel & Lodging,Private Limited,Bengaluru,Karnataka,,XXXX1002,ACTIVE,486.3,CONFLICTING_MERCHANT_RECORD,0.55,2,"Conflicting Names: ['Anne-Sen', 'Bobal, Balay And Batra']; Conflicting Categories: ['Book Store', 'Hotel']; Conflicting Cities: ['Poona', 'Bengaluru']"
MCH3080,Lad-Soman,5411,Grocery,Sole_Proprietor,Jalandhar,Punjab,2024-12-01 13:22:52,,ACTIVE,152.69,SINGLETON,1.0,1,No duplicates
MCH3081,"Anne, Choudhry And Nanda",5912,Pharmacy,Partnership,Hyderabad,Telangana,2024-12-23 00:00:00,4317690840,ACTIVE,590.0,SINGLETON,1.0,1,No duplicates
MCH3084,Mani-Chowdhury,5699,Apparel,Partnership,Hyd,Telangana,2023-09-27 01:37:00,,ACTIVE,1594.62,SINGLETON,1.0,1,No duplicates
MCH3085,Mander-Mital,7011,Hotel & Lodging,Private-Limited,Chennai,Tamil Nadu,2024-08-20 01:44:53,,ACTIVE,3842.0,CONFLICTING_MERCHANT_RECORD,0.55,4,"Conflicting Names: ['Sarkar, Memon And Mand', 'Mander-Mital', 'Reddy-Wagle']; Conflicting Categories: ['Bus/Taxi', 'Hotel', 'Hotels']; Conflicting Cities: ['Poona', 'Chennai', 'Blr']"
MCH3086,Pant Inc,5812,Restaurant,Private-Limited,Chennai,Tamil Nadu,2023-10-13 11:54:24,XXXX6152,ACTIVE,287.52,CONFLICTING_MERCHANT_RECORD,0.55,2,"Conflicting Names: ['Nori-Mishra', 'Pant Inc']; Conflicting Categories: ['Chemist', 'Food']; Conflicting Cities: ['Kolkata', 'Chennai']"
MCH3088,Suresh Llc,5411,Grocery,Partnership,Chennai,Tamil Nadu,2024-03-08 00:00:00,,ACTIVE,4739.6,SINGLETON,1.0,1,No duplicates
MCH3089,Tata Plc,5942,Books & Stationery,Sole_Proprietor,Jalandhar,Punjab,2025-08-30 00:00:00,XXXX2474,ACTIVE,2328.32,SINGLETON,1.0,1,No duplicates
MCH3092,"Dutta, Vasa And Jayaraman",5999,Miscellaneous Retail,Private Limited,Amritsar,Punjab,,4110907056,ACTIVE,1605.55,SINGLETON,1.0,1,No duplicates
MCH3093,"Dube, Venkatesh And Jha",5999,Miscellaneous Retail,Private-Limited,Kolkata,West Bengal,2024-10-22 10:22:00,PHHT2563139884519,ACTIVE,1107.0,CONFLICTING_MERCHANT_RECORD,0.55,3,"Conflicting Names: ['Dube, Venkatesh And Jha', 'B0Ba1, Madan And Narain', 'Keer Inc']; Conflicting Categories: ['Retail Other', 'Miscellaneous', 'Mobile Recharge']; Conflicting Cities: ['Kolkata', 'Jalandhar']"
MCH3094,Wag1E-Thakkar,5699,Apparel,Individual,Bengaluru,Karnataka,2024-12-30 00:00:00,UIBH7195313053410,ACTIVE,1038.48,CONFLICTING_MERCHANT_RECORD,0.55,2,"Conflicting Names: ['Wag1E-Thakkar', 'Bali Inc']; Conflicting Categories: ['Garments', 'Mobile Recharge']; Conflicting Cities: ['Bengaluru', 'Jalandhar']"
MCH3095,Hans-Shan,5999,Miscellaneous Retail,Partnership,Calcutta,West Bengal,2024-05-28 00:00:00,9222512011,ACTIVE,1208.82,SINGLETON,1.0,1,No duplicates
MCH3096,"Pradhan, Anne And Dhillon",5812,Restaurant,Individual,Kolkata,West Bengal,2025-02-25 00:00:00,XXXX9447,ACTIVE,,SINGLETON,1.0,1,No duplicates
MCH3099,Peri-Parmer,5699,Apparel,Partnership,Delhi,Delhi,2024-06-22 00:00:00,,ACTIVE,2046.1,SINGLETON,1.0,1,No duplicates
MCH3105,Bandi Plc,5311,Department Store,Sole_Proprietor,Mumbay,Maharashtra,2026-01-05 07:13:24,1280850023,ACTIVE,1578.41,SINGLETON,1.0,1,No duplicates
MCH3107,Kapoor Inc,,Pharmacy,Partnership,Pune,Maharashtra,2023-10-28 00:00:00,7807494643,ACTIVE,1009.16,SINGLETON,1.0,1,No duplicates
MCH3111,Cherian-G0Swami,,Telecom,Private_Limited,Bengaluru,Karnataka,,,ACTIVE,1311.29,SINGLETON,1.0,1,No duplicates
MCH3119,Chana-Deshmukh,5311,Department Store,Private_Limited,Hyderabad,Telangana,2024-12-02 00:00:00,,ACTIVE,4993.0,SINGLETON,1.0,1,No duplicates
MCH3122,Lala-Chaudhari,4814,Telecom,Sole-Proprietor,Ldh,Punjab,2024-09-12 00:00:00,XXXX8953,ACTIVE,380.73,CONFLICTING_MERCHANT_RECORD,0.55,3,"Conflicting Names: ['Lala-Chaudhari', 'Toor, Kunda And Munshi', 'Bobal, Ramachandran And Guha']; Conflicting Categories: ['Phone Service', 'Stationery', 'Chemist']; Conflicting Cities: ['Ldh', 'Mumbay', 'Kolkata']"
MCH3123,"Hegde, Bahl And Comar",,Transportation,Private Limited,New Delhi,Delhi,2023-06-01 00:00:00,0540867962,ACTIVE,2133.64,SINGLETON,1.0,1,No duplicates
MCH3125,Din-Dara,5699,Apparel,Partnership,Delhi,Delhi,2025-11-15 00:00:00,NBXZ1237892442741,ACTIVE,3672.47,SINGLETON,1.0,1,No duplicates
MCH3129,"Ghose,Hariandgarde",5411,Grocery,Sole_Proprietor,Ludhiana,Punjab,2025-06-27 03:24:00,GWXI4589298577824,ACTIVE,1908.27,SINGLETON,1.0,1,No duplicates
MCH3130,"Arora, Karnik And Sarraf",5942,Books & Stationery,Sole-Proprietor,Calcutta,West Bengal,2023-07-10 21:24:05,,INACTIVE,1573.29,SINGLETON,1.0,1,No duplicates
MCH3134,Rajan Plc,5311,Department Store,Individual,Jaipur,Rajasthan,2024-09-30 00:49:20,YYBA4456378455566,ACTIVE,993.0,SINGLETON,1.0,1,No duplicates
MCH3139,"Chaudhry, Barman And Choudhury",5942,Books & Stationery,Sole Proprietor,Bengaluru,Karnataka,2024-01-12 22:39:28,5767179524,ACTIVE,4138.0,CONFLICTING_MERCHANT_RECORD,0.55,3,"Conflicting Names: ['Arya-Rau', 'Dhar, Kumar And Sawhney', 'Chaudhry, Barman And Choudhury']; Conflicting Categories: ['Hospitality', 'Garments', 'Books_Stationery']; Conflicting Cities: ['Kolkata', 'Pune', 'Bengaluru']"
MCH3140,Sarraf-Viswanathan,4131,Transportation,Partnership,Ludhiana,Punjab,2023-07-30 00:00:00,4937611894,SUSPENDED,1614.0,CONFLICTING_MERCHANT_RECORD,0.55,2,"Conflicting Names: ['Zachariah,Rajagopalandsamra', 'Sarraf-Viswanathan']; Conflicting Categories: ['Telecom', 'Travel']; Conflicting Cities: ['Amritsar', 'Ludhiana']"
MCH3142,"Dugar, Merchant And Kala",5942,Books & Stationery,Private_Limited,Jpr,Rajasthan,2024-01-01 08:46:47,CUQS1241290775925,ACTIVE,619.08,SINGLETON,1.0,1,No duplicates
MCH3143,"Zacharia, Buch And Yadav",5311,Department Store,Partnership,Hyderabad,Telangana,2023-03-13 00:00:00,UMIZ4082572641807,ACTIVE,4822.0,SINGLETON,1.0,1,No duplicates
MCH3144,Raval-Korpal,7011,Hotel & Lodging,Partnership,New Delhi,Delhi,,,ACTIVE,1879.74,SINGLETON,1.0,1,No duplicates
MCH3145,Chaudry And Sons,5311,Department Store,Individual,Bengaluru,Karnataka,2026-01-29 00:00:00,,ACTIVE,,SINGLETON,1.0,1,No duplicates
MCH3146,Batta-Sharaf,4131,Transportation,Individual,Poona,Maharashtra,2024-10-02 00:00:00,MHGR0082109008102,ACTIVE,898.04,SINGLETON,1.0,1,No duplicates
MCH3147,Acharya-Uppal,4131,Transportation,Individual,Madras,Tamil Nadu,2024-02-10 02:28:00,1420771239,ACTIVE,343.0,FORMATTING_DUPLICATE,0.85,2,2 records with formatting variations consolidated
MCH3148,Raoltd,4814,Telecom,Individual,Delhi,Delhi,2023-01-16 00:00:00,,ACTIVE,1684.65,SINGLETON,1.0,1,No duplicates
MCH3154,Bhardwaj Ltd,4131,Transportation,Individual,Bombay,Maharashtra,2024-10-28 07:15:31,XXXX9089,INACTIVE,633.37,SINGLETON,1.0,1,No duplicates
MCH3155,Agarwal Ltd,5311,Department Store,Partnership,Madras,Tamil Nadu,2023-11-23 15:28:55,,ACTIVE,1414.89,SINGLETON,1.0,1,No duplicates
MCH3156,"Bal, Deo And Kala",5999,Miscellaneous Retail,Partnership,Lucknow,Uttar Pradesh,,8908434715,ACTIVE,2486.0,SINGLETON,1.0,1,No duplicates
MCH3161,Mittal-Bawa,5999,Miscellaneous Retail,Private_Limited,Jalandar,Punjab,2023-04-01 15:06:38,,ACTIVE,2703.14,SINGLETON,1.0,1,No duplicates
MCH3163,Hora-Peri,5999,Miscellaneous Retail,Partnership,Kolkata,West Bengal,2025-08-22 19:53:51,CRLP7276100496707,ACTIVE,,CONFLICTING_MERCHANT_RECORD,0.55,3,"Conflicting Names: ['Dada-Kalita', 'Hora-Peri', 'Majumdar-Minhas']; Conflicting Categories: ['Chemist', 'Retail Other', 'Other']; Conflicting Cities: ['Hyd', 'Kolkata', 'Madras']"
MCH3167,"Grewal, Biswas And Naidu",5411,Grocery,Sole_Proprietor,Jpr,Rajasthan,2024-02-19 00:00:00,,ACTIVE,2704.22,SINGLETON,1.0,1,No duplicates
MCH3172,Soni-Varty,4814,Telecom,Sole-Proprietor,Bangalore,Karnataka,2025-07-10 02:41:34,XXXX7710,ACTIVE,3097.6,CONFLICTING_MERCHANT_RECORD,0.55,2,"Conflicting Names: ['Kumarandsons', 'Soni-Varty']; Conflicting Categories: ['Department Store', 'Telecom']; Conflicting Cities: ['Amritsar', 'Bangalore']"
MCH3176,Gera Inc,4814,Telecom,Private_Limited,Lucknow,Uttar Pradesh,2024-03-10 00:00:00,RGRY9601657474373,ACTIVE,1047.58,SINGLETON,1.0,1,No duplicates
MCH3177,"Shere, Pal And Kothari",5942,Books & Stationery,Private_Limited,Jaipur,Rajasthan,2024-12-04 00:00:00,XXXX6075,INACTIVE,785.75,CONFLICTING_MERCHANT_RECORD,0.55,2,"Conflicting Names: ['Shere, Pal And Kothari', 'Ping1E, Ra0 And Varty']; Conflicting Categories: ['Stationery', 'Travel']; Conflicting Cities: ['Jaipur', 'Calcutta']"
MCH3178,Ganesangroup,5699,Apparel,Individual,New Delhi,Delhi,2025-12-01 00:00:00,,ACTIVE,136.0,SINGLETON,1.0,1,No duplicates
MCH3179,"Din,Mukhopadhyayandbawa",5999,Miscellaneous Retail,Sole_Proprietor,Chennai,Tamil Nadu,2023-10-31 00:00:00,UQUU0653302527343,SUSPENDED,1687.99,CONFLICTING_MERCHANT_RECORD,0.55,2,"Conflicting Names: ['Sarma, Singh And Char', 'Din,Mukhopadhyayandbawa']; Conflicting Categories: ['Dept_Store', 'Misc Retail']; Conflicting Cities: ['Hyderabad', 'Chennai']"
MCH3180,Sanghvi And S0Ns,5912,Pharmacy,Private_Limited,Dilli,Delhi,2023-06-03 00:00:00,XXXX6774,ACTIVE,2608.0,SINGLETON,1.0,1,No duplicates
MCH3181,"Kothari, Sengupta And Sandal",4131,Transportation,Private_Limited,Lucknow,Uttar Pradesh,2025-12-06 23:52:00,,ACTIVE,9001.75,SINGLETON,1.0,1,No duplicates
MCH3184,"Sane, Dhawan And Prabhakar",4814,Telecom,Individual,Mumbai,Maharashtra,2023-12-09 00:00:00,,ACTIVE,1192.54,SINGLETON,1.0,1,No duplicates
MCH3187,"Mand, Singhal And Raman",5912,Pharmacy,Sole Proprietor,Calcutta,West Bengal,2023-07-11 07:10:22,ZOEN9168175383897,ACTIVE,4276.66,SINGLETON,1.0,1,No duplicates
MCH3189,Kapoor-Hegde,5411,Grocery,Partnership,Hyderabad,Telangana,2023-02-01 03:59:34,XXXX4992,ACTIVE,3153.88,CONFLICTING_MERCHANT_RECORD,0.55,4,"Conflicting Names: ['De-Kakar', 'Kapoor-Hegde', 'Prasad Inc', 'Walla-Sawhney']; Conflicting Categories: ['Transprt', 'Grocery_Store', 'Telecom']; Conflicting Cities: ['Hyderabad', 'Lucknow', 'Blr']"
MCH3191,Dhawan-Warrior,4131,Transportation,Sole-Proprietor,Hyderabad,Telangana,2024-09-12 01:09:18,,ACTIVE,1885.9,SINGLETON,1.0,1,No duplicates
MCH3199,Deshmukh-Karnik,5311,Department Store,Partnership,Jaipur,Rajasthan,2023-08-10 00:00:00,GHWA0359999214011,ACTIVE,2251.19,SINGLETON,1.0,1,No duplicates
MCH3201,Bahl And Sons,5942,Books & Stationery,Sole_Proprietor,Asr,Punjab,2024-05-27 00:00:00,4264935431,ACTIVE,576.96,SINGLETON,1.0,1,No duplicates
MCH3203,Randhawa-Pant,5311,Department Store,Partnership,Jaipur,Rajasthan,2024-12-16 07:20:41,XXXX9443,ACTIVE,,SINGLETON,1.0,1,No duplicates
MCH3206,Ahuja-Din,5311,Department Store,Sole_Proprietor,Hyderabad,Telangana,2026-01-11 13:50:54,XXXX4117,ACTIVE,1244.0,CONFLICTING_MERCHANT_RECORD,0.55,2,"Conflicting Names: ['Ahuja-Din', 'Ray Inc']; Conflicting Categories: ['Retail', 'Hotels']; Conflicting Cities: ['Hyderabad', 'Kolkata']"
MCH3207,"Gala, Khatri And Khalsa",5912,Pharmacy,Partnership,Amritsar,Punjab,2024-04-23 00:00:00,7398854821,ACTIVE,929.51,SINGLETON,1.0,1,No duplicates
MCH3211,"Mani, Hora And Hayer",5912,Pharmacy,Private_Limited,Bengaluru,Karnataka,2026-01-31 00:00:00,SYDI3812560844687,ACTIVE,3678.27,SINGLETON,1.0,1,No duplicates
MCH3212,Merchant Llc,5999,Miscellaneous Retail,Private Limited,Bengaluru,Karnataka,2023-07-06 11:16:53,9377229545,ACTIVE,980.37,SINGLETON,1.0,1,No duplicates
MCH3214,Dubey Inc,4131,Transportation,Individual,Bangalore,Karnataka,2024-07-24 00:45:00,1238686450,ACTIVE,2052.0,EXACT_DUPLICATE,1.0,2,2 identical rows consolidated
MCH3216,K0Thari-Bhatia,5411,Grocery,Sole-Proprietor,Hyderabad,Telangana,2025-01-28 12:09:00,3754349166,ACTIVE,1987.15,SINGLETON,1.0,1,No duplicates
MCH3218,"Keer, Soni And Deshpande",5912,Pharmacy,Sole_Proprietor,Bombay,Maharashtra,2024-03-10 00:00:00,8214766650,ACTIVE,3727.56,SINGLETON,1.0,1,No duplicates
MCH3219,Aggarwal Group,5311,Department Store,Partnership,Lko,Uttar Pradesh,2025-08-29 00:00:00,RNPG2912069741191,ACTIVE,1058.64,SINGLETON,1.0,1,No duplicates
MCH3221,Baria-Dube,7011,Hotel & Lodging,Sole Proprietor,Kolkata,West Bengal,,CKDG4069954350716,INACTIVE,338.34,SINGLETON,1.0,1,No duplicates
MCH3229,Keer-Kale,5912,Pharmacy,Sole_Proprietor,Mumbay,Maharashtra,2024-02-28 21:40:00,UDDZ7214972649948,ACTIVE,276.23,SINGLETON,1.0,1,No duplicates
MCH3231,Gokhale Group,5411,Grocery,Individual,Jalandhar,Punjab,,,ACTIVE,205.0,SINGLETON,1.0,1,No duplicates
MCH3232,Shroff-Bobal,5812,Restaurant,Partnership,Kolkata,West Bengal,2024-04-26 00:00:00,,ACTIVE,613.79,CONFLICTING_MERCHANT_RECORD,0.55,2,"Conflicting Names: ['Sarraf,Chaudhuriandacharya', 'Shroff-Bobal']; Conflicting Categories: ['Food_Services', 'Restaurants']"
MCH3233,"Dada, Pingle And Date",5699,Apparel,Individual,Poona,Maharashtra,2025-11-23 00:00:00,,INACTIVE,5434.84,SINGLETON,1.0,1,No duplicates
MCH3234,Lad Inc,,Telecom,Individual,Calcutta,West Bengal,2024-02-21 00:00:00,LTGH4419649542857,ACTIVE,9763.29,SINGLETON,1.0,1,No duplicates
MCH3237,Gaba Inc,5999,Miscellaneous Retail,Sole-Proprietor,Delhi,Delhi,2023-03-06 15:03:00,YPVB7296650386869,ACTIVE,,FORMATTING_DUPLICATE,0.85,2,2 records with formatting variations consolidated
MCH3240,"Roy, Dash And Bobal",5411,Grocery,Partnership,Pune,Maharashtra,2023-11-13 00:00:00,CMDO7903517998811,ACTIVE,1077.02,SINGLETON,1.0,1,No duplicates
MCH3242,"Upadhyay, Dash And Vaidya",5999,Miscellaneous Retail,Partnership,Jpr,Rajasthan,,,ACTIVE,1731.73,SINGLETON,1.0,1,No duplicates
MCH3244,Murthy Group,5912,Pharmacy,Private_Limited,Jalandar,Punjab,2025-03-07 05:29:26,,ACTIVE,3366.47,SINGLETON,1.0,1,No duplicates
MCH3247,Nagarajan-Shan,,Pharmacy,Individual,Chennai,Tamil Nadu,2025-04-07 21:55:00,5730507447,INACTIVE,2666.23,SINGLETON,1.0,1,No duplicates
MCH3250,Bose-Kalita,5311,Department Store,Sole Proprietor,Mumbai,Maharashtra,,,INACTIVE,1514.47,SINGLETON,1.0,1,No duplicates
MCH3251,Balan-Kunda,5411,Grocery,Individual,Ldh,Punjab,2024-12-14 00:00:00,,ACTIVE,3266.06,SINGLETON,1.0,1,No duplicates
MCH3252,"Patel, Saran And Bala",5699,Apparel,Individual,Poona,Maharashtra,2023-06-18 00:00:00,4243165999,ACTIVE,1917.91,SINGLETON,1.0,1,No duplicates
MCH3253,Khatri-Krishnamurthy,5942,Books & Stationery,Partnership,Lko,Uttar Pradesh,2023-12-19 08:58:42,,ACTIVE,2086.58,SINGLETON,1.0,1,No duplicates
MCH3254,"Chanda, Maharaj And Chandra",4131,Transportation,Partnership,Hyd,Telangana,2025-11-03 00:00:00,TXWB1746078464859,ACTIVE,1842.04,CONFLICTING_MERCHANT_RECORD,0.55,2,"Conflicting Names: ['Chanda, Maharaj And Chandra', 'Maharaj-Sharaf']; Conflicting Categories: ['Transportation', 'Stationery']; Conflicting Cities: ['Hyd', 'Amritsar']"
MCH3255,"Shah, Kala And Sarraf",7011,Hotel & Lodging,Private-Limited,Jalandhar,Punjab,2024-06-09 00:00:00,XXXX8773,ACTIVE,807.0,SINGLETON,1.0,1,No duplicates
MCH3256,"Patil, Tripathi And Seshadri",5942,Books & Stationery,Partnership,Ludhiana,Punjab,2025-02-11 00:00:00,0074721461,ACTIVE,4035.32,SINGLETON,1.0,1,No duplicates
MCH3259,Deep And Sons,5912,Pharmacy,Partnership,Delhi,Delhi,,7747336061,ACTIVE,308.57,CONFLICTING_MERCHANT_RECORD,0.55,3,"Conflicting Names: ['Deep And Sons', 'Bajaj-Mann']; Conflicting Categories: ['Pharmacies', 'Transprt']; Conflicting Cities: ['Delhi', 'Amritsar']"
MCH3260,Rana And Sons,5311,Department Store,Individual,Asr,Punjab,2023-09-23 00:00:00,,ACTIVE,4589.68,CONFLICTING_MERCHANT_RECORD,0.55,2,"Conflicting Names: ['Viswanathan Inc', 'Rana And Sons']; Conflicting Categories: ['Transport', 'Retail']"
MCH3263,Sarna-Chauhan,5812,Restaurant,Sole_Proprietor,Lko,Uttar Pradesh,2025-05-18 00:00:00,4897875203,ACTIVE,2348.1,CONFLICTING_MERCHANT_RECORD,0.55,2,"Conflicting Names: ['Sarna-Chauhan', 'Barman Inc']; Conflicting Categories: ['Food_Services', 'Books_Stationery']; Conflicting Cities: ['Lko', 'Kolkata']"
MCH3264,"Narayanan, Krishnan And Bail",5411,Grocery,Sole-Proprietor,Jpr,Rajasthan,2025-03-25 00:00:00,XXXX4525,ACTIVE,3885.91,CONFLICTING_MERCHANT_RECORD,0.55,2,"Conflicting Names: ['Gopal Ltd', 'Narayanan, Krishnan And Bail']; Conflicting Categories: ['Hotel_Lodging', 'Grocery Stores']; Conflicting Cities: ['Poona', 'Jpr']"
MCH3265,Mittal Ltd,5942,Books & Stationery,Private-Limited,Hyd,Telangana,2024-08-15 00:38:28,GNXO4175681425980,ACTIVE,4170.98,CONFLICTING_MERCHANT_RECORD,0.55,3,"Conflicting Names: ['Mittal Ltd', 'Prakash, Wable And Ganesh', 'Rau Plc']; Conflicting Categories: ['Books_Stationery', 'Telecom', 'Department Stores']; Conflicting Cities: ['Hyd', 'Jaipur', 'Poona']"
MCH3266,"Lalla, Baral And Pau",5311,Department Store,Private_Limited,Chennai,Tamil Nadu,2025-09-17 12:56:00,ZAAY3109374136824,ACTIVE,1627.34,SINGLETON,1.0,1,No duplicates
MCH3267,Balasubramanian-Butala,,Apparel,Individual,Chennai,Tamil Nadu,2025-10-20 00:00:00,XXXX4438,ACTIVE,1843.39,CONFLICTING_MERCHANT_RECORD,0.55,2,"Conflicting Names: ['Dara, Rama And Ben', 'Balasubramanian-Butala']; Conflicting Categories: ['Phone Service', 'Cloths']; Conflicting Cities: ['Ludhiana', 'Chennai']"
MCH3268,Kadakia-Rajan,5699,Apparel,Sole-Proprietor,Pune,Maharashtra,2024-11-16 14:24:23,,ACTIVE,2055.32,SINGLETON,1.0,1,No duplicates
MCH3269,Kara-Ramaswamy,,Restaurant,Partnership,Poona,Maharashtra,2023-12-07 00:00:00,,ACTIVE,1481.0,SINGLETON,1.0,1,No duplicates
MCH3270,"Chokshi, Dash And Srivastava",4131,Transportation,Partnership,Chennai,Tamil Nadu,2024-10-07 00:00:00,,ACTIVE,1910.46,SINGLETON,1.0,1,No duplicates
MCH3272,Gera Group,5699,Apparel,Sole_Proprietor,Chennai,Tamil Nadu,2023-03-04 12:44:00,EMXM6349169987807,ACTIVE,2272.01,SINGLETON,1.0,1,No duplicates
MCH3274,Sen-Chawla,5311,Department Store,Private-Limited,Chennai,Tamil Nadu,2023-02-25 00:00:00,8919947096,ACTIVE,1472.57,SINGLETON,1.0,1,No duplicates
MCH3275,Sridhar And Sons,5699,Apparel,Partnership,New Delhi,Delhi,2024-04-15 07:33:51,,SUSPENDED,,SINGLETON,1.0,1,No duplicates
MCH3277,Issac-Lata,,Telecom,Partnership,Dilli,Delhi,2025-09-22 00:00:00,RPRG9004987881265,ACTIVE,1571.63,SINGLETON,1.0,1,No duplicates
MCH3279,"Zachariah, Gill And Palla",5812,Restaurant,Individual,Pune,Maharashtra,2025-12-25 00:00:00,,ACTIVE,,SINGLETON,1.0,1,No duplicates
MCH3280,"Vohra, Bora And Vasa",5411,Grocery,Private_Limited,Pune,Maharashtra,2023-10-16 16:01:00,,SUSPENDED,412.76,SINGLETON,1.0,1,No duplicates
MCH3281,Ranganathan And Sons,5311,Department Store,Partnership,Kolkata,West Bengal,2024-03-01 00:00:00,XXXX9655,ACTIVE,649.49,CONFLICTING_MERCHANT_RECORD,0.55,2,"Conflicting Names: ['Ranganathan And Sons', 'Thakur-Gade']; Conflicting Categories: ['Retail', 'Pharmacy']; Conflicting Cities: ['Kolkata', 'Dilli']"
MCH3284,Lal And Sons,,Telecom,Private Limited,Ludhiana,Punjab,2024-02-18 00:00:00,XXXX5805,INACTIVE,3943.29,SINGLETON,1.0,1,No duplicates
MCH3285,"Prasad, Luthra And Suri",5311,Department Store,Partnership,Bangalore,Karnataka,2023-02-22 00:00:00,3068852550,ACTIVE,669.58,SINGLETON,1.0,1,No duplicates
MCH3287,"Dave, Ganesan And Biswas",5311,Department Store,Individual,Bengaluru,Karnataka,,7925995111,ACTIVE,1007.0,SINGLETON,1.0,1,No duplicates
MCH3288,Kuruvilla-Kala,4814,Telecom,Partnership,Calcutta,West Bengal,2025-07-17 06:27:40,HFDT8427341893769,ACTIVE,,CONFLICTING_MERCHANT_RECORD,0.55,2,"Conflicting Names: ['Bains, Arya And Sanghvi', 'Kuruvilla-Kala']; Conflicting Categories: ['Hotels', 'Phone Service']; Conflicting Cities: ['Mumbai', 'Calcutta']"
MCH3289,Tripathi-Mandal,4814,Telecom,Individual,Chennai,Tamil Nadu,2024-12-29 00:00:00,XXXX2012,ACTIVE,1368.37,CONFLICTING_MERCHANT_RECORD,0.55,2,"Conflicting Names: ['Tripathi-Mandal', 'Rajagopalan-Master']; Conflicting Categories: ['Telecom', 'Medical']; Conflicting Cities: ['Chennai', 'Mumbai']"
MCH3291,Sanghvi-Nair,7011,Hotel & Lodging,Private_Limited,Bangalore,Karnataka,2023-09-25 00:00:00,,ACTIVE,3917.0,SINGLETON,1.0,1,No duplicates
MCH3292,Murthy Plc,5942,Books & Stationery,Individual,Chennai,Tamil Nadu,2023-06-21 00:00:00,XXXX2688,INACTIVE,2151.78,CONFLICTING_MERCHANT_RECORD,0.55,4,"Conflicting Names: ['Murthy Plc', 'Ravi-Keer', 'Sehgal-Kapur']; Conflicting Categories: ['Stationery', 'Retail', 'Medical']; Conflicting Cities: ['Chennai', 'Jalandhar']"
MCH3294,"Murty, Vala And Pall",4131,Transportation,Individual,Ludhiana,Punjab,2024-12-10 00:00:00,7450449470,ACTIVE,822.03,SINGLETON,1.0,1,No duplicates
MCH3296,Sampath-Chopra,5999,Miscellaneous Retail,Individual,Bangalore,Karnataka,2025-11-18 00:00:00,XXXX2813,ACTIVE,1074.2,SINGLETON,1.0,1,No duplicates
MCH3298,"Kurian, Sheth And Bains",5699,Apparel,Individual,Delhi,Delhi,2025-04-20 00:00:00,XXXX3758,ACTIVE,3789.0,SINGLETON,1.0,1,No duplicates
MCH3299,"Varghese, Tripathi And Ganesh",5999,Miscellaneous Retail,Sole_Proprietor,Bengaluru,Karnataka,2023-07-12 00:00:00,,INACTIVE,2177.34,SINGLETON,1.0,1,No duplicates
MCH3301,Reddy And Sons,5942,Books & Stationery,Partnership,Jpr,Rajasthan,2023-06-25 03:39:00,5060880178,ACTIVE,2571.65,SINGLETON,1.0,1,No duplicates
MCH3307,Uppal And Sons,7011,Hotel & Lodging,Private-Limited,Poona,Maharashtra,2023-07-03 20:38:00,WQAU2336118593269,ACTIVE,1033.39,SINGLETON,1.0,1,No duplicates
MCH3308,Misra Inc,5311,Department Store,Sole_Proprietor,Ldh,Punjab,,2104958437,ACTIVE,8756.33,CONFLICTING_MERCHANT_RECORD,0.55,3,"Conflicting Names: ['Misra Inc', 'Setty Llc', 'Dhawan, Ranganathan And Luthra']; Conflicting Categories: ['Retail', 'Book Store', 'Garments']; Conflicting Cities: ['Ldh', 'Poona', 'Amritsar']"
MCH3311,"Agarwal, Bhandari And Varma",5699,Apparel,Individual,Lucknow,Uttar Pradesh,2023-10-16 00:00:00,6820052693,ACTIVE,1187.8,CONFLICTING_MERCHANT_RECORD,0.55,2,"Conflicting Names: ['Agarwal, Bhandari And Varma', 'Sule Ltd']; Conflicting Categories: ['Apparel', 'Books_Stationery']; Conflicting Cities: ['Lucknow', 'Pune']"
MCH3313,Comar-Sidhu,5311,Department Store,Sole-Proprietor,Lucknow,Uttar Pradesh,2023-07-30 00:00:00,GKCY1460435380907,INACTIVE,408.55,SINGLETON,1.0,1,No duplicates
MCH3319,"Jani, Tailor And Radhakrishnan",5699,Apparel,Sole_Proprietor,Jalandar,Punjab,2024-08-26 05:30:00,IUQF4655993827398,ACTIVE,516.88,SINGLETON,1.0,1,No duplicates
MCH3321,Barad-Trivedi,,Transportation,Sole Proprietor,Amritsar,Punjab,2025-09-19 04:50:00,,ACTIVE,2096.6,SINGLETON,1.0,1,No duplicates
MCH3323,Dey Plc,4814,Telecom,Sole-Proprietor,Jpr,Rajasthan,2024-12-24 05:37:48,XXXX2284,INACTIVE,559.08,SINGLETON,1.0,1,No duplicates
MCH3324,Char-Gera,5699,Apparel,Partnership,Pune,Maharashtra,2026-02-20 00:00:00,DLMI3626046968894,SUSPENDED,2076.73,CONFLICTING_MERCHANT_RECORD,0.55,3,"Conflicting Names: ['Char-Gera', 'Thaman, Rajagopal And Borde']; Conflicting Categories: ['Garments', 'Hotels']; Conflicting Cities: ['Pune', 'Jalandhar']"
MCH3325,Varty-Vig,5912,Pharmacy,Partnership,Kolkata,West Bengal,2023-10-29 00:00:00,XXXX1753,ACTIVE,4212.0,FORMATTING_DUPLICATE,0.85,2,2 records with formatting variations consolidated
MCH3327,Balay Ltd,5912,Pharmacy,Partnership,Asr,Punjab,2024-06-10 00:00:00,4132109142,ACTIVE,799.92,SINGLETON,1.0,1,No duplicates
MCH3328,"Narang, Lal And Bhalla",5942,Books & Stationery,Sole-Proprietor,Kolkata,West Bengal,2024-10-20 00:00:00,XXXX6467,ACTIVE,3697.78,CONFLICTING_MERCHANT_RECORD,0.55,4,"Conflicting Names: ['Jha-Chaha1', 'Narang, Lal And Bhalla', 'Yadav And Sons', 'Singh-Comar']; Conflicting Categories: ['Retail', 'Books_Stationery', 'Telecom', 'Medical_Store']; Conflicting Cities: ['Kolkata', 'Lko', 'Pune']"
MCH3330,"Keer, Gupta And Som",5311,Department Store,Private_Limited,Jalandhar,Punjab,2025-11-26 00:00:00,LOCM5644673929837,ACTIVE,3134.69,SINGLETON,1.0,1,No duplicates
MCH3331,"Shukla, Kadakia And Kata",5699,Apparel,Private_Limited,Ludhiana,Punjab,2025-03-18 00:00:00,,ACTIVE,1008.43,SINGLETON,1.0,1,No duplicates
MCH3333,Dada Plc,5999,Miscellaneous Retail,Private_Limited,Mumbai,Maharashtra,2024-03-18 00:00:00,,ACTIVE,668.0,SINGLETON,1.0,1,No duplicates
MCH3334,Majumdar-Raja,4814,Telecom,Private_Limited,Hyd,Telangana,2023-09-02 04:50:00,7204878806,ACTIVE,2941.2,SINGLETON,1.0,1,No duplicates
MCH3335,Choudhary Ltd,5699,Apparel,Partnership,Lucknow,Uttar Pradesh,2025-08-11 00:00:00,,ACTIVE,413.6,SINGLETON,1.0,1,No duplicates
MCH3338,"Mistry, Majumdar And Ghosh",4814,Telecom,Individual,Ludhiana,Punjab,2024-04-26 08:50:51,KYYU5062619258958,ACTIVE,1989.0,SINGLETON,1.0,1,No duplicates
MCH3340,Varty-Chokshi,5999,Miscellaneous Retail,Partnership,Chennai,Tamil Nadu,2023-04-07 03:02:50,,ACTIVE,311.76,CONFLICTING_MERCHANT_RECORD,0.55,2,"Conflicting Names: ['Varty-Chokshi', 'Bhargava Llc']; Conflicting Categories: ['Miscellaneous', 'Cloths']; Conflicting Cities: ['Chennai', 'Kolkata']"
MCH3341,Ramesh Inc,5912,Pharmacy,Individual,Mumbay,Maharashtra,2024-11-15 02:33:00,,ACTIVE,1745.15,SINGLETON,1.0,1,No duplicates
MCH3348,"Chauhan, Chowdhury And Dhillon",5942,Books & Stationery,Individual,Amritsar,Punjab,2023-12-16 00:00:00,MCSB8481417353125,ACTIVE,3038.21,SINGLETON,1.0,1,No duplicates
MCH3351,"Loke, Narasimhan And Gandhi",5912,Pharmacy,Partnership,Asr,Punjab,2023-06-22 00:00:00,,SUSPENDED,1029.99,SINGLETON,1.0,1,No duplicates
MCH3353,Sachar Ltd,5942,Books & Stationery,Private_Limited,Jalandhar,Punjab,2023-06-06 00:00:00,,INACTIVE,446.0,CONFLICTING_MERCHANT_RECORD,0.55,2,"Conflicting Names: ['Bhardwaj And Sons', 'Sachar Ltd']; Conflicting Categories: ['Chemist', 'Book Store']; Conflicting Cities: ['Bengaluru', 'Jalandhar']"
MCH3354,"Barad, Ahluwalia And Mahal",5942,Books & Stationery,Partnership,Lucknow,Uttar Pradesh,2026-02-06 09:23:45,XXXX7924,ACTIVE,906.14,SINGLETON,1.0,1,No duplicates
MCH3357,"Sundaram, Kara And Sibal",7011,Hotel & Lodging,Partnership,Asr,Punjab,2025-11-14 12:11:27,XVJC4162540658234,ACTIVE,246.81,CONFLICTING_MERCHANT_RECORD,0.55,2,"Conflicting Names: ['Batta, Kannan And Srinivas', 'Sundaram, Kara And Sibal']; Conflicting Categories: ['Telecom', 'Hospitality']; Conflicting Cities: ['Delhi', 'Asr']"
MCH3358,Suri-Dhillon,4131,Transportation,Individual,Kolkata,West Bengal,2023-09-22 00:00:00,3713072949,INACTIVE,665.29,SINGLETON,1.0,1,No duplicates
MCH3361,Sabharwal-Shah,,Transportation,Partnership,Jalandhar,Punjab,2024-01-06 00:00:00,KQNB2621280715561,INACTIVE,887.23,SINGLETON,1.0,1,No duplicates
MCH3362,Chander-Sangha,5411,Grocery,Private Limited,Asr,Punjab,2026-02-26 04:43:00,,SUSPENDED,12795.59,SINGLETON,1.0,1,No duplicates
MCH3369,"Yadav, Deep And Bassi",5999,Miscellaneous Retail,Individual,Lko,Uttar Pradesh,2024-05-16 00:00:00,0407364103,ACTIVE,786.0,CONFLICTING_MERCHANT_RECORD,0.55,2,"Conflicting Names: ['Yadav, Deep And Bassi', 'Hans Llc']; Conflicting Categories: ['Misc Retail', 'Stationery']; Conflicting Cities: ['Lko', 'Mumbay']"
MCH3371,Raju Inc,4131,Transportation,Partnership,Hyderabad,Telangana,2025-04-19 05:25:00,ENEX5677212292143,ACTIVE,4057.11,CONFLICTING_MERCHANT_RECORD,0.55,3,"Conflicting Names: ['Bath Plc', 'Ganguly Group', 'Raju Inc']; Conflicting Categories: ['Phone Service', 'Clothing', 'Transport']; Conflicting Cities: ['Chennai', 'Lko', 'Hyderabad']"
MCH3376,Sama-Gaba,5411,Grocery,Individual,Hyderabad,Telangana,,XXXX4890,ACTIVE,732.24,SINGLETON,1.0,1,No duplicates
MCH3379,Sura Inc,5411,Grocery,Sole_Proprietor,Madras,Tamil Nadu,2023-11-28 00:00:00,,ACTIVE,851.53,SINGLETON,1.0,1,No duplicates
MCH3382,"Patla, Thakur And Kaur",4131,Transportation,Private-Limited,Pune,Maharashtra,2025-02-06 19:20:09,,ACTIVE,470.22,CONFLICTING_MERCHANT_RECORD,0.55,2,"Conflicting Names: ['Patla, Thakur And Kaur', 'Walla-Rau']; Conflicting Categories: ['Transportation', 'Dept_Store']; Conflicting Cities: ['Pune', 'Bombay']"
MCH3383,Muni Inc,5999,Miscellaneous Retail,Sole_Proprietor,Delhi,Delhi,2023-04-21 22:36:00,XXXX2845,ACTIVE,5804.6,SINGLETON,1.0,1,No duplicates
MCH3384,Gill-Bakshi,5999,Miscellaneous Retail,Partnership,Kolkata,West Bengal,2023-06-27 00:00:00,8993037640,ACTIVE,1223.35,CONFLICTING_MERCHANT_RECORD,0.55,2,"Conflicting Names: ['Gill-Bakshi', 'Bala-Dhaliwal']; Conflicting Categories: ['Misc Retail', 'Book Store']; Conflicting Cities: ['Kolkata', 'Mumbai']"
MCH3386,"Balay, Chacko And Dani",5311,Department Store,Private_Limited,Jaipur,Rajasthan,2025-10-27 15:17:05,XXXX2339,ACTIVE,2775.53,CONFLICTING_MERCHANT_RECORD,0.55,2,"Conflicting Names: ['Balay, Chacko And Dani', 'Mody Llc']; Conflicting Categories: ['Department Stores', 'Retail']; Conflicting Cities: ['Jaipur', 'Bombay']"
MCH3387,Boase Ltd,4814,Telecom,Sole Proprietor,Chennai,Tamil Nadu,2024-10-20 00:00:00,,ACTIVE,4926.8,SINGLETON,1.0,1,No duplicates
MCH3388,"Ha1Der, Chander And Krishnamurthy",5311,Department Store,Individual,Ludhiana,Punjab,2025-03-23 00:51:00,FTJO6113858465780,INACTIVE,447.14,CONFLICTING_MERCHANT_RECORD,0.55,3,"Conflicting Names: ['Chaudhary, Patel And Bhatti', 'Prakash Inc', 'Ha1Der, Chander And Krishnamurthy']; Conflicting Categories: ['Hotel', 'Misc Retail', 'Department Store']; Conflicting Cities: ['Dilli', 'Kolkata', 'Ludhiana']"
MCH3389,Korpal-Hegde,,Pharmacy,Individual,Ldh,Punjab,2023-11-04 00:37:00,,ACTIVE,877.98,CONFLICTING_MERCHANT_RECORD,0.55,2,"Conflicting Names: ['Korpal-Hegde', 'Barad, Murthy And Muni']; Conflicting Categories: ['Medical_Store', 'Chemist']; Conflicting Cities: ['Ldh', 'Amritsar']"
MCH3391,Dass Inc,4131,Transportation,Partnership,Lucknow,Uttar Pradesh,,XXXX1148,ACTIVE,1298.0,SINGLETON,1.0,1,No duplicates
MCH3393,"Panchal, Mistry And Sawhney",,Grocery,Sole-Proprietor,Amritsar,Punjab,,,ACTIVE,612.0,SINGLETON,1.0,1,No duplicates
MCH3395,Merchant-Johal,4131,Transportation,Individual,Lucknow,Uttar Pradesh,,MDBK0638673035972,ACTIVE,2176.33,CONFLICTING_MERCHANT_RECORD,0.55,2,"Conflicting Names: ['Boase, Dutt And Sami', 'Merchant-Johal']; Conflicting Categories: ['Pharmacy', 'Bus/Taxi']; Conflicting Cities: ['Jaipur', 'Lucknow']"
MCH3398,Chaudhary Ltd,5699,Apparel,Sole_Proprietor,Chennai,Tamil Nadu,2023-11-18 08:31:43,5865246306,INACTIVE,1864.25,SINGLETON,1.0,1,No duplicates
MCH3399,Rana-Talwar,5912,Pharmacy,Private-Limited,Mumbai,Maharashtra,2024-03-30 09:48:22,6585786984,ACTIVE,575.9,CONFLICTING_MERCHANT_RECORD,0.55,2,"Conflicting Names: ['Rana-Talwar', 'Muni And Sons']; Conflicting Categories: ['Medical_Store', 'Garments']; Conflicting Cities: ['Mumbai', 'Amritsar']"
MCH3401,Chana Llc,5411,Grocery,Individual,Chennai,Tamil Nadu,,XXXX4048,ACTIVE,3703.23,SINGLETON,1.0,1,No duplicates
MCH3402,"Lala, Loyal And Trivedi",5999,Miscellaneous Retail,Partnership,Poona,Maharashtra,2025-12-14 00:00:00,4812392751,INACTIVE,1152.61,SINGLETON,1.0,1,No duplicates
MCH3404,"Parekh, Lad And Soman",5311,Department Store,Individual,Mumbai,Maharashtra,2023-02-16 00:00:00,PSMJ2500672647390,ACTIVE,1405.46,SINGLETON,1.0,1,No duplicates
MCH3405,"Dara, Boase And Chada",5999,Miscellaneous Retail,Partnership,Pune,Maharashtra,2024-03-06 00:00:00,XXXX5690,ACTIVE,210.2,SINGLETON,1.0,1,No duplicates
MCH3406,"Swamy, Borah And Sampath",5311,Department Store,Individual,Mumbai,Maharashtra,2024-05-22 03:05:47,XXXX9630,INACTIVE,438.79,SINGLETON,1.0,1,No duplicates
MCH3407,Lal Llc,,Miscellaneous Retail,Private_Limited,Jalandar,Punjab,2023-09-27 00:00:00,XXXX9006,ACTIVE,3232.78,SINGLETON,1.0,1,No duplicates
MCH3409,Badami And Sons,7011,Hotel & Lodging,Sole_Proprietor,Bengaluru,Karnataka,2024-05-31 00:00:00,,ACTIVE,1179.18,SINGLETON,1.0,1,No duplicates
MCH3410,Mutti Plc,7011,Hotel & Lodging,Sole_Proprietor,Chennai,Tamil Nadu,2023-05-23 00:00:00,5994810528,ACTIVE,4042.64,SINGLETON,1.0,1,No duplicates
MCH3412,Tak And Sons,7011,Hotel & Lodging,Sole_Proprietor,Jpr,Rajasthan,2024-10-31 00:00:00,XXXX3873,ACTIVE,4884.39,SINGLETON,1.0,1,No duplicates
MCH3414,Sahota Ltd,4814,Telecom,Private-Limited,Amritsar,Punjab,2025-12-29 00:00:00,4026065439,ACTIVE,1607.54,SINGLETON,1.0,1,No duplicates
MCH3415,Keer Inc,5812,Restaurant,Sole_Proprietor,Chennai,Tamil Nadu,2025-06-05 05:53:37,XXXX8129,ACTIVE,184.25,SINGLETON,1.0,1,No duplicates
MCH3416,"Rau, Baral And Karan",4814,Telecom,Private_Limited,Ludhiana,Punjab,2024-02-02 00:00:00,,ACTIVE,894.0,SINGLETON,1.0,1,No duplicates
MCH3418,Parsa-Parikh,5912,Pharmacy,Partnership,Hyderabad,Telangana,2024-07-15 00:00:00,CWGO5653761986608,ACTIVE,8725.31,SINGLETON,1.0,1,No duplicates
MCH3419,"Bansal, Naidu And Baria",5912,Pharmacy,Private Limited,Pune,Maharashtra,2024-03-26 00:00:00,,ACTIVE,357.64,SINGLETON,1.0,1,No duplicates
MCH3420,"Mani, Kota And Deol",4131,Transportation,Individual,Jpr,Rajasthan,2024-01-18 11:43:00,,INACTIVE,453.43,SINGLETON,1.0,1,No duplicates
MCH3421,"Sandhu, Saxena And Talwar",5942,Books & Stationery,Sole Proprietor,Delhi,Delhi,,XXXX6543,SUSPENDED,1117.58,SINGLETON,1.0,1,No duplicates
MCH3423,Sant-Singh,7011,Hotel & Lodging,Partnership,Delhi,Delhi,2023-01-01 09:47:09,9051549967,ACTIVE,11283.23,SINGLETON,1.0,1,No duplicates
MCH3424,Tandon-Raja,5411,Grocery,Private-Limited,Pune,Maharashtra,2023-08-09 00:00:00,LJDU7390595746498,INACTIVE,1643.97,SINGLETON,1.0,1,No duplicates
MCH3426,"Morar, Dar And Raja",5311,Department Store,Individual,Jalandar,Punjab,2023-10-25 00:00:00,XXXX0393,INACTIVE,1252.0,SINGLETON,1.0,1,No duplicates
MCH3431,Ghosh And Sons,,Restaurant,Sole Proprietor,Mumbai,Maharashtra,2025-11-24 00:00:00,LTDQ5015892785519,SUSPENDED,1904.92,SINGLETON,1.0,1,No duplicates
MCH3433,"Pathak, Sathe And Rama",5411,Grocery,Private-Limited,Kolkata,West Bengal,2025-12-22 00:00:00,XXXX0746,INACTIVE,3697.0,SINGLETON,1.0,1,No duplicates
MCH3435,"Mitter, Chakrabarti And Swaminathan",5812,Restaurant,Individual,Ludhiana,Punjab,2023-04-23 00:00:00,XXXX3745,ACTIVE,1050.63,SINGLETON,1.0,1,No duplicates
MCH3438,Kapur-Mangat,4131,Transportation,Partnership,Hyderabad,Telangana,,XXXX6916,ACTIVE,1153.19,CONFLICTING_MERCHANT_RECORD,0.55,3,"Conflicting Names: ['Sodhi-Khosla', 'Murty-Parmar', 'Kapur-Mangat']; Conflicting Categories: ['Department Stores', 'Mobile Recharge', 'Transport']; Conflicting Cities: ['Amritsar', 'Hyderabad']"
MCH3439,"Palan, Bora And Puri",5411,Grocery,Private_Limited,Ludhiana,Punjab,2024-03-05 00:36:00,AHWJ3061043363701,ACTIVE,1840.58,CONFLICTING_MERCHANT_RECORD,0.55,3,"Conflicting Names: ['Palan, Bora And Puri', 'Grewal, Kar And Krishnan']; Conflicting Categories: ['Kirana', 'Phone Service']; Conflicting Cities: ['Ludhiana', 'Ldh']"
MCH3440,"Sahni, Thakur And Kale",5411,Grocery,Partnership,Hyderabad,Telangana,2024-10-14 11:53:00,SWXL8005196412661,ACTIVE,797.0,SINGLETON,1.0,1,No duplicates
MCH3441,"Naidu, Nayar And Chand",5942,Books & Stationery,Partnership,Ldh,Punjab,2023-05-29 00:00:00,1623488849,ACTIVE,817.0,SINGLETON,1.0,1,No duplicates
MCH3442,Choudhry-Ravi,5699,Apparel,Partnership,Bombay,Maharashtra,2025-09-09 00:00:00,XXXX0565,ACTIVE,3189.0,CONFLICTING_MERCHANT_RECORD,0.55,4,"Conflicting Names: ['Kuruvilla Ltd', 'Choudhry-Ravi', 'Thaman, Tata And Divan', 'Garg-Borah']; Conflicting Categories: ['Grocery', 'Clothing', 'Grocery_Store', 'Travel']; Conflicting Cities: ['Hyd', 'Bombay', 'Jalandhar', 'Chennai']"
MCH3445,"Madan, Naidu And Andra",7011,Hotel & Lodging,Private Limited,Jaipur,Rajasthan,2023-07-09 00:00:00,2270103966,ACTIVE,983.3,SINGLETON,1.0,1,No duplicates
MCH3446,Ganesan-Contractor,5411,Grocery,Sole-Proprietor,Lucknow,Uttar Pradesh,2026-01-24 03:27:14,7922786735,INACTIVE,348.14,SINGLETON,1.0,1,No duplicates
MCH3447,Andra-Edwin,5699,Apparel,Individual,Hyd,Telangana,2023-10-09 13:58:47,XXXX8236,ACTIVE,1619.69,SINGLETON,1.0,1,No duplicates
MCH3449,Nigam-Agate,5999,Miscellaneous Retail,Partnership,Bombay,Maharashtra,2026-02-13 03:43:32,UOSM0726239882457,ACTIVE,236.02,CONFLICTING_MERCHANT_RECORD,0.55,2,"Conflicting Names: ['Sundaram, Dasgupta And Dutt', 'Nigam-Agate']; Conflicting Cities: ['Chennai', 'Bombay']"
MCH3451,Amble-Nair,5912,Pharmacy,Sole-Proprietor,Amritsar,Punjab,2025-10-06 00:00:00,XXXX8569,SUSPENDED,,SINGLETON,1.0,1,No duplicates
MCH3452,"Tandon, Oza And Sharma",5411,Grocery,Sole-Proprietor,Poona,Maharashtra,2025-04-08 00:00:00,,INACTIVE,186.45,SINGLETON,1.0,1,No duplicates
MCH3453,"Sangha, Minhas And Patil",7011,Hotel & Lodging,Private_Limited,Jaipur,Rajasthan,2023-11-15 00:00:00,5047749653,ACTIVE,1768.03,SINGLETON,1.0,1,No duplicates
MCH3454,Rajagopal-Wason,5812,Restaurant,Partnership,Hyderabad,Telangana,2024-08-22 15:32:00,XXXX7731,ACTIVE,1479.06,SINGLETON,1.0,1,No duplicates
MCH3455,Singhal Llc,5311,Department Store,Individual,Jalandar,Punjab,2026-01-06 05:10:00,,ACTIVE,11222.95,SINGLETON,1.0,1,No duplicates
MCH3459,Nagi-Saini,4814,Telecom,Sole_Proprietor,Hyderabad,Telangana,2023-09-03 00:00:00,CIPH7138178222112,ACTIVE,2617.26,SINGLETON,1.0,1,No duplicates
MCH3460,Chand-Bora,5411,Grocery,Individual,Calcutta,West Bengal,2025-02-05 10:51:56,,ACTIVE,,SINGLETON,1.0,1,No duplicates
MCH3461,"Balakrishnan, Sachdeva And Sekhon",5999,Miscellaneous Retail,Individual,Mumbai,Maharashtra,2025-09-23 02:42:23,QTCR6301966166012,ACTIVE,1049.37,SINGLETON,1.0,1,No duplicates
MCH3465,"Patla, Tiwari And Bobal",4814,Telecom,Private-Limited,Amritsar,Punjab,2024-09-10 22:44:00,BMXM3313589371926,ACTIVE,662.0,SINGLETON,1.0,1,No duplicates
MCH3468,Aurora-Ben,,Hotel & Lodging,Private_Limited,Hyd,Telangana,2025-03-16 00:00:00,,ACTIVE,199.0,SINGLETON,1.0,1,No duplicates
MCH3469,Ha1Der-Bains,,Telecom,Private Limited,Ludhiana,Punjab,,AHBB0158183764134,ACTIVE,943.76,SINGLETON,1.0,1,No duplicates
MCH3470,Chopra-Garde,4814,Telecom,Individual,Bangalore,Karnataka,2025-03-02 00:00:00,,ACTIVE,509.62,SINGLETON,1.0,1,No duplicates
MCH3473,"Mahal, Butala And Shenoy",4131,Transportation,Individual,Amritsar,Punjab,2025-11-20 23:26:00,9906876351,INACTIVE,456.8,SINGLETON,1.0,1,No duplicates
MCH3475,"Wadhwa, Banik And Prakash",5812,Restaurant,Private_Limited,Jaipur,Rajasthan,2025-01-16 00:00:00,4792307270,ACTIVE,335.53,SINGLETON,1.0,1,No duplicates
MCH3477,"Mangal, Comar And Krish",5311,Department Store,Sole_Proprietor,Mumbai,Maharashtra,2025-03-30 09:40:40,,ACTIVE,13897.21,SINGLETON,1.0,1,No duplicates
MCH3481,"Raja, Brar And Nagar",,Grocery,Private_Limited,New Delhi,Delhi,2023-03-13 00:00:00,XXXX8620,ACTIVE,1791.83,SINGLETON,1.0,1,No duplicates
MCH3483,"Puri, Sachdeva And Jhaveri",5812,Restaurant,Private_Limited,Jaipur,Rajasthan,2025-08-15 00:00:00,XXXX0583,INACTIVE,1128.9,SINGLETON,1.0,1,No duplicates
MCH3484,Sidhu Llc,5999,Miscellaneous Retail,Individual,Ludhiana,Punjab,,,ACTIVE,876.31,SINGLETON,1.0,1,No duplicates
MCH3487,Soni And Sons,5912,Pharmacy,Sole_Proprietor,Lucknow,Uttar Pradesh,2023-05-16 03:23:00,XXXX5287,ACTIVE,1671.71,CONFLICTING_MERCHANT_RECORD,0.55,3,"Conflicting Names: ['Mutti Inc', 'Soni And Sons', 'Subramanian Inc']; Conflicting Categories: ['Garments', 'Medical', 'Restaurant']; Conflicting Cities: ['Calcutta', 'Lucknow', 'Poona']"
MCH3488,Sarna-Ramaswamy,5699,Apparel,Private Limited,Kolkata,West Bengal,2025-12-10 17:02:29,XXXX7182,ACTIVE,1118.6,SINGLETON,1.0,1,No duplicates
MCH3489,Bahl-Bhavsar,4131,Transportation,Partnership,Delhi,Delhi,,XXXX6898,ACTIVE,908.03,SINGLETON,1.0,1,No duplicates
MCH3490,Sachdev-Din,5411,Grocery,Individual,Delhi,Delhi,2023-02-21 00:00:00,VNMY8994386086089,SUSPENDED,570.0,SINGLETON,1.0,1,No duplicates
MCH3491,"Chawla, Tella And Madan",,Telecom,Sole Proprietor,Lko,Uttar Pradesh,2025-05-23 00:00:00,,ACTIVE,1044.7,SINGLETON,1.0,1,No duplicates
MCH3497,"Gokhale, Parmer And Contractor",,Transportation,Individual,Jalandhar,Punjab,2023-11-03 21:39:51,,ACTIVE,403.24,SINGLETON,1.0,1,No duplicates
MCH3498,Agate And Sons,4814,Telecom,Individual,Chennai,Tamil Nadu,,,ACTIVE,1499.04,SINGLETON,1.0,1,No duplicates
MCH3499,"Mand, Munshi And Bali",5311,Department Store,Sole Proprietor,Chennai,Tamil Nadu,2026-02-01 00:00:00,,ACTIVE,1115.88,CONFLICTING_MERCHANT_RECORD,0.55,3,"Conflicting Names: ['Mand, Munshi And Bali', 'Gaba, Nanda And Pillay']; Conflicting Categories: ['Retail', 'Food']; Conflicting Cities: ['Chennai', 'Mumbai']"
MCH3501,Chandran-Tripathi,5999,Miscellaneous Retail,Private_Limited,Mumbai,Maharashtra,,1873775978,ACTIVE,1658.21,SINGLETON,1.0,1,No duplicates
MCH3502,"Bail, Sawhney And Majumdar",,Restaurant,Individual,Hyd,Telangana,2024-02-05 16:37:39,,ACTIVE,4792.39,SINGLETON,1.0,1,No duplicates
MCH3504,"Ram, Dora And Bhatti",5942,Books & Stationery,Individual,Pune,Maharashtra,2025-05-08 00:00:00,OOSJ0277155475198,INACTIVE,520.17,SINGLETON,1.0,1,No duplicates
MCH3506,Peri Group,7011,Hotel & Lodging,Individual,Bengaluru,Karnataka,,PINF7358781184682,ACTIVE,3808.09,SINGLETON,1.0,1,No duplicates
MCH3507,"Sundaram, Shan And Subramanian",7011,Hotel & Lodging,Individual,Amritsar,Punjab,2023-01-28 00:00:00,7115308153,ACTIVE,950.31,SINGLETON,1.0,1,No duplicates
MCH3508,Prabhu And Sons,4131,Transportation,Private_Limited,Delhi,Delhi,2024-07-26 00:00:00,,ACTIVE,1850.0,SINGLETON,1.0,1,No duplicates
MCH3509,Tandon-Thakur,5999,Miscellaneous Retail,Private Limited,Poona,Maharashtra,2024-03-27 19:41:52,TBRS8526244076916,ACTIVE,253.7,CONFLICTING_MERCHANT_RECORD,0.55,2,"Conflicting Names: ['Tandon-Thakur', 'Dara-Rajagopalan']; Conflicting Categories: ['Other', 'Pharmacies']; Conflicting Cities: ['Poona', 'Kolkata']"
MCH3510,Sankaran Inc,5699,Apparel,Individual,Hyderabad,Telangana,2026-02-18 00:00:00,9848495819,INACTIVE,2317.0,SINGLETON,1.0,1,No duplicates
MCH3511,"Konda, Venkatesh And Jha",5411,Grocery,Individual,Lucknow,Uttar Pradesh,2025-06-28 00:00:00,BGWP5416829581598,ACTIVE,,SINGLETON,1.0,1,No duplicates
MCH3512,"Bhatti, Khosla And Chhabra",,Telecom,Private_Limited,Amritsar,Punjab,2023-05-04 23:36:19,,ACTIVE,1112.0,SINGLETON,1.0,1,No duplicates
MCH3513,"Gade, Raghavan And Ben",5942,Books & Stationery,Individual,Chennai,Tamil Nadu,2024-07-21 08:51:00,EGJQ8131249829529,INACTIVE,1116.95,SINGLETON,1.0,1,No duplicates
MCH3518,Borah And Sons,4131,Transportation,Sole_Proprietor,Mumbay,Maharashtra,2026-02-06 15:51:00,GCBI5958315675126,ACTIVE,451.33,SINGLETON,1.0,1,No duplicates
MCH3520,Jhaveri And Sons,7011,Hotel & Lodging,Individual,Bangalore,Karnataka,2023-03-22 00:00:00,2637882357,ACTIVE,1231.0,CONFLICTING_MERCHANT_RECORD,0.55,2,"Conflicting Names: ['Jhaveri And Sons', 'Kannan, Bail And Sundaram']; Conflicting Categories: ['Hotel', 'Cloths']; Conflicting Cities: ['Bangalore', 'Ldh']"
MCH3523,"Khare, Radhakrishnan And Gala",5812,Restaurant,Individual,Jpr,Rajasthan,2025-12-04 00:00:00,,ACTIVE,577.79,SINGLETON,1.0,1,No duplicates
MCH3530,Dugar Plc,5699,Apparel,Individual,Ldh,Punjab,2024-10-08 01:53:00,,ACTIVE,,SINGLETON,1.0,1,No duplicates
MCH3533,Tiwari-Gulati,7011,Hotel & Lodging,Private Limited,Mumbai,Maharashtra,2025-10-07 00:00:00,SWEX6777199199579,ACTIVE,709.41,SINGLETON,1.0,1,No duplicates
MCH3535,Kaur Llc,7011,Hotel & Lodging,Individual,Ludhiana,Punjab,2023-04-22 12:53:03,XXXX4614,ACTIVE,438.79,CONFLICTING_MERCHANT_RECORD,0.55,2,"Conflicting Names: ['Mammen, Patla And Kala', 'Kaur Llc']; Conflicting Categories: ['Travel', 'Hotels']; Conflicting Cities: ['Jaipur', 'Ludhiana']"
MCH3536,"Chaudry, Halder And Kota",5812,Restaurant,Partnership,Jpr,Rajasthan,2023-11-05 00:00:00,UYBS8259834217447,INACTIVE,3533.21,CONFLICTING_MERCHANT_RECORD,0.55,2,"Conflicting Names: ['Shankar Group', 'Chaudry, Halder And Kota']; Conflicting Categories: ['Books', 'Food']; Conflicting Cities: ['Kolkata', 'Jpr']"
MCH3539,"Korpal, Nair And Chana",5699,Apparel,Sole-Proprietor,Mumbai,Maharashtra,2024-05-29 00:00:00,QRQK3185986773369,INACTIVE,2681.05,SINGLETON,1.0,1,No duplicates
MCH3541,"Srivastava, Tella And Konda",4814,Telecom,Private-Limited,Delhi,Delhi,2024-10-31 00:00:00,XXXX6960,ACTIVE,2341.43,FORMATTING_DUPLICATE,0.85,2,2 records with formatting variations consolidated
MCH3545,"Chacko, Oza And Jaggi",7011,Hotel & Lodging,Sole Proprietor,Hyd,Telangana,2023-09-30 00:00:00,,ACTIVE,867.82,SINGLETON,1.0,1,No duplicates
MCH3547,Ramanathan-Dada,5812,Restaurant,Private_Limited,Dilli,Delhi,2025-02-03 00:00:00,,ACTIVE,5262.6,SINGLETON,1.0,1,No duplicates
MCH3548,"Bhakta, Dhaliwal And Comar",4814,Telecom,Individual,Jpr,Rajasthan,,VZDR7391504338268,ACTIVE,1931.09,SINGLETON,1.0,1,No duplicates
MCH3549,Khalsa And Sons,5812,Restaurant,Individual,Amritsar,Punjab,2025-01-07 00:00:00,AXNC2296857054867,ACTIVE,1756.73,SINGLETON,1.0,1,No duplicates
MCH3551,"Chaudry, Toor And Lala",4814,Telecom,Sole_Proprietor,Bengaluru,Karnataka,2023-12-15 17:19:51,,ACTIVE,941.64,SINGLETON,1.0,1,No duplicates
MCH3552,"Morar, Ahuja And Ravel",5942,Books & Stationery,Sole_Proprietor,Pune,Maharashtra,2024-08-03 00:00:00,4264827743,ACTIVE,8846.0,SINGLETON,1.0,1,No duplicates
MCH3553,"Bajwa, Tata And Narula",5912,Pharmacy,Private-Limited,Lucknow,Uttar Pradesh,2023-01-02 19:20:00,7783034910,ACTIVE,1334.71,CONFLICTING_MERCHANT_RECORD,0.55,2,"Conflicting Names: ['Bajwa, Tata And Narula', 'Goda, Padmanabhan And Goswami']; Conflicting Categories: ['Medical_Store', 'Transportation']; Conflicting Cities: ['Lucknow', 'Jaipur']"
MCH3554,"Chowdhury, Mann And Mitter",4131,Transportation,Individual,Jalandhar,Punjab,2025-04-27 19:48:07,XXXX2146,ACTIVE,893.92,SINGLETON,1.0,1,No duplicates
MCH3555,Chaudhari-Dutta,5311,Department Store,Partnership,Calcutta,West Bengal,2023-03-31 00:00:00,FYRB6292482908836,ACTIVE,712.21,SINGLETON,1.0,1,No duplicates
MCH3556,Andra-Nagar,5999,Miscellaneous Retail,Sole Proprietor,Pune,Maharashtra,2025-05-04 18:43:19,,ACTIVE,1107.13,CONFLICTING_MERCHANT_RECORD,0.55,2,"Conflicting Names: ['Andra-Nagar', 'Sant, 0Ak And Jani']; Conflicting Categories: ['Misc Retail', 'Phone Service']; Conflicting Cities: ['Pune', 'Calcutta']"
MCH3558,"Bhattacharyya, Mahal And Setty",4131,Transportation,Partnership,Jaipur,Rajasthan,2023-07-28 00:00:00,7325110455,ACTIVE,4448.97,CONFLICTING_MERCHANT_RECORD,0.55,3,"Conflicting Names: ['Bhattacharyya, Mahal And Setty', 'Brahmbhatt-Peri', 'Balakrishnan Llc']; Conflicting Categories: ['Transprt', 'Hotels', 'Department Store']; Conflicting Cities: ['Jaipur', 'Poona', 'Bengaluru']"
MCH3559,Chokshi Inc,5812,Restaurant,Private_Limited,Bengaluru,Karnataka,2024-12-23 00:00:00,XXXX5330,ACTIVE,535.7,FORMATTING_DUPLICATE,0.85,2,2 records with formatting variations consolidated
MCH3561,Kumar Llc,5812,Restaurant,Partnership,Madras,Tamil Nadu,2025-10-18 00:00:00,9204267445,ACTIVE,715.0,CONFLICTING_MERCHANT_RECORD,0.55,2,"Conflicting Names: ['Kumar Llc', 'Keer, Natt And Kadakia']; Conflicting Categories: ['Food', 'Phone Service']; Conflicting Cities: ['Madras', 'Kolkata']"
MCH3563,Shan Inc,5912,Pharmacy,Sole-Proprietor,Bengaluru,Karnataka,2024-04-01 06:07:35,XXXX8095,ACTIVE,335.55,CONFLICTING_MERCHANT_RECORD,0.55,3,"Conflicting Names: ['Devi-Dasgupta', 'Dhar-Wable', 'Shan Inc']; Conflicting Categories: ['Bus/Taxi', 'Eating Place', 'Chemist']; Conflicting Cities: ['Jalandhar', 'Madras', 'Bengaluru']"
MCH3564,Chadha-Sarin,5812,Restaurant,Individual,Lko,Uttar Pradesh,2024-06-09 00:00:00,XXXX4527,ACTIVE,506.02,CONFLICTING_MERCHANT_RECORD,0.55,2,"Conflicting Names: ['Konda, Natarajan And Chawla', 'Chadha-Sarin']; Conflicting Categories: ['Misc Retail', 'Food_Services']; Conflicting Cities: ['Amritsar', 'Lko']"
MCH3567,Kala Ltd,4814,Telecom,Sole Proprietor,Amritsar,Punjab,2023-05-15 00:00:00,0120134197,ACTIVE,1794.62,CONFLICTING_MERCHANT_RECORD,0.55,3,"Conflicting Names: ['Kala Ltd', 'Ahuja, Mody And Radhakrishnan']; Conflicting Categories: ['Telecom', 'Grocery Stores']; Conflicting Cities: ['Amritsar', 'Lko']"
MCH3568,"Choudhury, Trivedi And Bhatnagar",5311,Department Store,Private Limited,Ludhiana,Punjab,2025-04-10 00:00:00,XXXX4927,ACTIVE,1208.3,SINGLETON,1.0,1,No duplicates
MCH3569,Choudhury-Prashad,5942,Books & Stationery,Sole_Proprietor,Lko,Uttar Pradesh,2025-02-17 00:00:00,,ACTIVE,1411.0,SINGLETON,1.0,1,No duplicates
MCH3570,Sura-Barman,5999,Miscellaneous Retail,Private Limited,Jalandhar,Punjab,2023-05-22 22:03:03,5640847872,INACTIVE,1099.0,SINGLETON,1.0,1,No duplicates
MCH3571,"Aurora, Kamdar And Vasa",5411,Grocery,Private Limited,Lko,Uttar Pradesh,2023-02-03 00:00:00,,ACTIVE,583.65,SINGLETON,1.0,1,No duplicates
MCH3572,Kohli Plc,,Transportation,Sole_Proprietor,Delhi,Delhi,2025-11-20 00:00:00,XXXX5864,ACTIVE,1042.66,CONFLICTING_MERCHANT_RECORD,0.55,2,"Conflicting Names: ['V0Hra, Chander And Padmanabhan', 'Kohli Plc']; Conflicting Categories: ['Eating Place', 'Travel']; Conflicting Cities: ['Hyderabad', 'Delhi']"
MCH3574,Sodhi-Shan,4131,Transportation,Partnership,Poona,Maharashtra,2025-05-31 00:00:00,YFPD1472473488670,INACTIVE,4407.0,SINGLETON,1.0,1,No duplicates
MCH3577,"Ratta, Mane And Kapadia",5812,Restaurant,Individual,Amritsar,Punjab,,XXXX9384,ACTIVE,1820.36,CONFLICTING_MERCHANT_RECORD,0.55,2,"Conflicting Names: ['Ratta, Mane And Kapadia', 'Dhawan, Bobal And Vala']; Conflicting Categories: ['Restaurant', 'Books_Stationery']; Conflicting Cities: ['Amritsar', 'Lucknow']"
MCH3578,"Badal, Gopal And Walla",4131,Transportation,Individual,Amritsar,Punjab,2024-05-19 20:33:00,CBPY2495238962575,ACTIVE,14795.0,SINGLETON,1.0,1,No duplicates
MCH3581,"Chadha, Sankaran And Pau",5699,Apparel,Partnership,Kolkata,West Bengal,2024-05-07 00:00:00,,ACTIVE,,SINGLETON,1.0,1,No duplicates
MCH3586,Dayal-Nagar,,Miscellaneous Retail,Partnership,Hyd,Telangana,2026-01-28 00:00:00,1143347480,ACTIVE,2093.13,CONFLICTING_MERCHANT_RECORD,0.55,2,"Conflicting Names: ['Dayal-Nagar', 'Ghose, Ganesh And Edwin']; Conflicting Categories: ['Pharmacies', 'Telecom']; Conflicting Cities: ['Hyd', 'Kolkata']"
MCH3587,Sagar-Raval,7011,Hotel & Lodging,Partnership,Jalandar,Punjab,2024-07-31 00:00:00,,ACTIVE,1064.25,FORMATTING_DUPLICATE,0.85,2,2 records with formatting variations consolidated
MCH3591,"Panchal, Balasubramanian And Dey",5942,Books & Stationery,Private_Limited,Kolkata,West Bengal,2025-03-15 00:00:00,9832386733,ACTIVE,2193.61,SINGLETON,1.0,1,No duplicates
MCH3592,"Sem, Chandran And Dara",5999,Miscellaneous Retail,Sole-Proprietor,Dilli,Delhi,2023-11-15 09:32:00,8281028913,INACTIVE,1166.62,SINGLETON,1.0,1,No duplicates
MCH3593,"Kara,Brarandapte",4814,Telecom,Private_Limited,Mumbai,Maharashtra,2023-12-04 15:44:19,,ACTIVE,474.6,FORMATTING_DUPLICATE,0.85,2,2 records with formatting variations consolidated
MCH3594,Khalsa Inc,5999,Miscellaneous Retail,Partnership,Chennai,Tamil Nadu,,7162144056,ACTIVE,381.0,CONFLICTING_MERCHANT_RECORD,0.55,2,"Conflicting Names: ['Khalsa Inc', 'Om-Tiwari']; Conflicting Categories: ['Misc Retail', 'Bus/Taxi']; Conflicting Cities: ['Chennai', 'Poona']"
MCH3595,"Srivastava, Merchant And Kota",5311,Department Store,Private-Limited,Ludhiana,Punjab,2025-01-03 13:32:00,3018831600,INACTIVE,1153.0,SINGLETON,1.0,1,No duplicates
MCH3596,Choudhry Ltd,4131,Transportation,Private-Limited,Lucknow,Uttar Pradesh,2024-11-11 00:00:00,NDFD6315987877623,ACTIVE,311.69,CONFLICTING_MERCHANT_RECORD,0.55,2,"Conflicting Names: ['S01Anki, Singha1 And S0Man', 'Choudhry Ltd']; Conflicting Categories: ['Apparel', 'Transport']; Conflicting Cities: ['Jpr', 'Lucknow']"
MCH3598,Kapur-Sahni,4814,Telecom,Private Limited,Bangalore,Karnataka,2024-12-07 15:58:25,0759983753,ACTIVE,7252.05,SINGLETON,1.0,1,No duplicates
MCH3600,Bhat-Naik,5999,Miscellaneous Retail,Private-Limited,Asr,Punjab,,0307550331,ACTIVE,3889.22,CONFLICTING_MERCHANT_RECORD,0.55,2,"Conflicting Names: ['Gole And Sons', 'Bhat-Naik']; Conflicting Categories: ['Transport', 'Retail Other']; Conflicting Cities: ['Delhi', 'Asr']"
MCH3601,Deshpande-Nigam,4131,Transportation,Partnership,Bengaluru,Karnataka,2024-12-06 06:21:00,7464108463,ACTIVE,2765.11,CONFLICTING_MERCHANT_RECORD,0.55,2,"Conflicting Names: ['Lanka Inc', 'Deshpande-Nigam']; Conflicting Categories: ['Book Store', 'Transport']; Conflicting Cities: ['Pune', 'Bengaluru']"
MCH3602,"Panchal, Karpe And Bhatti",7011,Hotel & Lodging,Partnership,Asr,Punjab,2023-08-29 00:00:00,NJWF8221387776765,ACTIVE,754.95,SINGLETON,1.0,1,No duplicates
MCH3604,"Shetty, Bali And Sama",5411,Grocery,Partnership,Ludhiana,Punjab,2023-01-04 01:07:44,IQHJ3383226507557,ACTIVE,394.0,CONFLICTING_MERCHANT_RECORD,0.55,3,"Conflicting Names: ['Shetty, Bali And Sama', 'Dara-Borde']; Conflicting Categories: ['Groceries', 'Stationery']; Conflicting Cities: ['Ludhiana', 'Ldh']"
MCH3605,Bhasin Ltd,4131,Transportation,Partnership,Ldh,Punjab,2023-11-15 00:00:00,,ACTIVE,1858.98,SINGLETON,1.0,1,No duplicates
MCH3607,Va1A-D0Ra,5812,Restaurant,Individual,Ldh,Punjab,2024-11-09 00:00:00,,ACTIVE,1953.09,SINGLETON,1.0,1,No duplicates
MCH3608,"Raj, Sarin And Sibal",4814,Telecom,Partnership,Jpr,Rajasthan,2024-12-08 00:00:00,XXXX8045,INACTIVE,1956.65,SINGLETON,1.0,1,No duplicates
MCH3610,"Deo, Krish And Lanka",5699,Apparel,Private_Limited,Madras,Tamil Nadu,2025-01-07 11:18:09,3505089399,ACTIVE,,CONFLICTING_MERCHANT_RECORD,0.55,2,"Conflicting Names: ['Khanna-Goswami', 'Deo, Krish And Lanka']; Conflicting Categories: ['Telecom', 'Apparel']; Conflicting Cities: ['Amritsar', 'Madras']"
MCH3611,"Ratti, Sunder And Kapoor",4131,Transportation,Private-Limited,Blr,Karnataka,,XXXX2260,ACTIVE,787.19,SINGLETON,1.0,1,No duplicates
MCH3612,Vaidya-Arya,5311,Department Store,Private Limited,Kolkata,West Bengal,2023-09-01 00:00:00,UOBK5661273202199,ACTIVE,695.7,CONFLICTING_MERCHANT_RECORD,0.55,5,"Conflicting Names: ['Vaidya-Arya', 'Lal Inc', 'Kala Inc', 'Dara-Rama', 'Manne, Dutt And Sah0Ta']; Conflicting Categories: ['Retail', 'Mobile Recharge', 'Restaurant', 'Book Store', 'Hotels']; Conflicting Cities: ['Kolkata', 'Poona', 'Mumbai', 'Delhi', 'Jaipur']"
MCH3613,Lad-Chacko,4814,Telecom,Private_Limited,Jaipur,Rajasthan,2025-04-02 00:00:00,XXXX9897,ACTIVE,466.16,SINGLETON,1.0,1,No duplicates
MCH3614,Morar-Sundaram,5812,Restaurant,Individual,Mumbai,Maharashtra,2023-08-09 00:00:00,XXXX5060,ACTIVE,1484.85,SINGLETON,1.0,1,No duplicates
MCH3616,Dua Group,5942,Books & Stationery,Private-Limited,Lko,Uttar Pradesh,2026-02-24 20:51:00,CYIZ1339742109891,ACTIVE,,CONFLICTING_MERCHANT_RECORD,0.55,4,"Conflicting Names: ['Dua Group', 'Comar, Munshi And Kakar', 'Bakshi Group', 'Trivedi-Ramachandran']; Conflicting Categories: ['Book Store', 'Department Stores', 'Travel', 'Grocery_Store']; Conflicting Cities: ['Lko', 'Asr', 'Hyderabad', 'Jalandhar']"
MCH3618,"Narang, Atwal And Merchant",,Pharmacy,Sole_Proprietor,Mumbai,Maharashtra,2023-07-25 00:00:00,LZII0053942814377,ACTIVE,1728.22,FORMATTING_DUPLICATE,0.85,2,2 records with formatting variations consolidated
MCH3619,"Mody, Sami And Batta",5999,Miscellaneous Retail,Sole_Proprietor,Kolkata,West Bengal,2026-01-27 07:14:00,7469875023,INACTIVE,3456.23,SINGLETON,1.0,1,No duplicates
MCH3625,Singhal Ltd,5812,Restaurant,Sole_Proprietor,Mumbai,Maharashtra,2025-10-28 12:02:57,XXXX0908,ACTIVE,10079.36,CONFLICTING_MERCHANT_RECORD,0.55,2,"Conflicting Names: ['Lall Inc', 'Singhal Ltd']; Conflicting Categories: ['Fashion', 'Restaurants']; Conflicting Cities: ['Kolkata', 'Mumbai']"
MCH3627,"Chandra, Venkataraman And Palla",5912,Pharmacy,Sole Proprietor,Jpr,Rajasthan,2025-10-09 00:00:00,1981451941,ACTIVE,379.66,SINGLETON,1.0,1,No duplicates
MCH3628,Mitra Ltd,5699,Apparel,Sole_Proprietor,Delhi,Delhi,2023-08-05 00:00:00,,ACTIVE,3214.64,SINGLETON,1.0,1,No duplicates
MCH3630,Chacko Ltd,5812,Restaurant,Partnership,Mumbai,Maharashtra,2023-06-11 00:00:00,,INACTIVE,2433.39,SINGLETON,1.0,1,No duplicates
MCH3637,"Lalla, Deep And Sama",5699,Apparel,Individual,Poona,Maharashtra,2023-05-27 00:00:00,GKWZ9818461335290,ACTIVE,560.03,CONFLICTING_MERCHANT_RECORD,0.55,2,"Conflicting Names: ['Pai-Parikh', 'Lalla, Deep And Sama']; Conflicting Categories: ['Eating Place', 'Fashion']; Conflicting Cities: ['Hyderabad', 'Poona']"
MCH3640,Parikh-Raghavan,7011,Hotel & Lodging,Sole_Proprietor,Hyderabad,Telangana,2023-04-11 22:07:00,0058678829,ACTIVE,400.1,SINGLETON,1.0,1,No duplicates
MCH3641,"Khurana, Barman And Suresh",5699,Apparel,Individual,Delhi,Delhi,2025-08-06 08:41:00,XXXX0826,ACTIVE,2224.44,SINGLETON,1.0,1,No duplicates
MCH3642,Prabhu-Pai,5411,Grocery,Sole_Proprietor,Calcutta,West Bengal,2025-11-24 00:00:00,,ACTIVE,3223.63,SINGLETON,1.0,1,No duplicates
MCH3649,"Jain, Sama And Sarma",5999,Miscellaneous Retail,Partnership,Mumbai,Maharashtra,2025-06-08 21:51:00,XXXX8840,ACTIVE,671.85,SINGLETON,1.0,1,No duplicates
MCH3652,Varghese Plc,,Miscellaneous Retail,Partnership,Ldh,Punjab,,,ACTIVE,2254.0,SINGLETON,1.0,1,No duplicates
MCH3654,Ganesan Ltd,5812,Restaurant,Sole_Proprietor,Jalandhar,Punjab,2024-02-11 00:00:00,XXXX6762,ACTIVE,286.1,SINGLETON,1.0,1,No duplicates
MCH3655,Batra Llc,5912,Pharmacy,Sole_Proprietor,Poona,Maharashtra,2024-08-17 00:00:00,,ACTIVE,528.59,SINGLETON,1.0,1,No duplicates
MCH3656,"Sani, Rajagopalan And Sachar",5411,Grocery,Individual,Chennai,Tamil Nadu,2024-11-26 00:00:00,EFFS9159320721097,ACTIVE,901.19,CONFLICTING_MERCHANT_RECORD,0.55,3,"Conflicting Names: ['Sani, Rajagopalan And Sachar', 'Kurian-Chad', 'Agrawal Ltd']; Conflicting Categories: ['Grocery Stores', 'Restaurant', 'Telecom']; Conflicting Cities: ['Chennai', 'Calcutta', 'Ludhiana']"
MCH3659,Rege-Raja,5942,Books & Stationery,Individual,Amritsar,Punjab,2024-12-27 00:00:00,XXXX6878,ACTIVE,2311.5,CONFLICTING_MERCHANT_RECORD,0.55,6,"Conflicting Names: ['Tandon Plc', 'Rege-Raja', 'Samra Inc', 'Ch0Udhary-Sama', 'Kashyap Llc']; Conflicting Categories: ['Kirana', 'Stationery', 'Restaurants', 'Pharmacies', 'Bus/Taxi']; Conflicting Cities: ['Lko', 'Amritsar', 'Madras', 'Chennai', 'Poona']"
MCH3661,"Deshmukh, Patla And Goel",4131,Transportation,Individual,Ludhiana,Punjab,2023-11-17 00:00:00,XXXX0412,SUSPENDED,1439.0,CONFLICTING_MERCHANT_RECORD,0.55,2,"Conflicting Names: ['Deshmukh, Patla And Goel', 'Tak, Sandhu And Baria']; Conflicting Categories: ['Transportation', 'Dept_Store']; Conflicting Cities: ['Ludhiana', 'Bengaluru']"
MCH3662,"Mand, Walia And Bhalla",5411,Grocery,Private-Limited,Chennai,Tamil Nadu,2023-04-08 17:49:00,KFML5342009384721,ACTIVE,677.63,CONFLICTING_MERCHANT_RECORD,0.55,4,"Conflicting Names: ['Dalal-Arora', 'Mand, Walia And Bhalla', 'Banerjee Llc', 'Dey Llc']; Conflicting Categories: ['Telecom', 'Grocery', 'Apparel', 'Misc Retail']; Conflicting Cities: ['Kolkata', 'Chennai', 'Hyderabad', 'Calcutta']"
MCH3663,Saini-Gaba,5699,Apparel,Sole_Proprietor,Jaipur,Rajasthan,2025-02-03 00:00:00,,ACTIVE,377.05,CONFLICTING_MERCHANT_RECORD,0.55,2,"Conflicting Names: ['Saini-Gaba', 'Kunda-Chaudhuri']; Conflicting Categories: ['Clothing', 'Hospitality']"
MCH3666,Gera-Ranganathan,4131,Transportation,Partnership,Jaipur,Rajasthan,2023-04-12 00:00:00,,ACTIVE,243.55,SINGLETON,1.0,1,No duplicates
MCH3668,Pandey-Uppal,4131,Transportation,Sole-Proprietor,Pune,Maharashtra,2024-09-03 18:09:51,XXXX9816,ACTIVE,795.26,SINGLETON,1.0,1,No duplicates
MCH3669,"Dutta, Banerjee And Saini",5999,Miscellaneous Retail,Private Limited,Lucknow,Uttar Pradesh,2024-09-03 00:00:00,9041253658,ACTIVE,2883.4,SINGLETON,1.0,1,No duplicates
MCH3671,"Vala, Dhar And Wason",5912,Pharmacy,Individual,Chennai,Tamil Nadu,,,ACTIVE,2167.0,SINGLETON,1.0,1,No duplicates
MCH3672,"Ray, Radhakrishnan And Parmar",7011,Hotel & Lodging,Private_Limited,Lucknow,Uttar Pradesh,2024-11-30 20:09:36,GKAL4059180951446,ACTIVE,801.35,CONFLICTING_MERCHANT_RECORD,0.55,2,"Conflicting Names: ['Ray, Radhakrishnan And Parmar', 'Ramaswamy Plc']; Conflicting Categories: ['Hotel_Lodging', 'Books']; Conflicting Cities: ['Lucknow', 'Calcutta']"
MCH3674,Wason And Sons,5812,Restaurant,Individual,Delhi,Delhi,2025-07-19 21:11:25,6823891084,ACTIVE,582.77,SINGLETON,1.0,1,No duplicates
MCH3675,Grewal And Sons,4814,Telecom,Private-Limited,Pune,Maharashtra,2025-10-19 00:00:00,YCGE0713459513460,INACTIVE,263.38,CONFLICTING_MERCHANT_RECORD,0.55,2,"Conflicting Names: ['Grewal And Sons', 'Soman Llc']; Conflicting Categories: ['Phone Service', 'Miscellaneous']; Conflicting Cities: ['Pune', 'Hyderabad']"
MCH3677,Toor And Sons,5912,Pharmacy,Sole_Proprietor,Amritsar,Punjab,2025-03-03 06:28:03,XXXX6857,ACTIVE,4703.03,CONFLICTING_MERCHANT_RECORD,0.55,2,"Conflicting Names: ['Choudhury-Radhakrishnan', 'Toor And Sons']; Conflicting Categories: ['Hotel_Lodging', 'Medical_Store']; Conflicting Cities: ['Jalandhar', 'Amritsar']"
MCH3678,"Ramanathan, Oza And Aggarwal",5699,Apparel,Partnership,Jalandhar,Punjab,2023-04-03 10:00:00,9191196267,ACTIVE,1617.86,SINGLETON,1.0,1,No duplicates
MCH3679,Kumer Llc,4814,Telecom,Private-Limited,Hyd,Telangana,2025-12-15 00:00:00,1741377762,ACTIVE,587.47,SINGLETON,1.0,1,No duplicates
MCH3680,Pradhan Ltd,4131,Transportation,Private-Limited,Hyderabad,Telangana,2025-11-22 00:00:00,HAKD1990878179577,ACTIVE,519.26,CONFLICTING_MERCHANT_RECORD,0.55,2,"Conflicting Names: ['Gala And Sons', 'Pradhan Ltd']; Conflicting Categories: ['Transportation', 'Travel']; Conflicting Cities: ['Dilli', 'Hyderabad']"
MCH3682,"Dash, Kashyap And Goda",5311,Department Store,Private_Limited,Amritsar,Punjab,2025-12-01 18:10:00,UMOT0203540180050,INACTIVE,1702.0,CONFLICTING_MERCHANT_RECORD,0.55,2,"Conflicting Names: ['Dash, Kashyap And Goda', 'Upadhyay, Soni And Dhawan']; Conflicting Categories: ['Department Stores', 'Transprt']; Conflicting Cities: ['Amritsar', 'Chennai']"
MCH3683,Mander Group,5411,Grocery,Individual,Mumbai,Maharashtra,2023-10-09 00:00:00,3019047562,ACTIVE,4247.99,SINGLETON,1.0,1,No duplicates
MCH3684,Chahal-Reddy,,Grocery,Partnership,Delhi,Delhi,,,ACTIVE,629.48,SINGLETON,1.0,1,No duplicates
MCH3686,Prasad Inc,5812,Restaurant,Sole-Proprietor,Mumbai,Maharashtra,2024-09-04 03:46:00,GHWB3739951927219,ACTIVE,1179.14,SINGLETON,1.0,1,No duplicates
MCH3688,"Nayak, Brar And Sahni",4814,Telecom,Individual,Madras,Tamil Nadu,2025-08-20 00:00:00,,SUSPENDED,2787.88,SINGLETON,1.0,1,No duplicates
MCH3689,"Palla, Gara And Malhotra",5942,Books & Stationery,Partnership,Bengaluru,Karnataka,2025-02-04 00:00:00,JSVI9099789537273,INACTIVE,1319.27,SINGLETON,1.0,1,No duplicates
MCH3690,Aurora Inc,4131,Transportation,Partnership,Blr,Karnataka,2025-04-26 00:00:00,XXXX3060,ACTIVE,915.55,SINGLETON,1.0,1,No duplicates
MCH3693,"Rajagopal, Savant And Ganesan",4814,Telecom,Individual,Jalandhar,Punjab,2025-02-26 00:00:00,XXXX6831,ACTIVE,893.17,SINGLETON,1.0,1,No duplicates
MCH3694,"Date, Naidu And Raja",5912,Pharmacy,Partnership,Jalandhar,Punjab,2024-11-22 04:13:38,GPTO7610757270352,ACTIVE,4933.54,SINGLETON,1.0,1,No duplicates
MCH3696,"Pandya, Maharaj And Sundaram",5942,Books & Stationery,Individual,Poona,Maharashtra,2025-08-07 00:00:00,,SUSPENDED,416.04,SINGLETON,1.0,1,No duplicates
MCH3697,Cherian Llc,7011,Hotel & Lodging,Individual,Madras,Tamil Nadu,2023-11-04 13:30:00,,ACTIVE,2525.65,SINGLETON,1.0,1,No duplicates
MCH3698,"Prashad, Viswanathan And Sama",5311,Department Store,Partnership,Amritsar,Punjab,2026-02-09 00:00:00,,ACTIVE,514.0,CONFLICTING_MERCHANT_RECORD,0.55,2,"Conflicting Names: ['Prashad, Viswanathan And Sama', 'Khanna-Bail']; Conflicting Categories: ['Retail', 'Medical']; Conflicting Cities: ['Amritsar', 'Lucknow']"
MCH3699,Lal Ltd,5999,Miscellaneous Retail,Private Limited,Jaipur,Rajasthan,2023-06-25 06:53:54,MSXL7767787846316,ACTIVE,479.97,CONFLICTING_MERCHANT_RECORD,0.55,2,"Conflicting Names: ['Borra And Sons', 'Lal Ltd']; Conflicting Categories: ['Stationery', 'Other']; Conflicting Cities: ['Poona', 'Jaipur']"
MCH3700,"Sinha, Purohit And Shetty",5912,Pharmacy,Individual,Bengaluru,Karnataka,2025-04-01 00:00:00,2727095091,INACTIVE,1238.03,CONFLICTING_MERCHANT_RECORD,0.55,2,"Conflicting Names: ['Nath-Chakrabarti', 'Sinha, Purohit And Shetty']; Conflicting Categories: ['Food_Services', 'Chemist']; Conflicting Cities: ['Chennai', 'Bengaluru']"
MCH3701,Mand-Bhat,5999,Miscellaneous Retail,Sole-Proprietor,Lko,Uttar Pradesh,2024-05-07 00:00:00,3078444164,INACTIVE,231.29,SINGLETON,1.0,1,No duplicates
MCH3703,Khatri-Shuk1A,5812,Restaurant,Private_Limited,Jalandar,Punjab,,,SUSPENDED,3523.05,SINGLETON,1.0,1,No duplicates
MCH3705,"Prakash, Korpal And Narasimhan",5812,Restaurant,Sole-Proprietor,Jpr,Rajasthan,2025-11-10 00:00:00,,ACTIVE,753.96,CONFLICTING_MERCHANT_RECORD,0.55,2,"Conflicting Names: ['Prakash, Korpal And Narasimhan', 'Vig Ltd']; Conflicting Categories: ['Eating Place', 'Stationery']; Conflicting Cities: ['Jpr', 'Chennai']"
MCH3712,Narain-Vaidya,7011,Hotel & Lodging,Individual,Hyderabad,Telangana,2025-07-05 00:23:00,PUJI3728932216325,ACTIVE,333.0,SINGLETON,1.0,1,No duplicates
MCH3715,Bansal Inc,5942,Books & Stationery,Individual,Lucknow,Uttar Pradesh,2024-11-27 00:00:00,,SUSPENDED,2025.81,SINGLETON,1.0,1,No duplicates
MCH3718,"S0M, Barman And Bhavsar",5411,Grocery,Sole_Proprietor,Pune,Maharashtra,,2345441898,ACTIVE,312.19,SINGLETON,1.0,1,No duplicates
MCH3720,"Bedi, Sanghvi And Balakrishnan",5411,Grocery,Individual,New Delhi,Delhi,2024-04-14 08:30:13,ECCR6940813795514,ACTIVE,610.0,SINGLETON,1.0,1,No duplicates
MCH3722,Jhaveri Ltd,5912,Pharmacy,Private_Limited,Ludhiana,Punjab,2024-06-29 00:00:00,6603889131,ACTIVE,4309.0,CONFLICTING_MERCHANT_RECORD,0.55,3,"Conflicting Names: ['Upadhyay-Issac', 'Ben, Dhingra And Garde', 'Jhaveri Ltd']; Conflicting Categories: ['Other', 'Books', 'Pharmacies']; Conflicting Cities: ['Asr', 'Delhi', 'Ludhiana']"
MCH3723,Wagle-Dugar,5411,Grocery,Individual,Bengaluru,Karnataka,2023-05-31 00:00:00,0970612973,ACTIVE,1906.51,SINGLETON,1.0,1,No duplicates
MCH3725,Balan Inc,5912,Pharmacy,Sole_Proprietor,Calcutta,West Bengal,2024-10-04 18:42:00,XXXX4682,ACTIVE,2579.6,CONFLICTING_MERCHANT_RECORD,0.55,2,"Conflicting Names: ['Balan Inc', 'Puri Plc']; Conflicting Categories: ['Medical', 'Restaurants']; Conflicting Cities: ['Calcutta', 'Amritsar']"
MCH3726,Varughese Plc,4814,Telecom,Individual,Lucknow,Uttar Pradesh,2024-11-13 08:40:19,,ACTIVE,3572.06,SINGLETON,1.0,1,No duplicates
MCH3732,"Bhat, Sarin And Wag1E",,Hotel & Lodging,Sole-Proprietor,Lucknow,Uttar Pradesh,2025-06-23 19:32:43,,ACTIVE,604.0,SINGLETON,1.0,1,No duplicates
MCH3733,Ramakrishnan-Chaudhuri,7011,Hotel & Lodging,Sole_Proprietor,Amritsar,Punjab,2025-03-15 00:00:00,,ACTIVE,1213.25,SINGLETON,1.0,1,No duplicates
MCH3736,"Morar, Roy And Bali",,Grocery,Private Limited,Ludhiana,Punjab,2023-05-18 00:00:00,1010746003,ACTIVE,1684.27,CONFLICTING_MERCHANT_RECORD,0.55,4,"Conflicting Names: ['Chanda, Bandi And Pandya', 'Morar, Roy And Bali', 'Goyal-Thakur']; Conflicting Categories: ['Telecom', 'Kirana']; Conflicting Cities: ['Hyderabad', 'Ludhiana', 'Bangalore']"
MCH3737,Raval-Kurian,5812,Restaurant,Individual,Bombay,Maharashtra,2026-01-23 00:00:00,,ACTIVE,352.99,SINGLETON,1.0,1,No duplicates
MCH3739,Murty Ltd,5311,Department Store,Private_Limited,Madras,Tamil Nadu,2025-09-15 00:00:00,XXXX2052,ACTIVE,571.15,SINGLETON,1.0,1,No duplicates
MCH3742,"Mall, Sarma And Merchant",5999,Miscellaneous Retail,Partnership,Jalandhar,Punjab,2025-06-19 08:34:00,,ACTIVE,330.87,SINGLETON,1.0,1,No duplicates
MCH3743,Doctor Ltd,5912,Pharmacy,Sole_Proprietor,Hyd,Telangana,2023-01-16 20:06:00,BRVO9557812490695,ACTIVE,12417.3,SINGLETON,1.0,1,No duplicates
MCH3748,Bedi-Cherian,5311,Department Store,Individual,Mumbay,Maharashtra,2025-03-19 00:00:00,XXXX2002,SUSPENDED,1343.58,SINGLETON,1.0,1,No duplicates
MCH3753,"Raj, Gole And Bansal",5411,Grocery,Private Limited,Jalandhar,Punjab,2024-12-02 00:00:00,XXXX3925,ACTIVE,2699.51,CONFLICTING_MERCHANT_RECORD,0.55,3,"Conflicting Names: ['Raj, Gole And Bansal', 'Kala Ltd', 'Vohra-Din']; Conflicting Categories: ['Grocery Stores', 'Mobile Recharge', 'Clothing']; Conflicting Cities: ['Jalandhar', 'Kolkata', 'Calcutta']"
MCH3754,Dugal-Chawla,5812,Restaurant,Partnership,Calcutta,West Bengal,2025-01-18 00:00:00,MIWY6996336112119,ACTIVE,581.93,SINGLETON,1.0,1,No duplicates
MCH3755,Hayer And Sons,5812,Restaurant,Private_Limited,Poona,Maharashtra,2025-08-02 17:59:03,1710186455,ACTIVE,1098.64,SINGLETON,1.0,1,No duplicates
MCH3757,Chokshi Plc,4814,Telecom,Private Limited,Jaipur,Rajasthan,2025-10-23 10:04:00,KUIQ2748561079701,ACTIVE,2492.69,SINGLETON,1.0,1,No duplicates
MCH3758,Dube Ltd,5999,Miscellaneous Retail,Sole Proprietor,Delhi,Delhi,2023-09-10 22:18:52,7052831071,ACTIVE,1607.42,SINGLETON,1.0,1,No duplicates
MCH3760,Das-Ahuja,5812,Restaurant,Sole_Proprietor,Lucknow,Uttar Pradesh,2023-01-13 00:00:00,QOFI2681256583657,ACTIVE,755.0,SINGLETON,1.0,1,No duplicates
MCH3761,"Bal,Mittalandprabhakar",5999,Miscellaneous Retail,Private_Limited,Poona,Maharashtra,2025-06-11 00:00:00,,ACTIVE,6900.33,SINGLETON,1.0,1,No duplicates
MCH3764,Tandon And Sons,5912,Pharmacy,Partnership,Mumbai,Maharashtra,2025-12-30 00:00:00,,ACTIVE,3428.0,SINGLETON,1.0,1,No duplicates
MCH3765,Mohanty Llc,5311,Department Store,Partnership,Hyderabad,Telangana,2023-06-20 05:11:20,0770998127,ACTIVE,1911.75,SINGLETON,1.0,1,No duplicates
MCH3771,Bumb Inc,5999,Miscellaneous Retail,Partnership,Lko,Uttar Pradesh,2024-11-06 00:00:00,,ACTIVE,2602.75,SINGLETON,1.0,1,No duplicates
MCH3776,"Kapadia, Sathe And Shenoy",5311,Department Store,Partnership,Delhi,Delhi,,2896927884,ACTIVE,1854.99,SINGLETON,1.0,1,No duplicates
MCH3778,Karnik Inc,5912,Pharmacy,Sole_Proprietor,Jaipur,Rajasthan,,2560479060,INACTIVE,1211.0,CONFLICTING_MERCHANT_RECORD,0.55,2,"Conflicting Names: ['Karnik Inc', 'Bhagat, Sama And Murthy']; Conflicting Categories: ['Pharmacies', 'Phone Service']; Conflicting Cities: ['Jaipur', 'Amritsar']"
MCH3779,Aggarwal-Hans,5311,Department Store,Private_Limited,Calcutta,West Bengal,2024-12-04 08:30:32,VKLU5024337304270,ACTIVE,1502.01,SINGLETON,1.0,1,No duplicates
MCH3780,Hegde Group,5311,Department Store,Private_Limited,Lucknow,Uttar Pradesh,2026-02-27 20:38:00,XXXX3079,ACTIVE,315.62,CONFLICTING_MERCHANT_RECORD,0.55,3,"Conflicting Names: ['Hegde Group', 'Dass, Bath And Halder']; Conflicting Categories: ['Dept_Store', 'Department Stores']; Conflicting Cities: ['Lucknow', 'Madras']"
MCH3786,Ratta-Bhasin,5999,Miscellaneous Retail,Partnership,Bengaluru,Karnataka,2023-08-22 00:00:00,,ACTIVE,1037.97,SINGLETON,1.0,1,No duplicates
MCH3787,"Boase, Mand And Khatri",5411,Grocery,Partnership,Pune,Maharashtra,2025-03-21 00:49:00,4292433603,ACTIVE,1436.68,CONFLICTING_MERCHANT_RECORD,0.55,2,"Conflicting Names: ['Rajan-Swaminathan', 'Boase, Mand And Khatri']; Conflicting Categories: ['Hotels', 'Kirana']; Conflicting Cities: ['Kolkata', 'Pune']"
MCH3788,Bhargava And Sons,4131,Transportation,Partnership,Bengaluru,Karnataka,2025-12-18 00:00:00,SFPS7075877461991,ACTIVE,2495.65,CONFLICTING_MERCHANT_RECORD,0.55,4,"Conflicting Names: ['Divan, Kadakia And Kuruvilla', 'Kuruvilla Ltd', 'Bhargava And Sons']; Conflicting Categories: ['Retail', 'Grocery Stores', 'Bus/Taxi']; Conflicting Cities: ['Chennai', 'Hyderabad', 'Bengaluru']"
MCH3793,"Sankar, Parsa And Shere",7011,Hotel & Lodging,Sole_Proprietor,Ludhiana,Punjab,2025-03-30 00:00:00,3431564371,ACTIVE,6906.85,SINGLETON,1.0,1,No duplicates
MCH3795,Sinha-Ramesh,4814,Telecom,Partnership,Hyderabad,Telangana,2024-06-19 00:00:00,XXXX9092,ACTIVE,1083.1,SINGLETON,1.0,1,No duplicates
MCH3796,Mani-Saha,,Restaurant,Individual,Chennai,Tamil Nadu,2023-08-06 00:00:00,GQAE5409560780073,ACTIVE,860.72,CONFLICTING_MERCHANT_RECORD,0.55,2,"Conflicting Names: ['Mani-Saha', 'Swaminathan Ltd']; Conflicting Categories: ['Food', 'Cloths']; Conflicting Cities: ['Chennai', 'Poona']"
MCH3797,"Dhaliwal, Parekh And Dey",7011,Hotel & Lodging,Partnership,Jalandhar,Punjab,2024-11-02 00:00:00,XXXX1096,SUSPENDED,,SINGLETON,1.0,1,No duplicates
MCH3801,"Arya, Sachar And Khanna",5912,Pharmacy,Partnership,Blr,Karnataka,2024-01-03 13:59:47,XXXX2457,SUSPENDED,639.86,SINGLETON,1.0,1,No duplicates
MCH3803,"Tara, Wali And Sachdev",5942,Books & Stationery,Individual,Lucknow,Uttar Pradesh,2025-10-14 23:06:00,,ACTIVE,2461.72,SINGLETON,1.0,1,No duplicates
MCH3804,"Pingle, Choudhry And Sastry",5942,Books & Stationery,Sole_Proprietor,Delhi,Delhi,2025-10-13 00:00:00,,ACTIVE,729.5,SINGLETON,1.0,1,No duplicates
MCH3805,Issac-Munshi,5999,Miscellaneous Retail,Private Limited,Bengaluru,Karnataka,2023-02-19 00:00:00,2364539164,ACTIVE,7651.0,SINGLETON,1.0,1,No duplicates
MCH3806,Parmerllc,5411,Grocery,Sole_Proprietor,Jpr,Rajasthan,2024-11-04 00:00:00,6810844450,ACTIVE,1939.0,CONFLICTING_MERCHANT_RECORD,0.55,2,"Conflicting Names: ['Parmerllc', 'Thakkar-Kara']; Conflicting Categories: ['Kirana', 'Books']; Conflicting Cities: ['Jpr', 'Jaipur']"
MCH3810,Mallick-Lall,5411,Grocery,Private Limited,Lucknow,Uttar Pradesh,2025-12-07 00:00:00,XXXX7137,SUSPENDED,630.92,SINGLETON,1.0,1,No duplicates
MCH3811,"Bhat, Anand And Bakshi",,Hotel & Lodging,Individual,Bengaluru,Karnataka,,4680162216,ACTIVE,563.14,SINGLETON,1.0,1,No duplicates
MCH3817,Subramanian Group,5311,Department Store,Sole Proprietor,Ludhiana,Punjab,,XXXX6376,ACTIVE,3916.72,SINGLETON,1.0,1,No duplicates
MCH3818,Gopal-Khalsa,4814,Telecom,Partnership,Asr,Punjab,,,ACTIVE,200.35,SINGLETON,1.0,1,No duplicates
MCH3819,Butala-Patla,5999,Miscellaneous Retail,Individual,Delhi,Delhi,2023-04-08 00:00:00,XXXX5729,ACTIVE,2466.12,SINGLETON,1.0,1,No duplicates
MCH3820,Behl Llc,5311,Department Store,Partnership,Jalandar,Punjab,2023-05-30 00:00:00,8600214749,INACTIVE,983.06,SINGLETON,1.0,1,No duplicates
MCH3822,Anne And Sons,5411,Grocery,Private_Limited,Amritsar,Punjab,2026-01-21 20:10:57,,ACTIVE,2115.91,SINGLETON,1.0,1,No duplicates
MCH3824,Chand-Sarna,5812,Restaurant,Sole_Proprietor,Calcutta,West Bengal,2025-08-24 00:00:00,,ACTIVE,733.85,SINGLETON,1.0,1,No duplicates
MCH3829,Bansal Ltd,7011,Hotel & Lodging,Private_Limited,Pune,Maharashtra,2024-12-04 00:00:00,XXXX7846,ACTIVE,2565.33,CONFLICTING_MERCHANT_RECORD,0.55,2,"Conflicting Names: ['Bansal Ltd', 'Seshadri, Bansal And Ahluwalia']; Conflicting Categories: ['Hotels', 'Dept_Store']"
MCH3835,"Pillai, Ratti And Chaudhuri",4814,Telecom,Partnership,Ludhiana,Punjab,2023-01-15 10:05:00,4590776710,INACTIVE,6901.65,SINGLETON,1.0,1,No duplicates
MCH3837,Bhat Group,5311,Department Store,Individual,Delhi,Delhi,2026-01-17 00:00:00,XXXX7816,ACTIVE,2613.11,CONFLICTING_MERCHANT_RECORD,0.55,5,"Conflicting Names: ['Bhat Group', 'Balakrishnan, Mane And Ranganathan', 'Char, Naik And Sachdev', 'Sankar, Dass And Sarna']; Conflicting Categories: ['Department Store', 'Food_Services', 'Other', 'Hotel']; Conflicting Cities: ['Delhi', 'New Delhi', 'Lko']"
MCH3841,"Sandhu, Khosla And Guha",5999,Miscellaneous Retail,Partnership,Bangalore,Karnataka,2024-09-16 00:00:00,7616513593,ACTIVE,2207.18,FORMATTING_DUPLICATE,0.85,2,2 records with formatting variations consolidated
MCH3842,"Rao, Rajagopal And Ratti",4131,Transportation,Private-Limited,Jaipur,Rajasthan,2024-01-27 00:00:00,,ACTIVE,444.1,CONFLICTING_MERCHANT_RECORD,0.55,2,"Conflicting Names: ['Rao, Rajagopal And Ratti', 'Walia, Khatri And Dey']; Conflicting Categories: ['Bus/Taxi', 'Transport']; Conflicting Cities: ['Jaipur', 'Ludhiana']"
MCH3845,Hora-Bath,4131,Transportation,Individual,Bengaluru,Karnataka,2024-08-16 14:46:25,8760940800,ACTIVE,2098.39,CONFLICTING_MERCHANT_RECORD,0.55,2,"Conflicting Names: ['Hora-Bath', 'Barad-Hayre']; Conflicting Categories: ['Transprt', 'Retail Other']; Conflicting Cities: ['Bengaluru', 'Hyderabad']"
MCH3846,Nagi-Chacko,5411,Grocery,Private_Limited,Hyd,Telangana,2024-08-21 00:00:00,EAUK5999855393021,ACTIVE,1055.18,CONFLICTING_MERCHANT_RECORD,0.55,2,"Conflicting Names: ['Nagi-Chacko', 'Khanna-Badal']; Conflicting Categories: ['Kirana', 'Retail']; Conflicting Cities: ['Hyd', 'Delhi']"
MCH3847,Nair Plc,5311,Department Store,Sole-Proprietor,Poona,Maharashtra,,,ACTIVE,660.47,SINGLETON,1.0,1,No duplicates
MCH3849,Das-Ratta,4814,Telecom,Individual,Chennai,Tamil Nadu,2024-06-13 00:11:00,MLDH2446114366761,ACTIVE,4368.0,SINGLETON,1.0,1,No duplicates
MCH3853,Bhat-Dutt,5411,Grocery,Sole Proprietor,Hyderabad,Telangana,2023-03-05 00:00:00,,ACTIVE,,SINGLETON,1.0,1,No duplicates
MCH3854,"Was0N, Chauhan And Gh0Se",5812,Restaurant,Private Limited,Hyderabad,Telangana,2025-09-01 00:00:00,FZNK7723155067265,ACTIVE,528.0,SINGLETON,1.0,1,No duplicates
MCH3856,"Sankaran, Anne And Buch",5812,Restaurant,Individual,Kolkata,West Bengal,2025-05-06 17:56:20,XXXX0835,ACTIVE,454.0,CONFLICTING_MERCHANT_RECORD,0.55,3,"Conflicting Names: ['Sankaran, Anne And Buch', 'Mukhopadhyay, Loyal And Parsa', 'Pandit, Karnik And Kurian']; Conflicting Categories: ['Food', 'Eating Place', 'Medical']; Conflicting Cities: ['Kolkata', 'New Delhi', 'Ludhiana']"
MCH3859,"Mall, Bassi And Seshadri",5411,Grocery,Partnership,Mumbay,Maharashtra,,,ACTIVE,610.0,SINGLETON,1.0,1,No duplicates
MCH3860,Sama Group,5699,Apparel,Sole-Proprietor,Chennai,Tamil Nadu,2023-10-03 00:00:00,,ACTIVE,448.66,SINGLETON,1.0,1,No duplicates
MCH3869,Hegde Ltd,,Department Store,Partnership,Pune,Maharashtra,2026-01-28 22:35:06,,ACTIVE,342.59,SINGLETON,1.0,1,No duplicates
MCH3872,Krish Group,5699,Apparel,Partnership,Asr,Punjab,2024-03-14 00:00:00,,ACTIVE,3660.6,SINGLETON,1.0,1,No duplicates
MCH3873,"Dugal, Thakur And Puri",7011,Hotel & Lodging,Private-Limited,Jalandar,Punjab,2023-07-02 00:00:00,,ACTIVE,1499.22,SINGLETON,1.0,1,No duplicates
MCH3874,"Dora,Deshpandeandseth",,Telecom,Private_Limited,Jalandar,Punjab,2024-05-18 00:12:00,XXXX2093,ACTIVE,1119.69,SINGLETON,1.0,1,No duplicates
MCH3875,Natt Ltd,5812,Restaurant,Private-Limited,Jalandhar,Punjab,2025-04-07 00:00:00,,ACTIVE,4372.03,CONFLICTING_MERCHANT_RECORD,0.55,2,"Conflicting Names: ['Natt Ltd', 'Kade And Sons']; Conflicting Categories: ['Food', 'Mobile Recharge']; Conflicting Cities: ['Jalandhar', 'Pune']"
MCH3880,Sankaran-M0Dy,4131,Transportation,Sole Proprietor,Hyderabad,Telangana,2026-02-26 18:34:00,XXXX4851,ACTIVE,794.44,CONFLICTING_MERCHANT_RECORD,0.55,3,"Conflicting Names: ['Sankaran-M0Dy', 'Gole And Sons', 'Raja And Sons']; Conflicting Categories: ['Transportation', 'Retail Other', 'Medical']; Conflicting Cities: ['Hyderabad', 'Jpr']"
MCH3882,Kannan Plc,5912,Pharmacy,Individual,Poona,Maharashtra,2024-06-08 00:00:00,4780136395,ACTIVE,1470.9,SINGLETON,1.0,1,No duplicates
MCH3883,Vohra And Sons,7011,Hotel & Lodging,Individual,Mumbai,Maharashtra,2023-11-17 00:00:00,1962011949,ACTIVE,2320.22,SINGLETON,1.0,1,No duplicates
MCH3885,Thakur Inc,4131,Transportation,Private Limited,Madras,Tamil Nadu,,8680968188,ACTIVE,618.81,SINGLETON,1.0,1,No duplicates
MCH3886,Gandhi Inc,5812,Restaurant,Sole Proprietor,Kolkata,West Bengal,2025-12-18 00:00:00,XXXX0009,ACTIVE,3831.0,SINGLETON,1.0,1,No duplicates
MCH3887,Pa11A-Sah0Ta,7011,Hotel & Lodging,Partnership,Calcutta,West Bengal,2025-11-19 10:50:37,EUVX7549332799238,INACTIVE,1596.95,SINGLETON,1.0,1,No duplicates
MCH3888,"Gandhi, Cherian And Chhabra",4814,Telecom,Partnership,Hyderabad,Telangana,2025-02-27 00:00:00,8744798624,ACTIVE,1400.8,SINGLETON,1.0,1,No duplicates
MCH3889,Bhagat-Sarna,7011,Hotel & Lodging,Sole_Proprietor,Kolkata,West Bengal,2024-06-21 09:31:16,XXXX2885,ACTIVE,2088.06,CONFLICTING_MERCHANT_RECORD,0.55,2,"Conflicting Names: ['Upadhyay-Chaudhry', 'Bhagat-Sarna']; Conflicting Categories: ['Bus/Taxi', 'Hotel']; Conflicting Cities: ['Ludhiana', 'Kolkata']"
MCH3890,Tata-Bal,,Pharmacy,Individual,Poona,Maharashtra,2026-02-22 00:00:00,,ACTIVE,668.0,SINGLETON,1.0,1,No duplicates
MCH3893,Dhingra-Chaudhuri,5912,Pharmacy,Sole-Proprietor,Chennai,Tamil Nadu,2025-08-03 00:00:00,XXXX2466,ACTIVE,2445.5,CONFLICTING_MERCHANT_RECORD,0.55,2,"Conflicting Names: ['Dhingra-Chaudhuri', 'Kapadia, Keer And Oak']; Conflicting Categories: ['Medical_Store', 'Food']; Conflicting Cities: ['Chennai', 'Amritsar']"
MCH3895,Wable-Sarna,,Hotel & Lodging,Private_Limited,Jaipur,Rajasthan,2024-06-20 00:00:00,,INACTIVE,797.39,SINGLETON,1.0,1,No duplicates
MCH3896,"Bansal, Thakkar And Dar",5942,Books & Stationery,Sole_Proprietor,Bangalore,Karnataka,2023-04-20 00:00:00,HRLW3110428710394,ACTIVE,,SINGLETON,1.0,1,No duplicates
MCH3898,Wadhwa-Sahni,5699,Apparel,Private_Limited,Ldh,Punjab,2025-08-05 00:00:00,,ACTIVE,,SINGLETON,1.0,1,No duplicates
MCH3899,Goswami-Bath,4131,Transportation,Sole Proprietor,Hyderabad,Telangana,2023-01-14 00:00:00,,ACTIVE,1271.48,SINGLETON,1.0,1,No duplicates
MCH3900,Mand-Bedi,5812,Restaurant,Private_Limited,Kolkata,West Bengal,2025-02-20 00:00:00,XXXX1674,ACTIVE,1036.74,SINGLETON,1.0,1,No duplicates
MCH3903,"Khare, Balasubramanian And Mital",5942,Books & Stationery,Sole_Proprietor,Jaipur,Rajasthan,2024-08-25 14:04:47,7400031518,ACTIVE,3531.21,SINGLETON,1.0,1,No duplicates
MCH3907,"Andra, Chakrabarti And Khalsa",5311,Department Store,Sole_Proprietor,Mumbai,Maharashtra,,OAMS4252276899430,ACTIVE,1320.29,CONFLICTING_MERCHANT_RECORD,0.55,3,"Conflicting Names: ['Andra, Chakrabarti And Khalsa', 'Oza, Sachdev And Sarkar', 'Goswami, Chaudhary And Nanda']; Conflicting Categories: ['Department Store', 'Food_Services', 'Phone Service']; Conflicting Cities: ['Mumbai', 'Jalandhar', 'Ludhiana']"
MCH3908,Kanda Llc,5999,Miscellaneous Retail,Sole_Proprietor,Pune,Maharashtra,2024-07-05 00:00:00,2653904246,ACTIVE,7690.26,SINGLETON,1.0,1,No duplicates
MCH3911,"Majumdar, Sane And Raval",5812,Restaurant,Sole-Proprietor,Poona,Maharashtra,2025-09-05 21:26:37,2993218520,SUSPENDED,2093.32,CONFLICTING_MERCHANT_RECORD,0.55,2,"Conflicting Names: ['Majumdar, Sane And Raval', 'Bera-Pingle']; Conflicting Categories: ['Restaurant', 'Pharmacy']; Conflicting Cities: ['Poona', 'Hyderabad']"
MCH3913,Tank-Pathak,5311,Department Store,Individual,Jalandhar,Punjab,,,ACTIVE,2215.86,SINGLETON,1.0,1,No duplicates
MCH3916,"Parmer, Chakrabarti And Sibal",4131,Transportation,Individual,Jaipur,Rajasthan,2025-01-03 00:00:00,XXXX6443,ACTIVE,794.0,SINGLETON,1.0,1,No duplicates
MCH3917,Chowdhury-Pandit,,Apparel,Private_Limited,Hyd,Telangana,2023-04-02 00:00:00,XXXX2174,ACTIVE,445.99,FORMATTING_DUPLICATE,0.85,2,2 records with formatting variations consolidated
MCH3920,Sharmallc,,Books & Stationery,Private-Limited,Lko,Uttar Pradesh,2024-06-23 21:51:00,1753085069,SUSPENDED,1885.7,SINGLETON,1.0,1,No duplicates
MCH3925,Buch-Zachariah,5999,Miscellaneous Retail,Partnership,Amritsar,Punjab,2025-03-01 20:26:00,BUKN1515786567969,ACTIVE,2071.12,CONFLICTING_MERCHANT_RECORD,0.55,2,"Conflicting Names: ['Rana-Sehga1', 'Buch-Zachariah']; Conflicting Categories: ['Pharmacy', 'Other']; Conflicting Cities: ['Chennai', 'Amritsar']"
MCH3926,Master-Sarin,5999,Miscellaneous Retail,Individual,Hyderabad,Telangana,2025-05-08 00:00:00,,ACTIVE,1913.5,SINGLETON,1.0,1,No duplicates
MCH3927,Basak-Shukla,4814,Telecom,Private Limited,Jalandar,Punjab,2023-03-18 00:00:00,KBJY1537538735375,INACTIVE,980.64,SINGLETON,1.0,1,No duplicates
MCH3930,Kashyap-Rastogi,5699,Apparel,Individual,Lko,Uttar Pradesh,,XXXX4709,ACTIVE,510.04,SINGLETON,1.0,1,No duplicates
MCH3935,Majumdar-Aggarwal,5311,Department Store,Private_Limited,Delhi,Delhi,2024-07-07 10:50:51,5282295543,ACTIVE,3614.23,CONFLICTING_MERCHANT_RECORD,0.55,2,"Conflicting Names: ['Majumdar-Aggarwal', 'Natarajan-Karnik']; Conflicting Categories: ['Department Store', 'Telecom']"
MCH3936,Bath Inc,5411,Grocery,Individual,Lucknow,Uttar Pradesh,2023-06-13 00:00:00,,ACTIVE,879.38,SINGLETON,1.0,1,No duplicates
MCH3938,Acharya Group,7011,Hotel & Lodging,Sole Proprietor,Kolkata,West Bengal,2024-10-17 00:00:00,,ACTIVE,2349.37,SINGLETON,1.0,1,No duplicates
MCH3940,Chad-Dara,,Grocery,Partnership,Madras,Tamil Nadu,2024-11-09 00:00:00,XXXX0176,ACTIVE,3610.64,SINGLETON,1.0,1,No duplicates
MCH3941,Bassi-Deshmukh,4814,Telecom,Individual,Amritsar,Punjab,2025-10-25 00:00:00,,ACTIVE,979.98,CONFLICTING_MERCHANT_RECORD,0.55,2,"Conflicting Names: ['Khanna, Sama And Korpal', 'Bassi-Deshmukh']; Conflicting Categories: ['Retail Other', 'Telecom']; Conflicting Cities: ['Pune', 'Amritsar']"
MCH3945,Mukhopadhyay-Raghavan,4131,Transportation,Sole Proprietor,Bombay,Maharashtra,2023-03-05 00:00:00,XXXX6774,ACTIVE,942.71,SINGLETON,1.0,1,No duplicates
MCH3946,Dhar-Buch,5812,Restaurant,Partnership,Delhi,Delhi,2025-07-02 06:28:57,YGDI8437831559376,ACTIVE,1451.62,SINGLETON,1.0,1,No duplicates
MCH3953,"Ray, Minhas And Yohannan",5411,Grocery,Sole Proprietor,Kolkata,West Bengal,2023-03-18 00:00:00,XXXX6303,ACTIVE,8126.93,SINGLETON,1.0,1,No duplicates
MCH3955,"Dutta, Boase And Jha",5812,Restaurant,Partnership,Jaipur,Rajasthan,,7839475828,ACTIVE,935.24,CONFLICTING_MERCHANT_RECORD,0.55,3,"Conflicting Names: ['Swamy, Dhingra And Sheth', 'Dutta, Boase And Jha']; Conflicting Categories: ['Department Stores', 'Food_Services']; Conflicting Cities: ['Chennai', 'Jaipur']"
MCH3956,Kota Ltd,5311,Department Store,Private_Limited,Hyderabad,Telangana,2023-11-14 00:00:00,,ACTIVE,656.81,SINGLETON,1.0,1,No duplicates
MCH3959,"Kant, Goel And Pradhan",5999,Miscellaneous Retail,Individual,Hyd,Telangana,2025-03-19 00:00:00,XXXX9762,ACTIVE,1214.73,SINGLETON,1.0,1,No duplicates
MCH3964,"Bala, Chanda And Loyal",5942,Books & Stationery,Partnership,Jpr,Rajasthan,2023-09-05 00:00:00,CFOS0283411374388,ACTIVE,2002.33,FORMATTING_DUPLICATE,0.85,2,2 records with formatting variations consolidated
MCH3966,Nath-Dixit,5411,Grocery,Partnership,Pune,Maharashtra,2023-08-21 00:00:00,XXXX2614,ACTIVE,1005.47,SINGLETON,1.0,1,No duplicates
MCH3968,"Peri, Sane And Mohanty",5812,Restaurant,Individual,Mumbai,Maharashtra,2024-06-10 04:21:00,,ACTIVE,1174.15,SINGLETON,1.0,1,No duplicates
MCH3970,"Chawla, Sami And Mani",5942,Books & Stationery,Sole_Proprietor,Poona,Maharashtra,2023-04-25 00:00:00,XXXX3871,ACTIVE,2506.67,SINGLETON,1.0,1,No duplicates
MCH3971,Sura Plc,7011,Hotel & Lodging,Individual,Dilli,Delhi,2024-04-17 13:25:57,,ACTIVE,748.82,FORMATTING_DUPLICATE,0.85,2,2 records with formatting variations consolidated
MCH3974,"Mishra, Baral And Char",5942,Books & Stationery,Sole-Proprietor,Chennai,Tamil Nadu,2026-02-22 00:00:00,XXXX0042,SUSPENDED,2017.65,SINGLETON,1.0,1,No duplicates
MCH3980,Chadha-Raval,5699,Apparel,Partnership,Bengaluru,Karnataka,2023-04-14 00:00:00,XXXX9643,ACTIVE,1323.06,SINGLETON,1.0,1,No duplicates
MCH3983,"Magar, Tara And Gera",5912,Pharmacy,Sole-Proprietor,Amritsar,Punjab,2024-12-15 02:44:24,XXXX1963,ACTIVE,511.0,CONFLICTING_MERCHANT_RECORD,0.55,2,"Conflicting Names: ['Magar, Tara And Gera', 'Behl-Viswanathan']; Conflicting Categories: ['Medical', 'Grocery Stores']; Conflicting Cities: ['Amritsar', 'Ludhiana']"
MCH3984,"Wadhwa, Sunder And Bobal",7011,Hotel & Lodging,Private_Limited,Chennai,Tamil Nadu,2023-08-10 16:06:00,QUQR5120846966545,ACTIVE,1305.55,SINGLETON,1.0,1,No duplicates
MCH3987,"Dubey, Aggarwa1 And Mangat",5942,Books & Stationery,Individual,Hyderabad,Telangana,2024-04-20 00:00:00,OTRE9764440633575,ACTIVE,474.5,CONFLICTING_MERCHANT_RECORD,0.55,2,"Conflicting Names: ['Dubey, Aggarwa1 And Mangat', 'Pandya Inc']; Conflicting Categories: ['Books_Stationery', 'Pharmacy']; Conflicting Cities: ['Hyderabad', 'Amritsar']"
MCH3988,Barad-Bawa,7011,Hotel & Lodging,Individual,Amritsar,Punjab,2023-11-20 00:00:00,XXXX1285,ACTIVE,602.31,SINGLETON,1.0,1,No duplicates
MCH3989,Madan Llc,5411,Grocery,Partnership,Jaipur,Rajasthan,2023-09-18 07:54:00,9575202686,ACTIVE,238.33,SINGLETON,1.0,1,No duplicates
MCH3990,Dey-Chaudhari,5912,Pharmacy,Individual,Chennai,Tamil Nadu,2025-03-14 00:00:00,IPYG2797181414167,ACTIVE,1780.37,SINGLETON,1.0,1,No duplicates
MCH3993,Vaidya Ltd,5999,Miscellaneous Retail,Partnership,Chennai,Tamil Nadu,2023-12-23 03:28:00,YBKO6037061844125,ACTIVE,372.73,SINGLETON,1.0,1,No duplicates
MCH3997,Bhatia Inc,4814,Telecom,Partnership,Calcutta,West Bengal,2025-01-19 14:57:11,XXXX8184,INACTIVE,702.23,CONFLICTING_MERCHANT_RECORD,0.55,2,"Conflicting Names: ['Bhatia Inc', 'Chatterjee Group']; Conflicting Categories: ['Phone Service', 'Retail Other']; Conflicting Cities: ['Calcutta', 'Ludhiana']"
MCH3998,"Krish, Tak And Peri",4814,Telecom,Partnership,Ludhiana,Punjab,2023-08-16 00:00:00,,ACTIVE,1019.25,SINGLETON,1.0,1,No duplicates
MCH4000,"Dewan, Sunder And Bhakta",5411,Grocery,Private_Limited,Calcutta,West Bengal,2023-06-25 20:40:27,KUHA3646516215943,ACTIVE,3205.97,SINGLETON,1.0,1,No duplicates
MCH4002,"Bora, Kant And Chauhan",5411,Grocery,Individual,Bengaluru,Karnataka,2023-06-16 12:46:40,7171127147,ACTIVE,,SINGLETON,1.0,1,No duplicates
MCH4006,"Guha, Bumb And Bora",,Transportation,Sole_Proprietor,Jaipur,Rajasthan,2023-05-02 00:00:00,KYVL1514303273723,ACTIVE,2379.0,CONFLICTING_MERCHANT_RECORD,0.55,2,"Conflicting Names: ['Thakur-Narayan', 'Guha, Bumb And Bora']; Conflicting Categories: ['Kirana', 'Transport']; Conflicting Cities: ['Amritsar', 'Jaipur']"
MCH4008,"Deep, Rajagopal And Tandon",,Telecom,Private_Limited,Hyd,Telangana,2024-06-02 00:03:04,,ACTIVE,1196.0,SINGLETON,1.0,1,No duplicates
MCH4009,Batra Inc,5912,Pharmacy,Individual,Bengaluru,Karnataka,2023-02-01 00:00:00,XXXX5230,INACTIVE,1109.0,CONFLICTING_MERCHANT_RECORD,0.55,2,"Conflicting Names: ['Deo Plc', 'Batra Inc']; Conflicting Categories: ['Phone Service', 'Pharmacy']; Conflicting Cities: ['Kolkata', 'Bengaluru']"
MCH4010,"Barad, Mukherjee And Joshi",5411,Grocery,Sole Proprietor,Asr,Punjab,2024-01-28 00:00:00,,ACTIVE,992.35,SINGLETON,1.0,1,No duplicates
MCH4021,"Balakrishnan, Mistry And Vig",5912,Pharmacy,Individual,Hyd,Telangana,2025-04-12 00:00:00,4335587264,ACTIVE,1395.91,SINGLETON,1.0,1,No duplicates
MCH4022,"Kade, Sethi And Balakrishnan",,Grocery,Sole-Proprietor,Ludhiana,Punjab,2025-03-27 00:00:00,XXXX9200,ACTIVE,1344.13,CONFLICTING_MERCHANT_RECORD,0.55,2,"Conflicting Names: ['Varughese-Taneja', 'Kade, Sethi And Balakrishnan']; Conflicting Categories: ['Apparel', 'Grocery']; Conflicting Cities: ['Bangalore', 'Ludhiana']"
MCH4023,"Dhaliwal, Dugar And Vasa",5942,Books & Stationery,Partnership,Chennai,Tamil Nadu,2023-01-02 00:00:00,7015726404,ACTIVE,2123.31,SINGLETON,1.0,1,No duplicates
MCH4024,Choudhury Ltd,5999,Miscellaneous Retail,Individual,Ludhiana,Punjab,2025-03-28 00:00:00,XSWD9540302475782,ACTIVE,2449.8,SINGLETON,1.0,1,No duplicates
MCH4025,Hegde-Sule,5311,Department Store,Individual,Hyderabad,Telangana,,XXXX6804,INACTIVE,1108.29,SINGLETON,1.0,1,No duplicates
MCH4026,Nagy Ltd,5812,Restaurant,Private_Limited,Calcutta,West Bengal,,,ACTIVE,1027.0,SINGLETON,1.0,1,No duplicates
MCH4027,"Hegde, Ratti And Gera",5411,Grocery,Private-Limited,Hyd,Telangana,2025-02-08 00:00:00,,ACTIVE,659.89,SINGLETON,1.0,1,No duplicates
MCH4028,Taneja-Bhattacharyya,4131,Transportation,Partnership,Lucknow,Uttar Pradesh,2023-07-14 00:00:00,,ACTIVE,2673.0,SINGLETON,1.0,1,No duplicates
MCH4029,Kuruvilla And Sons,5411,Grocery,Private-Limited,Pune,Maharashtra,,DGMS6783095939908,ACTIVE,55.43,SINGLETON,1.0,1,No duplicates
MCH4030,Nayar Plc,,Books & Stationery,Private_Limited,Asr,Punjab,2023-08-02 19:27:00,,ACTIVE,1079.32,SINGLETON,1.0,1,No duplicates
MCH4031,"Mitra, Bali And Rai",5942,Books & Stationery,Private_Limited,Lucknow,Uttar Pradesh,2026-01-12 00:00:00,,ACTIVE,9089.26,SINGLETON,1.0,1,No duplicates
MCH4033,Kota Plc,5699,Apparel,Individual,Ludhiana,Punjab,2025-02-23 00:33:29,5691989399,ACTIVE,1305.4,SINGLETON,1.0,1,No duplicates
MCH4034,Tiwari-Lad,5999,Miscellaneous Retail,Individual,Ldh,Punjab,2023-12-13 00:00:00,XXXX6100,SUSPENDED,2041.77,SINGLETON,1.0,1,No duplicates
MCH4037,Chaudhuri Llc,5311,Department Store,Individual,Hyd,Telangana,2024-11-23 00:00:00,0677487191,ACTIVE,2168.76,SINGLETON,1.0,1,No duplicates
MCH4040,"Bahri, Solanki And Magar",5311,Department Store,Private Limited,Chennai,Tamil Nadu,2025-01-28 03:48:23,DNQF3989342164675,ACTIVE,1173.0,SINGLETON,1.0,1,No duplicates
MCH4041,Salvi-Mishra,5812,Restaurant,Sole_Proprietor,Asr,Punjab,,IIMZ0020327103815,INACTIVE,1291.58,SINGLETON,1.0,1,No duplicates
MCH4042,Rout-Maharaj,5999,Miscellaneous Retail,Partnership,Amritsar,Punjab,2024-12-01 06:50:00,LYKH2325135629245,ACTIVE,696.23,SINGLETON,1.0,1,No duplicates
MCH4043,Choudhry And Sons,5912,Pharmacy,Private Limited,Bangalore,Karnataka,2024-02-05 18:00:28,XXXX3422,ACTIVE,367.6,CONFLICTING_MERCHANT_RECORD,0.55,2,"Conflicting Names: ['Sodhi Group', 'Choudhry And Sons']; Conflicting Categories: ['Books_Stationery', 'Pharmacies']; Conflicting Cities: ['Ludhiana', 'Bangalore']"
MCH4047,Kaul-Barad,5311,Department Store,Sole Proprietor,Mumbay,Maharashtra,2025-05-13 00:00:00,XXXX0729,ACTIVE,986.5,SINGLETON,1.0,1,No duplicates
MCH4048,"Lall, Kara And Uppal",5812,Restaurant,Partnership,Jalandar,Punjab,2024-06-14 00:00:00,,INACTIVE,1748.0,SINGLETON,1.0,1,No duplicates
MCH4050,"Sur, N0Ri And G011A",5699,Apparel,Sole_Proprietor,Mumbai,Maharashtra,2024-04-07 00:00:00,PQHJ7829698736069,ACTIVE,577.94,CONFLICTING_MERCHANT_RECORD,0.55,2,"Conflicting Names: ['Sur, N0Ri And G011A', 'Arya, Dyal And Aurora']; Conflicting Categories: ['Apparel', 'Grocery_Store']; Conflicting Cities: ['Mumbai', 'Kolkata']"
MCH4051,Desai-Tank,5812,Restaurant,Partnership,Lucknow,Uttar Pradesh,2025-02-21 00:00:00,XXXX7388,ACTIVE,389.0,CONFLICTING_MERCHANT_RECORD,0.55,3,"Conflicting Names: ['Sharma-Viswanathan', 'Dixit-Chaudry', 'Desai-Tank']; Conflicting Categories: ['Transport', 'Dept_Store', 'Restaurant']; Conflicting Cities: ['Delhi', 'Lucknow']"
MCH4052,Bal-Choudhary,5812,Restaurant,Partnership,Jalandhar,Punjab,,XXXX5480,ACTIVE,2217.99,SINGLETON,1.0,1,No duplicates
MCH4055,Rai Plc,5812,Restaurant,Private_Limited,Ludhiana,Punjab,2023-08-12 00:00:00,XXXX0097,ACTIVE,283.42,CONFLICTING_MERCHANT_RECORD,0.55,2,"Conflicting Names: ['Rai Plc', 'Sinha-Sundaram']; Conflicting Categories: ['Restaurant', 'Hotel']; Conflicting Cities: ['Ludhiana', 'Chennai']"
MCH4061,Mody-Vig,5999,Miscellaneous Retail,Individual,Amritsar,Punjab,2024-07-28 06:12:20,,ACTIVE,2007.74,SINGLETON,1.0,1,No duplicates
MCH4062,Rana Group,5999,Miscellaneous Retail,Individual,Mumbay,Maharashtra,2023-09-20 00:00:00,XXXX3317,INACTIVE,1544.23,SINGLETON,1.0,1,No duplicates
MCH4064,"Sidhu, Kunda And Hayre",7011,Hotel & Lodging,Individual,Pune,Maharashtra,2025-02-05 00:00:00,XXXX9354,ACTIVE,1462.39,CONFLICTING_MERCHANT_RECORD,0.55,2,"Conflicting Names: ['Sastry, Sibal And Rajagopal', 'Sidhu, Kunda And Hayre']; Conflicting Categories: ['Transportation', 'Hotel_Lodging']; Conflicting Cities: ['Lucknow', 'Pune']"
MCH4066,Nazareth Group,,Books & Stationery,Sole-Proprietor,Kolkata,West Bengal,2023-01-28 16:03:19,XMZT2343976498711,ACTIVE,507.68,CONFLICTING_MERCHANT_RECORD,0.55,2,"Conflicting Names: ['Swaminathan And Sons', 'Nazareth Group']; Conflicting Categories: ['Dept_Store', 'Book Store']; Conflicting Cities: ['Hyderabad', 'Kolkata']"
MCH4068,Balakrishnan Inc,4814,Telecom,Individual,Jalandhar,Punjab,2024-11-23 00:00:00,,ACTIVE,1322.89,SINGLETON,1.0,1,No duplicates
MCH4072,Singhal-Natarajan,5812,Restaurant,Sole-Proprietor,Chennai,Tamil Nadu,,XXXX4620,ACTIVE,2593.54,SINGLETON,1.0,1,No duplicates
MCH4073,Gopal Plc,5812,Restaurant,Individual,Jaipur,Rajasthan,2024-12-27 20:52:16,XXXX0031,ACTIVE,,SINGLETON,1.0,1,No duplicates
MCH4075,Sankar-Mandal,5812,Restaurant,Partnership,Ludhiana,Punjab,,XXXX6718,ACTIVE,1056.32,SINGLETON,1.0,1,No duplicates
MCH4077,Verma-Dugar,5812,Restaurant,Private-Limited,Kolkata,West Bengal,2023-07-31 00:00:00,7415298015,ACTIVE,1359.17,CONFLICTING_MERCHANT_RECORD,0.55,3,"Conflicting Names: ['Din Llc', 'Verma-Dugar', 'Khalsa, Jaggi And Bumb']; Conflicting Categories: ['Transprt', 'Food_Services', 'Restaurants']; Conflicting Cities: ['Jaipur', 'Kolkata']"
MCH4080,Shenoy-Kashyap,4814,Telecom,Private Limited,Jaipur,Rajasthan,2025-10-04 03:56:06,YPYY3780350945436,ACTIVE,2043.03,CONFLICTING_MERCHANT_RECORD,0.55,2,"Conflicting Names: ['Shenoy-Kashyap', 'Jhaveri-Andra']; Conflicting Categories: ['Mobile Recharge', 'Department Store']; Conflicting Cities: ['Jaipur', 'Jalandhar']"
MCH4081,Srinivasan-Bahri,4814,Telecom,Sole_Proprietor,Delhi,Delhi,2025-06-07 00:00:00,,ACTIVE,2928.84,SINGLETON,1.0,1,No duplicates
MCH4082,Khurana Inc,5999,Miscellaneous Retail,Private_Limited,Delhi,Delhi,2023-06-02 00:00:00,MAKF1380226043660,INACTIVE,288.7,SINGLETON,1.0,1,No duplicates
MCH4083,"Loyal, Dara And Sharaf",4814,Telecom,Individual,Chennai,Tamil Nadu,2024-02-15 01:01:36,,ACTIVE,1752.1,SINGLETON,1.0,1,No duplicates
MCH4084,Mitra Plc,5311,Department Store,Individual,Jalandhar,Punjab,2023-12-15 00:00:00,XXXX5719,ACTIVE,973.94,SINGLETON,1.0,1,No duplicates
MCH4086,"Kannan, Varghese And Lalla",5311,Department Store,Private_Limited,Mumbai,Maharashtra,2024-12-08 00:00:00,0493830742,ACTIVE,1459.96,FORMATTING_DUPLICATE,0.85,2,2 records with formatting variations consolidated
MCH4087,"Basak, Lal And Tailor",4814,Telecom,Private_Limited,Pune,Maharashtra,2025-10-03 00:37:00,,ACTIVE,298.11,SINGLETON,1.0,1,No duplicates
MCH4089,Mistry And Sons,5411,Grocery,Sole_Proprietor,Mumbai,Maharashtra,2024-07-20 00:00:00,FZNP2052339077080,ACTIVE,1563.22,SINGLETON,1.0,1,No duplicates
MCH4090,Dubegroup,5311,Department Store,Individual,Jaipur,Rajasthan,2024-12-06 00:00:00,NPEH3410333318653,ACTIVE,5497.54,CONFLICTING_MERCHANT_RECORD,0.55,4,"Conflicting Names: ['Dubegroup', 'Dada Llc', 'Mittalllc', 'Panchal-Gera']; Conflicting Categories: ['Department Store', 'Miscellaneous', 'Transportation', 'Books']; Conflicting Cities: ['Jaipur', 'Chennai', 'Dilli', 'Mumbay']"
MCH4092,Mukhopadhyay Group,5812,Restaurant,Private Limited,Hyderabad,Telangana,2025-12-24 00:00:00,XXXX3479,ACTIVE,504.84,CONFLICTING_MERCHANT_RECORD,0.55,2,"Conflicting Names: ['Badami, Prabhakar And Grover', 'Mukhopadhyay Group']; Conflicting Categories: ['Books_Stationery', 'Food']; Conflicting Cities: ['Chennai', 'Hyderabad']"
MCH4093,Krishnamurthy Plc,7011,Hotel & Lodging,Private-Limited,Lucknow,Uttar Pradesh,2024-03-15 00:00:00,XXXX5675,INACTIVE,1291.9,SINGLETON,1.0,1,No duplicates
MCH4094,Thakur-Shah,5311,Department Store,Individual,Madras,Tamil Nadu,2024-12-25 00:00:00,8582719146,ACTIVE,1848.8,CONFLICTING_MERCHANT_RECORD,0.55,2,"Conflicting Names: ['Jani-Mistry', 'Thakur-Shah']; Conflicting Cities: ['Amritsar', 'Madras']"
MCH4096,"Bhat, Kapoor And Borah",5999,Miscellaneous Retail,Private_Limited,Hyderabad,Telangana,2024-11-27 00:00:00,0474814059,ACTIVE,2092.25,CONFLICTING_MERCHANT_RECORD,0.55,2,"Conflicting Names: ['Bhat, Kapoor And Borah', 'Raman Inc']; Conflicting Categories: ['Misc Retail', 'Apparel']; Conflicting Cities: ['Hyderabad', 'Chennai']"
MCH4097,"Kala, Khatri And D’Alia",5411,Grocery,Private_Limited,Ludhiana,Punjab,2024-05-17 00:00:00,EPRC2590629110289,INACTIVE,1958.39,CONFLICTING_MERCHANT_RECORD,0.55,3,"Conflicting Names: ['Nori Plc', 'Venkataraman Plc', 'Kala, Khatri And D’Alia']; Conflicting Categories: ['Medical', 'Pharmacy', 'Kirana']; Conflicting Cities: ['Pune', 'Bangalore', 'Ludhiana']"
MCH4099,"Dewan, Rastogi And Jayaraman",,Department Store,Individual,Ldh,Punjab,2025-08-06 12:15:48,,ACTIVE,1926.0,SINGLETON,1.0,1,No duplicates
MCH4100,Raja-Vasa,7011,Hotel & Lodging,Sole_Proprietor,Jalandhar,Punjab,2025-06-28 00:00:00,7806774171,ACTIVE,479.15,SINGLETON,1.0,1,No duplicates
MCH4101,Raval Plc,7011,Hotel & Lodging,Individual,Bengaluru,Karnataka,2023-11-26 00:00:00,XXXX6243,ACTIVE,1096.15,CONFLICTING_MERCHANT_RECORD,0.55,2,"Conflicting Names: ['Raval Plc', 'Sani, Ben And Subramaniam']; Conflicting Categories: ['Hospitality', 'Department Stores']; Conflicting Cities: ['Bengaluru', 'Pune']"
MCH4102,Dass Llc,5912,Pharmacy,Partnership,Kolkata,West Bengal,2026-02-19 00:00:00,XXXX9287,ACTIVE,375.32,CONFLICTING_MERCHANT_RECORD,0.55,4,"Conflicting Names: ['Pandya-Kapoor', 'Om Ltd', 'Dass Llc', 'Oza-Sarna']; Conflicting Categories: ['Book Store', 'Phone Service', 'Chemist', 'Clothing']; Conflicting Cities: ['Asr', 'Bengaluru', 'Kolkata', 'New Delhi']"
MCH4104,Sawhney-Suri,4814,Telecom,Individual,Hyd,Telangana,2023-12-15 00:00:00,8776394591,INACTIVE,295.0,CONFLICTING_MERCHANT_RECORD,0.55,3,"Conflicting Names: ['Sawhney-Suri', 'Som, Rege And Thaker']; Conflicting Categories: ['Telecom', 'Hotel']; Conflicting Cities: ['Hyd', 'Blr']"
MCH4106,Dey And Sons,5411,Grocery,Private_Limited,Hyderabad,Telangana,2026-01-31 00:00:00,XXXX0072,ACTIVE,4216.77,CONFLICTING_MERCHANT_RECORD,0.55,2,"Conflicting Names: ['Dey And Sons', 'Ramanathan, Bava And Dasgupta']; Conflicting Categories: ['Kirana', 'Pharmacy']; Conflicting Cities: ['Hyderabad', 'Ludhiana']"
MCH4107,Pandey-Sastry,5699,Apparel,Sole-Proprietor,Jalandhar,Punjab,2025-09-30 00:00:00,,INACTIVE,319.0,SINGLETON,1.0,1,No duplicates
MCH4109,"Lal, Handa And Mammen",5942,Books & Stationery,Individual,Kolkata,West Bengal,2024-07-01 21:55:00,,ACTIVE,1181.07,SINGLETON,1.0,1,No duplicates
MCH4110,Suresh-Bassi,5942,Books & Stationery,Individual,Mumbai,Maharashtra,2024-09-18 08:58:00,,INACTIVE,1527.43,SINGLETON,1.0,1,No duplicates
MCH4111,Brahmbhatt Llc,5999,Miscellaneous Retail,Partnership,Lko,Uttar Pradesh,,,SUSPENDED,682.69,SINGLETON,1.0,1,No duplicates
MCH4112,Sodhi-Desai,,Department Store,Sole-Proprietor,Hyd,Telangana,2023-06-06 00:00:00,,INACTIVE,3193.0,SINGLETON,1.0,1,No duplicates
MCH4113,"Anand,Choudharyandcontractor",5912,Pharmacy,Individual,Chennai,Tamil Nadu,2023-09-07 00:00:00,6952372771,ACTIVE,418.15,SINGLETON,1.0,1,No duplicates
MCH4114,"Pandya, Jayaraman And Ray",4814,Telecom,Sole_Proprietor,Hyderabad,Telangana,2025-01-15 00:00:00,SSMR5889038460894,INACTIVE,436.15,CONFLICTING_MERCHANT_RECORD,0.55,2,"Conflicting Names: ['Pandya, Jayaraman And Ray', 'Pate1 Plc']; Conflicting Categories: ['Mobile Recharge', 'Transprt']; Conflicting Cities: ['Hyderabad', 'Madras']"
MCH4115,"Bandi, Rau And Hayre",4131,Transportation,Sole_Proprietor,Jaipur,Rajasthan,2025-05-03 00:00:00,YBME5428003718558,SUSPENDED,748.37,SINGLETON,1.0,1,No duplicates
MCH4118,Upadhyay Llc,4131,Transportation,Private Limited,Calcutta,West Bengal,2024-03-16 00:00:00,,ACTIVE,,SINGLETON,1.0,1,No duplicates
MCH4122,"Lata, Magar And Savant",5999,Miscellaneous Retail,Partnership,Blr,Karnataka,2025-12-03 23:29:42,7547242898,ACTIVE,3699.77,SINGLETON,1.0,1,No duplicates
MCH4123,"Parekh, Patla And Kar",5942,Books & Stationery,Partnership,Jalandhar,Punjab,2024-11-09 00:00:00,5310260642,ACTIVE,2764.76,SINGLETON,1.0,1,No duplicates
MCH4124,"Dara, Salvi And Sawhney",5411,Grocery,Sole_Proprietor,Bengaluru,Karnataka,2025-10-12 00:00:00,INFT7849125820167,ACTIVE,2121.35,CONFLICTING_MERCHANT_RECORD,0.55,2,"Conflicting Names: ['Dara, Salvi And Sawhney', 'Kakar-Prabhu']; Conflicting Categories: ['Groceries', 'Hotel_Lodging']; Conflicting Cities: ['Bengaluru', 'Jalandar']"
MCH4126,"Wali, Mahal And Prabhu",4131,Transportation,Individual,Hyderabad,Telangana,2023-12-09 15:51:00,RAIS4512083077234,ACTIVE,1593.0,CONFLICTING_MERCHANT_RECORD,0.55,2,"Conflicting Names: ['Wali, Mahal And Prabhu', 'Sen Group']; Conflicting Categories: ['Transportation', 'Apparel']; Conflicting Cities: ['Hyderabad', 'Jaipur']"
MCH4127,Subramaniam-Jhaveri,4131,Transportation,Sole Proprietor,Jpr,Rajasthan,2024-05-22 00:00:00,XXXX1628,ACTIVE,5333.88,FORMATTING_DUPLICATE,0.85,2,2 records with formatting variations consolidated
MCH4129,"Lad, Raja And Sachdev",7011,Hotel & Lodging,Partnership,Mumbai,Maharashtra,2023-11-09 00:00:00,0929537946,ACTIVE,954.07,SINGLETON,1.0,1,No duplicates
MCH4131,"Goyal, Krishnamurthy And Dewan",4131,Transportation,Individual,Jaipur,Rajasthan,2023-10-24 14:15:00,4282467745,INACTIVE,319.32,CONFLICTING_MERCHANT_RECORD,0.55,2,"Conflicting Names: ['Chaudhryinc', 'Goyal, Krishnamurthy And Dewan']; Conflicting Categories: ['Other', 'Transport']; Conflicting Cities: ['Amritsar', 'Jaipur']"
MCH4133,"Nayak, Prabhu And Som",4131,Transportation,Individual,Mumbay,Maharashtra,2023-12-20 07:08:02,,ACTIVE,570.23,CONFLICTING_MERCHANT_RECORD,0.55,2,"Conflicting Names: ['Nayak, Prabhu And Som', 'Buch-Hayre']; Conflicting Categories: ['Transport', 'Pharmacy']; Conflicting Cities: ['Mumbay', 'Kolkata']"
MCH4135,Sunder Ltd,5411,Grocery,Partnership,Ludhiana,Punjab,2025-01-28 00:00:00,,ACTIVE,6745.05,SINGLETON,1.0,1,No duplicates
MCH4136,Sehgal Plc,5699,Apparel,Partnership,Mumbai,Maharashtra,2024-07-30 00:00:00,,ACTIVE,2564.97,SINGLETON,1.0,1,No duplicates
MCH4141,Sarkar And Sons,4814,Telecom,Partnership,Bangalore,Karnataka,2023-06-10 00:00:00,,ACTIVE,1485.34,SINGLETON,1.0,1,No duplicates
MCH4145,"Dalal, Dass And Vaidya",5942,Books & Stationery,Sole_Proprietor,Poona,Maharashtra,2025-09-16 00:00:00,PZMX8375142166938,SUSPENDED,1294.48,SINGLETON,1.0,1,No duplicates
MCH4148,"Wali, Babu And Tank",4814,Telecom,Partnership,Jaipur,Rajasthan,2023-01-08 00:00:00,PUUF6382776692306,ACTIVE,2368.62,CONFLICTING_MERCHANT_RECORD,0.55,2,"Conflicting Names: ['Wali, Babu And Tank', 'Muni, Chaudhari And De']; Conflicting Categories: ['Phone Service', 'Other']; Conflicting Cities: ['Jaipur', 'Kolkata']"
MCH4153,Shroff Ltd,5999,Miscellaneous Retail,Sole Proprietor,Kolkata,West Bengal,2025-11-07 00:00:00,,ACTIVE,3578.7,SINGLETON,1.0,1,No duplicates
MCH4157,Minhas-Saran,4814,Telecom,Partnership,Bombay,Maharashtra,2025-11-02 00:00:00,,ACTIVE,2413.97,SINGLETON,1.0,1,No duplicates
MCH4158,Sastry Inc,,Books & Stationery,Partnership,Delhi,Delhi,2024-08-15 00:00:00,DAYK8556309990572,INACTIVE,480.93,SINGLETON,1.0,1,No duplicates
MCH4163,Rajag0Pa1An-Hans,5812,Restaurant,Sole_Proprietor,Poona,Maharashtra,2023-06-29 15:13:09,GQKM7843504448024,ACTIVE,,CONFLICTING_MERCHANT_RECORD,0.55,2,"Conflicting Names: ['Kamdar-Jhaveri', 'Rajag0Pa1An-Hans']; Conflicting Categories: ['Hotel', 'Food_Services']; Conflicting Cities: ['Jalandhar', 'Poona']"
MCH4164,Iyengar Llc,5999,Miscellaneous Retail,Sole_Proprietor,Jaipur,Rajasthan,,LSYR7261669987207,ACTIVE,440.0,SINGLETON,1.0,1,No duplicates
MCH4165,"Dhar,Pallaandkorpal",4814,Telecom,Private_Limited,Pune,Maharashtra,2024-05-29 00:00:00,EWYW3013882760872,SUSPENDED,,CONFLICTING_MERCHANT_RECORD,0.55,2,"Conflicting Names: ['Nayar Plc', 'Dhar,Pallaandkorpal']; Conflicting Categories: ['Department Stores', 'Telecom']; Conflicting Cities: ['Delhi', 'Pune']"
MCH4167,Banerjeeplc,5812,Restaurant,Private-Limited,Jaipur,Rajasthan,2023-10-26 06:05:00,0359713913,ACTIVE,3120.61,CONFLICTING_MERCHANT_RECORD,0.55,2,"Conflicting Names: ['Banerjeeplc', 'Thakur, Purohit And Gade']; Conflicting Categories: ['Food_Services', 'Retail']; Conflicting Cities: ['Jaipur', 'Lucknow']"
MCH4168,"Chad, Dyal And Golla",5999,Miscellaneous Retail,Partnership,Pune,Maharashtra,2023-06-10 10:22:54,XXXX8341,ACTIVE,1194.41,CONFLICTING_MERCHANT_RECORD,0.55,2,"Conflicting Names: ['Jani, Khalsa And Minhas', 'Chad, Dyal And Golla']; Conflicting Categories: ['Chemist', 'Retail Other']; Conflicting Cities: ['Jpr', 'Pune']"
MCH4169,"Vaidya, Vasa And Palan",4814,Telecom,Individual,Hyd,Telangana,2024-11-15 00:00:00,,ACTIVE,1965.48,SINGLETON,1.0,1,No duplicates
MCH4170,Saha-Sangha,5311,Department Store,Individual,Lucknow,Uttar Pradesh,2024-05-31 00:00:00,YABO3956354404742,ACTIVE,1858.07,CONFLICTING_MERCHANT_RECORD,0.55,3,"Conflicting Names: ['Saha-Sangha', 'Bassi Group', 'Bahri-Mangat']; Conflicting Categories: ['Department Stores', 'Misc Retail', 'Food_Services']; Conflicting Cities: ['Lucknow', 'Ludhiana', 'Poona']"
MCH4172,"Khosla, Tak And Mahajan",5912,Pharmacy,Partnership,Kolkata,West Bengal,2024-03-23 00:00:00,,ACTIVE,1964.28,SINGLETON,1.0,1,No duplicates
MCH4176,Sani-Bhalla,,Hotel & Lodging,Individual,Delhi,Delhi,2024-07-22 00:00:00,XXXX6805,ACTIVE,1216.13,SINGLETON,1.0,1,No duplicates
MCH4179,"Choudhry, Bera And Pandit",5699,Apparel,Partnership,Kolkata,West Bengal,2025-08-14 04:33:40,ABQY2242292056782,ACTIVE,1930.08,SINGLETON,1.0,1,No duplicates
MCH4180,"Iyer, Saha And Kumar",7011,Hotel & Lodging,Partnership,Lko,Uttar Pradesh,2025-04-16 00:00:00,2796320001,ACTIVE,3864.5,CONFLICTING_MERCHANT_RECORD,0.55,2,"Conflicting Names: ['Dave-Oza', 'Iyer, Saha And Kumar']; Conflicting Categories: ['Books_Stationery', 'Hotels']; Conflicting Cities: ['Delhi', 'Lko']"
MCH4182,"More, Sarma And Baria",4814,Telecom,Individual,Mumbai,Maharashtra,2026-01-01 00:00:00,XXXX3295,ACTIVE,4102.61,SINGLETON,1.0,1,No duplicates
MCH4184,Sachdeva-Kara,5812,Restaurant,Partnership,Jaipur,Rajasthan,2025-02-02 04:25:00,,ACTIVE,704.96,CONFLICTING_MERCHANT_RECORD,0.55,2,"Conflicting Names: ['Sachdeva-Kara', 'Dua-Agate']; Conflicting Categories: ['Food_Services', 'Hotel_Lodging']; Conflicting Cities: ['Jaipur', 'Calcutta']"
MCH4185,Nath-Chaudhuri,4814,Telecom,Private_Limited,Jaipur,Rajasthan,2024-08-14 00:00:00,EQFV9212095030396,ACTIVE,587.44,CONFLICTING_MERCHANT_RECORD,0.55,2,"Conflicting Names: ['Nath-Chaudhuri', 'Khanna And S0Ns']; Conflicting Categories: ['Telecom', 'Book Store']; Conflicting Cities: ['Jaipur', 'Pune']"
MCH4187,"Tella, Hayre And Patla",5812,Restaurant,Sole_Proprietor,Jaipur,Rajasthan,2023-09-08 00:00:00,,SUSPENDED,2332.84,SINGLETON,1.0,1,No duplicates
MCH4191,"Mangal, Seshadri And Kakar",5699,Apparel,Private_Limited,Pune,Maharashtra,2024-01-26 00:00:00,,ACTIVE,1192.21,SINGLETON,1.0,1,No duplicates
MCH4194,Srinivasan-Lala,4131,Transportation,Individual,Ldh,Punjab,2025-08-15 00:00:00,,ACTIVE,2059.54,CONFLICTING_MERCHANT_RECORD,0.55,2,"Conflicting Names: ['Srinivasan-Lala', 'Hegde-Chahal']; Conflicting Categories: ['Transportation', 'Medical_Store']; Conflicting Cities: ['Ldh', 'Asr']"
MCH4197,Chaudry Group,5912,Pharmacy,Private Limited,Pune,Maharashtra,,UHGU5811611698099,ACTIVE,4814.44,SINGLETON,1.0,1,No duplicates
MCH4200,Mahajan Group,5942,Books & Stationery,Sole_Proprietor,Pune,Maharashtra,2024-05-21 03:12:53,XXXX4189,ACTIVE,839.74,CONFLICTING_MERCHANT_RECORD,0.55,3,"Conflicting Names: ['Mahajan Group', 'Sood, Kurian And Raghavan', 'Karnik Ltd']; Conflicting Categories: ['Book Store', 'Apparel', 'Transprt']; Conflicting Cities: ['Pune', 'Jaipur', 'Poona']"
MCH4205,Behl-Narula,5311,Department Store,Sole-Proprietor,Calcutta,West Bengal,2023-11-27 20:51:25,,ACTIVE,4442.0,SINGLETON,1.0,1,No duplicates
MCH4208,Devi-Mangal,5942,Books & Stationery,Sole_Proprietor,Ludhiana,Punjab,2025-08-27 16:16:44,,ACTIVE,1564.41,SINGLETON,1.0,1,No duplicates
MCH4209,Garg-Goel,5812,Restaurant,Partnership,Amritsar,Punjab,2025-08-02 09:42:09,VSHI3966663578716,ACTIVE,1244.58,CONFLICTING_MERCHANT_RECORD,0.55,2,"Conflicting Names: ['Bahri-Kari', 'Garg-Goel']; Conflicting Categories: ['Bus/Taxi', 'Restaurants']; Conflicting Cities: ['Jpr', 'Amritsar']"
MCH4211,Amb1E-Saha,,Grocery,Sole_Proprietor,Dilli,Delhi,2023-06-27 00:00:00,,ACTIVE,525.0,SINGLETON,1.0,1,No duplicates
MCH4212,Raman-Kohli,5411,Grocery,Partnership,Ludhiana,Punjab,2024-10-27 10:39:27,AIWO1178745904405,ACTIVE,3361.0,SINGLETON,1.0,1,No duplicates
MCH4214,"Mitra, Oak And Keer",5699,Apparel,Individual,Bangalore,Karnataka,2024-02-12 00:00:00,,ACTIVE,1159.46,SINGLETON,1.0,1,No duplicates
MCH4216,Ratta And Sons,5942,Books & Stationery,Partnership,Jalandhar,Punjab,2023-10-07 00:00:00,XXXX5580,ACTIVE,1337.5,SINGLETON,1.0,1,No duplicates
MCH4218,Srivastava Ltd,5942,Books & Stationery,Sole_Proprietor,Bombay,Maharashtra,2023-11-20 00:00:00,LFAP5704533731300,ACTIVE,1744.69,SINGLETON,1.0,1,No duplicates
MCH4220,Gopal-Dara,5699,Apparel,Individual,Bengaluru,Karnataka,2025-10-02 13:08:23,,ACTIVE,532.47,CONFLICTING_MERCHANT_RECORD,0.55,2,"Conflicting Names: ['Gopal-Dara', 'Chaudry Ltd']; Conflicting Categories: ['Apparel', 'Hotel']; Conflicting Cities: ['Bengaluru', 'Lucknow']"
MCH4221,"Rastogi, Goda And Naidu",5999,Miscellaneous Retail,Individual,Jalandhar,Punjab,,,ACTIVE,745.75,SINGLETON,1.0,1,No duplicates
MCH4223,"Bajwa, Khurana And Sinha",,Department Store,Sole_Proprietor,Bengaluru,Karnataka,2025-03-15 00:00:00,,ACTIVE,585.1,FORMATTING_DUPLICATE,0.85,2,2 records with formatting variations consolidated
MCH4225,Karnik Llc,5699,Apparel,Individual,Ldh,Punjab,2025-02-05 13:25:31,5426893917,ACTIVE,537.99,SINGLETON,1.0,1,No duplicates
MCH4227,Panchal Plc,5999,Miscellaneous Retail,Sole_Proprietor,Kolkata,West Bengal,2025-01-09 00:00:00,,ACTIVE,1533.36,CONFLICTING_MERCHANT_RECORD,0.55,2,"Conflicting Names: ['Panchal Plc', 'Bora-Sood']; Conflicting Categories: ['Other', 'Retail Other']; Conflicting Cities: ['Kolkata', 'Jaipur']"
MCH4228,"Singhal, Bhasin And Kaul",5699,Apparel,Private Limited,Asr,Punjab,2025-05-23 00:00:00,6707310647,ACTIVE,896.57,SINGLETON,1.0,1,No duplicates
MCH4230,Jha Group,5912,Pharmacy,Private-Limited,Jpr,Rajasthan,,XXXX6774,ACTIVE,911.06,SINGLETON,1.0,1,No duplicates
MCH4232,Sehgal-Rama,5411,Grocery,Partnership,Kolkata,West Bengal,2023-03-31 00:00:00,XXXX1805,ACTIVE,4112.72,CONFLICTING_MERCHANT_RECORD,0.55,2,"Conflicting Names: ['Sehgal-Rama', 'Raj Group']; Conflicting Categories: ['Grocery_Store', 'Pharmacies']; Conflicting Cities: ['Kolkata', 'Hyd']"
MCH4233,Padmanabhan And Sons,5999,Miscellaneous Retail,Sole-Proprietor,Ludhiana,Punjab,2025-02-04 00:00:00,4395615588,ACTIVE,1697.48,CONFLICTING_MERCHANT_RECORD,0.55,4,"Conflicting Names: ['Parmar And Sons', 'Padmanabhan And Sons', 'Shankar And Sons']; Conflicting Categories: ['Medical_Store', 'Misc Retail', 'Grocery Stores']; Conflicting Cities: ['Blr', 'Ludhiana', 'Jalandhar']"
MCH4235,Nagar-Sharma,5311,Department Store,Sole-Proprietor,Kolkata,West Bengal,2024-10-02 00:00:00,,ACTIVE,1671.65,SINGLETON,1.0,1,No duplicates
MCH4236,"Sinha, Shukla And Lad",5699,Apparel,Sole Proprietor,Delhi,Delhi,2025-07-08 12:08:37,OZWZ6142696689139,ACTIVE,844.0,CONFLICTING_MERCHANT_RECORD,0.55,2,"Conflicting Names: ['Sinha, Shukla And Lad', 'Arora Plc']; Conflicting Categories: ['Apparel', 'Stationery']; Conflicting Cities: ['Delhi', 'Amritsar']"
MCH4237,"Deshmukh, Ghose And Chhabra",,Restaurant,Sole-Proprietor,Pune,Maharashtra,2024-02-12 12:00:50,,SUSPENDED,5905.65,SINGLETON,1.0,1,No duplicates
MCH4243,"Ramesh, Venkatesh And Ravel",5311,Department Store,Sole_Proprietor,Amritsar,Punjab,2025-06-24 00:00:00,,ACTIVE,133.28,SINGLETON,1.0,1,No duplicates
MCH4244,"Doctor, Pillay And Nori",5311,Department Store,Individual,Ldh,Punjab,2026-02-22 00:00:00,8115439991,ACTIVE,2111.57,CONFLICTING_MERCHANT_RECORD,0.55,2,"Conflicting Names: ['Kade-Devan', 'Doctor, Pillay And Nori']; Conflicting Categories: ['Hotels', 'Department Store']; Conflicting Cities: ['Chennai', 'Ldh']"
MCH4245,Dua Group,4131,Transportation,Partnership,Ludhiana,Punjab,2024-07-25 18:42:24,0504410036,ACTIVE,323.1,SINGLETON,1.0,1,No duplicates
MCH4246,Rama-Dasgupta,5311,Department Store,Individual,Amritsar,Punjab,2025-01-05 00:00:00,,ACTIVE,2336.28,SINGLETON,1.0,1,No duplicates
MCH4248,"Bahl, Prashad And Reddy",5311,Department Store,Sole-Proprietor,Lucknow,Uttar Pradesh,2025-06-30 00:00:00,,ACTIVE,4921.5,SINGLETON,1.0,1,No duplicates
MCH4249,"Narasimhan, Natt And Chada",7011,Hotel & Lodging,Sole_Proprietor,Pune,Maharashtra,2023-12-28 07:11:47,8565095769,ACTIVE,1048.88,CONFLICTING_MERCHANT_RECORD,0.55,2,"Conflicting Names: ['Narasimhan, Natt And Chada', 'Jhaveri Ltd']; Conflicting Categories: ['Hotel', 'Food_Services']; Conflicting Cities: ['Pune', 'Bengaluru']"
MCH4250,"Subramaniam, Datta And Patel",5411,Grocery,Partnership,Kolkata,West Bengal,2023-06-07 00:00:00,,ACTIVE,1320.67,CONFLICTING_MERCHANT_RECORD,0.55,2,"Conflicting Names: ['Subramaniam, Datta And Patel', 'Mani, Roy And Manne']; Conflicting Categories: ['Grocery', 'Bus/Taxi']; Conflicting Cities: ['Kolkata', 'Bangalore']"
MCH4253,Mander-Sagar,,Department Store,Individual,Ldh,Punjab,2024-12-12 00:00:00,,ACTIVE,348.43,SINGLETON,1.0,1,No duplicates
MCH4260,"Kalla, Banerjee And Choudhary",4814,Telecom,Partnership,Ldh,Punjab,,,ACTIVE,389.14,SINGLETON,1.0,1,No duplicates
MCH4261,More Ltd,5311,Department Store,Partnership,Pune,Maharashtra,2023-04-06 04:55:30,8057436193,ACTIVE,761.11,CONFLICTING_MERCHANT_RECORD,0.55,3,"Conflicting Names: ['Swaminathan Ltd', 'Kar, Krishnan And Nadig', 'More Ltd']; Conflicting Categories: ['Hotel_Lodging', 'Kirana', 'Department Store']; Conflicting Cities: ['Lucknow', 'Mumbai', 'Pune']"
MCH4263,Kari And Sons,4814,Telecom,Private_Limited,Kolkata,West Bengal,2023-11-27 00:00:00,,ACTIVE,616.52,SINGLETON,1.0,1,No duplicates
MCH4273,Bava Group,5999,Miscellaneous Retail,Private Limited,Ludhiana,Punjab,2024-12-28 15:12:00,OCKK9490643242644,INACTIVE,2773.64,SINGLETON,1.0,1,No duplicates
MCH4274,Walia Group,4131,Transportation,Private Limited,Mumbai,Maharashtra,2025-10-29 00:00:00,OSZC0719397300693,ACTIVE,1705.04,CONFLICTING_MERCHANT_RECORD,0.55,2,"Conflicting Names: ['Bhat-Tailor', 'Walia Group']; Conflicting Categories: ['Grocery_Store', 'Transportation']; Conflicting Cities: ['Ldh', 'Mumbai']"
MCH4275,Raval-Bora,5812,Restaurant,Sole_Proprietor,Jpr,Rajasthan,2024-04-18 04:43:05,3945076989,ACTIVE,1335.0,CONFLICTING_MERCHANT_RECORD,0.55,2,"Conflicting Names: ['Raval-Bora', 'Boase, Chanda And Bajaj']; Conflicting Categories: ['Restaurant', 'Dept_Store']; Conflicting Cities: ['Jpr', 'New Delhi']"
MCH4277,Khalsa Inc,5311,Department Store,Individual,Amritsar,Punjab,2023-01-31 21:37:31,FHSK9777802879372,ACTIVE,1332.99,CONFLICTING_MERCHANT_RECORD,0.55,3,"Conflicting Names: ['Chaudhry-Karpe', 'Lad, Krish And Lad', 'Khalsa Inc']; Conflicting Categories: ['Transportation', 'Transport', 'Dept_Store']; Conflicting Cities: ['Ludhiana', 'Hyderabad', 'Amritsar']"
MCH4278,Thakkar-Gupta,5311,Department Store,Private_Limited,Asr,Punjab,2025-05-31 00:00:00,,INACTIVE,703.48,SINGLETON,1.0,1,No duplicates
MCH4282,Pingle Ltd,5311,Department Store,Sole_Proprietor,Asr,Punjab,2023-05-26 08:14:58,,ACTIVE,816.0,SINGLETON,1.0,1,No duplicates
MCH4283,Joshi-Srinivas,5411,Grocery,Partnership,Amritsar,Punjab,2023-09-01 00:00:00,,ACTIVE,1135.0,SINGLETON,1.0,1,No duplicates
MCH4284,Chawla Llc,4131,Transportation,Sole Proprietor,Ldh,Punjab,2026-02-13 00:00:00,XXXX7941,ACTIVE,385.0,CONFLICTING_MERCHANT_RECORD,0.55,2,"Conflicting Names: ['Chawla Llc', 'Tand0N Inc']; Conflicting Categories: ['Travel', 'Other']; Conflicting Cities: ['Ldh', 'Calcutta']"
MCH4285,Bhatnagar-Atwal,5942,Books & Stationery,Partnership,Jalandhar,Punjab,,,INACTIVE,988.9,SINGLETON,1.0,1,No duplicates
MCH4287,"Kuruvilla, Chanda And Sood",4131,Transportation,Individual,Jalandhar,Punjab,2025-04-01 00:00:00,,ACTIVE,1244.04,SINGLETON,1.0,1,No duplicates
MCH4288,Kashyap-Purohit,5699,Apparel,Private_Limited,Jpr,Rajasthan,2025-10-08 00:00:00,,ACTIVE,262.02,SINGLETON,1.0,1,No duplicates
MCH4289,Singhal-Dasgupta,,Apparel,Partnership,Bengaluru,Karnataka,2025-02-17 00:00:00,ZEDE0222029565689,ACTIVE,809.48,SINGLETON,1.0,1,No duplicates
MCH4290,Venkataraman-Wadhwa,5999,Miscellaneous Retail,Individual,Lucknow,Uttar Pradesh,2023-04-16 00:00:00,NGRS4293634400913,ACTIVE,1056.0,CONFLICTING_MERCHANT_RECORD,0.55,2,"Conflicting Names: ['Konda-Memon', 'Venkataraman-Wadhwa']; Conflicting Categories: ['Department Store', 'Other']; Conflicting Cities: ['New Delhi', 'Lucknow']"
MCH4296,Varty-Varma,5999,Miscellaneous Retail,Private_Limited,Amritsar,Punjab,2026-02-24 00:00:00,,ACTIVE,,SINGLETON,1.0,1,No duplicates
MCH4298,Jain Group,4814,Telecom,Private_Limited,New Delhi,Delhi,2024-06-01 00:00:00,6571920723,INACTIVE,316.99,CONFLICTING_MERCHANT_RECORD,0.55,2,"Conflicting Names: ['Jain Group', 'Yadavllc']; Conflicting Categories: ['Mobile Recharge', 'Other']; Conflicting Cities: ['New Delhi', 'Bombay']"
MCH4299,Master Plc,5699,Apparel,Private_Limited,Delhi,Delhi,2023-05-31 00:00:00,XXXX0419,ACTIVE,3539.65,SINGLETON,1.0,1,No duplicates
MCH4301,Thakur Inc,5942,Books & Stationery,Partnership,New Delhi,Delhi,2023-04-29 06:39:16,,ACTIVE,4449.0,SINGLETON,1.0,1,No duplicates
MCH4303,"Dhingra, Khurana And Zachariah",4814,Telecom,Partnership,Bombay,Maharashtra,2023-08-25 03:02:00,,ACTIVE,2476.0,SINGLETON,1.0,1,No duplicates
MCH4305,Padmanabhan-Thaker,4131,Transportation,Individual,Ludhiana,Punjab,2024-10-17 00:00:00,,ACTIVE,572.69,SINGLETON,1.0,1,No duplicates
MCH4306,"Narula, Hegde And Minhas",5411,Grocery,Private_Limited,Blr,Karnataka,2025-08-03 01:58:17,,ACTIVE,2023.94,SINGLETON,1.0,1,No duplicates
MCH4308,Natt Group,5912,Pharmacy,Partnership,Delhi,Delhi,2023-01-16 00:00:00,3010499558,ACTIVE,2114.37,SINGLETON,1.0,1,No duplicates
MCH4312,Dada-Hari,5699,Apparel,Sole_Proprietor,Ldh,Punjab,2024-02-17 00:00:00,XXXX5151,ACTIVE,2174.33,SINGLETON,1.0,1,No duplicates
MCH4314,Deshmukh Ltd,5699,Apparel,Private_Limited,Jalandhar,Punjab,,3021439858,INACTIVE,986.05,SINGLETON,1.0,1,No duplicates
MCH4318,Nagar And Sons,4131,Transportation,Sole_Proprietor,Lko,Uttar Pradesh,2023-12-20 15:21:00,3039905093,ACTIVE,1159.12,SINGLETON,1.0,1,No duplicates
MCH4319,"Setty, Sarkar And Mahajan",5311,Department Store,Private_Limited,Mumbai,Maharashtra,2025-02-01 00:00:00,5750964403,ACTIVE,1351.02,CONFLICTING_MERCHANT_RECORD,0.55,3,"Conflicting Names: ['Chaudhry, Rajan And Lad', 'Setty, Sarkar And Mahajan', 'Luthra-D’Alia']; Conflicting Categories: ['Eating Place', 'Retail', 'Apparel']; Conflicting Cities: ['Jaipur', 'Mumbai', 'Madras']"
MCH4320,Vala And Sons,4814,Telecom,Private_Limited,Mumbai,Maharashtra,2024-10-14 00:00:00,NNFD4351390281416,INACTIVE,288.28,SINGLETON,1.0,1,No duplicates
MCH4322,Patla Plc,4814,Telecom,Private-Limited,Pune,Maharashtra,2025-10-17 00:00:00,XXXX9948,ACTIVE,274.0,CONFLICTING_MERCHANT_RECORD,0.55,6,"Conflicting Names: ['Patla Plc', 'Khanna-Sarma', 'Mane Plc', 'Bumb-Arya']; Conflicting Categories: ['Telecom', 'Dept_Store', 'Hotels', 'Groceries']; Conflicting Cities: ['Pune', 'Jalandar', 'Lucknow', 'Kolkata']"
MCH4323,"Ben, Wagle And Shan",5812,Restaurant,Sole-Proprietor,Madras,Tamil Nadu,2023-05-11 05:53:16,4367668757,SUSPENDED,,SINGLETON,1.0,1,No duplicates
MCH4324,Choudhury Group,5311,Department Store,Individual,Chennai,Tamil Nadu,2024-11-02 00:00:00,ZMED4163796029617,ACTIVE,10680.0,SINGLETON,1.0,1,No duplicates
MCH4325,Choudhry Llc,7011,Hotel & Lodging,Private-Limited,Jaipur,Rajasthan,2023-06-07 00:00:00,,INACTIVE,,SINGLETON,1.0,1,No duplicates
MCH4326,Morar-Jani,7011,Hotel & Lodging,Partnership,Lko,Uttar Pradesh,2025-12-14 00:00:00,,ACTIVE,9768.01,SINGLETON,1.0,1,No duplicates
MCH4330,"Viswanathan, Morar And Barad",4131,Transportation,Individual,Jalandhar,Punjab,2023-10-04 00:00:00,,ACTIVE,151.73,SINGLETON,1.0,1,No duplicates
MCH4331,"Wali, Buch And Nagi",5699,Apparel,Sole_Proprietor,Amritsar,Punjab,2025-07-31 20:39:00,5107486763,INACTIVE,1154.33,SINGLETON,1.0,1,No duplicates
MCH4332,Varma Plc,5942,Books & Stationery,Individual,Mumbai,Maharashtra,2025-01-22 00:00:00,XXXX6546,ACTIVE,229.07,SINGLETON,1.0,1,No duplicates
MCH4334,"Nazareth, Loyal And Dhar",5311,Department Store,Individual,Ludhiana,Punjab,2025-11-09 00:00:00,6420363344,ACTIVE,6505.28,SINGLETON,1.0,1,No duplicates
MCH4336,"Prasad, Bhagat And De",5411,Grocery,Partnership,Hyderabad,Telangana,2023-05-22 00:00:00,FQWT9362753717033,ACTIVE,614.99,CONFLICTING_MERCHANT_RECORD,0.55,2,"Conflicting Names: ['Prasad, Bhagat And De', 'Dube, Baria And Nath']; Conflicting Categories: ['Groceries', 'Kirana']; Conflicting Cities: ['Hyderabad', 'Jalandhar']"
MCH4337,Sethi Ltd,4814,Telecom,Individual,Jalandhar,Punjab,2026-01-28 00:00:00,NBXU8148602683458,INACTIVE,3672.22,SINGLETON,1.0,1,No duplicates
MCH4338,Johal-Dara,7011,Hotel & Lodging,Individual,Jpr,Rajasthan,2025-07-06 20:41:00,XXXX8581,SUSPENDED,3419.42,SINGLETON,1.0,1,No duplicates
MCH4340,"Nadig, Kothari And Khalsa",7011,Hotel & Lodging,Partnership,Mumbai,Maharashtra,,,ACTIVE,1756.35,SINGLETON,1.0,1,No duplicates
MCH4342,"Bhavsar, Mital And Garde",4131,Transportation,Private_Limited,Kolkata,West Bengal,2025-10-06 00:00:00,,SUSPENDED,341.44,CONFLICTING_MERCHANT_RECORD,0.55,2,"Conflicting Names: ['Bhavsar, Mital And Garde', 'S0M Plc']; Conflicting Categories: ['Transprt', 'Mobile Recharge']; Conflicting Cities: ['Kolkata', 'Jaipur']"
MCH4349,Atwal-Sura,,Books & Stationery,Sole-Proprietor,Pune,Maharashtra,2025-12-21 00:00:00,ZQKH6444366746348,ACTIVE,463.78,CONFLICTING_MERCHANT_RECORD,0.55,2,"Conflicting Names: ['Atwal-Sura', 'Naik, Pandey And Din']; Conflicting Categories: ['Books_Stationery', 'Transportation']; Conflicting Cities: ['Pune', 'Bengaluru']"
MCH4352,Suri Ltd,5912,Pharmacy,Individual,Lucknow,Uttar Pradesh,2023-08-21 00:00:00,,ACTIVE,2179.96,SINGLETON,1.0,1,No duplicates
MCH4353,"Sha, Thaman And Bhasin",5699,Apparel,Partnership,Lucknow,Uttar Pradesh,2024-05-02 00:00:00,XXXX4052,INACTIVE,391.43,SINGLETON,1.0,1,No duplicates
MCH4354,Natarajan-Lad,7011,Hotel & Lodging,Partnership,Amritsar,Punjab,2023-08-18 00:00:00,XXXX6382,ACTIVE,703.43,SINGLETON,1.0,1,No duplicates
MCH4355,Sur-Pandit,5699,Apparel,Partnership,Lucknow,Uttar Pradesh,2023-04-18 00:00:00,0234156737,ACTIVE,,SINGLETON,1.0,1,No duplicates
MCH4356,"Guha, Sheth And Ravi",5912,Pharmacy,Partnership,Kolkata,West Bengal,2024-07-06 00:00:00,3427547300,ACTIVE,2725.51,CONFLICTING_MERCHANT_RECORD,0.55,2,"Conflicting Names: ['Basak, Sur And Sundaram', 'Guha, Sheth And Ravi']; Conflicting Categories: ['Telecom', 'Medical']; Conflicting Cities: ['Dilli', 'Kolkata']"
MCH4357,Som And Sons,5311,Department Store,Individual,Ldh,Punjab,,XXXX0823,ACTIVE,,SINGLETON,1.0,1,No duplicates
MCH4359,Mistry-Parekh,5912,Pharmacy,Private_Limited,Mumbai,Maharashtra,2023-06-10 16:16:00,YQCO7150849658211,SUSPENDED,684.0,SINGLETON,1.0,1,No duplicates
MCH4360,Khurana Ltd,5699,Apparel,Partnership,Jaipur,Rajasthan,,7767895451,ACTIVE,507.91,SINGLETON,1.0,1,No duplicates
MCH4361,"Dugal, Barad And Nagi",5411,Grocery,Private Limited,Pune,Maharashtra,2025-10-27 00:00:00,XXXX1186,ACTIVE,4047.59,CONFLICTING_MERCHANT_RECORD,0.55,2,"Conflicting Names: ['Shukla-Venkatesh', 'Dugal, Barad And Nagi']; Conflicting Categories: ['Cloths', 'Groceries']"
MCH4362,Sura Llc,7011,Hotel & Lodging,Individual,Jaipur,Rajasthan,2023-04-23 00:00:00,2143307806,SUSPENDED,218.0,SINGLETON,1.0,1,No duplicates
MCH4363,Bhagatinc,5912,Pharmacy,Private_Limited,Jalandar,Punjab,2023-07-22 00:00:00,2625500394,ACTIVE,1657.41,CONFLICTING_MERCHANT_RECORD,0.55,2,"Conflicting Names: ['Bhagatinc', 'Narayan-Sangha']; Conflicting Categories: ['Pharmacy', 'Hotel_Lodging']; Conflicting Cities: ['Jalandar', 'Jalandhar']"
MCH4364,Sastry-Shetty,4131,Transportation,Sole_Proprietor,Kolkata,West Bengal,2024-06-14 00:00:00,BYKR5512266480306,ACTIVE,1128.0,SINGLETON,1.0,1,No duplicates
MCH4367,"Wason, Chanda And Panchal",5411,Grocery,Sole Proprietor,Lko,Uttar Pradesh,2023-09-29 00:00:00,QEDA5086052954128,ACTIVE,1778.0,CONFLICTING_MERCHANT_RECORD,0.55,2,"Conflicting Names: ['Wason, Chanda And Panchal', 'Sankaran-Bhattacharyya']; Conflicting Categories: ['Kirana', 'Fashion']; Conflicting Cities: ['Lko', 'Chennai']"
MCH4369,"Tandon, Viswanathan And Chaudhary",5812,Restaurant,Private-Limited,Pune,Maharashtra,2023-01-13 00:00:00,1839441599,SUSPENDED,226.61,CONFLICTING_MERCHANT_RECORD,0.55,2,"Conflicting Names: ['Gupta,Maneandbhasin', 'Tandon, Viswanathan And Chaudhary']; Conflicting Categories: ['Food_Services', 'Food']; Conflicting Cities: ['Hyderabad', 'Pune']"
MCH4370,Kuruvilla And Sons,5999,Miscellaneous Retail,Individual,Mumbay,Maharashtra,2023-08-18 00:00:00,,ACTIVE,715.96,SINGLETON,1.0,1,No duplicates
MCH4371,Chahal-Chaudhari,4814,Telecom,Sole Proprietor,Ludhiana,Punjab,2025-01-20 00:00:00,,SUSPENDED,219.82,SINGLETON,1.0,1,No duplicates
MCH4373,Raman-Karnik,5942,Books & Stationery,Partnership,Delhi,Delhi,2023-08-09 15:36:00,IPHA4538122781630,ACTIVE,,SINGLETON,1.0,1,No duplicates
MCH4374,Venkatesh Llc,7011,Hotel & Lodging,Individual,Jalandhar,Punjab,2025-01-15 22:22:17,,ACTIVE,418.37,SINGLETON,1.0,1,No duplicates
MCH4375,"Mani, Pillai And Soman",5311,Department Store,Sole-Proprietor,Lucknow,Uttar Pradesh,2024-08-03 02:25:00,,ACTIVE,1050.41,SINGLETON,1.0,1,No duplicates
MCH4377,Kale-Krishnan,5942,Books & Stationery,Partnership,Bengaluru,Karnataka,2023-12-10 00:00:00,,INACTIVE,2218.12,SINGLETON,1.0,1,No duplicates
MCH4382,Modi-Sengupta,5912,Pharmacy,Individual,Mumbai,Maharashtra,2025-02-15 00:00:00,9182714411,ACTIVE,650.1,CONFLICTING_MERCHANT_RECORD,0.55,2,"Conflicting Names: ['Bahl, Ratta And Mann', 'Modi-Sengupta']; Conflicting Categories: ['Medical_Store', 'Pharmacies']"
MCH4383,"Sabharwal, Patla And Nagy",5812,Restaurant,Individual,Jaipur,Rajasthan,2024-12-13 00:00:00,,ACTIVE,4027.8,CONFLICTING_MERCHANT_RECORD,0.55,2,"Conflicting Names: ['Sabharwal, Patla And Nagy', 'Vala Llc']; Conflicting Categories: ['Food', 'Dept_Store']; Conflicting Cities: ['Jaipur', 'Lucknow']"
MCH4385,Bera-S0M,,Grocery,Private_Limited,Jalandar,Punjab,2023-05-08 00:00:00,XXXX8868,ACTIVE,2548.67,SINGLETON,1.0,1,No duplicates
MCH4389,"Bobal, Chakrabarti And Dash",5912,Pharmacy,Sole_Proprietor,Pune,Maharashtra,2026-02-04 00:00:00,,ACTIVE,445.95,SINGLETON,1.0,1,No duplicates
MCH4390,Ar0Ra Llc,5812,Restaurant,Sole Proprietor,Hyd,Telangana,2025-07-06 00:00:00,XXXX2296,ACTIVE,1372.0,SINGLETON,1.0,1,No duplicates
MCH4395,Ramakrishnan-Rastogi,5999,Miscellaneous Retail,Private_Limited,Chennai,Tamil Nadu,2025-11-19 00:00:00,,ACTIVE,,SINGLETON,1.0,1,No duplicates
MCH4397,Tailor-Pandey,5912,Pharmacy,Private-Limited,Pune,Maharashtra,2024-10-24 00:00:00,,ACTIVE,,SINGLETON,1.0,1,No duplicates
MCH4398,"Bose, Dhar And Oza",5812,Restaurant,Individual,Jalandhar,Punjab,2024-03-06 00:00:00,VPBZ3389716321736,ACTIVE,580.38,SINGLETON,1.0,1,No duplicates
MCH4401,Bedi And Sons,5699,Apparel,Partnership,Calcutta,West Bengal,2024-05-16 03:12:04,HWLG9372836696223,ACTIVE,557.79,CONFLICTING_MERCHANT_RECORD,0.55,2,"Conflicting Names: ['Bedi And Sons', 'Misra, Sama And Shetty']; Conflicting Categories: ['Fashion', 'Phone Service']; Conflicting Cities: ['Calcutta', 'Poona']"
MCH4406,"Chand, Ahuja And Behl",7011,Hotel & Lodging,Private Limited,Pune,Maharashtra,2023-06-09 00:00:00,,ACTIVE,3629.0,SINGLETON,1.0,1,No duplicates
MCH4408,Dhar-Shetty,5912,Pharmacy,Individual,Asr,Punjab,2023-12-19 00:00:00,XXXX8510,INACTIVE,425.49,SINGLETON,1.0,1,No duplicates
MCH4411,"Kale, Issac And Sibal",5999,Miscellaneous Retail,Private_Limited,Mumbai,Maharashtra,2025-12-23 00:00:00,GYAZ8851086848708,ACTIVE,566.46,SINGLETON,1.0,1,No duplicates
MCH4413,"Parekh,Kadeandtalwar",5699,Apparel,Sole Proprietor,Lko,Uttar Pradesh,2025-12-11 00:00:00,9207485110,ACTIVE,,CONFLICTING_MERCHANT_RECORD,0.55,3,"Conflicting Names: ['Parekh,Kadeandtalwar', 'Bedi-Chanda']; Conflicting Categories: ['Cloths', 'Transport']; Conflicting Cities: ['Lko', 'Madras']"
MCH4414,"Manne, Arora And Goel",5411,Grocery,Private_Limited,Hyd,Telangana,2025-07-15 00:00:00,,ACTIVE,618.59,SINGLETON,1.0,1,No duplicates
MCH4416,Raju And S0Ns,5999,Miscellaneous Retail,Individual,Bengaluru,Karnataka,2025-10-04 00:00:00,6909361511,INACTIVE,3955.0,FORMATTING_DUPLICATE,0.85,2,2 records with formatting variations consolidated
MCH4417,Nair-Bhavsar,5942,Books & Stationery,Private Limited,Jalandhar,Punjab,2024-10-26 00:00:00,XXXX2826,ACTIVE,291.65,SINGLETON,1.0,1,No duplicates
MCH4419,Gill-Ratta,5912,Pharmacy,Sole-Proprietor,Jpr,Rajasthan,2024-09-15 14:40:00,ETZF4377515836271,ACTIVE,1442.51,CONFLICTING_MERCHANT_RECORD,0.55,3,"Conflicting Names: ['Sankaran Inc', 'Gill-Ratta']; Conflicting Cities: ['Madras', 'Jpr']"
MCH4421,Sani Llc,5999,Miscellaneous Retail,Sole Proprietor,Ludhiana,Punjab,2023-05-15 00:00:00,7724162998,ACTIVE,901.69,CONFLICTING_MERCHANT_RECORD,0.55,3,"Conflicting Names: ['Natarajan-Borah', 'Dua, Lad And Bassi', 'Sani Llc']; Conflicting Categories: ['Miscellaneous', 'Grocery', 'Retail Other']; Conflicting Cities: ['Mumbai', 'Amritsar', 'Ludhiana']"
MCH4424,"Date, Soman And Lall",5311,Department Store,Private Limited,Chennai,Tamil Nadu,2024-02-01 22:21:10,GBLD6739471452450,ACTIVE,410.17,SINGLETON,1.0,1,No duplicates
MCH4427,Deshpande Llc,5812,Restaurant,Private_Limited,Mumbai,Maharashtra,2023-02-05 00:00:00,0253333340,ACTIVE,1587.13,SINGLETON,1.0,1,No duplicates
MCH4428,Raja-Kapadia,5942,Books & Stationery,Private Limited,Poona,Maharashtra,2023-01-21 00:00:00,4361145093,ACTIVE,3396.0,SINGLETON,1.0,1,No duplicates
MCH4431,"Wali, Zachariah And Toor",5411,Grocery,Sole_Proprietor,Bombay,Maharashtra,2023-05-13 00:00:00,,SUSPENDED,3595.68,SINGLETON,1.0,1,No duplicates
MCH4433,"Patil, Subramanian And Madan",7011,Hotel & Lodging,Partnership,Calcutta,West Bengal,2023-01-23 00:00:00,KNSD2742017347383,ACTIVE,830.16,SINGLETON,1.0,1,No duplicates
MCH4434,Andra And Sons,5999,Miscellaneous Retail,Private Limited,Ludhiana,Punjab,2025-02-21 00:35:17,,ACTIVE,233.0,SINGLETON,1.0,1,No duplicates
MCH4435,"Shere, Jain And Luthra",5999,Miscellaneous Retail,Private-Limited,Chennai,Tamil Nadu,2024-06-23 00:00:00,PJOC4178398535690,ACTIVE,894.0,SINGLETON,1.0,1,No duplicates
MCH4438,Vasa-Divan,5311,Department Store,Partnership,Kolkata,West Bengal,2025-09-10 05:49:00,DDPR9154239625573,ACTIVE,1288.65,SINGLETON,1.0,1,No duplicates
MCH4439,Deshpande Ltd,5812,Restaurant,Partnership,Bengaluru,Karnataka,2025-04-02 00:00:00,XXXX4378,ACTIVE,917.66,SINGLETON,1.0,1,No duplicates
MCH4440,"Dey, Bala And Shan",5699,Apparel,Sole-Proprietor,Bombay,Maharashtra,2023-04-01 22:57:00,FDNT8049485568761,ACTIVE,,CONFLICTING_MERCHANT_RECORD,0.55,2,"Conflicting Names: ['Dey, Bala And Shan', 'Krishna, Bora And Swaminathan']; Conflicting Categories: ['Cloths', 'Apparel']; Conflicting Cities: ['Bombay', 'Jalandar']"
MCH4441,"Sachdev, Doctor And Subramanian",5311,Department Store,Partnership,Chennai,Tamil Nadu,2023-06-08 00:00:00,6376514375,INACTIVE,3222.79,SINGLETON,1.0,1,No duplicates
MCH4443,Sachar-Banik,5942,Books & Stationery,Partnership,Jpr,Rajasthan,2024-12-06 00:00:00,BADT3910512012474,ACTIVE,2375.86,SINGLETON,1.0,1,No duplicates
MCH4444,Khalsa Plc,5999,Miscellaneous Retail,Partnership,Ludhiana,Punjab,2023-05-25 00:00:00,XXXX2938,ACTIVE,2332.61,CONFLICTING_MERCHANT_RECORD,0.55,2,"Conflicting Names: ['Kara-Murty', 'Khalsa Plc']; Conflicting Categories: ['Misc Retail', 'Retail Other']; Conflicting Cities: ['Jaipur', 'Ludhiana']"
MCH4447,"Sodhi, Dalal And Iyengar",5311,Department Store,Private Limited,Bangalore,Karnataka,,XXXX0235,ACTIVE,208.51,SINGLETON,1.0,1,No duplicates
MCH4448,Gara And Sons,5999,Miscellaneous Retail,Individual,Madras,Tamil Nadu,2025-09-24 00:00:00,XXXX6028,SUSPENDED,1524.31,SINGLETON,1.0,1,No duplicates
MCH4450,Zachariah-Batra,5311,Department Store,Sole_Proprietor,Amritsar,Punjab,2023-09-17 15:10:46,,ACTIVE,1045.82,SINGLETON,1.0,1,No duplicates
MCH4451,Bansal-Tak,7011,Hotel & Lodging,Individual,Amritsar,Punjab,,,ACTIVE,,SINGLETON,1.0,1,No duplicates
MCH4454,"Raman, Mukherjee And Sinha",5942,Books & Stationery,Sole-Proprietor,Kolkata,West Bengal,2024-12-26 22:24:01,NRFQ4744687183200,ACTIVE,567.26,CONFLICTING_MERCHANT_RECORD,0.55,2,"Conflicting Names: ['Varghese, Shenoy And Mahajan', 'Raman, Mukherjee And Sinha']; Conflicting Categories: ['Restaurants', 'Books_Stationery']; Conflicting Cities: ['Mumbai', 'Kolkata']"
MCH4455,Iyer Llc,5411,Grocery,Individual,Bangalore,Karnataka,,JMHS4435674556652,ACTIVE,586.02,SINGLETON,1.0,1,No duplicates
MCH4456,Krish-Panchal,5411,Grocery,Individual,Lucknow,Uttar Pradesh,2024-05-11 18:33:00,,ACTIVE,1642.08,SINGLETON,1.0,1,No duplicates
MCH4457,"Chanda, Parikh And Hayre",5999,Miscellaneous Retail,Private_Limited,Amritsar,Punjab,,,ACTIVE,,SINGLETON,1.0,1,No duplicates
MCH4458,"Gola, Dixit And Banik",5411,Grocery,Sole-Proprietor,Amritsar,Punjab,2023-08-25 00:00:00,XXXX8441,ACTIVE,991.85,SINGLETON,1.0,1,No duplicates
MCH4459,Agate-Majumdar,4131,Transportation,Sole-Proprietor,Madras,Tamil Nadu,2025-07-29 00:00:00,XXXX8386,ACTIVE,210.85,CONFLICTING_MERCHANT_RECORD,0.55,3,"Conflicting Names: ['Agate-Majumdar', 'Suresh-Mane', 'Gola, Dara And Anne']; Conflicting Categories: ['Transprt', 'Dept_Store', 'Grocery Stores']; Conflicting Cities: ['Madras', 'Kolkata', 'Asr']"
MCH4460,Bumb Plc,5942,Books & Stationery,Private_Limited,Chennai,Tamil Nadu,,XXXX4424,ACTIVE,696.95,SINGLETON,1.0,1,No duplicates
MCH4462,"Koshy, Badal And Nayar",5699,Apparel,Individual,Hyd,Telangana,2025-01-17 00:00:00,XXXX9292,ACTIVE,937.0,SINGLETON,1.0,1,No duplicates
MCH4463,"Choudhry, Sahni And Chaudhry",5699,Apparel,Individual,Ludhiana,Punjab,2025-01-09 03:17:33,XXXX3118,ACTIVE,402.0,CONFLICTING_MERCHANT_RECORD,0.55,3,"Conflicting Names: ['Kant, Varma And Madan', 'Choudhry, Sahni And Chaudhry', 'Bera-Kota']; Conflicting Categories: ['Kirana', 'Apparel', 'Cloths']; Conflicting Cities: ['Asr', 'Ludhiana', 'Amritsar']"
MCH4469,Mane And Sons,4131,Transportation,Partnership,Hyderabad,Telangana,2025-05-18 16:24:00,ZELA9978143221753,ACTIVE,1447.11,SINGLETON,1.0,1,No duplicates
MCH4474,Ram Ltd,4814,Telecom,Partnership,Jalandhar,Punjab,2024-07-13 00:00:00,,ACTIVE,1082.17,SINGLETON,1.0,1,No duplicates
MCH4475,"Ray, Kulkarni And Suresh",5311,Department Store,Private_Limited,Ludhiana,Punjab,2024-03-03 00:00:00,XXXX5127,ACTIVE,3417.23,FORMATTING_DUPLICATE,0.85,2,2 records with formatting variations consolidated
MCH4476,Parikh Group,5912,Pharmacy,Partnership,Kolkata,West Bengal,2025-09-10 00:24:37,,ACTIVE,,SINGLETON,1.0,1,No duplicates
MCH4477,"Ray, Agate And Som",4814,Telecom,Partnership,Amritsar,Punjab,2025-01-27 15:16:06,3942164768,ACTIVE,3504.19,CONFLICTING_MERCHANT_RECORD,0.55,3,"Conflicting Names: ['Edwin Group', 'Ray, Agate And Som']; Conflicting Categories: ['Chemist', 'Telecom']; Conflicting Cities: ['Poona', 'Amritsar']"
MCH4478,Shenoy Inc,4131,Transportation,Private_Limited,Pune,Maharashtra,2024-04-19 20:17:16,,ACTIVE,3749.72,SINGLETON,1.0,1,No duplicates
MCH4481,Nagi Inc,5699,Apparel,Partnership,Poona,Maharashtra,2023-11-28 12:44:00,,ACTIVE,2759.79,SINGLETON,1.0,1,No duplicates
MCH4482,Sawhney-Raman,7011,Hotel & Lodging,Private-Limited,Ludhiana,Punjab,,8584867343,ACTIVE,246.88,SINGLETON,1.0,1,No duplicates
MCH4484,"Mukherjee, Tella And Malhotra",5812,Restaurant,Partnership,Bangalore,Karnataka,2025-10-02 05:38:00,8422535984,ACTIVE,2091.93,SINGLETON,1.0,1,No duplicates
MCH4485,Nazarethinc,5999,Miscellaneous Retail,Individual,Poona,Maharashtra,2023-11-07 18:34:59,6008302979,SUSPENDED,1928.18,SINGLETON,1.0,1,No duplicates
MCH4486,"Bumb, Kibe And Saraf",4814,Telecom,Private_Limited,Madras,Tamil Nadu,2026-02-14 00:00:00,XXXX9655,ACTIVE,2112.84,SINGLETON,1.0,1,No duplicates
MCH4487,Subramanian-Kannan,4814,Telecom,Private_Limited,Jaipur,Rajasthan,2023-03-31 00:00:00,GTMT5663658393677,ACTIVE,259.0,CONFLICTING_MERCHANT_RECORD,0.55,3,"Conflicting Names: ['Subramanian-Kannan', 'Maharaj-Murthy', 'Randhawa-Mallick']; Conflicting Categories: ['Phone Service', 'Medical_Store', 'Department Stores']; Conflicting Cities: ['Jaipur', 'Amritsar', 'Ludhiana']"
MCH4490,"Doshi, Raj And Bumb",5411,Grocery,Partnership,Ldh,Punjab,2025-07-28 00:00:00,XXXX2409,ACTIVE,748.4,CONFLICTING_MERCHANT_RECORD,0.55,2,"Conflicting Names: ['Doshi, Raj And Bumb', 'Chawla, Prabhakar And Gupta']; Conflicting Categories: ['Groceries', 'Restaurants']; Conflicting Cities: ['Ldh', 'Chennai']"
MCH4495,"Nadig, Gade And Jha",5942,Books & Stationery,Partnership,Hyd,Telangana,2024-05-10 06:24:00,,ACTIVE,1329.61,SINGLETON,1.0,1,No duplicates
MCH4496,"Shroff,Ahujaandkumar",4814,Telecom,Partnership,Amritsar,Punjab,2025-05-11 18:25:00,5684338286,ACTIVE,497.26,CONFLICTING_MERCHANT_RECORD,0.55,2,"Conflicting Names: ['Shroff,Ahujaandkumar', 'Pandya, Bhalla And Malhotra']; Conflicting Cities: ['Amritsar', 'Jpr']"
MCH4497,Padmanabhan Group,5812,Restaurant,Individual,Mumbai,Maharashtra,,,ACTIVE,2142.62,SINGLETON,1.0,1,No duplicates
MCH4501,Barman And Sons,5812,Restaurant,Private_Limited,Dilli,Delhi,2025-04-24 00:00:00,,ACTIVE,523.04,SINGLETON,1.0,1,No duplicates
MCH4503,Sunder Plc,7011,Hotel & Lodging,Partnership,Mumbai,Maharashtra,2024-01-03 00:00:00,MTQA2966873504692,ACTIVE,540.93,CONFLICTING_MERCHANT_RECORD,0.55,3,"Conflicting Names: ['Sunder Plc', 'Acharya Llc', 'Varghese, Hora And Narayanan']; Conflicting Categories: ['Hotels', 'Groceries', 'Hotel_Lodging']; Conflicting Cities: ['Mumbai', 'Delhi', 'Ldh']"
MCH4507,Bassi-Merchant,5812,Restaurant,Sole_Proprietor,Madras,Tamil Nadu,2024-05-30 00:00:00,XXXX7969,ACTIVE,3598.7,SINGLETON,1.0,1,No duplicates
MCH4508,Prakash Ltd,5812,Restaurant,Private Limited,Mumbai,Maharashtra,2023-12-12 16:42:00,9822144537,SUSPENDED,1744.61,SINGLETON,1.0,1,No duplicates
MCH4509,"Shanker, Sem And Varughese",4131,Transportation,Sole_Proprietor,Pune,Maharashtra,2023-08-16 00:00:00,,ACTIVE,,SINGLETON,1.0,1,No duplicates
MCH4510,Bora Ltd,4814,Telecom,Individual,Chennai,Tamil Nadu,2024-04-16 11:39:00,XXXX0375,ACTIVE,1583.66,SINGLETON,1.0,1,No duplicates
MCH4511,"Walla, Kala And Devi",4131,Transportation,Sole_Proprietor,Hyderabad,Telangana,2025-03-12 00:00:00,8103217288,ACTIVE,1448.32,SINGLETON,1.0,1,No duplicates
MCH4515,Memon-Upadhyay,4131,Transportation,Sole_Proprietor,Lucknow,Uttar Pradesh,2024-04-03 17:37:57,,ACTIVE,2435.25,SINGLETON,1.0,1,No duplicates
MCH4517,"Madan, Gola And Srivastava",5812,Restaurant,Sole-Proprietor,Kolkata,West Bengal,2025-05-07 14:26:04,,ACTIVE,671.65,SINGLETON,1.0,1,No duplicates
MCH4521,Raman Plc,5699,Apparel,Private_Limited,Hyderabad,Telangana,2023-04-02 12:10:00,,ACTIVE,4397.68,SINGLETON,1.0,1,No duplicates
MCH4524,Tara Ltd,5999,Miscellaneous Retail,Private_Limited,Hyderabad,Telangana,2025-07-23 17:42:29,,ACTIVE,1296.94,SINGLETON,1.0,1,No duplicates
MCH4526,"Mittal, Saha And Puri",5699,Apparel,Sole_Proprietor,Blr,Karnataka,2025-06-19 00:00:00,,ACTIVE,893.38,SINGLETON,1.0,1,No duplicates
MCH4527,Bansalinc,5411,Grocery,Private-Limited,Lucknow,Uttar Pradesh,2025-10-29 21:36:00,BWHM6431375051395,ACTIVE,3449.0,SINGLETON,1.0,1,No duplicates
MCH4528,Memon Llc,5912,Pharmacy,Partnership,Hyd,Telangana,2023-01-05 23:02:24,VOFY4004091833640,ACTIVE,490.99,SINGLETON,1.0,1,No duplicates
MCH4529,Varkey-Pant,,Apparel,Private-Limited,Ldh,Punjab,2024-06-01 00:00:00,6768398433,ACTIVE,1710.62,CONFLICTING_MERCHANT_RECORD,0.55,2,"Conflicting Names: ['Varkey-Pant', 'Wali Llc']; Conflicting Categories: ['Clothing', 'Other']; Conflicting Cities: ['Ldh', 'Delhi']"
MCH4530,"Bhandari, Ramakrishnan And Srinivasan",5812,Restaurant,Partnership,Pune,Maharashtra,2023-12-10 00:00:00,8219848716,ACTIVE,669.95,CONFLICTING_MERCHANT_RECORD,0.55,3,"Conflicting Names: ['Bhandari, Ramakrishnan And Srinivasan', 'Mangal, Sehgal And Vohra', 'Kadakia Group']; Conflicting Categories: ['Food_Services', 'Books_Stationery', 'Books']; Conflicting Cities: ['Pune', 'Dilli', 'Jalandhar']"
MCH4531,Bail-Ramachandran,4814,Telecom,Private Limited,Jpr,Rajasthan,2025-05-11 18:13:55,XXXX9300,ACTIVE,597.69,SINGLETON,1.0,1,No duplicates
MCH4534,Bumb-Ganguly,5699,Apparel,Partnership,Chennai,Tamil Nadu,2025-11-12 19:14:58,YNBM1819285405206,ACTIVE,1225.88,SINGLETON,1.0,1,No duplicates
MCH4536,Gulati And Sons,5311,Department Store,Individual,Dilli,Delhi,2024-12-06 17:48:15,,ACTIVE,951.8,SINGLETON,1.0,1,No duplicates
MCH4538,Lad Ltd,5699,Apparel,Private Limited,New Delhi,Delhi,2023-12-30 08:20:00,,ACTIVE,449.9,SINGLETON,1.0,1,No duplicates
MCH4540,Nadig Llc,5699,Apparel,Partnership,Mumbai,Maharashtra,2024-02-03 18:04:00,,ACTIVE,7331.0,SINGLETON,1.0,1,No duplicates
MCH4544,"Som, Deshmukh And Narang",5411,Grocery,Partnership,Bangalore,Karnataka,2023-04-28 00:00:00,,ACTIVE,4619.33,SINGLETON,1.0,1,No duplicates
MCH4547,Rout Inc,5812,Restaurant,Private_Limited,Bengaluru,Karnataka,2026-01-28 00:00:00,4666460002,ACTIVE,307.37,SINGLETON,1.0,1,No duplicates
MCH4548,"Butala, Som And Modi",4131,Transportation,Private-Limited,Blr,Karnataka,,6510148022,SUSPENDED,568.11,CONFLICTING_MERCHANT_RECORD,0.55,2,"Conflicting Names: ['Butala, Som And Modi', 'Sarin Ltd']; Conflicting Categories: ['Transprt', 'Medical']; Conflicting Cities: ['Blr', 'Delhi']"
MCH4551,Sura Group,5699,Apparel,Sole_Proprietor,Jalandhar,Punjab,2023-01-06 00:00:00,XXXX0235,ACTIVE,3287.63,SINGLETON,1.0,1,No duplicates
MCH4552,"Palla, Mutti And Jayaraman",4131,Transportation,Sole Proprietor,Jaipur,Rajasthan,2025-07-21 01:20:00,ZNQK3499547364876,ACTIVE,912.53,SINGLETON,1.0,1,No duplicates
MCH4553,Zachariah-Dara,5812,Restaurant,Private_Limited,Jalandhar,Punjab,2024-07-03 11:07:00,,ACTIVE,343.99,SINGLETON,1.0,1,No duplicates
MCH4556,Parmar And S0Ns,,Hotel & Lodging,Private Limited,Jaipur,Rajasthan,2024-05-16 07:05:47,CXEA6616163600300,ACTIVE,933.34,CONFLICTING_MERCHANT_RECORD,0.55,2,"Conflicting Names: ['Parmar And S0Ns', 'Bhakta Inc']; Conflicting Categories: ['Hospitality', 'Book Store']; Conflicting Cities: ['Jaipur', 'Mumbai']"
MCH4560,Shankar Ltd,4814,Telecom,Individual,Blr,Karnataka,2025-06-12 14:36:00,,ACTIVE,1403.88,SINGLETON,1.0,1,No duplicates
MCH4567,Bhatti Inc,7011,Hotel & Lodging,Partnership,Hyderabad,Telangana,2023-03-29 00:00:00,XXXX2555,ACTIVE,1514.65,SINGLETON,1.0,1,No duplicates
MCH4573,"Borde, Patil And Taneja",4814,Telecom,Individual,Chennai,Tamil Nadu,2023-10-27 00:00:00,KZVD4103515080767,ACTIVE,642.81,CONFLICTING_MERCHANT_RECORD,0.55,2,"Conflicting Names: ['Edwin, Manda And Biswas', 'Borde, Patil And Taneja']; Conflicting Categories: ['Pharmacy', 'Phone Service']; Conflicting Cities: ['Pune', 'Chennai']"
MCH4574,Cherian And Sons,5311,Department Store,Individual,Lucknow,Uttar Pradesh,2024-08-31 00:00:00,XXXX0148,ACTIVE,789.16,SINGLETON,1.0,1,No duplicates
MCH4577,"Atwal, Sura And Bhatti",5812,Restaurant,Partnership,Hyd,Telangana,2026-01-03 18:58:00,PWDW0230553443063,ACTIVE,316.9,CONFLICTING_MERCHANT_RECORD,0.55,3,"Conflicting Names: ['Acharya, Apte And Bajwa', 'Atwal, Sura And Bhatti']; Conflicting Categories: ['Miscellaneous', 'Restaurant']; Conflicting Cities: ['Chennai', 'Hyd']"
MCH4578,Khare-Warrior,5912,Pharmacy,Private-Limited,Amritsar,Punjab,2023-11-01 00:00:00,4489355946,ACTIVE,504.9,CONFLICTING_MERCHANT_RECORD,0.55,3,"Conflicting Names: ['Khare-Warrior', 'Pancha1, Ch0Pra And Ma11', 'Bedi Llc']; Conflicting Categories: ['Pharmacies', 'Book Store', 'Books']; Conflicting Cities: ['Amritsar', 'Chennai', 'Kolkata']"
MCH4581,"Tailor, Ganesh And Menon",5812,Restaurant,Partnership,Bombay,Maharashtra,2025-11-02 00:00:00,,INACTIVE,1137.0,FORMATTING_DUPLICATE,0.85,2,2 records with formatting variations consolidated
MCH4582,Pai-Shenoy,,Telecom,Individual,Poona,Maharashtra,2025-03-18 00:00:00,XXXX2537,ACTIVE,1857.0,SINGLETON,1.0,1,No duplicates
MCH4583,Krish-Dar,5812,Restaurant,Sole_Proprietor,Mumbai,Maharashtra,2025-11-23 00:00:00,5472564311,ACTIVE,4726.0,CONFLICTING_MERCHANT_RECORD,0.55,2,"Conflicting Names: ['Krish-Dar', 'Badal Inc']; Conflicting Categories: ['Food', 'Clothing']; Conflicting Cities: ['Mumbai', 'Amritsar']"
MCH4587,Karnik And Sons,5311,Department Store,Partnership,Jaipur,Rajasthan,2025-02-07 00:00:00,,ACTIVE,2493.1,FORMATTING_DUPLICATE,0.85,2,2 records with formatting variations consolidated
MCH4588,"Gole, Raval And Hans",,Restaurant,Sole-Proprietor,Bengaluru,Karnataka,2025-03-14 00:00:00,2064667231,ACTIVE,1061.34,SINGLETON,1.0,1,No duplicates
MCH4589,"Sathe, Bumb And Shankar",5699,Apparel,Sole_Proprietor,Amritsar,Punjab,2024-10-27 01:28:39,XXXX1983,ACTIVE,76.99,CONFLICTING_MERCHANT_RECORD,0.55,2,"Conflicting Names: ['Sathe, Bumb And Shankar', 'Geraltd']; Conflicting Categories: ['Garments', 'Telecom']; Conflicting Cities: ['Amritsar', 'Jalandhar']"
MCH4593,Dube-Ravel,7011,Hotel & Lodging,Partnership,Hyderabad,Telangana,2025-08-30 00:00:00,,ACTIVE,1285.0,SINGLETON,1.0,1,No duplicates
MCH4599,Majumdar-Choudhary,,Grocery,Private_Limited,Mumbai,Maharashtra,2023-03-05 16:37:00,5607530943,INACTIVE,1341.81,SINGLETON,1.0,1,No duplicates
MCH4600,Devi Group,5311,Department Store,Individual,New Delhi,Delhi,2024-02-17 00:00:00,2508192627,INACTIVE,1126.47,SINGLETON,1.0,1,No duplicates
MCH4604,"Som, Kalla And Dada",5699,Apparel,Sole Proprietor,Chennai,Tamil Nadu,2024-07-02 15:25:30,,ACTIVE,1478.97,SINGLETON,1.0,1,No duplicates
MCH4605,Barad Plc,5942,Books & Stationery,Sole_Proprietor,Pune,Maharashtra,2025-06-02 22:03:20,XXXX1001,ACTIVE,5165.18,SINGLETON,1.0,1,No duplicates
MCH4606,Vyas-Mukhopadhyay,7011,Hotel & Lodging,Private Limited,Hyderabad,Telangana,2025-09-29 00:00:00,XXXX6697,ACTIVE,745.57,CONFLICTING_MERCHANT_RECORD,0.55,3,"Conflicting Names: ['Johal, Kapur And Chhabra', 'Morar, Dalal And Mukherjee', 'Vyas-Mukhopadhyay']; Conflicting Categories: ['Telecom', 'Pharmacies', 'Hotels']; Conflicting Cities: ['Jalandhar', 'Bengaluru', 'Hyderabad']"
MCH4608,Chandran Group,5699,Apparel,Sole_Proprietor,Lucknow,Uttar Pradesh,2023-05-09 14:14:00,ZPZS9153819912287,ACTIVE,950.53,SINGLETON,1.0,1,No duplicates
MCH4610,"Barad,Chandaandrana",5942,Books & Stationery,Private Limited,Hyderabad,Telangana,2024-12-23 00:00:00,3247180851,ACTIVE,2989.03,SINGLETON,1.0,1,No duplicates
MCH4613,"Kapadia, Sankar And Nadig",5311,Department Store,Individual,Lko,Uttar Pradesh,2023-09-02 15:38:00,ALEY9883118921328,ACTIVE,1451.15,CONFLICTING_MERCHANT_RECORD,0.55,2,"Conflicting Names: ['Kapadia, Sankar And Nadig', 'Batra, Devi And Buch']; Conflicting Categories: ['Retail', 'Garments']; Conflicting Cities: ['Lko', 'Dilli']"
MCH4614,Badami Llc,5942,Books & Stationery,Partnership,Jaipur,Rajasthan,2025-04-02 17:40:30,3429375766,ACTIVE,4687.53,CONFLICTING_MERCHANT_RECORD,0.55,2,"Conflicting Names: ['Savant, Sur And Sani', 'Badami Llc']; Conflicting Categories: ['Kirana', 'Stationery']; Conflicting Cities: ['Madras', 'Jaipur']"
MCH4621,Ravel-Chaudhuri,5942,Books & Stationery,Private_Limited,Delhi,Delhi,2024-08-04 00:00:00,RGWL4221508668071,ACTIVE,397.3,FORMATTING_DUPLICATE,0.85,2,2 records with formatting variations consolidated
MCH4622,Toor-Rajan,7011,Hotel & Lodging,Private_Limited,Ldh,Punjab,2024-06-20 14:20:00,,ACTIVE,2524.16,SINGLETON,1.0,1,No duplicates
MCH4623,"Gokhale, Ranganathan And Shenoy",5999,Miscellaneous Retail,Private_Limited,Hyderabad,Telangana,2025-08-17 15:21:40,0347099856,ACTIVE,171.0,CONFLICTING_MERCHANT_RECORD,0.55,3,"Conflicting Names: ['Gokhale, Ranganathan And Shenoy', 'Bath-Keer']; Conflicting Categories: ['Miscellaneous', 'Stationery']; Conflicting Cities: ['Hyderabad', 'Mumbai']"
MCH4624,"Krishnamurthy, Mandal And Luthra",5999,Miscellaneous Retail,Individual,Chennai,Tamil Nadu,2025-08-06 00:00:00,5143404041,ACTIVE,784.01,CONFLICTING_MERCHANT_RECORD,0.55,2,"Conflicting Names: ['Krishnamurthy, Mandal And Luthra', 'Loke, Swamy And Mishra']; Conflicting Categories: ['Miscellaneous', 'Groceries']; Conflicting Cities: ['Chennai', 'Blr']"
MCH4626,"Lalla, Handa And Ahuja",5999,Miscellaneous Retail,Private_Limited,Bengaluru,Karnataka,2023-07-31 00:00:00,,ACTIVE,1497.15,SINGLETON,1.0,1,No duplicates
MCH4627,Barman-Kashyap,5699,Apparel,Partnership,Pune,Maharashtra,2026-01-10 00:00:00,,ACTIVE,1852.01,SINGLETON,1.0,1,No duplicates
MCH4630,Jhaveri Plc,5999,Miscellaneous Retail,Sole Proprietor,Ludhiana,Punjab,2025-07-11 02:07:00,2284002392,ACTIVE,1285.49,CONFLICTING_MERCHANT_RECORD,0.55,3,"Conflicting Names: ['Modi And Sons', 'Jhaveri Plc', 'Bhandari Group']; Conflicting Categories: ['Garments', 'Misc Retail', 'Hotel']; Conflicting Cities: ['Jalandhar', 'Ludhiana', 'Hyderabad']"
MCH4636,Sura And Sons,5699,Apparel,Partnership,Mumbai,Maharashtra,2023-12-17 17:58:35,8723730767,ACTIVE,,SINGLETON,1.0,1,No duplicates
MCH4637,Mitter-Pandya,5411,Grocery,Individual,Chennai,Tamil Nadu,2023-05-09 20:41:00,XXXX4099,ACTIVE,2198.28,SINGLETON,1.0,1,No duplicates
MCH4639,Chaudhry-Bath,5912,Pharmacy,Partnership,Jalandhar,Punjab,2023-05-11 10:36:23,XXXX7667,ACTIVE,295.45,SINGLETON,1.0,1,No duplicates
MCH4640,Choudhary-Joshi,5699,Apparel,Partnership,Jpr,Rajasthan,,GOPL6469934819715,ACTIVE,857.62,SINGLETON,1.0,1,No duplicates
MCH4641,Karnikllc,5311,Department Store,Sole_Proprietor,Ludhiana,Punjab,2025-02-02 00:00:00,,ACTIVE,,SINGLETON,1.0,1,No duplicates
MCH4642,Jaggi Ltd,5411,Grocery,Partnership,Delhi,Delhi,2024-04-16 00:00:00,XXXX5243,SUSPENDED,1180.53,SINGLETON,1.0,1,No duplicates
MCH4643,Barad And Sons,5942,Books & Stationery,Individual,Ludhiana,Punjab,2025-05-18 00:00:00,5063903908,SUSPENDED,3490.79,CONFLICTING_MERCHANT_RECORD,0.55,3,"Conflicting Names: ['Barad And Sons', 'Sandhu-Kakar', 'Dha1Iwa1, Pathak And Ping1E']; Conflicting Categories: ['Books', 'Transprt', 'Hotel']; Conflicting Cities: ['Ludhiana', 'Bengaluru', 'Chennai']"
MCH4648,Tara-Pandya,5699,Apparel,Partnership,Chennai,Tamil Nadu,2026-01-02 00:00:00,TEXQ3961216144905,ACTIVE,852.19,SINGLETON,1.0,1,No duplicates
MCH4649,"Mand,Dattaandsanghvi",7011,Hotel & Lodging,Partnership,Ludhiana,Punjab,2024-10-16 00:00:00,,ACTIVE,666.8,SINGLETON,1.0,1,No duplicates
MCH4651,Bhat-Kamdar,5999,Miscellaneous Retail,Sole Proprietor,Hyd,Telangana,2024-06-05 00:00:00,9030856078,ACTIVE,718.3,SINGLETON,1.0,1,No duplicates
MCH4652,Mistry Inc,5812,Restaurant,Private-Limited,Ludhiana,Punjab,2024-07-25 18:24:49,0761661593,ACTIVE,3458.11,CONFLICTING_MERCHANT_RECORD,0.55,2,"Conflicting Names: ['Mistry Inc', 'Varghese-Ramachandran']; Conflicting Categories: ['Restaurants', 'Transportation']; Conflicting Cities: ['Ludhiana', 'Amritsar']"
MCH4656,Purohit-Sinha,4131,Transportation,Sole_Proprietor,Lucknow,Uttar Pradesh,,9508093837,ACTIVE,1533.86,CONFLICTING_MERCHANT_RECORD,0.55,2,"Conflicting Names: ['Verma,Sanghaandvora', 'Purohit-Sinha']; Conflicting Categories: ['Book Store', 'Transprt']; Conflicting Cities: ['Delhi', 'Lucknow']"
MCH4658,Kapadia Inc,5311,Department Store,Individual,Hyderabad,Telangana,2023-05-21 00:00:00,OORB1075233391671,ACTIVE,2693.95,SINGLETON,1.0,1,No duplicates
MCH4667,Kapur-Gara,5812,Restaurant,Private_Limited,Delhi,Delhi,2025-10-30 17:47:05,9822186565,ACTIVE,1043.72,CONFLICTING_MERCHANT_RECORD,0.55,2,"Conflicting Names: ['Kapur-Gara', 'Solanki-Batta']; Conflicting Categories: ['Food', 'Cloths']; Conflicting Cities: ['Delhi', 'Kolkata']"
MCH4669,Bail Plc,4131,Transportation,Sole_Proprietor,Lucknow,Uttar Pradesh,2023-09-17 00:00:00,XXXX4093,INACTIVE,1960.77,CONFLICTING_MERCHANT_RECORD,0.55,2,"Conflicting Names: ['Sidhu, Subramanian And Chakraborty', 'Bail Plc']; Conflicting Categories: ['Hospitality', 'Bus/Taxi']; Conflicting Cities: ['Bangalore', 'Lucknow']"
MCH4672,Sandhu Llc,5942,Books & Stationery,Partnership,Bangalore,Karnataka,,,ACTIVE,456.49,SINGLETON,1.0,1,No duplicates
MCH4674,Sachar-Loke,5699,Apparel,Private Limited,Jalandhar,Punjab,,,ACTIVE,1222.52,SINGLETON,1.0,1,No duplicates
MCH4675,"Minhas, Narayan And Bandi",,Books & Stationery,Sole Proprietor,Jalandhar,Punjab,2023-06-15 10:04:37,,ACTIVE,,SINGLETON,1.0,1,No duplicates
MCH4676,Shan Inc,5999,Miscellaneous Retail,Sole Proprietor,Mumbai,Maharashtra,2026-01-20 00:00:00,DCZB8927650142403,ACTIVE,2805.31,SINGLETON,1.0,1,No duplicates
MCH4677,"Sethi, Bora And Karpe",5942,Books & Stationery,Individual,Poona,Maharashtra,,,INACTIVE,5089.5,SINGLETON,1.0,1,No duplicates
MCH4678,"Yogi, Goel And Chaudry",5912,Pharmacy,Sole_Proprietor,Amritsar,Punjab,2025-10-11 23:31:36,8030844375,ACTIVE,1363.28,SINGLETON,1.0,1,No duplicates
MCH4681,"Sengupta,Venkataramanandkonda",5411,Grocery,Individual,Pune,Maharashtra,2026-01-10 08:52:00,,ACTIVE,526.79,CONFLICTING_MERCHANT_RECORD,0.55,2,"Conflicting Names: ['Raja, Ramanathan And Koshy', 'Sengupta,Venkataramanandkonda']; Conflicting Categories: ['Book Store', 'Grocery Stores']; Conflicting Cities: ['Bombay', 'Pune']"
MCH4682,Chaudry Llc,4131,Transportation,Individual,Hyd,Telangana,2024-01-28 10:50:34,,ACTIVE,1772.5,CONFLICTING_MERCHANT_RECORD,0.55,2,"Conflicting Names: ['Chaudry Llc', 'Dora-Chander']; Conflicting Categories: ['Transportation', 'Telecom']; Conflicting Cities: ['Hyd', 'Mumbai']"
MCH4685,Mukhopadhyay-Cheema,,Books & Stationery,Private_Limited,Chennai,Tamil Nadu,2023-07-22 11:31:48,3857368814,SUSPENDED,,FORMATTING_DUPLICATE,0.85,2,2 records with formatting variations consolidated
MCH4687,Goel Llc,5942,Books & Stationery,Individual,Lucknow,Uttar Pradesh,2023-01-30 00:00:00,BTTJ6615272024781,ACTIVE,820.0,SINGLETON,1.0,1,No duplicates
MCH4688,Venkatesh Group,5942,Books & Stationery,Sole_Proprietor,Delhi,Delhi,2024-08-24 14:22:22,TBOZ2931559768114,SUSPENDED,2933.52,CONFLICTING_MERCHANT_RECORD,0.55,2,"Conflicting Names: ['Hora Plc', 'Venkatesh Group']; Conflicting Categories: ['Chemist', 'Stationery']; Conflicting Cities: ['Ludhiana', 'Delhi']"
MCH4690,Natt-Bhattacharyya,5311,Department Store,Private-Limited,Amritsar,Punjab,,HZVJ1693332420203,INACTIVE,150.96,CONFLICTING_MERCHANT_RECORD,0.55,2,"Conflicting Names: ['Natt-Bhattacharyya', 'Dutt, Mukhopadhyay And Dara']; Conflicting Categories: ['Department Stores', 'Other']"
MCH4691,"Deshmukh, Pant And Garg",7011,Hotel & Lodging,Sole-Proprietor,Bengaluru,Karnataka,2025-05-10 00:00:00,,ACTIVE,2116.48,SINGLETON,1.0,1,No duplicates
MCH4692,"Bhargava, Rajagopal And Karan",7011,Hotel & Lodging,Private-Limited,New Delhi,Delhi,2024-08-06 00:00:00,6021368633,ACTIVE,,CONFLICTING_MERCHANT_RECORD,0.55,2,"Conflicting Names: ['Bhat Inc', 'Bhargava, Rajagopal And Karan']; Conflicting Categories: ['Travel', 'Hotel']; Conflicting Cities: ['Hyderabad', 'New Delhi']"
MCH4693,Dhingra-Bava,7011,Hotel & Lodging,Private_Limited,Mumbai,Maharashtra,2024-12-28 01:09:00,,ACTIVE,3445.16,SINGLETON,1.0,1,No duplicates
MCH4695,Patel-Halder,5812,Restaurant,Sole-Proprietor,Pune,Maharashtra,2026-02-11 16:57:07,,ACTIVE,652.55,SINGLETON,1.0,1,No duplicates
MCH4699,Setty Inc,7011,Hotel & Lodging,Private-Limited,Pune,Maharashtra,2025-06-04 00:00:00,XXXX2833,ACTIVE,632.27,SINGLETON,1.0,1,No duplicates
MCH4700,"Rajan, Garg And Ray",,Apparel,Individual,Chennai,Tamil Nadu,,ZNYW6274259007166,ACTIVE,805.94,SINGLETON,1.0,1,No duplicates
MCH4701,Bhagat And Sons,4131,Transportation,Individual,Hyderabad,Telangana,2025-03-17 00:00:00,FBYF6895567808971,ACTIVE,493.82,SINGLETON,1.0,1,No duplicates
MCH4702,Nath Group,5311,Department Store,Sole_Proprietor,Lucknow,Uttar Pradesh,2024-08-15 23:18:00,,ACTIVE,584.0,SINGLETON,1.0,1,No duplicates
MCH4706,"Varughese, Mani And Ch0Udhary",5311,Department Store,Individual,Blr,Karnataka,2025-11-11 03:09:47,3980025472,ACTIVE,1658.13,CONFLICTING_MERCHANT_RECORD,0.55,2,"Conflicting Names: ['Ghosh-Tailor', 'Varughese, Mani And Ch0Udhary']; Conflicting Categories: ['Pharmacy', 'Department Store']; Conflicting Cities: ['Chennai', 'Blr']"
MCH4708,Loke-Ganesan,5999,Miscellaneous Retail,Sole_Proprietor,Jalandar,Punjab,2024-02-22 19:47:00,,ACTIVE,1266.56,FORMATTING_DUPLICATE,0.85,2,2 records with formatting variations consolidated
MCH4709,Dewan-Jain,4131,Transportation,Partnership,Lucknow,Uttar Pradesh,2025-11-02 05:55:00,KNDG8941878782288,ACTIVE,108.08,CONFLICTING_MERCHANT_RECORD,0.55,2,"Conflicting Names: ['Dewan-Jain', 'Ramakrishnan-Palla']; Conflicting Categories: ['Travel', 'Phone Service']; Conflicting Cities: ['Lucknow', 'Blr']"
MCH4712,"Zacharia, Shere And Dhar",5912,Pharmacy,Private Limited,Jalandhar,Punjab,2023-04-27 04:30:00,XXXX2361,ACTIVE,2235.26,CONFLICTING_MERCHANT_RECORD,0.55,2,"Conflicting Names: ['Gulati, Koshy And Purohit', 'Zacharia, Shere And Dhar']; Conflicting Categories: ['Food', 'Medical_Store']; Conflicting Cities: ['Lucknow', 'Jalandhar']"
MCH4713,Sura-Boase,,Apparel,Sole_Proprietor,Amritsar,Punjab,2023-04-12 00:00:00,,ACTIVE,1694.6,SINGLETON,1.0,1,No duplicates
MCH4716,Ahuja-Konda,5411,Grocery,Private Limited,Hyderabad,Telangana,2025-05-05 09:10:35,UWUR7932224500135,ACTIVE,1206.68,CONFLICTING_MERCHANT_RECORD,0.55,3,"Conflicting Names: ['Ahuja-Konda', 'Goda-Agate']; Conflicting Cities: ['Hyderabad', 'Dilli']"
MCH4717,Bir Ltd,4131,Transportation,Private-Limited,Madras,Tamil Nadu,2025-11-14 00:00:00,JKIU5676140711543,ACTIVE,7107.16,SINGLETON,1.0,1,No duplicates
MCH4720,Sha Ltd,5411,Grocery,Partnership,Chennai,Tamil Nadu,2024-04-05 00:00:00,0136765801,ACTIVE,874.68,SINGLETON,1.0,1,No duplicates
MCH4723,Kanda Ltd,5999,Miscellaneous Retail,Individual,Chennai,Tamil Nadu,2024-08-27 00:00:00,XXXX1287,ACTIVE,649.83,SINGLETON,1.0,1,No duplicates
MCH4725,Joshi Plc,5311,Department Store,Private_Limited,Amritsar,Punjab,2023-05-23 00:00:00,UNBB3297911061225,ACTIVE,639.24,SINGLETON,1.0,1,No duplicates
MCH4727,Dua-Mishra,5311,Department Store,Sole_Proprietor,Pune,Maharashtra,2024-05-18 00:00:00,9730998246,ACTIVE,1242.0,FORMATTING_DUPLICATE,0.85,2,2 records with formatting variations consolidated
MCH4729,"Karpe, Dhaliwal And Subramanian",7011,Hotel & Lodging,Partnership,Amritsar,Punjab,2024-01-14 00:00:00,XMOP1907956771131,ACTIVE,2525.97,CONFLICTING_MERCHANT_RECORD,0.55,3,"Conflicting Names: ['Parmer-Kulkarni', 'Deshpande Inc', 'Karpe, Dhaliwal And Subramanian']; Conflicting Categories: ['Dept_Store', 'Hotel_Lodging', 'Hotel']; Conflicting Cities: ['Bangalore', 'Mumbai', 'Amritsar']"
MCH4732,"Ramanathan, Kanda And Karnik",5812,Restaurant,Private_Limited,Lucknow,Uttar Pradesh,2025-08-13 05:58:00,,ACTIVE,3954.51,SINGLETON,1.0,1,No duplicates
MCH4733,Sankar Inc,5411,Grocery,Sole_Proprietor,Jaipur,Rajasthan,2023-01-25 00:00:00,XXXX7201,ACTIVE,1176.53,SINGLETON,1.0,1,No duplicates
MCH4736,Suresh-Gola,5942,Books & Stationery,Partnership,Mumbai,Maharashtra,2023-08-24 02:12:00,OCLG6376733151298,ACTIVE,885.16,CONFLICTING_MERCHANT_RECORD,0.55,2,"Conflicting Names: ['Suresh-Gola', 'Jani, Chaudhry And Chaudhuri']; Conflicting Categories: ['Stationery', 'Transportation']; Conflicting Cities: ['Mumbai', 'Delhi']"
MCH4737,"Aurora, Mallick And Dugar",5942,Books & Stationery,Individual,Jalandar,Punjab,2024-08-27 00:00:00,XXXX5003,INACTIVE,489.0,SINGLETON,1.0,1,No duplicates
MCH4738,Jha Plc,,Department Store,Sole Proprietor,Bengaluru,Karnataka,2024-05-24 22:20:53,,INACTIVE,1636.42,SINGLETON,1.0,1,No duplicates
MCH4739,Karpe-Doshi,5411,Grocery,Individual,Lucknow,Uttar Pradesh,2023-10-20 00:00:00,DQQT0527144866471,ACTIVE,1100.69,FORMATTING_DUPLICATE,0.85,2,2 records with formatting variations consolidated
MCH4741,Kara And Sons,,Miscellaneous Retail,Partnership,Jaipur,Rajasthan,2023-02-13 00:00:00,XXXX2970,ACTIVE,2009.21,SINGLETON,1.0,1,No duplicates
MCH4743,Ahluwalia-Bansal,,Pharmacy,Private-Limited,Ludhiana,Punjab,2023-08-23 00:00:00,KIYE1462195754397,INACTIVE,486.29,SINGLETON,1.0,1,No duplicates
MCH4744,Tiwari-Bedi,5942,Books & Stationery,Sole_Proprietor,Poona,Maharashtra,2024-07-13 00:00:00,0085843923,INACTIVE,1636.0,SINGLETON,1.0,1,No duplicates
MCH4745,Divan-Rao,5311,Department Store,Sole-Proprietor,Jalandhar,Punjab,2023-12-05 00:00:00,9446528330,ACTIVE,778.92,CONFLICTING_MERCHANT_RECORD,0.55,2,"Conflicting Names: ['Divan-Rao', 'Krishnamurthy, Nath And Chahal']; Conflicting Categories: ['Dept_Store', 'Apparel']; Conflicting Cities: ['Jalandhar', 'Madras']"
MCH4746,"Srivastava, Bhattacharyya And Morar",5999,Miscellaneous Retail,Sole-Proprietor,Madras,Tamil Nadu,2025-07-29 00:00:00,,INACTIVE,402.85,SINGLETON,1.0,1,No duplicates
MCH4747,Issac Plc,4131,Transportation,Private_Limited,Mumbai,Maharashtra,2023-07-07 09:40:00,3874952784,INACTIVE,,SINGLETON,1.0,1,No duplicates
MCH4749,Sane-Kota,7011,Hotel & Lodging,Partnership,Ludhiana,Punjab,2025-08-28 00:00:00,XXXX8682,ACTIVE,2066.82,SINGLETON,1.0,1,No duplicates
MCH4752,"Chaudhuri, Sampath And Wali",5311,Department Store,Individual,Bengaluru,Karnataka,2024-01-10 00:00:00,0013923003,ACTIVE,399.3,SINGLETON,1.0,1,No duplicates
MCH4754,Menon Inc,5999,Miscellaneous Retail,Private_Limited,Hyd,Telangana,2023-03-24 00:00:00,XXXX5608,ACTIVE,1804.69,CONFLICTING_MERCHANT_RECORD,0.55,2,"Conflicting Names: ['Menon Inc', 'Chhabra, Setty And Srinivasan']; Conflicting Categories: ['Miscellaneous', 'Cloths']; Conflicting Cities: ['Hyd', 'Hyderabad']"
MCH4760,"Kalla, Mammen And Purohit",4814,Telecom,Individual,New Delhi,Delhi,2024-10-27 00:00:00,,ACTIVE,964.0,SINGLETON,1.0,1,No duplicates
MCH4761,Khalsa Plc,5912,Pharmacy,Individual,Jaipur,Rajasthan,2025-01-17 07:20:16,DXWD4550992976599,INACTIVE,4970.84,SINGLETON,1.0,1,No duplicates
MCH4765,Madan-Pandey,5699,Apparel,Sole_Proprietor,Hyderabad,Telangana,2025-03-12 12:56:00,XXXX6725,ACTIVE,1004.95,CONFLICTING_MERCHANT_RECORD,0.55,2,"Conflicting Names: ['Baral Inc', 'Madan-Pandey']; Conflicting Categories: ['Transprt', 'Clothing']; Conflicting Cities: ['Ludhiana', 'Hyderabad']"
MCH4767,Prasad Inc,,Telecom,Private-Limited,Pune,Maharashtra,2023-06-20 00:00:00,,INACTIVE,789.87,SINGLETON,1.0,1,No duplicates
MCH4769,Baral-Peri,5699,Apparel,Individual,Jaipur,Rajasthan,2024-01-14 00:00:00,,ACTIVE,1758.52,CONFLICTING_MERCHANT_RECORD,0.55,2,"Conflicting Names: ['Baral-Peri', 'Venkataraman, Dey And Patil']; Conflicting Categories: ['Apparel', 'Hotels']; Conflicting Cities: ['Jaipur', 'Ldh']"
MCH4770,Mahal-Sood,5411,Grocery,Sole Proprietor,Jaipur,Rajasthan,2024-12-17 00:00:00,5162215595,INACTIVE,489.82,SINGLETON,1.0,1,No duplicates
MCH4774,Wadhwa Plc,5311,Department Store,Partnership,Jalandhar,Punjab,2026-01-09 14:20:47,4049174087,ACTIVE,374.94,SINGLETON,1.0,1,No duplicates
MCH4775,"Divan, Buch And Kunda",4814,Telecom,Sole_Proprietor,Lko,Uttar Pradesh,2025-07-07 00:00:00,1956916316,INACTIVE,562.44,SINGLETON,1.0,1,No duplicates
MCH4776,Bobal-Dutta,5411,Grocery,Individual,Hyd,Telangana,2026-02-26 11:47:00,1427903652,ACTIVE,831.82,CONFLICTING_MERCHANT_RECORD,0.55,2,"Conflicting Names: ['Bobal-Dutta', 'Lall Inc']; Conflicting Categories: ['Grocery Stores', 'Chemist']; Conflicting Cities: ['Hyd', 'Amritsar']"
MCH4777,Babu-Choudhry,4814,Telecom,Individual,Delhi,Delhi,2026-01-10 00:00:00,,ACTIVE,373.4,SINGLETON,1.0,1,No duplicates
MCH4778,Wali Llc,4131,Transportation,Private Limited,Lucknow,Uttar Pradesh,2025-01-02 00:00:00,DJNF3001962539740,ACTIVE,1242.33,SINGLETON,1.0,1,No duplicates
MCH4781,"Mohan, Sharaf And Narula",,Department Store,Sole_Proprietor,Dilli,Delhi,2024-01-08 00:00:00,3603337866,ACTIVE,482.6,CONFLICTING_MERCHANT_RECORD,0.55,2,"Conflicting Names: ['Pillai Group', 'Mohan, Sharaf And Narula']; Conflicting Cities: ['Jalandhar', 'Dilli']"
MCH4782,Salvi-Comar,7011,Hotel & Lodging,Sole_Proprietor,Jalandhar,Punjab,2025-07-13 09:44:30,XXXX1728,ACTIVE,876.5,SINGLETON,1.0,1,No duplicates
MCH4786,Edwin Plc,5699,Apparel,Individual,Ludhiana,Punjab,2024-12-15 00:00:00,4903394968,ACTIVE,3435.22,CONFLICTING_MERCHANT_RECORD,0.55,2,"Conflicting Names: ['Edwin Plc', 'Peri-Kannan']; Conflicting Categories: ['Clothing', 'Miscellaneous']; Conflicting Cities: ['Ludhiana', 'Lucknow']"
MCH4788,Chauhan-Kh0S1A,5699,Apparel,Individual,Bangalore,Karnataka,,0651098523,ACTIVE,109.29,SINGLETON,1.0,1,No duplicates
MCH4790,Date Plc,,Hotel & Lodging,Individual,Amritsar,Punjab,2025-12-11 10:11:45,XXXX3526,SUSPENDED,199.0,SINGLETON,1.0,1,No duplicates
MCH4792,Agrawal-Prabhu,5812,Restaurant,Sole_Proprietor,Madras,Tamil Nadu,2025-11-02 16:37:14,,INACTIVE,1844.0,SINGLETON,1.0,1,No duplicates
MCH4794,Borra-Dutt,7011,Hotel & Lodging,Private-Limited,Jpr,Rajasthan,2024-09-19 22:25:00,XRGH9133437458010,ACTIVE,1006.04,SINGLETON,1.0,1,No duplicates
MCH4801,Bhargava-Basak,5311,Department Store,Sole_Proprietor,Lucknow,Uttar Pradesh,2025-11-18 06:19:46,XXXX3111,ACTIVE,2920.36,SINGLETON,1.0,1,No duplicates
MCH4802,Jain Inc,5411,Grocery,Individual,Mumbay,Maharashtra,,WAKX1731194726020,SUSPENDED,1158.19,CONFLICTING_MERCHANT_RECORD,0.55,3,"Conflicting Names: ['Jain Inc', 'Mistry, Roy And Salvi']; Conflicting Categories: ['Grocery_Store', 'Dept_Store']; Conflicting Cities: ['Mumbay', 'Chennai']"
MCH4804,Swamy Plc,,Apparel,Partnership,Lko,Uttar Pradesh,2025-01-12 09:37:41,,SUSPENDED,207.24,SINGLETON,1.0,1,No duplicates
MCH4805,Joshi Plc,5999,Miscellaneous Retail,Sole_Proprietor,Hyd,Telangana,2023-08-26 00:00:00,,ACTIVE,4206.25,CONFLICTING_MERCHANT_RECORD,0.55,2,"Conflicting Names: ['Joshi Plc', 'Krishnan, Bhatnagar And Prasad']; Conflicting Categories: ['Other', 'Stationery']; Conflicting Cities: ['Hyd', 'Amritsar']"
MCH4807,"Dutt, Pandey And Tella",5912,Pharmacy,Individual,Madras,Tamil Nadu,2024-05-14 00:00:00,RXUW0906720577178,ACTIVE,1458.0,SINGLETON,1.0,1,No duplicates
MCH4808,Padmanabhan-Pathak,5699,Apparel,Sole Proprietor,Lucknow,Uttar Pradesh,2024-05-07 18:56:00,HSVX5052815662312,INACTIVE,262.16,SINGLETON,1.0,1,No duplicates
MCH4809,Viswanathan Plc,7011,Hotel & Lodging,Individual,Kolkata,West Bengal,2023-07-12 14:32:20,,ACTIVE,1713.6,SINGLETON,1.0,1,No duplicates
MCH4811,Chaudhry-Majumdar,5912,Pharmacy,Private_Limited,Delhi,Delhi,2024-06-26 00:00:00,XXXX5566,ACTIVE,615.9,CONFLICTING_MERCHANT_RECORD,0.55,4,"Conflicting Names: ['Chaudhry-Majumdar', 'Bhavsar-Seshadri', 'Rege, Misra And Mander', 'Rattan-Raval']; Conflicting Categories: ['Pharmacies', 'Telecom', 'Hospitality', 'Food']; Conflicting Cities: ['Delhi', 'Ludhiana', 'Asr', 'Lucknow']"
MCH4812,Rai-Aurora,7011,Hotel & Lodging,Private Limited,Jpr,Rajasthan,2025-07-09 00:00:00,IKZY9727785883400,ACTIVE,1732.91,SINGLETON,1.0,1,No duplicates
MCH4815,"Karan, Bhattacharyya And Saran",5912,Pharmacy,Private-Limited,Kolkata,West Bengal,2025-04-10 08:18:32,4505912973,ACTIVE,1152.86,CONFLICTING_MERCHANT_RECORD,0.55,2,"Conflicting Names: ['Karan, Bhattacharyya And Saran', 'Mohan, Gaba And Banik']; Conflicting Categories: ['Pharmacy', 'Transportation']; Conflicting Cities: ['Kolkata', 'Jalandhar']"
MCH4818,Deol Inc,5999,Miscellaneous Retail,Individual,Delhi,Delhi,2024-04-29 00:00:00,RIGL0488107049334,ACTIVE,316.0,CONFLICTING_MERCHANT_RECORD,0.55,2,"Conflicting Names: ['Deol Inc', 'Trivedi-Randhawa']; Conflicting Categories: ['Miscellaneous', 'Grocery']; Conflicting Cities: ['Delhi', 'Bengaluru']"
MCH4821,"Kade, Dhawan And Kadakia",5411,Grocery,Private_Limited,Mumbai,Maharashtra,2024-03-14 00:00:00,,ACTIVE,2277.0,SINGLETON,1.0,1,No duplicates
MCH4822,Sama-Keer,4131,Transportation,Private Limited,Hyd,Telangana,2025-08-07 00:00:00,,ACTIVE,736.6,SINGLETON,1.0,1,No duplicates
MCH4827,"Deol, Rastogi And Khatri",4814,Telecom,Sole_Proprietor,Lucknow,Uttar Pradesh,2024-05-10 03:12:00,,ACTIVE,810.0,SINGLETON,1.0,1,No duplicates
MCH4831,"Raja, Rout And Singh",5411,Grocery,Individual,Kolkata,West Bengal,2023-01-09 00:00:00,XXXX4829,ACTIVE,1885.15,CONFLICTING_MERCHANT_RECORD,0.55,2,"Conflicting Names: ['Gala Group', 'Raja, Rout And Singh']; Conflicting Categories: ['Department Store', 'Grocery_Store']; Conflicting Cities: ['Poona', 'Kolkata']"
MCH4835,Hari Inc,5912,Pharmacy,Individual,Hyderabad,Telangana,2024-06-10 00:00:00,XXXX3222,ACTIVE,348.86,SINGLETON,1.0,1,No duplicates
MCH4836,"Sidhu, Krish And Wadhwa",5812,Restaurant,Individual,Poona,Maharashtra,2025-11-15 20:13:55,OUBF1585452700403,ACTIVE,431.0,SINGLETON,1.0,1,No duplicates
MCH4838,Srinivasan Ltd,5699,Apparel,Partnership,Ludhiana,Punjab,2023-11-05 10:10:13,PWKI0930308328537,ACTIVE,193.54,SINGLETON,1.0,1,No duplicates
MCH4839,Sura-Mall,,Transportation,Private_Limited,Ludhiana,Punjab,2025-12-08 00:00:00,,ACTIVE,682.13,SINGLETON,1.0,1,No duplicates
MCH4841,"Soman, Chhabra And Rau",5812,Restaurant,Individual,Hyderabad,Telangana,2025-04-06 00:00:00,7481277314,ACTIVE,611.25,SINGLETON,1.0,1,No duplicates
MCH4842,Pa11A Llc,5942,Books & Stationery,Individual,Calcutta,West Bengal,2024-12-19 00:00:00,XXXX0707,ACTIVE,3127.0,CONFLICTING_MERCHANT_RECORD,0.55,2,"Conflicting Names: ['Pa11A Llc', 'Lall-Bakshi']; Conflicting Categories: ['Stationery', 'Hotel_Lodging']; Conflicting Cities: ['Calcutta', 'Jaipur']"
MCH4843,Dugar-Master,5912,Pharmacy,Sole_Proprietor,Hyderabad,Telangana,2024-05-18 00:00:00,4521971795,ACTIVE,1023.41,CONFLICTING_MERCHANT_RECORD,0.55,2,"Conflicting Names: ['Dugar-Master', 'Kuruvilla-Pillay']; Conflicting Categories: ['Medical', 'Phone Service']; Conflicting Cities: ['Hyderabad', 'Bengaluru']"
MCH4844,Trivedi-De01,7011,Hotel & Lodging,Individual,Bengaluru,Karnataka,2024-06-23 06:58:47,,ACTIVE,798.53,SINGLETON,1.0,1,No duplicates
MCH4846,Arora-Raghavan,5999,Miscellaneous Retail,Private-Limited,Jaipur,Rajasthan,2025-09-12 15:21:55,XXXX5049,ACTIVE,1546.33,SINGLETON,1.0,1,No duplicates
MCH4847,Dhillon-Pillay,7011,Hotel & Lodging,Private-Limited,Lucknow,Uttar Pradesh,2023-12-10 00:00:00,5738051147,ACTIVE,2178.15,SINGLETON,1.0,1,No duplicates
MCH4848,"Borra, Balakrishnan And Chad",5699,Apparel,Partnership,Delhi,Delhi,2024-06-18 00:00:00,5183213301,ACTIVE,3072.49,SINGLETON,1.0,1,No duplicates
MCH4856,Gera-Nanda,5311,Department Store,Private-Limited,Pune,Maharashtra,2024-02-08 00:00:00,2286237129,ACTIVE,711.0,CONFLICTING_MERCHANT_RECORD,0.55,2,"Conflicting Names: ['Aurora Ltd', 'Gera-Nanda']; Conflicting Categories: ['Phone Service', 'Retail']; Conflicting Cities: ['Jaipur', 'Pune']"
MCH4857,Sethi-Soni,4131,Transportation,Individual,Ludhiana,Punjab,2026-02-28 06:57:59,,ACTIVE,278.84,SINGLETON,1.0,1,No duplicates
MCH4858,Malhotra-Doctor,4814,Telecom,Individual,Ludhiana,Punjab,2024-11-20 00:00:00,4066282320,ACTIVE,7460.92,SINGLETON,1.0,1,No duplicates
MCH4859,Vasa-Raju,5812,Restaurant,Sole_Proprietor,Hyd,Telangana,2025-03-17 02:59:45,XXXX9523,ACTIVE,214.0,FORMATTING_DUPLICATE,0.85,2,2 records with formatting variations consolidated
MCH4863,Gill Plc,5812,Restaurant,Individual,Hyd,Telangana,2024-07-01 00:00:00,5619003847,ACTIVE,552.87,SINGLETON,1.0,1,No duplicates
MCH4864,Date Ltd,5411,Grocery,Private_Limited,Blr,Karnataka,2023-12-06 01:02:00,XXXX6587,ACTIVE,4042.64,SINGLETON,1.0,1,No duplicates
MCH4867,"Nath, Taneja And Dey",5812,Restaurant,Partnership,Bangalore,Karnataka,2024-08-05 00:00:00,7096325090,ACTIVE,726.56,CONFLICTING_MERCHANT_RECORD,0.55,2,"Conflicting Names: ['Nath, Taneja And Dey', 'Bedi, Ganesan And Radhakrishnan']; Conflicting Categories: ['Eating Place', 'Hotels']; Conflicting Cities: ['Bangalore', 'Pune']"
MCH4870,Rana Inc,4814,Telecom,Individual,Amritsar,Punjab,2024-07-12 12:35:00,,SUSPENDED,1127.0,SINGLETON,1.0,1,No duplicates
MCH4871,Kunda Ltd,5812,Restaurant,Partnership,Lucknow,Uttar Pradesh,2024-09-02 06:08:34,,SUSPENDED,648.87,SINGLETON,1.0,1,No duplicates
MCH4874,"Chanda, Bahl And Kohli",5699,Apparel,Sole_Proprietor,Bombay,Maharashtra,2024-12-02 00:00:00,,ACTIVE,709.03,SINGLETON,1.0,1,No duplicates
MCH4875,"Sangha, Sodhi And Banik",5999,Miscellaneous Retail,Sole-Proprietor,Calcutta,West Bengal,2023-03-12 09:59:00,,INACTIVE,303.18,SINGLETON,1.0,1,No duplicates
MCH4876,"Dugar, Prasad And Pal",5812,Restaurant,Partnership,Chennai,Tamil Nadu,2023-09-09 00:00:00,XXXX5946,ACTIVE,1346.64,SINGLETON,1.0,1,No duplicates
MCH4881,"Wadhwa, Morar And Kara",5912,Pharmacy,Sole Proprietor,Jalandar,Punjab,2023-08-26 00:00:00,XXXX1836,ACTIVE,367.72,SINGLETON,1.0,1,No duplicates
MCH4884,"Reddy, Wason And Magar",4131,Transportation,Private Limited,Kolkata,West Bengal,2023-05-16 00:00:00,,INACTIVE,2421.0,SINGLETON,1.0,1,No duplicates
MCH4886,Mangat-Gh0Se,5999,Miscellaneous Retail,Sole_Proprietor,Poona,Maharashtra,2023-03-11 00:00:00,8646245603,ACTIVE,551.0,SINGLETON,1.0,1,No duplicates
MCH4888,Saha-Jani,4814,Telecom,Sole_Proprietor,Ludhiana,Punjab,2025-11-20 00:00:00,,ACTIVE,308.77,CONFLICTING_MERCHANT_RECORD,0.55,2,"Conflicting Names: ['Saha-Jani', 'Chanda And Sons']; Conflicting Categories: ['Phone Service', 'Medical_Store']; Conflicting Cities: ['Ludhiana', 'Kolkata']"
MCH4889,Bhatti-Kapoor,5999,Miscellaneous Retail,Individual,Jalandhar,Punjab,2025-01-26 00:00:00,,ACTIVE,2464.23,SINGLETON,1.0,1,No duplicates
MCH4893,Jani-Verma,4131,Transportation,Partnership,Jalandar,Punjab,2023-08-11 22:02:04,,ACTIVE,1601.52,SINGLETON,1.0,1,No duplicates
MCH4897,Bahl Plc,4131,Transportation,Partnership,Amritsar,Punjab,2024-03-09 00:00:00,,ACTIVE,6953.87,CONFLICTING_MERCHANT_RECORD,0.55,2,"Conflicting Names: ['Bahl Plc', 'Bedi-Mitra']; Conflicting Categories: ['Bus/Taxi', 'Medical']; Conflicting Cities: ['Amritsar', 'Lko']"
MCH4900,Karpe Plc,5411,Grocery,Sole_Proprietor,Jalandhar,Punjab,2025-04-02 00:00:00,,ACTIVE,2695.78,CONFLICTING_MERCHANT_RECORD,0.55,2,"Conflicting Names: ['Karpe Plc', 'Issac-Venkataraman']; Conflicting Categories: ['Grocery Stores', 'Pharmacies']; Conflicting Cities: ['Jalandhar', 'Kolkata']"
MCH4902,"Pingle, Choudhary And Raghavan",7011,Hotel & Lodging,Sole_Proprietor,Bengaluru,Karnataka,2023-03-31 00:00:00,,ACTIVE,482.41,SINGLETON,1.0,1,No duplicates
MCH4903,Khatri Gr0Up,5311,Department Store,Individual,Delhi,Delhi,2024-07-07 00:00:00,,ACTIVE,,SINGLETON,1.0,1,No duplicates
MCH4904,"Vohra, Lanka And Bumb",4814,Telecom,Partnership,Chennai,Tamil Nadu,2023-09-25 03:37:00,XXXX8030,ACTIVE,1946.13,CONFLICTING_MERCHANT_RECORD,0.55,2,"Conflicting Names: ['Vohra, Lanka And Bumb', 'Verma, Tak And Morar']; Conflicting Categories: ['Mobile Recharge', 'Phone Service']; Conflicting Cities: ['Chennai', 'Mumbai']"
MCH4906,Gaba Llc,5812,Restaurant,Private_Limited,Jaipur,Rajasthan,2024-01-31 00:00:00,,ACTIVE,1902.8,SINGLETON,1.0,1,No duplicates
MCH4909,"Sharaf, Lalla And Rattan",,Books & Stationery,Sole Proprietor,Calcutta,West Bengal,2025-02-16 20:04:00,5725440715,ACTIVE,650.04,FORMATTING_DUPLICATE,0.85,2,2 records with formatting variations consolidated
MCH4911,"Nigam, Mahajan And Misra",5411,Grocery,Individual,Bengaluru,Karnataka,2025-06-14 00:00:00,,ACTIVE,689.3,SINGLETON,1.0,1,No duplicates
MCH4912,Devi Group,,Grocery,Sole-Proprietor,Calcutta,West Bengal,2025-07-07 01:25:23,DTHN1330740328006,ACTIVE,1738.86,SINGLETON,1.0,1,No duplicates
MCH4913,Baral-Bhattacharyya,4131,Transportation,Individual,Amritsar,Punjab,2023-05-19 19:12:00,MXBT0588021899874,INACTIVE,697.03,SINGLETON,1.0,1,No duplicates
MCH4914,Bora Inc,,Department Store,Sole-Proprietor,Jaipur,Rajasthan,2024-05-12 00:00:00,,ACTIVE,4227.85,SINGLETON,1.0,1,No duplicates
MCH4916,Rama-Patel,5942,Books & Stationery,Individual,Delhi,Delhi,2025-06-24 22:01:00,XXXX0402,ACTIVE,2293.01,SINGLETON,1.0,1,No duplicates
MCH4917,"Bhat, Saha And Wable",4131,Transportation,Private_Limited,Jaipur,Rajasthan,2025-04-14 00:00:00,XXXX6979,ACTIVE,6159.51,SINGLETON,1.0,1,No duplicates
MCH4918,Ganesh Inc,,Hotel & Lodging,Individual,Lucknow,Uttar Pradesh,2023-12-09 00:00:00,XXXX3579,ACTIVE,651.04,SINGLETON,1.0,1,No duplicates
MCH4922,Cheema Group,5999,Miscellaneous Retail,Partnership,Hyderabad,Telangana,2024-03-20 00:00:00,,ACTIVE,324.81,SINGLETON,1.0,1,No duplicates
MCH4926,Shankar Ltd,5812,Restaurant,Individual,Hyderabad,Telangana,2024-12-28 03:14:33,6804229881,ACTIVE,,FORMATTING_DUPLICATE,0.85,2,2 records with formatting variations consolidated
MCH4927,Mohan Plc,5699,Apparel,Individual,Jpr,Rajasthan,2025-03-04 00:00:00,MQQO7446373111287,ACTIVE,1972.99,SINGLETON,1.0,1,No duplicates
MCH4928,"Narang, Bedi And Sachar",5699,Apparel,Private_Limited,Jalandar,Punjab,2025-09-25 00:00:00,,ACTIVE,3146.1,SINGLETON,1.0,1,No duplicates
MCH4930,Dasgupta-Dua,,Restaurant,Partnership,Jaipur,Rajasthan,2025-06-25 14:06:00,,ACTIVE,1023.36,SINGLETON,1.0,1,No duplicates
MCH4932,Khosla And Sons,5812,Restaurant,Sole_Proprietor,Jalandhar,Punjab,2024-09-08 02:55:00,QSCW5400259337785,INACTIVE,340.55,SINGLETON,1.0,1,No duplicates
MCH4934,Shroff Inc,5912,Pharmacy,Private-Limited,Asr,Punjab,2025-12-08 00:00:00,OBRZ2207838983000,ACTIVE,1471.24,CONFLICTING_MERCHANT_RECORD,0.55,2,"Conflicting Names: ['Gill Llc', 'Shroff Inc']; Conflicting Categories: ['Restaurant', 'Pharmacy']; Conflicting Cities: ['Ldh', 'Asr']"
MCH4936,Batra-Patla,4814,Telecom,Individual,Bombay,Maharashtra,2023-02-05 00:00:00,9027629602,ACTIVE,2064.79,CONFLICTING_MERCHANT_RECORD,0.55,2,"Conflicting Names: ['Batra-Patla', 'Bhalla, Gour And Khare']; Conflicting Categories: ['Phone Service', 'Groceries']; Conflicting Cities: ['Bombay', 'Jalandhar']"
MCH4937,Mand And Sons,5912,Pharmacy,Partnership,Calcutta,West Bengal,,FBXP3192759861569,INACTIVE,2054.97,SINGLETON,1.0,1,No duplicates
MCH4939,Bath-Kumer,4814,Telecom,Partnership,Delhi,Delhi,2023-06-10 12:33:00,XXXX8414,ACTIVE,1620.24,SINGLETON,1.0,1,No duplicates
MCH4943,Sawhney-Dugar,7011,Hotel & Lodging,Sole Proprietor,Chennai,Tamil Nadu,2023-07-16 00:00:00,,INACTIVE,470.52,SINGLETON,1.0,1,No duplicates
MCH4944,"Pillai, Kurian And Sunder",,Grocery,Sole-Proprietor,Mumbai,Maharashtra,2023-04-08 22:00:12,XXXX3249,ACTIVE,907.45,SINGLETON,1.0,1,No duplicates
MCH4947,M0Han-Sah0Ta,4131,Transportation,Individual,Mumbay,Maharashtra,2025-04-22 00:00:00,QAWO0072726316755,ACTIVE,1906.18,CONFLICTING_MERCHANT_RECORD,0.55,2,"Conflicting Names: ['M0Han-Sah0Ta', 'Dada, Shroff And Lall']; Conflicting Categories: ['Transport', 'Apparel']; Conflicting Cities: ['Mumbay', 'Hyd']"
MCH4948,Dass-Dhaliwal,5812,Restaurant,Partnership,Jalandhar,Punjab,2024-06-25 00:00:00,XXXX1800,ACTIVE,1356.31,SINGLETON,1.0,1,No duplicates
MCH4951,"Natt, Dyal And Gill",5411,Grocery,Private_Limited,Poona,Maharashtra,2026-01-02 00:00:00,,ACTIVE,430.18,CONFLICTING_MERCHANT_RECORD,0.55,3,"Conflicting Names: ['Cheema-Dugal', 'Sha, Shan And D’Alia', 'Natt, Dyal And Gill']; Conflicting Categories: ['Department Stores', 'Telecom', 'Grocery_Store']; Conflicting Cities: ['Amritsar', 'Mumbai', 'Poona']"
MCH4952,"Anne,Choudhryandbhattacharyya",5812,Restaurant,Individual,Dilli,Delhi,,XAPW5259361506192,ACTIVE,4302.0,SINGLETON,1.0,1,No duplicates
MCH4956,Kant-Setty,5411,Grocery,Sole Proprietor,Jpr,Rajasthan,2025-01-22 00:00:00,DOXB7877644685999,ACTIVE,6450.59,SINGLETON,1.0,1,No duplicates
MCH4957,Natt Ltd,5699,Apparel,Individual,Lucknow,Uttar Pradesh,,5191776924,ACTIVE,1324.11,SINGLETON,1.0,1,No duplicates
MCH4958,Dara Inc,4814,Telecom,Partnership,Pune,Maharashtra,2025-03-30 00:00:00,XXXX0462,ACTIVE,,CONFLICTING_MERCHANT_RECORD,0.55,2,"Conflicting Names: ['Saini Llc', 'Dara Inc']; Conflicting Categories: ['Transprt', 'Phone Service']; Conflicting Cities: ['Hyderabad', 'Pune']"
MCH4962,Venkataraman-Mannan,5942,Books & Stationery,Private_Limited,Chennai,Tamil Nadu,2025-07-15 06:02:14,8238766790,ACTIVE,266.61,SINGLETON,1.0,1,No duplicates
MCH4963,Atwalltd,5912,Pharmacy,Sole Proprietor,Hyderabad,Telangana,2024-09-17 15:34:47,,ACTIVE,,SINGLETON,1.0,1,No duplicates
MCH4964,Sarkar-Goda,5311,Department Store,Private_Limited,Poona,Maharashtra,2025-07-14 00:00:00,,ACTIVE,1517.0,FORMATTING_DUPLICATE,0.85,2,2 records with formatting variations consolidated
MCH4965,"Shukla, Brahmbhatt And Natarajan",5699,Apparel,Individual,Pune,Maharashtra,2024-11-20 08:09:00,3036734144,ACTIVE,168.46,SINGLETON,1.0,1,No duplicates
MCH4967,Mallick Plc,4131,Transportation,Partnership,Amritsar,Punjab,2025-08-22 00:00:00,XXXX4798,ACTIVE,3082.77,SINGLETON,1.0,1,No duplicates
MCH4968,Choudhry Inc,4814,Telecom,Partnership,Jaipur,Rajasthan,,7588932286,ACTIVE,1122.44,SINGLETON,1.0,1,No duplicates
MCH4969,"Bobal, Garde And Upadhyay",4814,Telecom,Sole_Proprietor,Chennai,Tamil Nadu,2023-11-01 00:00:00,XXXX2131,ACTIVE,817.93,SINGLETON,1.0,1,No duplicates
MCH4971,"Gopal, Jayaraman And Narayan",5942,Books & Stationery,Individual,Lko,Uttar Pradesh,2024-11-20 07:33:00,,ACTIVE,650.74,SINGLETON,1.0,1,No duplicates
MCH4972,Seshadri-Dalal,5311,Department Store,Partnership,Poona,Maharashtra,2025-10-03 00:00:00,8465114405,ACTIVE,1064.98,CONFLICTING_MERCHANT_RECORD,0.55,2,"Conflicting Names: ['Seshadri-Dalal', 'Prabhu-Murty']; Conflicting Categories: ['Department Stores', 'Food']; Conflicting Cities: ['Poona', 'Amritsar']"
MCH4973,Vala-Raval,7011,Hotel & Lodging,Private_Limited,Chennai,Tamil Nadu,2024-05-04 00:00:00,XXXX2841,ACTIVE,859.46,SINGLETON,1.0,1,No duplicates
MCH4974,Krishna Plc,5699,Apparel,Individual,Kolkata,West Bengal,2023-04-18 00:00:00,3596123048,SUSPENDED,1458.56,SINGLETON,1.0,1,No duplicates
MCH4975,Bhakta-Sidhu,5699,Apparel,Partnership,Jalandar,Punjab,2024-09-18 00:00:00,,ACTIVE,280.66,CONFLICTING_MERCHANT_RECORD,0.55,2,"Conflicting Names: ['Bhakta-Sidhu', 'Nagy, Kuruvilla And Saxena']; Conflicting Categories: ['Fashion', 'Hotel_Lodging']; Conflicting Cities: ['Jalandar', 'Delhi']"
MCH4976,Walla And Sons,5942,Books & Stationery,Sole-Proprietor,Bengaluru,Karnataka,2025-10-21 00:00:00,XKET6356016924037,ACTIVE,929.0,SINGLETON,1.0,1,No duplicates
MCH4977,Arora-Nayak,5999,Miscellaneous Retail,Individual,Ldh,Punjab,2025-03-05 00:00:00,,ACTIVE,1505.38,SINGLETON,1.0,1,No duplicates
MCH4980,Batra Llc,5411,Grocery,Individual,Pune,Maharashtra,,XXXX6176,ACTIVE,2806.42,CONFLICTING_MERCHANT_RECORD,0.55,2,"Conflicting Names: ['Batra Llc', 'Gaba-Sankaran']; Conflicting Categories: ['Kirana', 'Medical']; Conflicting Cities: ['Pune', 'Amritsar']"
MCH4982,Upadhyay-Thaker,5699,Apparel,Private_Limited,Pune,Maharashtra,2023-10-04 00:00:00,XXXX3001,ACTIVE,,SINGLETON,1.0,1,No duplicates
MCH4983,"Magar, Ratta And Choudhary",5411,Grocery,Partnership,Ludhiana,Punjab,2023-07-05 00:00:00,ZMSE7382357273196,ACTIVE,617.98,SINGLETON,1.0,1,No duplicates
MCH4984,"Aurora, Mohan And Jain",4814,Telecom,Sole-Proprietor,Jaipur,Rajasthan,2024-07-02 00:00:00,XXLT9593960471643,ACTIVE,1500.11,CONFLICTING_MERCHANT_RECORD,0.55,2,"Conflicting Names: ['Aurora, Mohan And Jain', 'Rege-Mane']; Conflicting Categories: ['Mobile Recharge', 'Hotel_Lodging']; Conflicting Cities: ['Jaipur', 'Bengaluru']"
MCH4985,Hayre And Sons,5942,Books & Stationery,Partnership,Lucknow,Uttar Pradesh,2023-08-01 00:00:00,PXAE0911368692866,ACTIVE,1981.89,SINGLETON,1.0,1,No duplicates
MCH4989,Din-Bhatia,5912,Pharmacy,Sole-Proprietor,Amritsar,Punjab,2024-07-22 00:00:00,8027810029,ACTIVE,2169.45,CONFLICTING_MERCHANT_RECORD,0.55,2,"Conflicting Names: ['Khanna And Sons', 'Din-Bhatia']; Conflicting Categories: ['Hotel_Lodging', 'Chemist']; Conflicting Cities: ['Ludhiana', 'Amritsar']"
MCH4990,"Ramakrishnan, Dey And Thakkar",5411,Grocery,Private_Limited,Mumbai,Maharashtra,,OWGO7691795560125,ACTIVE,,SINGLETON,1.0,1,No duplicates
MCH4992,Viswanathan-Pandey,7011,Hotel & Lodging,Individual,Jalandhar,Punjab,2024-02-19 00:00:00,,SUSPENDED,918.79,SINGLETON,1.0,1,No duplicates
MCH4994,"Uppal, Bawa And Gera",5812,Restaurant,Sole_Proprietor,Delhi,Delhi,2023-04-21 00:00:00,,ACTIVE,1710.0,SINGLETON,1.0,1,No duplicates
MCH4998,"Sura, Kanda And Chopra",5411,Grocery,Partnership,Pune,Maharashtra,2023-12-11 21:39:11,6601172673,INACTIVE,2782.68,SINGLETON,1.0,1,No duplicates
MCH5000,Lad Group,5999,Miscellaneous Retail,Private_Limited,Kolkata,West Bengal,2025-01-05 17:26:50,,ACTIVE,341.11,SINGLETON,1.0,1,No duplicates
MCH5001,Narayan Llc,5812,Restaurant,Partnership,Poona,Maharashtra,2023-06-17 00:00:00,JVBH8016822587770,ACTIVE,1893.51,CONFLICTING_MERCHANT_RECORD,0.55,2,"Conflicting Names: ['Narayan Llc', 'Prabhakar-Badami']; Conflicting Categories: ['Eating Place', 'Fashion']; Conflicting Cities: ['Poona', 'Calcutta']"
MCH5009,Arora-Wagle,5699,Apparel,Individual,Hyderabad,Telangana,2024-11-06 16:41:40,XXXX1307,INACTIVE,1125.91,SINGLETON,1.0,1,No duplicates
MCH5015,"Pall, Mand And Balakrishnan",5812,Restaurant,Sole Proprietor,Lucknow,Uttar Pradesh,2024-12-23 20:34:32,9471379053,ACTIVE,2215.59,SINGLETON,1.0,1,No duplicates
MCH5017,"Datta, Sinha And Pat1A",7011,Hotel & Lodging,Sole Proprietor,Kolkata,West Bengal,2024-11-25 00:00:00,6167636642,ACTIVE,617.0,SINGLETON,1.0,1,No duplicates
MCH5019,"Sah0Ta, Rama And Rama",5912,Pharmacy,Partnership,Lko,Uttar Pradesh,2025-07-27 00:00:00,XXXX3502,ACTIVE,955.0,CONFLICTING_MERCHANT_RECORD,0.55,4,"Conflicting Names: ['Parikh Group', 'Bah1-L0Ya1', 'Mahajan, Gulati And Chakrabarti', 'Sah0Ta, Rama And Rama']; Conflicting Categories: ['Telecom', 'Grocery Stores', 'Grocery_Store', 'Pharmacy']; Conflicting Cities: ['Hyd', 'Bengaluru', 'Asr', 'Lko']"
MCH5020,Sarna-Sarraf,5411,Grocery,Individual,Lucknow,Uttar Pradesh,2023-02-27 19:58:28,,ACTIVE,3351.89,SINGLETON,1.0,1,No duplicates
MCH5021,Dora Group,,Hotel & Lodging,Partnership,Jpr,Rajasthan,2024-01-10 00:00:00,2704643767,ACTIVE,843.0,CONFLICTING_MERCHANT_RECORD,0.55,2,"Conflicting Names: ['Dora Group', 'Badami, Chatterjee And Handa']; Conflicting Categories: ['Hotel', 'Mobile Recharge']; Conflicting Cities: ['Jpr', 'Hyd']"
MCH5023,Chatterjee-Kalla,5912,Pharmacy,Partnership,Bombay,Maharashtra,2024-12-31 00:00:00,XXXX9987,ACTIVE,5484.78,CONFLICTING_MERCHANT_RECORD,0.55,3,"Conflicting Names: ['Chatterjee-Kalla', 'B0Rde, Venkataraman And Sura', 'Rastogi Ltd']; Conflicting Categories: ['Pharmacies', 'Hotels', 'Grocery Stores']; Conflicting Cities: ['Bombay', 'Chennai', 'Ldh']"
MCH5027,Mukhopadhyay-Brar,5999,Miscellaneous Retail,Partnership,Ludhiana,Punjab,2023-10-17 00:00:00,CWYO9756460575495,ACTIVE,3103.67,SINGLETON,1.0,1,No duplicates
MCH5028,"Chhabra, Deo And Chakrabarti",7011,Hotel & Lodging,Partnership,Ludhiana,Punjab,2024-03-14 00:00:00,RQQO5337522783830,INACTIVE,716.94,SINGLETON,1.0,1,No duplicates
MCH5036,Buch Inc,5942,Books & Stationery,Partnership,Madras,Tamil Nadu,2023-02-02 00:00:00,9320708690,ACTIVE,1529.39,CONFLICTING_MERCHANT_RECORD,0.55,2,"Conflicting Names: ['Dutt-Nagy', 'Buch Inc']; Conflicting Categories: ['Restaurants', 'Book Store']; Conflicting Cities: ['New Delhi', 'Madras']"
MCH5037,Chadha Llc,5311,Department Store,Private Limited,Jpr,Rajasthan,2025-05-03 00:00:00,5877889834,ACTIVE,5536.23,CONFLICTING_MERCHANT_RECORD,0.55,2,"Conflicting Names: ['Sekhon, Dhillon And Bath', 'Chadha Llc']; Conflicting Categories: ['Restaurant', 'Dept_Store']; Conflicting Cities: ['Delhi', 'Jpr']"
MCH5038,"Din, Som And Bahl",,Miscellaneous Retail,Partnership,Lucknow,Uttar Pradesh,2024-10-20 00:00:00,DJBJ3245727756471,ACTIVE,1056.12,SINGLETON,1.0,1,No duplicates
MCH5040,Lala-Pandit,5411,Grocery,Individual,Kolkata,West Bengal,,,ACTIVE,709.71,CONFLICTING_MERCHANT_RECORD,0.55,4,"Conflicting Names: ['Lala-Pandit', 'Kumer-M0Rar', 'Oza-Gulati', 'Nayar-Khatri']; Conflicting Categories: ['Grocery Stores', 'Transprt', 'Garments', 'Telecom']; Conflicting Cities: ['Kolkata', 'Chennai', 'Mumbai', 'Pune']"
MCH5042,Nagi-Raja,,Miscellaneous Retail,Individual,Kolkata,West Bengal,2024-04-25 11:13:41,3533096055,ACTIVE,3524.4,CONFLICTING_MERCHANT_RECORD,0.55,2,"Conflicting Names: ['Narasimhan Ltd', 'Nagi-Raja']; Conflicting Categories: ['Hospitality', 'Pharmacies']; Conflicting Cities: ['Pune', 'Kolkata']"
MCH5043,"Chakraborty, Gour And Kothari",4131,Transportation,Private-Limited,Calcutta,West Bengal,2025-03-17 00:00:00,ROSR2212738533894,INACTIVE,614.63,SINGLETON,1.0,1,No duplicates
MCH5044,Mahajan-Narasimhan,,Books & Stationery,Individual,Chennai,Tamil Nadu,2025-09-04 00:00:00,,ACTIVE,1148.0,SINGLETON,1.0,1,No duplicates
MCH5045,More-Doctor,,Department Store,Individual,Bangalore,Karnataka,2025-09-15 22:04:19,,SUSPENDED,145.75,SINGLETON,1.0,1,No duplicates
MCH5050,Subramanian-Dua,5942,Books & Stationery,Partnership,Pune,Maharashtra,2025-08-28 14:42:57,,ACTIVE,1506.0,SINGLETON,1.0,1,No duplicates
MCH5052,Pillay-Bora,,Department Store,Partnership,Hyderabad,Telangana,2024-01-04 00:00:00,XXXX9697,ACTIVE,1127.0,SINGLETON,1.0,1,No duplicates
MCH5054,"Kara, Mandal And Mitra",5812,Restaurant,Sole Proprietor,Kolkata,West Bengal,2024-01-29 00:00:00,,SUSPENDED,5895.31,SINGLETON,1.0,1,No duplicates
MCH5055,Aggarwal-Doctor,5912,Pharmacy,Private_Limited,Hyderabad,Telangana,2024-07-04 02:56:33,,ACTIVE,3805.08,SINGLETON,1.0,1,No duplicates
MCH5056,Subramaniam Plc,5411,Grocery,Partnership,Blr,Karnataka,,WHRV5412713701234,SUSPENDED,473.92,SINGLETON,1.0,1,No duplicates
MCH5061,Natarajan Inc,5699,Apparel,Sole-Proprietor,Ldh,Punjab,2025-10-10 11:35:42,3155448560,ACTIVE,1265.19,SINGLETON,1.0,1,No duplicates
MCH5064,Pandey-Sangha,5699,Apparel,Sole_Proprietor,Bangalore,Karnataka,2023-12-31 00:00:00,XXXX3296,ACTIVE,2028.77,CONFLICTING_MERCHANT_RECORD,0.55,2,"Conflicting Names: ['Pandey-Sangha', 'Bassi Inc']; Conflicting Categories: ['Cloths', 'Restaurant']; Conflicting Cities: ['Bangalore', 'Delhi']"
MCH5067,Mangat-Pant,4814,Telecom,Individual,Poona,Maharashtra,2024-02-27 00:00:00,NOGU4869470784091,ACTIVE,1263.65,SINGLETON,1.0,1,No duplicates
MCH5070,Rau-Nagar,5999,Miscellaneous Retail,Private_Limited,Madras,Tamil Nadu,2024-12-04 11:51:13,,ACTIVE,11139.0,CONFLICTING_MERCHANT_RECORD,0.55,2,"Conflicting Names: ['Krishnan Group', 'Rau-Nagar']; Conflicting Categories: ['Mobile Recharge', 'Retail Other']; Conflicting Cities: ['New Delhi', 'Madras']"
MCH5072,Shroff-Sangha,5999,Miscellaneous Retail,Private-Limited,Jaipur,Rajasthan,2024-12-08 00:00:00,XXXX4443,ACTIVE,3955.29,SINGLETON,1.0,1,No duplicates
MCH5077,"Chauhan, Thakur And Chacko",5411,Grocery,Individual,Jpr,Rajasthan,2023-11-12 01:16:55,9740262322,INACTIVE,250.88,SINGLETON,1.0,1,No duplicates
MCH5079,Ramaswamy-Trivedi,5311,Department Store,Private Limited,Blr,Karnataka,2024-07-01 00:00:00,MSIB5848944508855,SUSPENDED,549.02,SINGLETON,1.0,1,No duplicates
MCH5080,"Shere, Jha And Sarma",5912,Pharmacy,Sole_Proprietor,Calcutta,West Bengal,2025-02-22 20:56:00,,ACTIVE,2711.51,SINGLETON,1.0,1,No duplicates
MCH5081,"Bhatia, Srinivasan And Sampath",5912,Pharmacy,Private Limited,Madras,Tamil Nadu,2024-01-19 00:00:00,6512242126,ACTIVE,869.22,CONFLICTING_MERCHANT_RECORD,0.55,2,"Conflicting Names: ['Grewal-Dutt', 'Bhatia, Srinivasan And Sampath']; Conflicting Categories: ['Stationery', 'Medical']; Conflicting Cities: ['Jaipur', 'Madras']"
MCH5084,Doshi Llc,5942,Books & Stationery,Individual,Jalandhar,Punjab,2025-06-11 20:48:00,5224325531,ACTIVE,182.0,SINGLETON,1.0,1,No duplicates
MCH5086,Balan Llc,5999,Miscellaneous Retail,Private-Limited,Amritsar,Punjab,2023-12-19 00:00:00,XXXX8174,ACTIVE,575.58,SINGLETON,1.0,1,No duplicates
MCH5089,Korpal-Parmer,5311,Department Store,Private Limited,Jaipur,Rajasthan,2024-06-14 00:00:00,,ACTIVE,3730.0,SINGLETON,1.0,1,No duplicates
MCH5090,Chacko-Dora,5411,Grocery,Sole_Proprietor,Hyderabad,Telangana,2023-12-27 00:00:00,DVGQ3463891046958,ACTIVE,658.73,SINGLETON,1.0,1,No duplicates
MCH5091,Rau-Ratta,5812,Restaurant,Partnership,Calcutta,West Bengal,2024-03-24 00:00:00,ZHRH0362265719965,ACTIVE,755.0,SINGLETON,1.0,1,No duplicates
MCH5092,Dubey-Gade,4814,Telecom,Partnership,Kolkata,West Bengal,2023-07-01 00:00:00,,ACTIVE,730.73,SINGLETON,1.0,1,No duplicates
MCH5093,Khatri-Kata,5411,Grocery,Partnership,Jpr,Rajasthan,2024-10-28 00:00:00,,INACTIVE,1344.37,SINGLETON,1.0,1,No duplicates
MCH5097,Sathe Inc,5311,Department Store,Sole Proprietor,Jaipur,Rajasthan,2023-07-05 00:00:00,XXXX5532,ACTIVE,997.33,SINGLETON,1.0,1,No duplicates
MCH5100,Garde-Mody,,Grocery,Sole_Proprietor,Hyderabad,Telangana,2023-12-02 00:00:00,HBWM0411273165352,ACTIVE,347.68,FORMATTING_DUPLICATE,0.85,2,2 records with formatting variations consolidated
MCH5103,"Morar, Kannan And Purohit",7011,Hotel & Lodging,Individual,Lko,Uttar Pradesh,2023-11-12 00:00:00,8919993904,SUSPENDED,,SINGLETON,1.0,1,No duplicates
MCH5106,Luthra Llc,5942,Books & Stationery,Private_Limited,Jalandhar,Punjab,2023-12-01 00:00:00,XXXX6321,ACTIVE,411.0,CONFLICTING_MERCHANT_RECORD,0.55,2,"Conflicting Names: ['Luthra Llc', 'Sagar Llc']; Conflicting Categories: ['Stationery', 'Chemist']"
MCH5108,Bora Llc,5411,Grocery,Private Limited,Jalandhar,Punjab,2025-03-16 12:39:17,DLNH5334244521006,ACTIVE,,CONFLICTING_MERCHANT_RECORD,0.55,2,"Conflicting Names: ['Bora Llc', 'Te11A, Naik And Rajag0Pa1']; Conflicting Categories: ['Groceries', 'Hotels']; Conflicting Cities: ['Jalandhar', 'New Delhi']"
MCH5110,"Anne, Nayak And Chada",5311,Department Store,Private_Limited,Amritsar,Punjab,2023-04-26 00:00:00,6381447674,ACTIVE,478.0,CONFLICTING_MERCHANT_RECORD,0.55,3,"Conflicting Names: ['Anne, Nayak And Chada', 'Deshpande, Verma And Shenoy', 'Grover And Sons']; Conflicting Categories: ['Dept_Store', 'Book Store', 'Misc Retail']; Conflicting Cities: ['Amritsar', 'Pune', 'Jalandar']"
MCH5111,Ramachandran Group,,Department Store,Private_Limited,Ludhiana,Punjab,2026-01-05 10:29:00,9740232667,ACTIVE,541.94,SINGLETON,1.0,1,No duplicates
MCH5112,"Agate, Atwal And Yohannan",5311,Department Store,Private Limited,Ludhiana,Punjab,2023-06-27 18:52:54,JBYC7644035129509,INACTIVE,669.14,CONFLICTING_MERCHANT_RECORD,0.55,3,"Conflicting Names: ['Nigam-Chawla', 'Agarwa1 Ltd', 'Agate, Atwal And Yohannan']; Conflicting Categories: ['Transportation', 'Retail', 'Department Store']; Conflicting Cities: ['Chennai', 'Ludhiana']"
MCH5113,Mani-Buch,5699,Apparel,Partnership,Pune,Maharashtra,2025-04-11 22:11:00,XXXX7200,ACTIVE,2132.66,SINGLETON,1.0,1,No duplicates
MCH5114,Lal Group,5411,Grocery,Private Limited,Bangalore,Karnataka,2024-06-23 01:46:15,XXXX3035,ACTIVE,1143.5,CONFLICTING_MERCHANT_RECORD,0.55,3,"Conflicting Names: ['Lal Group', 'Sarraf-Iyengar']; Conflicting Categories: ['Kirana', 'Chemist']; Conflicting Cities: ['Bangalore', 'Delhi']"
MCH5117,Bava-Sani,5311,Department Store,Private Limited,Amritsar,Punjab,2023-05-07 15:56:29,ICYL7735321082205,ACTIVE,557.72,CONFLICTING_MERCHANT_RECORD,0.55,2,"Conflicting Names: ['Parikh, Sengupta And Chander', 'Bava-Sani']; Conflicting Categories: ['Hotel', 'Department Store']; Conflicting Cities: ['Chennai', 'Amritsar']"
MCH5119,Raghavan-Shere,5812,Restaurant,Sole_Proprietor,Chennai,Tamil Nadu,2025-09-14 00:00:00,,ACTIVE,1149.0,SINGLETON,1.0,1,No duplicates
MCH5121,Din-Dar,5812,Restaurant,Individual,Jalandhar,Punjab,,,ACTIVE,2367.99,CONFLICTING_MERCHANT_RECORD,0.55,2,"Conflicting Names: ['Din-Dar', 'Ramakrishnan Inc']; Conflicting Categories: ['Eating Place', 'Transprt']; Conflicting Cities: ['Jalandhar', 'Ludhiana']"
MCH5122,"Chand, Gupta And Bhargava",5812,Restaurant,Individual,Jalandhar,Punjab,2024-04-01 00:00:00,XXXX9761,ACTIVE,2946.92,CONFLICTING_MERCHANT_RECORD,0.55,3,"Conflicting Names: ['Chand, Gupta And Bhargava', 'K0Ta-R0Y', 'Garde Ltd']; Conflicting Categories: ['Restaurants', 'Cloths', 'Garments']; Conflicting Cities: ['Jalandhar', 'Delhi', 'Mumbai']"
MCH5125,Dave And Sons,5812,Restaurant,Private_Limited,Ldh,Punjab,2025-06-15 00:00:00,XXXX1925,ACTIVE,838.15,SINGLETON,1.0,1,No duplicates
MCH5127,Sankar Group,7011,Hotel & Lodging,Partnership,New Delhi,Delhi,2024-09-06 00:00:00,3303273399,ACTIVE,2034.47,CONFLICTING_MERCHANT_RECORD,0.55,2,"Conflicting Names: ['Sankar Group', 'Sarkar-Vaidya']; Conflicting Categories: ['Hospitality', 'Apparel']; Conflicting Cities: ['New Delhi', 'Bangalore']"
MCH5129,"Kant, Chaudhari And Sarna",4131,Transportation,Sole-Proprietor,Chennai,Tamil Nadu,2025-07-19 00:00:00,QYZU2715177783366,ACTIVE,4873.16,CONFLICTING_MERCHANT_RECORD,0.55,2,"Conflicting Names: ['Kant, Chaudhari And Sarna', 'Dayal-Saran']; Conflicting Categories: ['Transport', 'Pharmacy']"
MCH5133,Sawhney Group,,Grocery,Individual,Hyderabad,Telangana,2024-12-10 00:00:00,0959364769,ACTIVE,1388.77,SINGLETON,1.0,1,No duplicates
MCH5135,Kapoor Ltd,5699,Apparel,Partnership,Chennai,Tamil Nadu,2024-02-25 00:00:00,XXXX2733,ACTIVE,1221.22,CONFLICTING_MERCHANT_RECORD,0.55,2,"Conflicting Names: ['Kapoor Ltd', 'Swaminathan-Kashyap']; Conflicting Categories: ['Apparel', 'Books']; Conflicting Cities: ['Chennai', 'Mumbay']"
MCH5136,Thakur And Sons,4131,Transportation,Sole Proprietor,Jaipur,Rajasthan,2025-02-10 00:00:00,8466988688,SUSPENDED,2681.3,SINGLETON,1.0,1,No duplicates
MCH5137,Bath-Keer,4814,Telecom,Private_Limited,Bengaluru,Karnataka,2024-06-11 00:00:00,XXXX5840,SUSPENDED,634.0,CONFLICTING_MERCHANT_RECORD,0.55,2,"Conflicting Names: ['Bath-Keer', 'Grewal, Chhabra And Sawhney']; Conflicting Categories: ['Telecom', 'Transportation']; Conflicting Cities: ['Bengaluru', 'Ldh']"
MCH5141,Gera-Kashyap,4814,Telecom,Partnership,Ludhiana,Punjab,2024-08-01 00:21:00,,ACTIVE,2000.07,CONFLICTING_MERCHANT_RECORD,0.55,2,"Conflicting Names: ['Sinha Ltd', 'Gera-Kashyap']; Conflicting Categories: ['Apparel', 'Telecom']; Conflicting Cities: ['Jpr', 'Ludhiana']"
MCH5144,Johal Ltd,7011,Hotel & Lodging,Sole_Proprietor,Jalandar,Punjab,2024-02-01 16:44:47,XXXX0257,INACTIVE,490.7,SINGLETON,1.0,1,No duplicates
MCH5146,Wadhwa-Swamy,5311,Department Store,Partnership,Jalandhar,Punjab,2023-11-05 00:00:00,,ACTIVE,,SINGLETON,1.0,1,No duplicates
MCH5147,"Rao, Mahal And Wable",5999,Miscellaneous Retail,Private-Limited,Jalandar,Punjab,2024-09-16 08:12:00,8569345830,ACTIVE,687.0,SINGLETON,1.0,1,No duplicates
MCH5148,"Bose, Ranganathan And Bose",5411,Grocery,Individual,Amritsar,Punjab,2024-10-20 00:00:00,,ACTIVE,,SINGLETON,1.0,1,No duplicates
MCH5151,Sachar-Lad,4131,Transportation,Partnership,Mumbai,Maharashtra,2025-04-09 22:00:45,7481974508,ACTIVE,703.87,SINGLETON,1.0,1,No duplicates
MCH5154,Bhargava-Dey,5912,Pharmacy,Partnership,Jalandar,Punjab,2025-03-22 00:00:00,XPFJ2723277827453,ACTIVE,861.82,CONFLICTING_MERCHANT_RECORD,0.55,3,"Conflicting Names: ['Bhargava-Dey', 'Chauhan Inc', 'Dhingra-Sunder']; Conflicting Categories: ['Chemist', 'Phone Service', 'Misc Retail']; Conflicting Cities: ['Jalandar', 'Jalandhar', 'Poona']"
MCH5156,"Bumb, Buch And R0Ut",7011,Hotel & Lodging,Private_Limited,Mumbai,Maharashtra,2025-10-11 21:13:00,,ACTIVE,1483.33,SINGLETON,1.0,1,No duplicates
MCH5159,"Boase, Nadkarni And Kala",4131,Transportation,Private_Limited,Jpr,Rajasthan,2025-05-18 00:00:00,DDIU4780752450137,ACTIVE,214.1,SINGLETON,1.0,1,No duplicates
MCH5160,Subramanian Inc,7011,Hotel & Lodging,Partnership,Amritsar,Punjab,2025-11-17 00:00:00,,ACTIVE,1435.76,SINGLETON,1.0,1,No duplicates
MCH5162,Srinivas-Sule,5311,Department Store,Individual,Jaipur,Rajasthan,2025-02-20 00:00:00,3127556904,ACTIVE,1145.33,SINGLETON,1.0,1,No duplicates
MCH5163,"Pandit, Lad And V0Ra",4814,Telecom,Individual,Kolkata,West Bengal,2023-05-31 00:00:00,XXXX7995,ACTIVE,1014.92,SINGLETON,1.0,1,No duplicates
MCH5164,"Yohannan,Sahniandbasak",,Department Store,Individual,Mumbay,Maharashtra,2023-09-01 00:00:00,8938397659,INACTIVE,830.61,SINGLETON,1.0,1,No duplicates
MCH5166,Rastogi Ltd,,Grocery,Individual,Hyd,Telangana,2025-11-10 00:00:00,XXXX4606,ACTIVE,1432.96,CONFLICTING_MERCHANT_RECORD,0.55,2,"Conflicting Names: ['Roy-Srinivasan', 'Rastogi Ltd']; Conflicting Categories: ['Mobile Recharge', 'Grocery']; Conflicting Cities: ['Bengaluru', 'Hyd']"
MCH5167,Bose And Sons,5942,Books & Stationery,Private_Limited,Jalandhar,Punjab,2025-08-20 17:50:00,,INACTIVE,1269.25,SINGLETON,1.0,1,No duplicates
MCH5169,Kurian-Narayan,5942,Books & Stationery,Individual,Jalandhar,Punjab,2024-06-01 00:00:00,7935605737,ACTIVE,1621.49,SINGLETON,1.0,1,No duplicates
MCH5171,"Pandya, Bawa And Kibe",4131,Transportation,Partnership,Jpr,Rajasthan,2024-11-18 00:00:00,XXXX5385,ACTIVE,1895.53,SINGLETON,1.0,1,No duplicates
MCH5176,"Samra,Sampathandchaudhuri",4131,Transportation,Individual,Jalandhar,Punjab,2025-03-18 00:00:00,,ACTIVE,905.0,SINGLETON,1.0,1,No duplicates
MCH5180,"Gaba, Chacko And Khatri",5699,Apparel,Private_Limited,Poona,Maharashtra,2025-02-12 00:00:00,XXXX8144,ACTIVE,753.85,CONFLICTING_MERCHANT_RECORD,0.55,2,"Conflicting Names: ['Gaba, Chacko And Khatri', 'Varkey Inc']; Conflicting Cities: ['Poona', 'Lucknow']"
MCH5182,"Kadakia, Raman And Badal",4131,Transportation,Sole-Proprietor,Asr,Punjab,2023-07-15 00:00:00,5073008487,INACTIVE,932.0,SINGLETON,1.0,1,No duplicates
MCH5183,Chandra Llc,5942,Books & Stationery,Individual,Jaipur,Rajasthan,2023-10-16 12:28:48,,ACTIVE,578.29,SINGLETON,1.0,1,No duplicates
MCH5186,"Iyer, Sarma And Issac",5311,Department Store,Private-Limited,Jaipur,Rajasthan,2023-03-27 20:46:00,WHOY9873117052427,INACTIVE,830.18,CONFLICTING_MERCHANT_RECORD,0.55,3,"Conflicting Names: ['Iyer, Sarma And Issac', 'Dey-Bansal']; Conflicting Categories: ['Department Store', 'Medical_Store']; Conflicting Cities: ['Jaipur', 'Chennai']"
MCH5188,"Dube, Nair And Datta",4131,Transportation,Individual,Jalandhar,Punjab,2023-03-22 00:00:00,4717131081,ACTIVE,2008.92,SINGLETON,1.0,1,No duplicates
MCH5190,"Saini,Ranaandaggarwal",5411,Grocery,Sole_Proprietor,Mumbai,Maharashtra,,4016367368,ACTIVE,1844.01,CONFLICTING_MERCHANT_RECORD,0.55,2,"Conflicting Names: ['Saini,Ranaandaggarwal', 'Karpe Inc']; Conflicting Categories: ['Grocery', 'Books_Stationery']; Conflicting Cities: ['Mumbai', 'New Delhi']"
MCH5193,Shetty Inc,5912,Pharmacy,Partnership,Amritsar,Punjab,2025-07-13 00:00:00,QQWR4601081024609,ACTIVE,1291.02,SINGLETON,1.0,1,No duplicates
MCH5196,Sagar-Kohli,4131,Transportation,Partnership,New Delhi,Delhi,2024-02-14 00:00:00,9496058139,ACTIVE,3536.0,CONFLICTING_MERCHANT_RECORD,0.55,2,"Conflicting Names: ['Saini Ltd', 'Sagar-Kohli']; Conflicting Categories: ['Retail', 'Travel']; Conflicting Cities: ['Jalandhar', 'New Delhi']"
MCH5197,Acharyainc,4131,Transportation,Private_Limited,Jalandar,Punjab,,XXXX5691,ACTIVE,699.94,SINGLETON,1.0,1,No duplicates
MCH5200,Saha Plc,4131,Transportation,Private Limited,Ludhiana,Punjab,2025-10-11 08:57:00,,ACTIVE,913.24,SINGLETON,1.0,1,No duplicates
MCH5203,"Goel, Mishra And Ram",4814,Telecom,Sole Proprietor,Blr,Karnataka,2023-04-28 00:00:00,,ACTIVE,3326.82,SINGLETON,1.0,1,No duplicates
MCH5204,Gokhale Ltd,5411,Grocery,Sole-Proprietor,Hyd,Telangana,,IWXN3869048789492,ACTIVE,955.33,CONFLICTING_MERCHANT_RECORD,0.55,2,"Conflicting Names: ['Sibal-Kanda', 'Gokhale Ltd']; Conflicting Categories: ['Books_Stationery', 'Grocery']; Conflicting Cities: ['Ludhiana', 'Hyd']"
MCH5205,"Yogi, Minhas And Goda",5311,Department Store,Partnership,Ludhiana,Punjab,2025-06-01 00:00:00,,INACTIVE,455.0,SINGLETON,1.0,1,No duplicates
MCH5208,Mann Inc,5411,Grocery,Private_Limited,Hyderabad,Telangana,2023-04-10 08:46:00,,SUSPENDED,1269.59,SINGLETON,1.0,1,No duplicates
MCH5210,Rege-Sridhar,5942,Books & Stationery,Private_Limited,Jalandhar,Punjab,2024-05-10 00:00:00,VHMQ6214837340223,ACTIVE,1199.73,CONFLICTING_MERCHANT_RECORD,0.55,3,"Conflicting Names: ['Natarajan Llc', 'Rege-Sridhar', 'Gill, Acharya And Naidu']; Conflicting Categories: ['Transprt', 'Book Store', 'Chemist']; Conflicting Cities: ['Lucknow', 'Jalandhar', 'Amritsar']"
MCH5213,Keer-Yadav,7011,Hotel & Lodging,Private-Limited,Jalandhar,Punjab,2023-09-04 17:38:00,NHOQ3812159504524,ACTIVE,2157.19,SINGLETON,1.0,1,No duplicates
MCH5215,Tank-Golla,5999,Miscellaneous Retail,Individual,Hyderabad,Telangana,2024-06-08 02:20:00,XXXX4115,ACTIVE,1953.0,SINGLETON,1.0,1,No duplicates
MCH5217,Swamy Ltd,5411,Grocery,Private Limited,Calcutta,West Bengal,2023-02-22 00:00:00,5295856120,ACTIVE,1618.62,CONFLICTING_MERCHANT_RECORD,0.55,2,"Conflicting Names: ['Swamy Ltd', 'Kapur, Sabharwal And Chaudhuri']; Conflicting Categories: ['Kirana', 'Retail']; Conflicting Cities: ['Calcutta', 'Lucknow']"
MCH5219,Pillay Group,4814,Telecom,Partnership,Jalandar,Punjab,,XXXX0337,ACTIVE,834.97,CONFLICTING_MERCHANT_RECORD,0.55,2,"Conflicting Names: ['Pillay Group', 'Prakash, Amble And Mukhopadhyay']; Conflicting Categories: ['Telecom', 'Hospitality']; Conflicting Cities: ['Jalandar', 'Jaipur']"
MCH5222,"Char, Warrior And Cherian",5699,Apparel,Partnership,Madras,Tamil Nadu,2024-03-19 18:57:00,XXXX0689,INACTIVE,352.83,SINGLETON,1.0,1,No duplicates
MCH5223,"Dua, Raj And Aurora",5812,Restaurant,Private Limited,Ludhiana,Punjab,2024-08-06 00:00:00,XXXX3071,ACTIVE,986.86,SINGLETON,1.0,1,No duplicates
MCH5224,Prabhakar-Baral,5999,Miscellaneous Retail,Sole_Proprietor,Delhi,Delhi,2024-02-06 19:20:00,VAHS1051982392955,ACTIVE,873.18,SINGLETON,1.0,1,No duplicates
MCH5225,"Bera, Guha And Narayan",5942,Books & Stationery,Individual,Hyd,Telangana,2025-08-16 05:25:00,AJUQ5177176562909,ACTIVE,,SINGLETON,1.0,1,No duplicates
MCH5226,Tiwari-Pau,5999,Miscellaneous Retail,Individual,Lucknow,Uttar Pradesh,2023-12-24 02:18:00,6912933947,ACTIVE,271.33,SINGLETON,1.0,1,No duplicates
MCH5227,"Yogi, Varghese And Balay",5812,Restaurant,Individual,Mumbai,Maharashtra,2024-02-10 00:00:00,,ACTIVE,2005.26,CONFLICTING_MERCHANT_RECORD,0.55,2,"Conflicting Names: ['Gala Plc', 'Yogi, Varghese And Balay']; Conflicting Categories: ['Hotel', 'Food_Services']; Conflicting Cities: ['Kolkata', 'Mumbai']"
MCH5230,Bajaj Ltd,,Transportation,Partnership,Delhi,Delhi,2024-02-01 00:00:00,8842729592,ACTIVE,3959.52,SINGLETON,1.0,1,No duplicates
MCH5231,Om-Shah,5912,Pharmacy,Individual,Jaipur,Rajasthan,2023-04-29 00:00:00,2208124689,ACTIVE,165.39,CONFLICTING_MERCHANT_RECORD,0.55,2,"Conflicting Names: ['Varghese-Rattan', 'Om-Shah']; Conflicting Categories: ['Grocery', 'Pharmacy']; Conflicting Cities: ['Delhi', 'Jaipur']"
MCH5233,Raghavan-Mall,4814,Telecom,Partnership,Bengaluru,Karnataka,2026-02-11 05:56:00,,ACTIVE,3087.5,SINGLETON,1.0,1,No duplicates
MCH5235,Palla Inc,5942,Books & Stationery,Partnership,Blr,Karnataka,2024-10-27 00:00:00,,ACTIVE,3807.5,CONFLICTING_MERCHANT_RECORD,0.55,2,"Conflicting Names: ['Palla Inc', 'Yogi-Dutt']; Conflicting Categories: ['Book Store', 'Travel']; Conflicting Cities: ['Blr', 'Ldh']"
MCH5236,Basak-Madan,5999,Miscellaneous Retail,Private-Limited,Delhi,Delhi,,1939509420,ACTIVE,389.03,CONFLICTING_MERCHANT_RECORD,0.55,2,"Conflicting Names: ['Basak-Madan', 'More, Luthra And Deol']; Conflicting Categories: ['Other', 'Retail Other']; Conflicting Cities: ['Delhi', 'Amritsar']"
MCH5237,Deep-Raja,5999,Miscellaneous Retail,Individual,Bombay,Maharashtra,2025-02-13 16:43:39,XXXX0515,ACTIVE,986.24,CONFLICTING_MERCHANT_RECORD,0.55,2,"Conflicting Names: ['Deep-Raja', 'Dave, Sani And Swaminathan']; Conflicting Categories: ['Misc Retail', 'Pharmacy']; Conflicting Cities: ['Bombay', 'Delhi']"
MCH5239,Saha Inc,5999,Miscellaneous Retail,Individual,Lko,Uttar Pradesh,2025-09-29 00:00:00,,ACTIVE,6907.0,SINGLETON,1.0,1,No duplicates
MCH5242,Mishra-Dua,5311,Department Store,Individual,Mumbai,Maharashtra,2024-06-08 00:00:00,XXXX0138,ACTIVE,3063.29,SINGLETON,1.0,1,No duplicates
MCH5245,"Bhatt, Kakar And Boase",5311,Department Store,Individual,Jalandhar,Punjab,2025-06-27 04:58:08,4405470614,ACTIVE,2923.74,CONFLICTING_MERCHANT_RECORD,0.55,2,"Conflicting Names: ['Bhatt, Kakar And Boase', 'Aggarwal Inc']; Conflicting Categories: ['Retail', 'Kirana']; Conflicting Cities: ['Jalandhar', 'Kolkata']"
MCH5247,Nagi Ltd,4814,Telecom,Partnership,Amritsar,Punjab,2025-06-06 00:00:00,,SUSPENDED,632.92,SINGLETON,1.0,1,No duplicates
MCH5249,Tak Inc,7011,Hotel & Lodging,Private-Limited,Lucknow,Uttar Pradesh,2025-03-10 00:00:00,,ACTIVE,1525.16,SINGLETON,1.0,1,No duplicates
MCH5250,Virk-Nadkarni,5999,Miscellaneous Retail,Partnership,Pune,Maharashtra,2023-07-16 00:00:00,,SUSPENDED,759.43,SINGLETON,1.0,1,No duplicates
MCH5251,Sehgal-Yadav,5411,Grocery,Sole Proprietor,Bengaluru,Karnataka,2024-11-18 00:00:00,XUHW6533831586352,ACTIVE,625.43,CONFLICTING_MERCHANT_RECORD,0.55,2,"Conflicting Names: ['Rana, Chandra And Tank', 'Sehgal-Yadav']; Conflicting Categories: ['Transportation', 'Groceries']; Conflicting Cities: ['Mumbai', 'Bengaluru']"
MCH5253,Balakrishnan Plc,5912,Pharmacy,Sole_Proprietor,Mumbai,Maharashtra,2025-07-23 10:23:07,3588777363,ACTIVE,,SINGLETON,1.0,1,No duplicates
MCH5256,Ghoshllc,4131,Transportation,Individual,Madras,Tamil Nadu,,ASNK4892862388041,ACTIVE,429.35,SINGLETON,1.0,1,No duplicates
MCH5257,Kara-Sibal,4814,Telecom,Individual,Bengaluru,Karnataka,,WHEV2991802850485,ACTIVE,1601.92,SINGLETON,1.0,1,No duplicates
MCH5258,Kibe-Ramanathan,,Books & Stationery,Partnership,Dilli,Delhi,2024-08-15 00:00:00,IIKD1145736850427,ACTIVE,3143.33,SINGLETON,1.0,1,No duplicates
MCH5260,"Memon, Ben And Sant",5912,Pharmacy,Sole Proprietor,Jalandhar,Punjab,2024-07-25 00:00:00,XXXX7324,ACTIVE,1467.0,SINGLETON,1.0,1,No duplicates
MCH5261,M0Dy Gr0Up,5942,Books & Stationery,Individual,Jaipur,Rajasthan,2025-12-11 00:00:00,,ACTIVE,345.16,SINGLETON,1.0,1,No duplicates
MCH5263,"Narang, Kata And Pillai",5311,Department Store,Private-Limited,Ludhiana,Punjab,2024-12-08 00:00:00,,ACTIVE,,SINGLETON,1.0,1,No duplicates
MCH5265,"Jain, Jaggi And Gara",5699,Apparel,Individual,Jaipur,Rajasthan,2023-10-05 00:00:00,XXXX8547,ACTIVE,617.01,CONFLICTING_MERCHANT_RECORD,0.55,2,"Conflicting Names: ['Jain, Jaggi And Gara', 'Natt-Munshi']; Conflicting Categories: ['Clothing', 'Grocery Stores']; Conflicting Cities: ['Jaipur', 'Poona']"
MCH5267,"Chandra, Som And Grewal",4131,Transportation,Individual,Hyderabad,Telangana,2025-11-30 22:52:00,2585843766,ACTIVE,999.83,SINGLETON,1.0,1,No duplicates
MCH5268,Nagy-Ravel,5999,Miscellaneous Retail,Sole_Proprietor,Kolkata,West Bengal,2025-10-23 00:00:00,AMOJ0905717120034,SUSPENDED,4125.6,SINGLETON,1.0,1,No duplicates
MCH5269,"Lala, Raval And Sahni",5942,Books & Stationery,Partnership,Jalandhar,Punjab,2024-10-21 00:00:00,1738664466,ACTIVE,873.0,CONFLICTING_MERCHANT_RECORD,0.55,2,"Conflicting Names: ['Lala, Raval And Sahni', 'Swaminathan-Barman']; Conflicting Categories: ['Books_Stationery', 'Book Store']; Conflicting Cities: ['Jalandhar', 'Pune']"
MCH5270,"Kannan, Goda And Kade",7011,Hotel & Lodging,Individual,Lucknow,Uttar Pradesh,2023-10-13 12:44:32,,INACTIVE,469.0,SINGLETON,1.0,1,No duplicates
MCH5271,Choudhary-Chaudhry,5812,Restaurant,Partnership,Ldh,Punjab,2025-11-30 00:00:00,1480455412,ACTIVE,605.6,SINGLETON,1.0,1,No duplicates
MCH5274,"Nair, Dave And Hayre",4131,Transportation,Individual,Blr,Karnataka,2023-04-08 00:00:00,AJZR1927630901873,ACTIVE,598.65,CONFLICTING_MERCHANT_RECORD,0.55,2,"Conflicting Names: ['Thakur And Sons', 'Nair, Dave And Hayre']; Conflicting Categories: ['Telecom', 'Travel']; Conflicting Cities: ['Chennai', 'Blr']"
MCH5277,Kannan-Deshmukh,5942,Books & Stationery,Private_Limited,Lucknow,Uttar Pradesh,2025-09-26 09:01:09,,INACTIVE,4638.51,SINGLETON,1.0,1,No duplicates
MCH5278,"Sarraf, Peri And Ratti",5999,Miscellaneous Retail,Private_Limited,Kolkata,West Bengal,2025-04-27 00:00:00,,ACTIVE,1446.64,SINGLETON,1.0,1,No duplicates
MCH5280,Mani-Chada,4131,Transportation,Sole-Proprietor,Chennai,Tamil Nadu,2025-03-18 00:00:00,XXXX6717,ACTIVE,1112.24,SINGLETON,1.0,1,No duplicates
MCH5281,Rajagopalan Ltd,7011,Hotel & Lodging,Sole_Proprietor,Bengaluru,Karnataka,2024-02-04 00:00:00,,ACTIVE,939.26,CONFLICTING_MERCHANT_RECORD,0.55,2,"Conflicting Names: ['Rajagopalan Ltd', 'Ramaswamy-Bhandari']; Conflicting Categories: ['Hotels', 'Kirana']; Conflicting Cities: ['Bengaluru', 'Bangalore']"
MCH5283,"Ganesh, Parekh And Subramanian",5912,Pharmacy,Partnership,Hyd,Telangana,2025-03-02 00:00:00,,ACTIVE,307.25,CONFLICTING_MERCHANT_RECORD,0.55,3,"Conflicting Names: ['Verma, Narasimhan And Balan', 'Ganesh, Parekh And Subramanian']; Conflicting Categories: ['Pharmacies', 'Medical']; Conflicting Cities: ['Delhi', 'Hyd']"
MCH5285,"Yadav, Dhawan And Bahri",5311,Department Store,Individual,Bengaluru,Karnataka,2025-08-03 00:00:00,XXXX3759,ACTIVE,220.0,SINGLETON,1.0,1,No duplicates
MCH5287,Sachdeva Plc,4131,Transportation,Partnership,Hyderabad,Telangana,2024-02-06 00:00:00,XXXX8293,ACTIVE,823.34,CONFLICTING_MERCHANT_RECORD,0.55,2,"Conflicting Names: ['Sachdeva Plc', 'Dhillon Inc']; Conflicting Categories: ['Travel', 'Food_Services']; Conflicting Cities: ['Hyderabad', 'Madras']"
MCH5288,"Thaman, Muni And Om",5999,Miscellaneous Retail,Sole-Proprietor,Pune,Maharashtra,2023-07-08 00:00:00,7391241084,ACTIVE,1015.84,FORMATTING_DUPLICATE,0.85,2,2 records with formatting variations consolidated
MCH5292,Shankar-Dhawan,5411,Grocery,Individual,Delhi,Delhi,,XXXX7847,ACTIVE,,CONFLICTING_MERCHANT_RECORD,0.55,2,"Conflicting Names: ['Nori-Dugal', 'Shankar-Dhawan']; Conflicting Categories: ['Other', 'Kirana']; Conflicting Cities: ['Poona', 'Delhi']"
MCH5293,Pingle Plc,5999,Miscellaneous Retail,Individual,Delhi,Delhi,2023-09-03 16:02:00,XXXX2228,ACTIVE,1088.29,CONFLICTING_MERCHANT_RECORD,0.55,3,"Conflicting Names: ['Pingle Plc', 'Varma Inc', 'Palla-Dhar']; Conflicting Categories: ['Miscellaneous', 'Bus/Taxi', 'Travel']; Conflicting Cities: ['Delhi', 'Bengaluru']"
MCH5294,Bhakta Group,4814,Telecom,Private Limited,Jaipur,Rajasthan,2023-12-27 00:00:00,XXXX2441,ACTIVE,765.13,SINGLETON,1.0,1,No duplicates
MCH5295,"Goda, Prashad And Narain",,Pharmacy,Individual,Lko,Uttar Pradesh,2024-10-27 00:00:00,,ACTIVE,888.39,SINGLETON,1.0,1,No duplicates
MCH5298,Keer And Sons,5999,Miscellaneous Retail,Partnership,Bengaluru,Karnataka,,,INACTIVE,600.45,SINGLETON,1.0,1,No duplicates
MCH5303,Walla Inc,5311,Department Store,Private_Limited,Madras,Tamil Nadu,,,ACTIVE,1019.0,SINGLETON,1.0,1,No duplicates
MCH5305,Taneja Inc,7011,Hotel & Lodging,Sole-Proprietor,Chennai,Tamil Nadu,2024-06-01 00:00:00,XXXX9718,ACTIVE,1731.48,SINGLETON,1.0,1,No duplicates
MCH5307,"Balan, Varughese And Dave",5812,Restaurant,Partnership,Pune,Maharashtra,,SMCN8377573336751,ACTIVE,204.07,SINGLETON,1.0,1,No duplicates
MCH5308,Shukla-Trivedi,,Restaurant,Individual,Jaipur,Rajasthan,2025-06-11 00:00:00,7037226511,ACTIVE,,SINGLETON,1.0,1,No duplicates
MCH5312,Choudhary Inc,5411,Grocery,Partnership,Kolkata,West Bengal,2023-07-27 00:00:00,,ACTIVE,1438.2,SINGLETON,1.0,1,No duplicates
MCH5316,"Mand, Banerjee And Bhandari",5699,Apparel,Private-Limited,Chennai,Tamil Nadu,,MZUJ8841043737441,ACTIVE,1934.84,CONFLICTING_MERCHANT_RECORD,0.55,3,"Conflicting Names: ['Madan Ltd', 'Mand, Banerjee And Bhandari']; Conflicting Categories: ['Department Stores', 'Clothing']; Conflicting Cities: ['Kolkata', 'Chennai']"
MCH5317,Seth Plc,7011,Hotel & Lodging,Sole_Proprietor,Bangalore,Karnataka,2023-03-01 07:27:37,,ACTIVE,2738.46,SINGLETON,1.0,1,No duplicates
MCH5320,Ramaswamy-Sarma,4814,Telecom,Sole_Proprietor,Hyderabad,Telangana,2025-02-11 02:58:00,9234288178,ACTIVE,750.06,SINGLETON,1.0,1,No duplicates
MCH5321,Maharaj Ltd,5912,Pharmacy,Sole_Proprietor,Mumbai,Maharashtra,2024-08-29 00:00:00,9534555078,INACTIVE,2746.79,SINGLETON,1.0,1,No duplicates
MCH5322,Parsa Llc,5912,Pharmacy,Individual,Jalandhar,Punjab,2023-03-26 00:00:00,XXXX3422,ACTIVE,2329.55,SINGLETON,1.0,1,No duplicates
MCH5328,Dhaliwal Inc,5812,Restaurant,Private-Limited,Kolkata,West Bengal,2025-04-19 00:00:00,,ACTIVE,375.06,CONFLICTING_MERCHANT_RECORD,0.55,2,"Conflicting Names: ['Dhaliwal Inc', 'Kaur Group']; Conflicting Categories: ['Eating Place', 'Garments']; Conflicting Cities: ['Kolkata', 'Lucknow']"
MCH5333,Rajagopal-Agate,4814,Telecom,Sole_Proprietor,Asr,Punjab,,,INACTIVE,15510.71,SINGLETON,1.0,1,No duplicates
MCH5335,Shroff And Sons,5311,Department Store,Sole_Proprietor,Chennai,Tamil Nadu,,XXXX4486,INACTIVE,1166.0,CONFLICTING_MERCHANT_RECORD,0.55,2,"Conflicting Names: ['Daya1-Gera', 'Shroff And Sons']; Conflicting Categories: ['Hotel_Lodging', 'Dept_Store']; Conflicting Cities: ['Delhi', 'Chennai']"
MCH5339,"Vaidya, Hari And Mistry",5999,Miscellaneous Retail,Individual,Delhi,Delhi,2024-08-07 00:00:00,5298779846,ACTIVE,514.42,SINGLETON,1.0,1,No duplicates
MCH5343,Sangha-Pillay,5411,Grocery,Individual,Lko,Uttar Pradesh,,4912596257,INACTIVE,1724.67,SINGLETON,1.0,1,No duplicates
MCH5354,Datta-Vala,5812,Restaurant,Partnership,Ludhiana,Punjab,2023-02-16 01:25:53,XXXX9615,ACTIVE,2213.0,CONFLICTING_MERCHANT_RECORD,0.55,2,"Conflicting Names: ['Khatri-De0', 'Datta-Vala']; Conflicting Categories: ['Book Store', 'Restaurant']; Conflicting Cities: ['Jalandar', 'Ludhiana']"
MCH5355,"Sundaram, Gara And Bajwa",5812,Restaurant,Sole Proprietor,Kolkata,West Bengal,2023-08-03 00:00:00,,ACTIVE,3350.71,SINGLETON,1.0,1,No duplicates
MCH5356,"Solanki, Kala And Loke",4814,Telecom,Partnership,Hyderabad,Telangana,2023-01-03 00:00:00,TUAH3044152488223,ACTIVE,827.01,CONFLICTING_MERCHANT_RECORD,0.55,2,"Conflicting Names: ['Solanki, Kala And Loke', 'Rege Llc']; Conflicting Categories: ['Mobile Recharge', 'Grocery_Store']; Conflicting Cities: ['Hyderabad', 'Ldh']"
MCH5360,Pillai And Sons,5912,Pharmacy,Individual,Lucknow,Uttar Pradesh,2025-05-07 04:59:14,,ACTIVE,745.28,SINGLETON,1.0,1,No duplicates
MCH5361,"Baria,Santandmunshi",5942,Books & Stationery,Private_Limited,Delhi,Delhi,2025-02-01 00:00:00,XXXX6510,ACTIVE,1636.11,SINGLETON,1.0,1,No duplicates
MCH5362,"Date, Gandhi And Bath",5942,Books & Stationery,Partnership,Delhi,Delhi,2023-03-27 14:31:00,XXXX8502,ACTIVE,,CONFLICTING_MERCHANT_RECORD,0.55,3,"Conflicting Names: ['Kunda, Tiwari And Nagi', 'Date, Gandhi And Bath']; Conflicting Categories: ['Medical', 'Books_Stationery']; Conflicting Cities: ['Jpr', 'Delhi']"
MCH5366,Bali Ltd,5311,Department Store,Private_Limited,Lucknow,Uttar Pradesh,2024-02-25 00:00:00,XXXX6307,INACTIVE,1551.58,SINGLETON,1.0,1,No duplicates
MCH5367,Reddy-Chakraborty,5699,Apparel,Sole Proprietor,Mumbai,Maharashtra,2025-03-01 03:24:42,WHOV7357855523116,ACTIVE,1679.09,CONFLICTING_MERCHANT_RECORD,0.55,2,"Conflicting Names: ['Reddy-Chakraborty', 'Varughese-Kala']; Conflicting Categories: ['Clothing', 'Book Store']; Conflicting Cities: ['Mumbai', 'Ludhiana']"
MCH5370,Shenoy Ltd,5912,Pharmacy,Private Limited,Hyderabad,Telangana,2023-06-26 00:00:00,XXXX5771,ACTIVE,1465.66,CONFLICTING_MERCHANT_RECORD,0.55,2,"Conflicting Names: ['Lala Llc', 'Shenoy Ltd']; Conflicting Categories: ['Dept_Store', 'Medical_Store']; Conflicting Cities: ['Dilli', 'Hyderabad']"
MCH5371,Tailor Ltd,,Department Store,Sole-Proprietor,Jalandhar,Punjab,2024-10-08 00:00:00,3819002392,ACTIVE,2851.53,SINGLETON,1.0,1,No duplicates
MCH5375,"Zacharia, Krishnamurthy And Talwar",5699,Apparel,Individual,Pune,Maharashtra,2023-02-04 11:37:21,6686840480,ACTIVE,872.85,SINGLETON,1.0,1,No duplicates
MCH5376,"Narayanan, Palla And Tripathi",4814,Telecom,Sole Proprietor,Ludhiana,Punjab,2025-08-14 00:00:00,IUFK0088105725528,ACTIVE,2169.37,SINGLETON,1.0,1,No duplicates
MCH5378,Chaudhari Inc,7011,Hotel & Lodging,Individual,Bengaluru,Karnataka,2023-12-12 00:00:00,XXXX0207,ACTIVE,,CONFLICTING_MERCHANT_RECORD,0.55,2,"Conflicting Names: ['Chaudhari Inc', 'Biswas-Seshadri']; Conflicting Categories: ['Hospitality', 'Kirana']; Conflicting Cities: ['Bengaluru', 'Kolkata']"
MCH5381,Jaggi And Sons,5311,Department Store,Private_Limited,Delhi,Delhi,2025-06-11 00:00:00,,ACTIVE,550.97,SINGLETON,1.0,1,No duplicates
MCH5383,Ray-Dara,7011,Hotel & Lodging,Private_Limited,Dilli,Delhi,2025-04-11 00:00:00,8306637821,ACTIVE,2541.0,SINGLETON,1.0,1,No duplicates
MCH5384,Sibal Inc,5411,Grocery,Private_Limited,Jaipur,Rajasthan,,,ACTIVE,951.53,SINGLETON,1.0,1,No duplicates
MCH5386,"Hari, Handa And Madan",4814,Telecom,Private_Limited,Bengaluru,Karnataka,2023-09-27 00:00:00,,ACTIVE,682.57,SINGLETON,1.0,1,No duplicates
MCH5387,Khatri Group,7011,Hotel & Lodging,Sole Proprietor,Delhi,Delhi,2025-10-06 12:45:13,6200633333,ACTIVE,1172.0,CONFLICTING_MERCHANT_RECORD,0.55,2,"Conflicting Names: ['Khatri Group', 'Hayre-Chaudry']; Conflicting Categories: ['Hotel', 'Cloths']; Conflicting Cities: ['Delhi', 'Amritsar']"
MCH5388,Mann-Oza,5942,Books & Stationery,Private_Limited,Hyderabad,Telangana,,,ACTIVE,1696.0,SINGLETON,1.0,1,No duplicates
MCH5389,Sem Llc,4131,Transportation,Partnership,Jpr,Rajasthan,2024-06-16 06:06:18,XXXX3272,ACTIVE,342.38,SINGLETON,1.0,1,No duplicates
MCH5390,Bajwa Group,5942,Books & Stationery,Sole_Proprietor,Jaipur,Rajasthan,,XXXX7220,ACTIVE,2643.0,CONFLICTING_MERCHANT_RECORD,0.55,3,"Conflicting Names: ['Choudhry, Dube And Morar', 'Bajwa Group', 'Pall-Vig']; Conflicting Categories: ['Bus/Taxi', 'Stationery', 'Transport']; Conflicting Cities: ['Ludhiana', 'Jaipur', 'Asr']"
MCH5391,Nagi-Pandya,5411,Grocery,Partnership,Kolkata,West Bengal,2025-12-24 00:00:00,,SUSPENDED,1471.0,SINGLETON,1.0,1,No duplicates
MCH5395,"Dada, Jani And Kaul",5942,Books & Stationery,Partnership,Madras,Tamil Nadu,2025-03-06 00:00:00,,ACTIVE,698.53,SINGLETON,1.0,1,No duplicates
MCH5396,Manda-Seth,4131,Transportation,Sole Proprietor,Delhi,Delhi,2023-01-11 00:00:00,,ACTIVE,439.03,SINGLETON,1.0,1,No duplicates
MCH5399,Agate-Wali,5999,Miscellaneous Retail,Private_Limited,Chennai,Tamil Nadu,2025-12-26 00:00:00,,ACTIVE,1379.64,SINGLETON,1.0,1,No duplicates
MCH5401,Dave Plc,5311,Department Store,Partnership,Bombay,Maharashtra,2023-06-03 00:00:00,,ACTIVE,3231.0,CONFLICTING_MERCHANT_RECORD,0.55,2,"Conflicting Names: ['Sama, Ar0Ra And Mem0N', 'Dave Plc']; Conflicting Categories: ['Books_Stationery', 'Department Store']; Conflicting Cities: ['Kolkata', 'Bombay']"
MCH5402,"Mandal, Chada And Deshpande",5411,Grocery,Sole-Proprietor,Delhi,Delhi,2025-08-11 00:00:00,,SUSPENDED,503.34,SINGLETON,1.0,1,No duplicates
MCH5404,Cherian Group,7011,Hotel & Lodging,Sole_Proprietor,Pune,Maharashtra,2025-04-05 21:50:56,DZIB4073572435126,ACTIVE,1440.0,SINGLETON,1.0,1,No duplicates
MCH5405,Balan-Sabharwal,5812,Restaurant,Individual,Bengaluru,Karnataka,2023-04-07 06:56:55,,ACTIVE,2280.95,SINGLETON,1.0,1,No duplicates
MCH5408,"Setty, Mangal And Dhar",5411,Grocery,Individual,Mumbai,Maharashtra,2026-01-31 00:00:00,XXXX4132,ACTIVE,1231.49,CONFLICTING_MERCHANT_RECORD,0.55,2,"Conflicting Names: ['Setty, Mangal And Dhar', 'Mani, Reddy And Shah']; Conflicting Categories: ['Kirana', 'Telecom']"
MCH5409,Buch Inc,5699,Apparel,Sole-Proprietor,Amritsar,Punjab,2023-03-04 00:10:00,VIYX5305249313484,ACTIVE,922.0,SINGLETON,1.0,1,No duplicates
MCH5410,Ganesh Llc,7011,Hotel & Lodging,Partnership,Delhi,Delhi,2023-01-13 16:09:00,,ACTIVE,1114.19,SINGLETON,1.0,1,No duplicates
MCH5411,Kale Inc,5411,Grocery,Partnership,Pune,Maharashtra,2024-06-21 06:11:57,,ACTIVE,708.0,SINGLETON,1.0,1,No duplicates
MCH5413,"K0Shy, Batra And K0H1I",5311,Department Store,Sole_Proprietor,Lko,Uttar Pradesh,2023-09-04 00:00:00,,ACTIVE,608.0,SINGLETON,1.0,1,No duplicates
MCH5414,Bhandari Ltd,7011,Hotel & Lodging,Private_Limited,Delhi,Delhi,2025-03-26 00:00:00,VQLO7234241275182,ACTIVE,155.88,SINGLETON,1.0,1,No duplicates
MCH5416,Upadhyay Llc,5942,Books & Stationery,Individual,Chennai,Tamil Nadu,2024-07-24 00:00:00,XXXX2133,ACTIVE,,CONFLICTING_MERCHANT_RECORD,0.55,2,"Conflicting Names: ['Upadhyay Llc', 'Yadav Llc']; Conflicting Categories: ['Stationery', 'Transprt']; Conflicting Cities: ['Chennai', 'Jalandhar']"
MCH5420,Sahni-Ghosh,7011,Hotel & Lodging,Sole_Proprietor,Kolkata,West Bengal,2025-09-26 21:42:00,1296057901,ACTIVE,1993.6,SINGLETON,1.0,1,No duplicates
MCH5422,Sawhney Llc,,Apparel,Sole Proprietor,Calcutta,West Bengal,2024-08-08 00:00:00,MLTB5743748396701,ACTIVE,866.35,SINGLETON,1.0,1,No duplicates
MCH5423,"Chanda, Mallick And Butala",5311,Department Store,Sole_Proprietor,Jaipur,Rajasthan,2024-08-25 00:00:00,XXXX3345,ACTIVE,458.56,SINGLETON,1.0,1,No duplicates
MCH5425,"Bora, Kibe And Yadav",4814,Telecom,Individual,Dilli,Delhi,,3599725292,SUSPENDED,810.1,SINGLETON,1.0,1,No duplicates
MCH5426,"Dora, Sehgal And Choudhury",4131,Transportation,Individual,Dilli,Delhi,2025-11-14 00:00:00,6432706759,ACTIVE,598.49,SINGLETON,1.0,1,No duplicates
MCH5430,Thakkar And Sons,5699,Apparel,Private_Limited,Amritsar,Punjab,2023-01-19 00:00:00,,INACTIVE,4264.84,SINGLETON,1.0,1,No duplicates
MCH5433,Subramanian Plc,5699,Apparel,Partnership,Ldh,Punjab,2024-06-07 19:30:00,XXXX5051,ACTIVE,673.68,SINGLETON,1.0,1,No duplicates
MCH5438,"Krishna, Vohra And Ghose",5912,Pharmacy,Sole_Proprietor,Madras,Tamil Nadu,2023-12-11 12:58:00,XXXX0401,ACTIVE,1326.9,SINGLETON,1.0,1,No duplicates
MCH5441,Sur Group,5411,Grocery,Private_Limited,Ldh,Punjab,2023-02-08 00:00:00,UQUC6317470493069,ACTIVE,1094.34,SINGLETON,1.0,1,No duplicates
MCH5442,"Ray, Bajaj And Shetty",5411,Grocery,Individual,Pune,Maharashtra,2024-11-01 11:03:00,9826997670,ACTIVE,448.9,CONFLICTING_MERCHANT_RECORD,0.55,2,"Conflicting Names: ['Sarkar-Prabhu', 'Ray, Bajaj And Shetty']; Conflicting Categories: ['Department Stores', 'Grocery Stores']; Conflicting Cities: ['Ldh', 'Pune']"
MCH5443,Loyal-Narasimhan,7011,Hotel & Lodging,Individual,Kolkata,West Bengal,2023-09-12 04:07:04,VCRF1570737200411,ACTIVE,1593.65,SINGLETON,1.0,1,No duplicates
MCH5444,Pradhan-Nair,5999,Miscellaneous Retail,Sole-Proprietor,Lucknow,Uttar Pradesh,2024-07-27 00:00:00,7036093641,ACTIVE,372.0,SINGLETON,1.0,1,No duplicates
MCH5445,Ganesan Ltd,5311,Department Store,Partnership,Dilli,Delhi,2025-10-19 00:00:00,BVDS4788304098373,ACTIVE,2186.0,SINGLETON,1.0,1,No duplicates
MCH5447,Chhabra-Bajaj,,Grocery,Sole_Proprietor,Hyderabad,Telangana,2025-04-08 02:41:21,3031826064,ACTIVE,363.53,CONFLICTING_MERCHANT_RECORD,0.55,2,"Conflicting Names: ['Chhabra-Bajaj', 'Ram-Shetty']; Conflicting Categories: ['Grocery_Store', 'Hotel_Lodging']; Conflicting Cities: ['Hyderabad', 'Bangalore']"
MCH5448,"Bala, Sha And Bera",5311,Department Store,Private-Limited,Bengaluru,Karnataka,2025-08-12 00:00:00,,ACTIVE,523.59,SINGLETON,1.0,1,No duplicates
MCH5450,"Karnik, Karan And Boase",,Books & Stationery,Partnership,Kolkata,West Bengal,2024-09-09 00:00:00,,ACTIVE,852.07,SINGLETON,1.0,1,No duplicates
MCH5451,Divan Llc,5411,Grocery,Partnership,Jpr,Rajasthan,2025-05-14 00:00:00,,ACTIVE,2492.35,SINGLETON,1.0,1,No duplicates
MCH5457,Deol Plc,5942,Books & Stationery,Sole_Proprietor,Jaipur,Rajasthan,2024-12-30 13:09:01,XXXX0292,ACTIVE,1085.1,SINGLETON,1.0,1,No duplicates
MCH5458,"Korpal, Venkatesh And Choudhary",7011,Hotel & Lodging,Individual,Jpr,Rajasthan,2024-03-17 02:49:02,,ACTIVE,,SINGLETON,1.0,1,No duplicates
MCH5459,Sachdev Ltd,5699,Apparel,Sole_Proprietor,Blr,Karnataka,,HQPJ1613148200279,SUSPENDED,1804.28,SINGLETON,1.0,1,No duplicates
MCH5465,"Keer, Gill And Tank",4814,Telecom,Individual,Jpr,Rajasthan,2023-10-23 00:00:00,WBGT3042878113023,ACTIVE,3170.0,SINGLETON,1.0,1,No duplicates
MCH5467,"Kurian, Anne And Borra",4814,Telecom,Individual,Ldh,Punjab,2024-05-17 00:00:00,3367286055,ACTIVE,940.0,SINGLETON,1.0,1,No duplicates
MCH5472,Dua Group,5942,Books & Stationery,Private Limited,Ludhiana,Punjab,2024-09-23 00:00:00,2328427852,ACTIVE,778.0,SINGLETON,1.0,1,No duplicates
MCH5476,Buch Group,,Pharmacy,Private Limited,Delhi,Delhi,2024-03-08 00:00:00,,ACTIVE,1311.87,SINGLETON,1.0,1,No duplicates
MCH5477,Mahajan Ltd,5699,Apparel,Individual,Bengaluru,Karnataka,2025-09-01 00:00:00,CBRP2025489889025,ACTIVE,3690.89,CONFLICTING_MERCHANT_RECORD,0.55,2,"Conflicting Names: ['Mahajan Ltd', 'Chopra Inc']; Conflicting Categories: ['Cloths', 'Kirana']; Conflicting Cities: ['Bengaluru', 'Ldh']"
MCH5478,"Prashad, Tripathi And Bala",4814,Telecom,Private Limited,Jpr,Rajasthan,2024-06-14 00:00:00,XXXX3083,ACTIVE,3789.33,SINGLETON,1.0,1,No duplicates
MCH5479,"Mukherjee, Nazareth And Palla",5812,Restaurant,Sole-Proprietor,Ludhiana,Punjab,2024-02-19 00:00:00,XXXX2442,ACTIVE,,SINGLETON,1.0,1,No duplicates
MCH5482,"Tiwari, Jain And Hayer",4131,Transportation,Sole_Proprietor,Chennai,Tamil Nadu,,7104632186,ACTIVE,249.86,CONFLICTING_MERCHANT_RECORD,0.55,2,"Conflicting Names: ['Tiwari, Jain And Hayer', 'Baral, Tak And Rajan']; Conflicting Categories: ['Transprt', 'Eating Place']; Conflicting Cities: ['Chennai', 'Calcutta']"
MCH5483,Khare Inc,5311,Department Store,Sole-Proprietor,Jalandhar,Punjab,2025-04-28 14:52:17,5460112584,ACTIVE,827.39,SINGLETON,1.0,1,No duplicates
MCH5484,Vasa Plc,7011,Hotel & Lodging,Individual,Lucknow,Uttar Pradesh,2023-06-01 00:00:00,KFFT4078081558704,ACTIVE,,SINGLETON,1.0,1,No duplicates
MCH5488,Chaudry-Garde,5411,Grocery,Individual,Kolkata,West Bengal,2023-03-31 00:00:00,,ACTIVE,405.0,CONFLICTING_MERCHANT_RECORD,0.55,2,"Conflicting Names: ['Chaudry-Garde', 'Pradhan-Nagy']; Conflicting Categories: ['Kirana', 'Telecom']; Conflicting Cities: ['Kolkata', 'Lucknow']"
MCH5489,Nath Ltd,5311,Department Store,Individual,Jaipur,Rajasthan,2025-01-22 00:00:00,XXXX9871,ACTIVE,3788.36,SINGLETON,1.0,1,No duplicates
MCH5490,"Bahl, Kakar And Dara",5699,Apparel,Individual,Hyd,Telangana,2025-12-28 00:00:00,JQDE2976951081698,ACTIVE,1917.65,SINGLETON,1.0,1,No duplicates
MCH5493,"Choudhury, Nayak And Hayer",,Apparel,Individual,Jalandhar,Punjab,,CMBW9456641489708,ACTIVE,954.13,CONFLICTING_MERCHANT_RECORD,0.55,3,"Conflicting Names: ['Choudhury, Nayak And Hayer', 'Roy Group', 'Kant-Bhandari']; Conflicting Categories: ['Clothing', 'Eating Place', 'Hospitality']; Conflicting Cities: ['Jalandhar', 'Lucknow', 'Madras']"
MCH5494,Raja Ltd,5942,Books & Stationery,Partnership,Ludhiana,Punjab,2025-07-19 00:00:00,XXXX2189,ACTIVE,209.91,CONFLICTING_MERCHANT_RECORD,0.55,3,"Conflicting Names: ['Raja Ltd', 'Palan-Bhatnagar', 'Bhavsar-Jhaveri']; Conflicting Categories: ['Stationery', 'Mobile Recharge', 'Chemist']; Conflicting Cities: ['Ludhiana', 'Calcutta']"
MCH5496,Bhagat And Sons,5912,Pharmacy,Partnership,Lucknow,Uttar Pradesh,2024-08-13 00:00:00,DOMQ3055982121356,ACTIVE,199.73,CONFLICTING_MERCHANT_RECORD,0.55,2,"Conflicting Names: ['Bhagat And Sons', 'Dar Plc']; Conflicting Categories: ['Medical', 'Chemist']; Conflicting Cities: ['Lucknow', 'Jalandhar']"
MCH5497,Dayal And Sons,5999,Miscellaneous Retail,Private Limited,Delhi,Delhi,2024-04-28 22:58:00,XXXX0595,ACTIVE,1767.24,CONFLICTING_MERCHANT_RECORD,0.55,2,"Conflicting Names: ['Dayal And Sons', 'Devan Ltd']; Conflicting Categories: ['Miscellaneous', 'Medical']; Conflicting Cities: ['Delhi', 'Kolkata']"
MCH5498,"Gera, Narayan And Sankaran",5311,Department Store,Partnership,Calcutta,West Bengal,2025-11-10 00:00:00,8296349363,ACTIVE,849.49,SINGLETON,1.0,1,No duplicates
MCH5500,"Dubey, Tandon And Batta",4814,Telecom,Sole Proprietor,Lucknow,Uttar Pradesh,2024-06-06 00:00:00,8963304371,ACTIVE,2211.38,SINGLETON,1.0,1,No duplicates
MCH5502,Kaul-Nayar,5912,Pharmacy,Sole_Proprietor,Madras,Tamil Nadu,2024-10-18 20:35:14,0267393457,ACTIVE,716.0,CONFLICTING_MERCHANT_RECORD,0.55,2,"Conflicting Names: ['Kaul-Nayar', 'Dutta And Sons']; Conflicting Categories: ['Pharmacy', 'Department Stores']; Conflicting Cities: ['Madras', 'Kolkata']"
MCH5503,Suri Ltd,4131,Transportation,Private_Limited,Kolkata,West Bengal,2024-08-30 18:32:00,,ACTIVE,2446.68,EXACT_DUPLICATE,1.0,2,2 identical rows consolidated
MCH5505,Shan-Cherian,5311,Department Store,Individual,Delhi,Delhi,2023-08-19 00:00:00,,ACTIVE,3177.98,CONFLICTING_MERCHANT_RECORD,0.55,3,"Conflicting Names: ['Shan-Cherian', 'Wagle Ltd', 'Korpal Inc']; Conflicting Categories: ['Department Stores', 'Transport', 'Telecom']; Conflicting Cities: ['Delhi', 'Lko', 'Bombay']"
MCH5511,"Pandya, Dugar And Dube",5999,Miscellaneous Retail,Individual,Delhi,Delhi,2025-02-09 08:12:00,,ACTIVE,997.89,SINGLETON,1.0,1,No duplicates
MCH5516,Muni Llc,5699,Apparel,Individual,Kolkata,West Bengal,2025-11-17 13:15:12,,ACTIVE,1139.0,SINGLETON,1.0,1,No duplicates
MCH5518,Mannan Inc,5999,Miscellaneous Retail,Partnership,Hyd,Telangana,2024-03-28 22:25:18,,ACTIVE,1107.87,CONFLICTING_MERCHANT_RECORD,0.55,2,"Conflicting Names: ['Mannan Inc', 'Bhalla-Chaudhuri']; Conflicting Categories: ['Other', 'Food']; Conflicting Cities: ['Hyd', 'Lko']"
MCH5523,Behl Inc,5699,Apparel,Individual,Lucknow,Uttar Pradesh,2025-06-15 00:02:44,GIRV9312114208892,ACTIVE,2946.06,SINGLETON,1.0,1,No duplicates
MCH5524,"Mangat, Sanghvi And Shah",5942,Books & Stationery,Partnership,Jalandar,Punjab,2024-09-30 00:00:00,XXXX2255,ACTIVE,6188.2,SINGLETON,1.0,1,No duplicates
MCH5525,Nagy And Sons,7011,Hotel & Lodging,Partnership,Bangalore,Karnataka,2026-01-29 04:09:00,EFCT6045045841970,ACTIVE,1141.1,SINGLETON,1.0,1,No duplicates
MCH5528,"Bhagat, Sathe And Iyengar",5411,Grocery,Sole_Proprietor,Pune,Maharashtra,2026-02-13 11:24:00,,ACTIVE,668.43,SINGLETON,1.0,1,No duplicates
MCH5529,"Ganguly, Mukherjee And Boase",,Grocery,Private_Limited,Madras,Tamil Nadu,2025-04-01 00:00:00,EMNT5419387001495,ACTIVE,879.0,SINGLETON,1.0,1,No duplicates
MCH5531,"Dhingra, Sangha And Sidhu",5411,Grocery,Partnership,Mumbay,Maharashtra,2025-04-25 00:00:00,0878189587,INACTIVE,414.79,SINGLETON,1.0,1,No duplicates
MCH5538,Barad-Nigam,,Telecom,Partnership,Pune,Maharashtra,2025-01-10 00:00:00,,ACTIVE,2223.97,SINGLETON,1.0,1,No duplicates
MCH5541,Sheth And Sons,5812,Restaurant,Individual,Bengaluru,Karnataka,2024-07-13 09:55:59,,ACTIVE,548.54,SINGLETON,1.0,1,No duplicates
MCH5545,Parikh-Raja,5942,Books & Stationery,Sole-Proprietor,Lucknow,Uttar Pradesh,2023-06-04 00:00:00,,ACTIVE,1144.37,SINGLETON,1.0,1,No duplicates
MCH5546,B0Rde Inc,5311,Department Store,Individual,Ludhiana,Punjab,2024-09-27 00:00:00,JPIE0555435223526,ACTIVE,1430.97,CONFLICTING_MERCHANT_RECORD,0.55,2,"Conflicting Names: ['B0Rde Inc', 'Brar, Rajan And Bhat']; Conflicting Categories: ['Retail', 'Phone Service']; Conflicting Cities: ['Ludhiana', 'Bengaluru']"
MCH5547,Raju Group,5411,Grocery,Partnership,Bengaluru,Karnataka,2025-04-15 00:00:00,,ACTIVE,915.94,CONFLICTING_MERCHANT_RECORD,0.55,2,"Conflicting Names: ['Chander-Menon', 'Raju Group']; Conflicting Categories: ['Pharmacy', 'Grocery Stores']; Conflicting Cities: ['Poona', 'Bengaluru']"
MCH5549,Bahri Ltd,5812,Restaurant,Partnership,Madras,Tamil Nadu,2023-10-06 00:00:00,XXXX0036,ACTIVE,1045.04,SINGLETON,1.0,1,No duplicates
MCH5551,Narain-Goda,5699,Apparel,Private Limited,Mumbai,Maharashtra,2026-01-09 00:00:00,,ACTIVE,817.05,SINGLETON,1.0,1,No duplicates
MCH5553,Sarna And Sons,5812,Restaurant,Private_Limited,Mumbay,Maharashtra,2023-06-07 02:21:12,XXXX7273,INACTIVE,871.71,CONFLICTING_MERCHANT_RECORD,0.55,2,"Conflicting Names: ['Sarna And Sons', 'Salvi-Contractor']; Conflicting Categories: ['Restaurants', 'Groceries']; Conflicting Cities: ['Mumbay', 'Calcutta']"
MCH5555,Prabhu Ltd,4131,Transportation,Private-Limited,Bangalore,Karnataka,2024-12-16 00:00:00,,ACTIVE,1663.56,CONFLICTING_MERCHANT_RECORD,0.55,2,"Conflicting Names: ['Banerjee, Kurian And Tara', 'Prabhu Ltd']; Conflicting Categories: ['Telecom', 'Transprt']; Conflicting Cities: ['Jalandhar', 'Bangalore']"
MCH5556,Pau-Kale,5912,Pharmacy,Private-Limited,Mumbai,Maharashtra,2023-10-31 04:23:01,FLTM9160494360696,ACTIVE,513.95,SINGLETON,1.0,1,No duplicates
MCH5558,"Rao, Sidhu And Barad",7011,Hotel & Lodging,Partnership,Asr,Punjab,2024-09-14 00:00:00,,ACTIVE,626.0,SINGLETON,1.0,1,No duplicates
MCH5559,Kata Ltd,7011,Hotel & Lodging,Sole-Proprietor,Ludhiana,Punjab,,XXXX7757,ACTIVE,,CONFLICTING_MERCHANT_RECORD,0.55,4,"Conflicting Names: ['Muni-Raval', 'Ganguly, Bakshi And Chopra', 'Kata Ltd', 'Grewal-Mohanty']; Conflicting Categories: ['Groceries', 'Clothing', 'Hospitality', 'Misc Retail']; Conflicting Cities: ['Jalandhar', 'Ludhiana', 'Jalandar']"
MCH5560,"D’Alia, Dasgupta And Chakrabarti",4131,Transportation,Sole_Proprietor,Jalandhar,Punjab,2023-02-09 00:00:00,,INACTIVE,1247.75,SINGLETON,1.0,1,No duplicates
MCH5562,Savant-Narayan,4131,Transportation,Private_Limited,Hyderabad,Telangana,2025-11-18 00:00:00,1333760731,ACTIVE,2799.21,SINGLETON,1.0,1,No duplicates
MCH5563,"Dubey, Wali And Yadav",,Apparel,Sole_Proprietor,Kolkata,West Bengal,2024-01-28 00:00:00,5163059320,ACTIVE,2198.0,SINGLETON,1.0,1,No duplicates
MCH5565,Chatterjee And Sons,5411,Grocery,Sole-Proprietor,Poona,Maharashtra,2025-12-11 00:00:00,NMWT6772454974745,ACTIVE,1083.09,SINGLETON,1.0,1,No duplicates
MCH5567,"Kibe, Halder And Saraf",5912,Pharmacy,Sole_Proprietor,Blr,Karnataka,2023-01-28 02:44:29,IXRG4736294294938,ACTIVE,1983.35,CONFLICTING_MERCHANT_RECORD,0.55,3,"Conflicting Names: ['Kibe, Halder And Saraf', 'D’Alia Ltd', 'Apte, Sanghvi And Varkey']; Conflicting Categories: ['Chemist', 'Hotel', 'Restaurants']; Conflicting Cities: ['Blr', 'Chennai']"
MCH5569,"Thaman, Kar And Dass",5999,Miscellaneous Retail,Sole-Proprietor,Mumbai,Maharashtra,2026-01-27 00:00:00,3302815921,INACTIVE,3592.34,SINGLETON,1.0,1,No duplicates
MCH5570,"Sahni, Bala And Sharma",5999,Miscellaneous Retail,Individual,New Delhi,Delhi,2025-11-28 06:01:37,,SUSPENDED,1506.33,SINGLETON,1.0,1,No duplicates
MCH5573,"Guha, Dayal And Mutti",5411,Grocery,Sole_Proprietor,Chennai,Tamil Nadu,,XXXX9546,ACTIVE,2684.58,CONFLICTING_MERCHANT_RECORD,0.55,2,"Conflicting Names: ['Vora-Natarajan', 'Guha, Dayal And Mutti']; Conflicting Categories: ['Phone Service', 'Groceries']; Conflicting Cities: ['New Delhi', 'Chennai']"
MCH5575,Sandal Llc,5411,Grocery,Partnership,Chennai,Tamil Nadu,2024-02-13 00:00:00,XXXX5528,ACTIVE,5255.72,SINGLETON,1.0,1,No duplicates
MCH5576,Oza Plc,4131,Transportation,Sole_Proprietor,Bengaluru,Karnataka,2024-07-27 00:00:00,XXXX6114,ACTIVE,,SINGLETON,1.0,1,No duplicates
MCH5580,Chatterjee-Andra,4131,Transportation,Private-Limited,Lucknow,Uttar Pradesh,2026-01-01 00:00:00,2440958731,ACTIVE,512.38,SINGLETON,1.0,1,No duplicates
MCH5583,"Sama, Thaman And Bakshi",4814,Telecom,Individual,Pune,Maharashtra,2023-07-21 01:11:03,XXXX8722,ACTIVE,2696.94,SINGLETON,1.0,1,No duplicates
MCH5586,Andra-Sha,5699,Apparel,Private_Limited,Amritsar,Punjab,2023-07-03 00:00:00,4565854983,SUSPENDED,349.98,SINGLETON,1.0,1,No duplicates
MCH5587,Pau-Gour,5812,Restaurant,Private Limited,Pune,Maharashtra,2025-10-13 20:14:02,AIKN3298712438615,ACTIVE,246.08,CONFLICTING_MERCHANT_RECORD,0.55,3,"Conflicting Names: ['Parmar,Bobalandbatra', 'Rama, Bail And Garde', 'Pau-Gour']; Conflicting Categories: ['Pharmacy', 'Restaurants', 'Food']; Conflicting Cities: ['Bengaluru', 'Jaipur', 'Pune']"
MCH5588,Divan-Yohannan,4131,Transportation,Individual,Hyderabad,Telangana,,,ACTIVE,203.0,SINGLETON,1.0,1,No duplicates
MCH5590,"Bhandari, M0Re And Bhatti",4131,Transportation,Partnership,Pune,Maharashtra,2024-10-07 00:00:00,CXPI7064872826114,INACTIVE,2034.57,SINGLETON,1.0,1,No duplicates
MCH5594,Anne Ltd,4814,Telecom,Private_Limited,Hyderabad,Telangana,2024-03-16 00:00:00,7934234539,ACTIVE,1557.37,CONFLICTING_MERCHANT_RECORD,0.55,2,"Conflicting Names: ['Anne Ltd', 'Savant-Bhargava']; Conflicting Categories: ['Phone Service', 'Grocery Stores']; Conflicting Cities: ['Hyderabad', 'Bengaluru']"
MCH5595,"Menon, Ahluwalia And Mistry",7011,Hotel & Lodging,Sole_Proprietor,Jaipur,Rajasthan,2026-02-10 09:42:44,,ACTIVE,376.55,SINGLETON,1.0,1,No duplicates
MCH5596,Biswas Group,5311,Department Store,Partnership,Bangalore,Karnataka,2024-12-02 00:00:00,MQQQ6004896266330,SUSPENDED,464.03,SINGLETON,1.0,1,No duplicates
MCH5597,"Shankar, Pandey And Sridhar",5812,Restaurant,Private-Limited,Lucknow,Uttar Pradesh,,,ACTIVE,380.65,SINGLETON,1.0,1,No duplicates
MCH5598,"Thakur, Verma And Venkataraman",5912,Pharmacy,Individual,Jalandhar,Punjab,2023-09-13 00:00:00,,ACTIVE,2948.79,SINGLETON,1.0,1,No duplicates
MCH5599,Peri-Bhatti,5942,Books & Stationery,Individual,Mumbay,Maharashtra,2023-06-06 05:11:00,,ACTIVE,8103.17,SINGLETON,1.0,1,No duplicates
MCH5601,Raj-Gopal,7011,Hotel & Lodging,Private Limited,Jalandhar,Punjab,2024-05-17 22:26:00,6301334461,ACTIVE,,SINGLETON,1.0,1,No duplicates
MCH5602,Kaul Plc,5411,Grocery,Private_Limited,Hyderabad,Telangana,2023-05-17 00:00:00,2312889197,INACTIVE,469.06,SINGLETON,1.0,1,No duplicates
MCH5603,Saha-Sahota,,Restaurant,Partnership,Mumbai,Maharashtra,2025-09-12 13:03:44,XXXX8202,ACTIVE,1242.85,SINGLETON,1.0,1,No duplicates
MCH5606,Sunder Inc,,Hotel & Lodging,Partnership,Ludhiana,Punjab,2023-06-25 00:00:00,TYTS3020219689289,ACTIVE,965.69,CONFLICTING_MERCHANT_RECORD,0.55,2,"Conflicting Names: ['Hayer, Mukherjee And Kohli', 'Sunder Inc']; Conflicting Categories: ['Eating Place', 'Hospitality']; Conflicting Cities: ['Kolkata', 'Ludhiana']"
MCH5607,Sengupta-Murty,5942,Books & Stationery,Sole_Proprietor,Delhi,Delhi,2023-10-05 00:00:00,GVNH6755841589954,ACTIVE,2739.15,CONFLICTING_MERCHANT_RECORD,0.55,2,"Conflicting Names: ['Sengupta-Murty', 'Ba1A And S0Ns']; Conflicting Categories: ['Books', 'Transport']"
MCH5608,Raman-Behl,5812,Restaurant,Individual,Asr,Punjab,2023-10-05 00:00:00,,ACTIVE,251.88,SINGLETON,1.0,1,No duplicates
MCH5611,Walia-Lad,7011,Hotel & Lodging,Partnership,Lucknow,Uttar Pradesh,2025-07-01 06:56:00,XXXX6019,ACTIVE,269.25,CONFLICTING_MERCHANT_RECORD,0.55,2,"Conflicting Names: ['Bawa, Grewal And Chakrabarti', 'Walia-Lad']; Conflicting Categories: ['Department Stores', 'Hospitality']; Conflicting Cities: ['Mumbai', 'Lucknow']"
MCH5618,Biswas And Sons,5912,Pharmacy,Partnership,Delhi,Delhi,2024-04-03 21:03:00,XXXX7039,ACTIVE,833.5,CONFLICTING_MERCHANT_RECORD,0.55,2,"Conflicting Names: ['Biswas And Sons', 'Mital-Sandhu']; Conflicting Categories: ['Pharmacies', 'Grocery Stores']; Conflicting Cities: ['Delhi', 'Poona']"
MCH5619,"Iyer, Lata And Bhatnagar",4131,Transportation,Partnership,Bengaluru,Karnataka,2025-07-09 00:00:00,XXXX4930,ACTIVE,5962.0,SINGLETON,1.0,1,No duplicates
MCH5622,Solanki And Sons,5942,Books & Stationery,Individual,Bengaluru,Karnataka,2023-08-13 00:00:00,4391498742,ACTIVE,252.61,CONFLICTING_MERCHANT_RECORD,0.55,2,"Conflicting Names: ['Solanki And Sons', 'Biswas, Shetty And Nazareth']; Conflicting Categories: ['Books', 'Pharmacy']; Conflicting Cities: ['Bengaluru', 'Lucknow']"
MCH5626,"Borah, Bedi And Khalsa",7011,Hotel & Lodging,Sole-Proprietor,Hyderabad,Telangana,2026-02-25 00:00:00,,SUSPENDED,1422.38,SINGLETON,1.0,1,No duplicates
MCH5627,"Sridhar, Yogi And Panchal",5411,Grocery,Sole_Proprietor,Jpr,Rajasthan,2025-09-23 00:00:00,,ACTIVE,483.0,SINGLETON,1.0,1,No duplicates
MCH5629,Dixit Llc,5311,Department Store,Private-Limited,Asr,Punjab,2023-09-16 02:35:10,OIIO2318495567735,ACTIVE,1084.28,CONFLICTING_MERCHANT_RECORD,0.55,2,"Conflicting Names: ['Barman Ltd', 'Dixit Llc']; Conflicting Categories: ['Transport', 'Retail']; Conflicting Cities: ['New Delhi', 'Asr']"
MCH5630,Srinivas-Doshi,7011,Hotel & Lodging,Sole_Proprietor,Amritsar,Punjab,2023-04-28 00:00:00,BCPS7283289501457,INACTIVE,2338.55,SINGLETON,1.0,1,No duplicates
MCH5631,"Bhattacharyya, Behl And Barad",5699,Apparel,Sole_Proprietor,Bangalore,Karnataka,2025-08-30 16:56:41,XXXX1656,ACTIVE,857.0,CONFLICTING_MERCHANT_RECORD,0.55,2,"Conflicting Names: ['Bhattacharyya, Behl And Barad', 'Chada-Buch']; Conflicting Categories: ['Cloths', 'Hotel']; Conflicting Cities: ['Bangalore', 'Lko']"
MCH5632,Tandon Ltd,5311,Department Store,Sole_Proprietor,Bangalore,Karnataka,2025-05-29 12:56:08,,ACTIVE,270.52,SINGLETON,1.0,1,No duplicates
MCH5637,Pandit-Bail,5311,Department Store,Private Limited,Lucknow,Uttar Pradesh,2024-09-15 00:00:00,XXXX5250,ACTIVE,905.79,CONFLICTING_MERCHANT_RECORD,0.55,2,"Conflicting Names: ['Desai-Sankaran', 'Pandit-Bail']; Conflicting Categories: ['Books_Stationery', 'Retail']; Conflicting Cities: ['Kolkata', 'Lucknow']"
MCH5639,"Viswanathan, Gupta And Varghese",7011,Hotel & Lodging,Sole_Proprietor,Bombay,Maharashtra,2023-09-02 00:00:00,,ACTIVE,2712.0,SINGLETON,1.0,1,No duplicates
MCH5641,Thaker And Sons,4131,Transportation,Partnership,Madras,Tamil Nadu,2024-02-20 00:00:00,4665430270,ACTIVE,1143.48,CONFLICTING_MERCHANT_RECORD,0.55,2,"Conflicting Names: ['Kant, Raju And Sandal', 'Thaker And Sons']; Conflicting Categories: ['Miscellaneous', 'Transportation']; Conflicting Cities: ['Poona', 'Madras']"
MCH5642,Ganguly-Kalla,5912,Pharmacy,Private-Limited,Jalandar,Punjab,2025-11-19 00:00:00,9623880565,ACTIVE,870.56,CONFLICTING_MERCHANT_RECORD,0.55,2,"Conflicting Names: ['Ganguly-Kalla', 'Swaminathan-Ratti']; Conflicting Categories: ['Pharmacy', 'Hospitality']; Conflicting Cities: ['Jalandar', 'Bangalore']"
MCH5644,Prabhu-Chaudhry,5699,Apparel,Individual,Hyderabad,Telangana,2025-05-09 20:50:00,ZHTO8764288741052,ACTIVE,2643.86,SINGLETON,1.0,1,No duplicates
MCH5645,Dey Ltd,4814,Telecom,Private-Limited,Jalandhar,Punjab,2025-12-18 00:00:00,9437173245,ACTIVE,1164.31,SINGLETON,1.0,1,No duplicates
MCH5646,Badal-Anand,4814,Telecom,Private Limited,Mumbai,Maharashtra,2025-06-05 23:31:00,XXXX0079,ACTIVE,4606.04,CONFLICTING_MERCHANT_RECORD,0.55,2,"Conflicting Names: ['Badal-Anand', 'Luthra Plc']; Conflicting Categories: ['Phone Service', 'Books_Stationery']; Conflicting Cities: ['Mumbai', 'Madras']"
MCH5648,Morar And Sons,7011,Hotel & Lodging,Individual,Pune,Maharashtra,2023-08-06 00:00:00,DHOL8937164342491,ACTIVE,972.68,CONFLICTING_MERCHANT_RECORD,0.55,3,"Conflicting Names: ['Morar And Sons', 'Jain-Bera']; Conflicting Categories: ['Hospitality', 'Chemist']; Conflicting Cities: ['Pune', 'Ludhiana']"
MCH5652,"Borde, Bhasin And Dua",5411,Grocery,Individual,Mumbai,Maharashtra,2023-12-10 00:00:00,XXXX7597,ACTIVE,669.05,SINGLETON,1.0,1,No duplicates
MCH5656,Narayanan Group,4814,Telecom,Partnership,Lko,Uttar Pradesh,2023-11-12 08:59:00,SICD4237260629825,ACTIVE,509.12,CONFLICTING_MERCHANT_RECORD,0.55,2,"Conflicting Names: ['Sen-Dube', 'Narayanan Group']; Conflicting Categories: ['Books_Stationery', 'Mobile Recharge']; Conflicting Cities: ['Poona', 'Lko']"
MCH5657,Natt-Goel,5999,Miscellaneous Retail,Individual,Dilli,Delhi,,,ACTIVE,1355.0,SINGLETON,1.0,1,No duplicates
MCH5660,Goda-Goda,5812,Restaurant,Partnership,Ludhiana,Punjab,,XXXX9971,ACTIVE,1213.87,CONFLICTING_MERCHANT_RECORD,0.55,2,"Conflicting Names: ['Goda-Goda', 'Sama Llc']; Conflicting Categories: ['Restaurants', 'Cloths']; Conflicting Cities: ['Ludhiana', 'Lko']"
MCH5662,Buch Plc,4131,Transportation,Partnership,Delhi,Delhi,2023-01-18 20:50:14,9769098268,ACTIVE,2776.96,CONFLICTING_MERCHANT_RECORD,0.55,2,"Conflicting Names: ['Kannan-Yogi', 'Buch Plc']; Conflicting Categories: ['Transprt', 'Travel']; Conflicting Cities: ['Madras', 'Delhi']"
MCH5663,"Goyal, Brahmbhatt And Raja",5912,Pharmacy,Individual,Ludhiana,Punjab,2023-05-31 00:00:00,,SUSPENDED,2417.27,SINGLETON,1.0,1,No duplicates
MCH5664,"Om, Kari And Pandit",5812,Restaurant,Partnership,Hyd,Telangana,2024-07-15 00:00:00,7995815997,INACTIVE,6853.27,SINGLETON,1.0,1,No duplicates
MCH5665,"Parikh, Ray And Lall",5942,Books & Stationery,Partnership,Jaipur,Rajasthan,2023-09-12 00:00:00,XXXX1393,ACTIVE,1428.0,SINGLETON,1.0,1,No duplicates
MCH5669,"Sodhi, Luthra And Batta",5812,Restaurant,Private_Limited,Jalandhar,Punjab,2025-10-08 07:29:30,XXXX1040,ACTIVE,1557.34,SINGLETON,1.0,1,No duplicates
MCH5671,Bava-Arya,5699,Apparel,Private Limited,Hyderabad,Telangana,2023-11-18 22:06:00,SNRX5730951285773,ACTIVE,2123.47,SINGLETON,1.0,1,No duplicates
MCH5673,Palan-Memon,4131,Transportation,Sole Proprietor,Delhi,Delhi,2023-09-16 00:00:00,5428187851,ACTIVE,414.92,SINGLETON,1.0,1,No duplicates
MCH5674,"Chhabra, Samra And Ghosh",4131,Transportation,Partnership,Mumbai,Maharashtra,,,ACTIVE,1727.77,SINGLETON,1.0,1,No duplicates
MCH5676,Kohli-Bir,4814,Telecom,Private_Limited,Lko,Uttar Pradesh,2024-04-29 20:08:00,XXXX1129,ACTIVE,1466.78,CONFLICTING_MERCHANT_RECORD,0.55,2,"Conflicting Names: ['Kohli-Bir', 'Bhatti, Chahal And Mishra']; Conflicting Categories: ['Mobile Recharge', 'Retail']; Conflicting Cities: ['Lko', 'Jalandhar']"
MCH5678,Kumar And Sons,5311,Department Store,Private-Limited,Jpr,Rajasthan,2024-03-25 00:00:00,JJQM4342551832633,ACTIVE,6122.0,CONFLICTING_MERCHANT_RECORD,0.55,2,"Conflicting Names: ['Kumar And Sons', 'Bhat-Borra']; Conflicting Categories: ['Department Store', 'Medical_Store']; Conflicting Cities: ['Jpr', 'Asr']"
MCH5683,Subramanian Group,5311,Department Store,Private_Limited,Lko,Uttar Pradesh,2024-10-24 15:26:50,XUFZ9750077803623,ACTIVE,774.44,CONFLICTING_MERCHANT_RECORD,0.55,5,"Conflicting Names: ['Subramanian Group', 'Ramesh, Bhalla And Murthy', 'Magar, Cherian And Wable', 'Chauhan-Chakraborty']; Conflicting Categories: ['Dept_Store', 'Transprt', 'Chemist', 'Medical_Store']; Conflicting Cities: ['Lko', 'Kolkata', 'Amritsar', 'Madras']"
MCH5684,Arora Plc,5699,Apparel,Sole Proprietor,Kolkata,West Bengal,2023-11-15 16:39:00,XXXX4030,ACTIVE,898.89,CONFLICTING_MERCHANT_RECORD,0.55,2,"Conflicting Names: ['Dua-Ghose', 'Arora Plc']; Conflicting Categories: ['Department Stores', 'Cloths']; Conflicting Cities: ['Pune', 'Kolkata']"
MCH5687,"Prasad, Tank And Char",4131,Transportation,Individual,Ludhiana,Punjab,,XXXX6544,ACTIVE,487.38,SINGLETON,1.0,1,No duplicates
MCH5695,Divan Inc,5699,Apparel,Individual,Hyderabad,Telangana,2025-08-20 19:03:23,6474425874,ACTIVE,,SINGLETON,1.0,1,No duplicates
MCH5696,Mittal Group,5411,Grocery,Private-Limited,Chennai,Tamil Nadu,2024-05-18 00:00:00,,ACTIVE,2595.13,SINGLETON,1.0,1,No duplicates
MCH5697,"Kapadia, Sharma And Maharaj",,Department Store,Partnership,Poona,Maharashtra,2023-08-27 00:00:00,IHYO1132265068472,ACTIVE,4565.23,SINGLETON,1.0,1,No duplicates
MCH5698,Rana Ltd,5942,Books & Stationery,Private-Limited,Chennai,Tamil Nadu,2025-01-07 00:00:00,,ACTIVE,2808.27,SINGLETON,1.0,1,No duplicates
MCH5701,"Lad, Thakkar And Nazareth",4131,Transportation,Private Limited,Calcutta,West Bengal,,XXXX7572,ACTIVE,1254.73,SINGLETON,1.0,1,No duplicates
MCH5704,Biswas-Yohannan,7011,Hotel & Lodging,Sole-Proprietor,Calcutta,West Bengal,,XXXX3443,ACTIVE,751.57,CONFLICTING_MERCHANT_RECORD,0.55,3,"Conflicting Names: ['Ravel-Talwar', 'Biswas-Yohannan', 'Bhardwaj And Sons']; Conflicting Categories: ['Transportation', 'Hotel', 'Book Store']; Conflicting Cities: ['Madras', 'Calcutta', 'New Delhi']"
MCH5705,Mukhopadhyay And Sons,5699,Apparel,Sole_Proprietor,Jalandhar,Punjab,2025-02-25 00:00:00,,ACTIVE,716.31,CONFLICTING_MERCHANT_RECORD,0.55,2,"Conflicting Names: ['Mukhopadhyay And Sons', 'Palan, Bhargava And Jaggi']; Conflicting Categories: ['Apparel', 'Transport']; Conflicting Cities: ['Jalandhar', 'Lucknow']"
MCH5707,De01 Gr0Up,5411,Grocery,Partnership,Hyderabad,Telangana,2023-09-19 00:00:00,NRWL7844875974966,ACTIVE,666.58,CONFLICTING_MERCHANT_RECORD,0.55,3,"Conflicting Names: ['De01 Gr0Up', 'Varughese-Hegde']; Conflicting Categories: ['Kirana', 'Telecom']; Conflicting Cities: ['Hyderabad', 'Lucknow']"
MCH5709,Shroff-Mukherjee,4814,Telecom,Private_Limited,Jaipur,Rajasthan,2024-11-10 18:13:32,FPQT8539252763493,ACTIVE,668.22,SINGLETON,1.0,1,No duplicates
MCH5710,Karnik Ltd,5942,Books & Stationery,Partnership,Jaipur,Rajasthan,2025-12-24 00:00:00,4751773025,ACTIVE,2156.34,SINGLETON,1.0,1,No duplicates
MCH5712,Goda-Kashyap,5942,Books & Stationery,Private_Limited,Amritsar,Punjab,2025-01-12 00:00:00,ILKC7960163227117,ACTIVE,,FORMATTING_DUPLICATE,0.85,2,2 records with formatting variations consolidated
MCH5715,"Bansal,Aryaandbhat",5912,Pharmacy,Private_Limited,Bangalore,Karnataka,2025-01-20 00:00:00,,ACTIVE,1290.0,SINGLETON,1.0,1,No duplicates
MCH5716,Nadig Inc,4814,Telecom,Individual,Madras,Tamil Nadu,2025-06-26 14:09:58,,ACTIVE,1811.84,SINGLETON,1.0,1,No duplicates
MCH5717,"Kuruvilla, Deol And Rama",5942,Books & Stationery,Sole_Proprietor,Jaipur,Rajasthan,2023-05-16 23:01:00,,ACTIVE,8901.44,SINGLETON,1.0,1,No duplicates
MCH5720,Karnik Group,5942,Books & Stationery,Partnership,Amritsar,Punjab,2023-10-28 00:00:00,9007561693,ACTIVE,6186.34,SINGLETON,1.0,1,No duplicates
MCH5722,Kant-Gara,7011,Hotel & Lodging,Partnership,Lucknow,Uttar Pradesh,2024-12-16 00:00:00,3048409027,ACTIVE,1451.76,SINGLETON,1.0,1,No duplicates
MCH5723,Doctor Llc,,Grocery,Private_Limited,Calcutta,West Bengal,2023-04-08 00:00:00,XXXX6555,ACTIVE,574.8,SINGLETON,1.0,1,No duplicates
MCH5727,"Sandal, Deshmukh And Lata",5699,Apparel,Partnership,Bangalore,Karnataka,2024-04-21 23:21:20,9631209751,ACTIVE,411.34,SINGLETON,1.0,1,No duplicates
MCH5734,Balan Inc,5311,Department Store,Private Limited,Jalandhar,Punjab,2025-05-20 00:00:00,,ACTIVE,2000.53,SINGLETON,1.0,1,No duplicates
MCH5736,Agate Llc,4131,Transportation,Sole-Proprietor,Delhi,Delhi,2023-04-16 00:00:00,XXXX7731,ACTIVE,3557.14,EXACT_DUPLICATE,1.0,2,2 identical rows consolidated
MCH5737,"Mangat, Parmer And Khosla",5311,Department Store,Sole_Proprietor,Poona,Maharashtra,,ERHY5292307870912,ACTIVE,2850.24,CONFLICTING_MERCHANT_RECORD,0.55,4,"Conflicting Names: ['Chaudhary, Raghavan And Brahmbhatt', 'Ben Inc', 'Barad, Majumdar And Barad', 'Mangat, Parmer And Khosla']; Conflicting Categories: ['Pharmacies', 'Apparel', 'Garments', 'Dept_Store']; Conflicting Cities: ['Amritsar', 'Ldh', 'Jaipur', 'Poona']"
MCH5740,Dayal-Desai,5699,Apparel,Sole-Proprietor,Chennai,Tamil Nadu,2025-04-10 00:00:00,,ACTIVE,4887.0,SINGLETON,1.0,1,No duplicates
MCH5741,Uppal Group,,Books & Stationery,Individual,Bombay,Maharashtra,2023-05-30 00:00:00,SZOY5586957641724,ACTIVE,,CONFLICTING_MERCHANT_RECORD,0.55,2,"Conflicting Names: ['Uppal Group', 'Rajagopalan Plc']; Conflicting Categories: ['Books', 'Books_Stationery']; Conflicting Cities: ['Bombay', 'Hyd']"
MCH5744,Dalal-Lall,7011,Hotel & Lodging,Private-Limited,Chennai,Tamil Nadu,2023-05-31 00:00:00,XXXX1007,ACTIVE,3350.6,SINGLETON,1.0,1,No duplicates
MCH5745,"Bahri, Dutta And Narang",4131,Transportation,Individual,Bengaluru,Karnataka,2024-03-27 07:33:00,GWGG2673614762721,ACTIVE,955.1,CONFLICTING_MERCHANT_RECORD,0.55,3,"Conflicting Names: ['Bahri, Dutta And Narang', 'Mahal, Gokhale And Shah', 'Sawhney-Apte']; Conflicting Categories: ['Transprt', 'Cloths', 'Chemist']; Conflicting Cities: ['Bengaluru', 'Lko', 'Delhi']"
MCH5747,"Narasimhan, Doshi And Pall",5812,Restaurant,Private-Limited,Calcutta,West Bengal,2025-08-05 00:00:00,XXXX9034,ACTIVE,4280.12,SINGLETON,1.0,1,No duplicates
MCH5749,Master Llc,,Restaurant,Private Limited,Kolkata,West Bengal,2024-04-30 00:00:00,PVNW9033788560313,ACTIVE,6699.41,CONFLICTING_MERCHANT_RECORD,0.55,3,"Conflicting Names: ['Bir, Sibal And Arya', 'Master Llc', 'Chaudry, Minhas And Chatterjee']; Conflicting Categories: ['Stationery', 'Restaurant', 'Food']; Conflicting Cities: ['Mumbay', 'Kolkata', 'Bombay']"
MCH5753,Handa Inc,5812,Restaurant,Sole Proprietor,Hyderabad,Telangana,2025-11-04 23:27:50,XXXX3053,ACTIVE,3518.1,CONFLICTING_MERCHANT_RECORD,0.55,3,"Conflicting Names: ['Zachariah-Rai', 'Handa Inc', 'Nair, Pai And Issac']; Conflicting Categories: ['Food_Services', 'Restaurants', 'Garments']; Conflicting Cities: ['Hyderabad', 'Mumbai']"
MCH5758,"Aggarwal, Hayer And Nayar",5999,Miscellaneous Retail,Individual,Asr,Punjab,2023-09-22 00:00:00,XXXX0401,ACTIVE,3630.79,SINGLETON,1.0,1,No duplicates
MCH5762,Hayre And Sons,5942,Books & Stationery,Sole_Proprietor,Calcutta,West Bengal,2024-01-05 06:19:29,XXXX2767,ACTIVE,823.98,CONFLICTING_MERCHANT_RECORD,0.55,2,"Conflicting Names: ['Hayre And Sons', 'Dyal-Loke']; Conflicting Categories: ['Books_Stationery', 'Food']"
MCH5765,Murty Inc,4131,Transportation,Partnership,Mumbay,Maharashtra,2025-07-18 00:00:00,,ACTIVE,2715.83,SINGLETON,1.0,1,No duplicates
MCH5766,Varkey-Datta,4814,Telecom,Private Limited,Mumbai,Maharashtra,2024-02-18 00:00:00,,ACTIVE,1162.56,SINGLETON,1.0,1,No duplicates
MCH5767,Pandya Inc,4814,Telecom,Individual,Jaipur,Rajasthan,2024-01-09 00:00:00,6172553008,ACTIVE,793.79,SINGLETON,1.0,1,No duplicates
MCH5768,Brar Inc,5812,Restaurant,Sole Proprietor,Hyderabad,Telangana,2023-04-04 00:00:00,PTPO3474925086916,ACTIVE,1354.3,CONFLICTING_MERCHANT_RECORD,0.55,2,"Conflicting Names: ['Brar Inc', 'Minhas Gr0Up']; Conflicting Categories: ['Food_Services', 'Telecom']"
MCH5770,Kari Llc,5912,Pharmacy,Private Limited,Hyderabad,Telangana,2025-01-29 10:38:17,,ACTIVE,573.41,SINGLETON,1.0,1,No duplicates
MCH5775,Srinivas Ltd,5311,Department Store,Individual,Kolkata,West Bengal,2025-11-01 10:50:11,AIEV2153769743983,ACTIVE,7152.05,CONFLICTING_MERCHANT_RECORD,0.55,2,"Conflicting Names: ['Srinivas Ltd', 'Aurora-Dhillon']; Conflicting Categories: ['Department Store', 'Travel']; Conflicting Cities: ['Kolkata', 'Bangalore']"
MCH5776,Varma-Bahri,5699,Apparel,Individual,Mumbai,Maharashtra,2025-04-10 00:00:00,0509545143,INACTIVE,807.85,CONFLICTING_MERCHANT_RECORD,0.55,2,"Conflicting Names: ['Varma-Bahri', 'Date-Mangat']; Conflicting Categories: ['Garments', 'Hospitality']; Conflicting Cities: ['Mumbai', 'Ldh']"
MCH5777,Dubey And Sons,5999,Miscellaneous Retail,Individual,Bangalore,Karnataka,2025-12-01 19:34:00,,INACTIVE,4320.83,SINGLETON,1.0,1,No duplicates
MCH5780,Tara-Palan,5699,Apparel,Individual,Bangalore,Karnataka,2024-01-11 00:00:00,,ACTIVE,1736.15,CONFLICTING_MERCHANT_RECORD,0.55,3,"Conflicting Names: ['Kumar, Bedi And Borah', 'Tara-Palan', 'Oak-Mody']; Conflicting Categories: ['Stationery', 'Cloths', 'Retail Other']; Conflicting Cities: ['Bangalore', 'Pune']"
MCH5781,Bava And Sons,7011,Hotel & Lodging,Partnership,Hyderabad,Telangana,2024-03-24 09:56:13,,ACTIVE,2364.14,SINGLETON,1.0,1,No duplicates
MCH5784,"Kakar, Palla And Vyas",5699,Apparel,Private-Limited,Jalandhar,Punjab,2024-06-01 22:17:58,,ACTIVE,220.77,SINGLETON,1.0,1,No duplicates
MCH5785,Vohra Inc,5699,Apparel,Partnership,Mumbai,Maharashtra,2023-06-25 00:00:00,6460565959,ACTIVE,1694.59,SINGLETON,1.0,1,No duplicates
MCH5786,"Bhasin, Manda1 And Tank",4131,Transportation,Individual,Kolkata,West Bengal,2025-08-02 00:00:00,2599782072,INACTIVE,1913.26,SINGLETON,1.0,1,No duplicates
MCH5787,Bassi Inc,7011,Hotel & Lodging,Sole_Proprietor,Bombay,Maharashtra,2025-06-24 00:00:00,XXXX0298,ACTIVE,555.97,SINGLETON,1.0,1,No duplicates
MCH5790,Devi And Sons,5942,Books & Stationery,Partnership,Jpr,Rajasthan,2024-06-03 01:35:36,LANA4621044039956,ACTIVE,8961.2,SINGLETON,1.0,1,No duplicates
MCH5792,"Bava, Krish And Ghose",4131,Transportation,Partnership,Amritsar,Punjab,2024-07-09 00:00:00,0878817279,SUSPENDED,1136.54,SINGLETON,1.0,1,No duplicates
MCH5793,Hayre And Sons,4131,Transportation,Individual,Amritsar,Punjab,2023-10-23 00:00:00,XXXX4734,ACTIVE,2411.65,CONFLICTING_MERCHANT_RECORD,0.55,2,"Conflicting Names: ['Hayre And Sons', 'Pathak Group']; Conflicting Cities: ['Amritsar', 'Mumbai']"
MCH5794,Gulati And Sons,5999,Miscellaneous Retail,Private_Limited,Blr,Karnataka,2024-07-18 15:31:05,,ACTIVE,614.67,SINGLETON,1.0,1,No duplicates
MCH5795,"Sunder, Bera And Srinivas",7011,Hotel & Lodging,Private_Limited,Calcutta,West Bengal,2023-05-19 17:04:00,,ACTIVE,167.0,SINGLETON,1.0,1,No duplicates
MCH5797,Bhatt Ltd,5942,Books & Stationery,Individual,Chennai,Tamil Nadu,,XXXX5629,ACTIVE,1641.0,CONFLICTING_MERCHANT_RECORD,0.55,2,"Conflicting Names: ['Bhatt Ltd', 'Sami Ltd']; Conflicting Categories: ['Books_Stationery', 'Books']; Conflicting Cities: ['Chennai', 'Jalandhar']"
MCH5798,Divan-Mahal,5812,Restaurant,Individual,Jaipur,Rajasthan,2023-02-19 00:00:00,1492699438,ACTIVE,110.98,SINGLETON,1.0,1,No duplicates
MCH5799,Nagar Inc,7011,Hotel & Lodging,Private_Limited,Jalandhar,Punjab,2026-02-16 00:00:00,RWJB2008792112548,ACTIVE,209.08,CONFLICTING_MERCHANT_RECORD,0.55,2,"Conflicting Names: ['Nagar Inc', 'Sankaran, Kadakia And Banerjee']; Conflicting Categories: ['Hotel', 'Hotels']; Conflicting Cities: ['Jalandhar', 'Amritsar']"
MCH5801,"Narasimhan, Grewal And Vora",4131,Transportation,Private-Limited,Dilli,Delhi,2023-08-08 00:00:00,,ACTIVE,1697.55,SINGLETON,1.0,1,No duplicates
MCH5805,Natarajan-Walla,4131,Transportation,Partnership,Ludhiana,Punjab,2025-06-03 12:56:57,XXXX1704,ACTIVE,449.15,SINGLETON,1.0,1,No duplicates
MCH5807,Madan Ltd,5311,Department Store,Sole-Proprietor,Jalandar,Punjab,2023-11-06 00:00:00,XXXX1600,ACTIVE,1974.14,SINGLETON,1.0,1,No duplicates
MCH5809,Virk-Peri,5942,Books & Stationery,Individual,Jaipur,Rajasthan,2023-07-25 09:05:00,7094756781,INACTIVE,1513.53,CONFLICTING_MERCHANT_RECORD,0.55,2,"Conflicting Names: ['Virk-Peri', 'Buch Plc']; Conflicting Categories: ['Stationery', 'Bus/Taxi']; Conflicting Cities: ['Jaipur', 'Blr']"
MCH5812,Aurora And Sons,7011,Hotel & Lodging,Sole Proprietor,Hyderabad,Telangana,2024-03-03 00:00:00,7984668048,ACTIVE,410.12,SINGLETON,1.0,1,No duplicates
MCH5813,Nair Inc,4814,Telecom,Sole Proprietor,Chennai,Tamil Nadu,,,ACTIVE,1408.29,SINGLETON,1.0,1,No duplicates
MCH5822,Gandhi-Krish,5311,Department Store,Sole Proprietor,Bangalore,Karnataka,2023-02-10 00:00:00,7874103727,ACTIVE,1268.39,SINGLETON,1.0,1,No duplicates
MCH5823,Garde Llc,5311,Department Store,Sole_Proprietor,Bengaluru,Karnataka,2023-03-15 00:00:00,XXXX1484,INACTIVE,1075.77,CONFLICTING_MERCHANT_RECORD,0.55,2,"Conflicting Names: ['Sen Llc', 'Garde Llc']; Conflicting Categories: ['Phone Service', 'Department Stores']; Conflicting Cities: ['Pune', 'Bengaluru']"
MCH5825,Bhardwaj-Sachdeva,5942,Books & Stationery,Partnership,Bangalore,Karnataka,2024-05-17 00:03:40,,ACTIVE,1108.32,SINGLETON,1.0,1,No duplicates
MCH5829,Batta Ltd,5812,Restaurant,Sole_Proprietor,Jalandhar,Punjab,2024-11-07 00:00:00,SFSR8195478520780,SUSPENDED,690.13,CONFLICTING_MERCHANT_RECORD,0.55,3,"Conflicting Names: ['Batta Ltd', 'Mall Llc']; Conflicting Categories: ['Food', 'Apparel']; Conflicting Cities: ['Jalandhar', 'Madras']"
MCH5831,Kibe Inc,4814,Telecom,Sole Proprietor,Ludhiana,Punjab,2024-01-21 16:49:33,,ACTIVE,2267.19,SINGLETON,1.0,1,No duplicates
MCH5833,Deep And Sons,5411,Grocery,Partnership,Jaipur,Rajasthan,2024-04-04 00:00:00,,ACTIVE,4335.22,SINGLETON,1.0,1,No duplicates
MCH5834,Sundaram-Sarkar,5812,Restaurant,Partnership,Hyderabad,Telangana,2025-07-27 00:00:00,XXXX6821,ACTIVE,1502.09,SINGLETON,1.0,1,No duplicates
MCH5835,"Kanda, Saraf And Prashad",5699,Apparel,Sole_Proprietor,Jalandhar,Punjab,2023-03-06 00:00:00,,ACTIVE,622.64,SINGLETON,1.0,1,No duplicates
MCH5841,Nori Group,5912,Pharmacy,Sole_Proprietor,Mumbai,Maharashtra,2023-01-11 06:18:00,,ACTIVE,466.44,SINGLETON,1.0,1,No duplicates
MCH5842,"Dutt, Trivedi And Dhingra",5942,Books & Stationery,Partnership,Amritsar,Punjab,2024-01-21 11:32:28,XXXX5651,ACTIVE,182.55,SINGLETON,1.0,1,No duplicates
MCH5843,Wason And Sons,4814,Telecom,Individual,Hyderabad,Telangana,2023-05-30 00:00:00,,INACTIVE,1023.46,SINGLETON,1.0,1,No duplicates
MCH5845,Buch Plc,5311,Department Store,Sole_Proprietor,Ludhiana,Punjab,2025-09-25 00:00:00,8892986940,ACTIVE,1603.87,CONFLICTING_MERCHANT_RECORD,0.55,2,"Conflicting Names: ['Buch Plc', 'Kara Group']; Conflicting Categories: ['Retail', 'Misc Retail']; Conflicting Cities: ['Ludhiana', 'Asr']"
MCH5847,"Kar, Gupta And Choudhry",7011,Hotel & Lodging,Sole Proprietor,Kolkata,West Bengal,2023-05-20 00:00:00,8964900216,ACTIVE,4487.3,CONFLICTING_MERCHANT_RECORD,0.55,2,"Conflicting Names: ['Kar, Gupta And Choudhry', 'Andra-Tata']; Conflicting Categories: ['Hotel_Lodging', 'Fashion']; Conflicting Cities: ['Kolkata', 'Jaipur']"
MCH5849,Balakrishnan Ltd,5699,Apparel,Private_Limited,Lucknow,Uttar Pradesh,2025-04-06 00:00:00,,ACTIVE,6558.56,SINGLETON,1.0,1,No duplicates
MCH5850,Virk-Loke,5699,Apparel,Partnership,Mumbay,Maharashtra,,QOYF2667573006038,ACTIVE,3558.0,SINGLETON,1.0,1,No duplicates
MCH5851,"Chakrabarti, Sen And Misra",5411,Grocery,Sole-Proprietor,Poona,Maharashtra,2026-02-15 14:58:09,XXXX3366,ACTIVE,1867.35,CONFLICTING_MERCHANT_RECORD,0.55,3,"Conflicting Names: ['Chakrabarti, Sen And Misra', 'Dugar, Shanker And Bedi', 'Sani Ltd']; Conflicting Categories: ['Kirana', 'Miscellaneous', 'Retail Other']; Conflicting Cities: ['Poona', 'Pune', 'Jaipur']"
MCH5855,"Rajagopalan,Muniandprasad",,Apparel,Partnership,Jalandhar,Punjab,2023-09-08 00:00:00,,ACTIVE,115.41,SINGLETON,1.0,1,No duplicates
MCH5856,"Wason, Savant And Bahl",,Miscellaneous Retail,Individual,Mumbai,Maharashtra,2026-02-11 00:00:00,,ACTIVE,944.06,SINGLETON,1.0,1,No duplicates
MCH5857,"Varughese, Vora And Chokshi",4814,Telecom,Individual,Lucknow,Uttar Pradesh,2025-11-21 00:00:00,,INACTIVE,687.33,SINGLETON,1.0,1,No duplicates
MCH5861,Manne-Chatterjee,5812,Restaurant,Sole_Proprietor,Delhi,Delhi,2024-10-28 00:00:00,,ACTIVE,174.45,SINGLETON,1.0,1,No duplicates
MCH5870,Deol Group,4131,Transportation,Sole_Proprietor,Madras,Tamil Nadu,2023-04-02 21:18:00,,SUSPENDED,1911.31,SINGLETON,1.0,1,No duplicates
MCH5872,Sandal Ltd,5411,Grocery,Private Limited,Bengaluru,Karnataka,,,ACTIVE,2434.63,CONFLICTING_MERCHANT_RECORD,0.55,2,"Conflicting Names: ['Sandal Ltd', 'Kalellc']; Conflicting Categories: ['Groceries', 'Transport']; Conflicting Cities: ['Bengaluru', 'Bangalore']"
MCH5873,"Kade, Srivastava And Iyengar",5999,Miscellaneous Retail,Partnership,Lucknow,Uttar Pradesh,2023-10-06 00:00:00,,ACTIVE,3185.85,SINGLETON,1.0,1,No duplicates
MCH5874,Mann-Ma11Ick,7011,Hotel & Lodging,Partnership,Delhi,Delhi,2023-11-29 00:00:00,7898379818,ACTIVE,1160.0,CONFLICTING_MERCHANT_RECORD,0.55,3,"Conflicting Names: ['Pandya Plc', 'Pathak Group', 'Mann-Ma11Ick']; Conflicting Categories: ['Hotels', 'Telecom', 'Hotel']; Conflicting Cities: ['Hyderabad', 'Jalandhar', 'Delhi']"
MCH5879,"Sridhar, Sani And Ma11",4814,Telecom,Individual,Hyd,Telangana,2025-12-30 20:57:31,XXXX4907,ACTIVE,3624.48,SINGLETON,1.0,1,No duplicates
MCH5880,"Varty, Ratta And Venkataraman",5699,Apparel,Sole Proprietor,Asr,Punjab,2023-06-11 00:00:00,0620802937,ACTIVE,1913.84,SINGLETON,1.0,1,No duplicates
MCH5881,"Bandi, Krishnamurthy And Saran",5411,Grocery,Partnership,Amritsar,Punjab,2025-12-13 00:00:00,XXXX6576,ACTIVE,345.76,CONFLICTING_MERCHANT_RECORD,0.55,3,"Conflicting Names: ['Bandi, Krishnamurthy And Saran', 'Sengupta-Bhat', 'Baria-Keer']; Conflicting Categories: ['Grocery Stores', 'Pharmacy', 'Transprt']; Conflicting Cities: ['Amritsar', 'Kolkata', 'Jaipur']"
MCH5882,"Barad, Kara And Gokhale",,Telecom,Sole Proprietor,Chennai,Tamil Nadu,2024-09-25 00:00:00,8200004171,INACTIVE,626.5,SINGLETON,1.0,1,No duplicates
MCH5883,Pillai Ltd,,Books & Stationery,Partnership,Pune,Maharashtra,2024-10-18 00:00:00,ELEN4323090043469,ACTIVE,2102.56,SINGLETON,1.0,1,No duplicates
MCH5884,Raman And Sons,4131,Transportation,Individual,Chennai,Tamil Nadu,,1966210053,ACTIVE,743.19,SINGLETON,1.0,1,No duplicates
MCH5890,Apte-Sant,5311,Department Store,Partnership,Asr,Punjab,2026-01-27 00:00:00,BNKX3894227656030,INACTIVE,2687.77,SINGLETON,1.0,1,No duplicates
MCH5892,Mangat-Dutta,,Books & Stationery,Sole-Proprietor,Jaipur,Rajasthan,2023-10-08 00:00:00,3873887194,ACTIVE,2243.17,CONFLICTING_MERCHANT_RECORD,0.55,3,"Conflicting Names: ['Mangat-Dutta', 'Dara, Goswami And Purohit']; Conflicting Categories: ['Stationery', 'Restaurants']; Conflicting Cities: ['Jaipur', 'Bangalore']"
MCH5894,Borra-Tiwari,5311,Department Store,Partnership,Bengaluru,Karnataka,2025-05-24 19:29:00,,ACTIVE,239.64,SINGLETON,1.0,1,No duplicates
MCH5895,Dey Llc,4131,Transportation,Individual,Chennai,Tamil Nadu,2024-08-05 00:00:00,,ACTIVE,693.85,SINGLETON,1.0,1,No duplicates
MCH5896,Kale Group,5942,Books & Stationery,Individual,Hyderabad,Telangana,2023-07-21 00:00:00,3922466271,ACTIVE,533.74,SINGLETON,1.0,1,No duplicates
MCH5897,Mutti-Doshi,5912,Pharmacy,Private-Limited,Amritsar,Punjab,2026-01-06 00:00:00,,ACTIVE,1302.0,SINGLETON,1.0,1,No duplicates
MCH5898,Virk-Mani,5699,Apparel,Partnership,Delhi,Delhi,2025-08-23 00:00:00,1987474945,ACTIVE,2502.05,CONFLICTING_MERCHANT_RECORD,0.55,2,"Conflicting Names: ['Virk-Mani', 'Dalal, Bhavsar And Taneja']; Conflicting Categories: ['Cloths', 'Other']; Conflicting Cities: ['Delhi', 'Kolkata']"
MCH5900,Sarraf-Nagar,5912,Pharmacy,Sole Proprietor,Kolkata,West Bengal,2024-03-23 06:41:25,0859371893,ACTIVE,380.94,SINGLETON,1.0,1,No duplicates
MCH5902,"Iyer, Pal And Kaur",5311,Department Store,Private_Limited,Pune,Maharashtra,2024-08-14 00:00:00,,ACTIVE,441.19,SINGLETON,1.0,1,No duplicates
MCH5904,Karan Ltd,5699,Apparel,Sole Proprietor,Bengaluru,Karnataka,2023-11-29 00:00:00,,ACTIVE,1441.0,SINGLETON,1.0,1,No duplicates
MCH5905,Karnik Ltd,5812,Restaurant,Individual,Poona,Maharashtra,2026-02-05 00:00:00,XXXX6996,ACTIVE,653.53,CONFLICTING_MERCHANT_RECORD,0.55,2,"Conflicting Names: ['Hayer, Char And Jain', 'Karnik Ltd']; Conflicting Categories: ['Retail Other', 'Restaurants']"
MCH5911,Chacko-Kota,5311,Department Store,Partnership,Hyd,Telangana,2023-09-07 00:00:00,,ACTIVE,797.25,SINGLETON,1.0,1,No duplicates
MCH5912,"Raman, Viswanathan And Garg",4814,Telecom,Individual,Bengaluru,Karnataka,2023-12-01 17:59:00,3092091837,ACTIVE,4153.0,CONFLICTING_MERCHANT_RECORD,0.55,2,"Conflicting Names: ['Shenoy Plc', 'Raman, Viswanathan And Garg']; Conflicting Categories: ['Telecom', 'Mobile Recharge']; Conflicting Cities: ['Bangalore', 'Bengaluru']"
MCH5914,"Agarwal, Pant And Ravi",5311,Department Store,Private_Limited,Hyderabad,Telangana,2023-10-23 09:35:36,XXXX4508,ACTIVE,1447.48,CONFLICTING_MERCHANT_RECORD,0.55,2,"Conflicting Names: ['Ku1Karni-Deshmukh', 'Agarwal, Pant And Ravi']; Conflicting Categories: ['Garments', 'Dept_Store']; Conflicting Cities: ['Jpr', 'Hyderabad']"
MCH5915,"Solanki, Banik And Badal",4131,Transportation,Individual,Jalandhar,Punjab,2024-10-22 00:00:00,XXXX8472,ACTIVE,1488.9,SINGLETON,1.0,1,No duplicates
MCH5917,"Tara, Bhasin And Singh",5912,Pharmacy,Sole-Proprietor,Pune,Maharashtra,2023-08-26 00:00:00,6037353463,SUSPENDED,443.4,SINGLETON,1.0,1,No duplicates
MCH5918,Bora-Rege,5699,Apparel,Partnership,Pune,Maharashtra,2024-09-23 00:00:00,USII8978521648386,ACTIVE,203.17,SINGLETON,1.0,1,No duplicates
MCH5921,Saraf-Saraf,7011,Hotel & Lodging,Individual,Jpr,Rajasthan,2025-05-31 15:14:51,XXXX9547,INACTIVE,352.95,SINGLETON,1.0,1,No duplicates
MCH5923,"Banik, Yogi And Seth",4814,Telecom,Individual,Delhi,Delhi,,CKTY3945451387681,INACTIVE,378.2,FORMATTING_DUPLICATE,0.85,2,2 records with formatting variations consolidated
MCH5924,Chana-Thaman,4814,Telecom,Sole-Proprietor,New Delhi,Delhi,2025-09-27 23:42:15,XXXX2862,ACTIVE,1054.56,SINGLETON,1.0,1,No duplicates
MCH5927,"Hayer, Palla And Ganesh",5699,Apparel,Private_Limited,Lucknow,Uttar Pradesh,2024-06-16 00:00:00,,ACTIVE,3764.09,SINGLETON,1.0,1,No duplicates
MCH5929,Chaudry-Pal,7011,Hotel & Lodging,Private_Limited,Chennai,Tamil Nadu,2024-11-12 00:00:00,RXEM4030982599966,ACTIVE,705.57,CONFLICTING_MERCHANT_RECORD,0.55,2,"Conflicting Names: ['Chaudry-Pal', 'Natt, Iyengar And Desai']; Conflicting Categories: ['Hotels', 'Apparel']; Conflicting Cities: ['Chennai', 'Delhi']"
MCH5932,Jani-Sathe,4814,Telecom,Partnership,Ludhiana,Punjab,2024-10-09 04:03:57,,INACTIVE,2383.64,SINGLETON,1.0,1,No duplicates
MCH5933,"Natarajan, Swaminathan And Dugar",5999,Miscellaneous Retail,Partnership,Kolkata,West Bengal,2025-09-26 20:35:00,XXXX6381,ACTIVE,2711.41,SINGLETON,1.0,1,No duplicates
MCH5934,Halder Llc,7011,Hotel & Lodging,Private_Limited,Asr,Punjab,2023-03-22 00:00:00,CBWB3662425285759,ACTIVE,1201.69,CONFLICTING_MERCHANT_RECORD,0.55,3,"Conflicting Names: ['Halder Llc', 'Bandi, Devi And Gulati', 'Krish-Doshi']; Conflicting Categories: ['Hotel_Lodging', 'Bus/Taxi', 'Transport']; Conflicting Cities: ['Asr', 'Chennai', 'Jaipur']"
MCH5937,"Babu, Contractor And Sem",5411,Grocery,Private_Limited,Hyd,Telangana,2023-01-04 00:00:00,,INACTIVE,415.88,SINGLETON,1.0,1,No duplicates
MCH5938,Prabhu Llc,5999,Miscellaneous Retail,Sole_Proprietor,Jalandar,Punjab,2024-10-16 00:00:00,,ACTIVE,590.79,CONFLICTING_MERCHANT_RECORD,0.55,2,"Conflicting Names: ['Prabhu Llc', 'Rama-Pandey']; Conflicting Categories: ['Other', 'Transport']; Conflicting Cities: ['Jalandar', 'Jaipur']"
MCH5939,"Mohan, Varughese And Johal",5411,Grocery,Partnership,Bengaluru,Karnataka,2024-12-20 00:00:00,XXXX0991,ACTIVE,4307.34,SINGLETON,1.0,1,No duplicates
MCH5941,G0Ur Ltd,5942,Books & Stationery,Private_Limited,Lucknow,Uttar Pradesh,2023-04-30 00:00:00,XXXX2222,INACTIVE,1448.04,SINGLETON,1.0,1,No duplicates
MCH5944,Jayaraman-Bhattacharyya,4131,Transportation,Private-Limited,Hyd,Telangana,2023-09-04 00:00:00,BTLX3994335719192,ACTIVE,545.7,CONFLICTING_MERCHANT_RECORD,0.55,3,"Conflicting Names: ['Jayaraman-Bhattacharyya', 'Arya Inc', 'Dave-Bal']; Conflicting Categories: ['Bus/Taxi', 'Cloths', 'Transprt']; Conflicting Cities: ['Hyd', 'Jaipur', 'Mumbai']"
MCH5950,Dey-Raj,5999,Miscellaneous Retail,Sole-Proprietor,Amritsar,Punjab,2025-11-29 00:00:00,0371217445,ACTIVE,3256.77,CONFLICTING_MERCHANT_RECORD,0.55,2,"Conflicting Names: ['Dey-Raj', 'Nath-Lad']; Conflicting Categories: ['Retail Other', 'Food_Services']; Conflicting Cities: ['Amritsar', 'Jalandar']"
MCH5951,"Sahni, Gour And Sama",5311,Department Store,Private Limited,Pune,Maharashtra,2024-05-13 00:00:00,,ACTIVE,2353.06,SINGLETON,1.0,1,No duplicates
MCH5953,"Sandhu, Srinivas And Thakur",5699,Apparel,Private-Limited,Amritsar,Punjab,2023-09-10 19:25:00,TMUQ0408880729796,ACTIVE,3101.03,SINGLETON,1.0,1,No duplicates
MCH5954,"Chand, Dora And Dey",,Restaurant,Private_Limited,Chennai,Tamil Nadu,2025-08-28 14:38:01,,ACTIVE,1159.45,SINGLETON,1.0,1,No duplicates
MCH5955,"Rana, Mangat And De",4814,Telecom,Sole-Proprietor,Kolkata,West Bengal,2025-02-05 00:00:00,XXXX7902,ACTIVE,1491.64,CONFLICTING_MERCHANT_RECORD,0.55,2,"Conflicting Names: ['Rana, Mangat And De', 'Lad-K0Nda']; Conflicting Categories: ['Mobile Recharge', 'Grocery']; Conflicting Cities: ['Kolkata', 'Jpr']"
MCH5957,Bose Plc,5942,Books & Stationery,Partnership,Jaipur,Rajasthan,2023-09-22 00:00:00,,INACTIVE,1309.17,SINGLETON,1.0,1,No duplicates
MCH5958,"Panchal, Krishnan And Thakkar",5812,Restaurant,Private-Limited,Madras,Tamil Nadu,2025-06-16 00:00:00,1176480578,INACTIVE,999.64,SINGLETON,1.0,1,No duplicates
MCH5959,Nigam Group,5942,Books & Stationery,Private_Limited,Bombay,Maharashtra,2025-06-14 00:00:00,TOMC3445782175803,INACTIVE,2495.0,SINGLETON,1.0,1,No duplicates
MCH5961,Batra Ltd,5812,Restaurant,Individual,Jalandhar,Punjab,2024-05-24 00:00:00,CHMJ2049480871128,ACTIVE,608.0,SINGLETON,1.0,1,No duplicates
MCH5963,Goyal-Sur,5812,Restaurant,Private_Limited,Chennai,Tamil Nadu,2025-09-14 08:31:00,XXXX6740,ACTIVE,3785.0,CONFLICTING_MERCHANT_RECORD,0.55,2,"Conflicting Names: ['Mukhopadhyay Ltd', 'Goyal-Sur']; Conflicting Categories: ['Other', 'Restaurants']; Conflicting Cities: ['Pune', 'Chennai']"
MCH5965,Wason Llc,4814,Telecom,Partnership,Hyderabad,Telangana,2025-06-03 21:59:21,,ACTIVE,2365.0,SINGLETON,1.0,1,No duplicates
MCH5966,"Bala, Tandon And Keer",,Grocery,Individual,Lko,Uttar Pradesh,2023-02-06 00:00:00,,ACTIVE,255.77,SINGLETON,1.0,1,No duplicates
MCH5968,"Soman, Issac And Goswami",5311,Department Store,Private Limited,Jalandhar,Punjab,2025-10-16 00:00:00,2039525092,ACTIVE,5598.75,SINGLETON,1.0,1,No duplicates
MCH5970,Babu And Sons,5699,Apparel,Private Limited,Amritsar,Punjab,2025-01-14 00:00:00,,INACTIVE,2060.67,SINGLETON,1.0,1,No duplicates
MCH5972,Mane Ltd,5942,Books & Stationery,Individual,Amritsar,Punjab,2024-06-03 07:02:00,XXXX0204,ACTIVE,644.97,CONFLICTING_MERCHANT_RECORD,0.55,2,"Conflicting Names: ['Parmar-Ramanathan', 'Mane Ltd']; Conflicting Categories: ['Phone Service', 'Books_Stationery']; Conflicting Cities: ['Mumbai', 'Amritsar']"
MCH5973,Biswas-Dass,5699,Apparel,Sole_Proprietor,Lko,Uttar Pradesh,2025-11-25 00:00:00,XXXX1507,ACTIVE,,SINGLETON,1.0,1,No duplicates
MCH5974,Padmanabhan Llc,5812,Restaurant,Individual,Lucknow,Uttar Pradesh,2023-03-11 10:03:46,XXXX9484,ACTIVE,1194.0,SINGLETON,1.0,1,No duplicates
MCH5979,Mani Group,4131,Transportation,Private-Limited,Blr,Karnataka,2024-07-15 00:00:00,,SUSPENDED,4686.23,SINGLETON,1.0,1,No duplicates
MCH5980,Misra-Ganguly,4131,Transportation,Individual,Calcutta,West Bengal,2025-08-13 00:00:00,XXXX2799,ACTIVE,2762.0,CONFLICTING_MERCHANT_RECORD,0.55,2,"Conflicting Names: ['Misra-Ganguly', 'Arya Llc']; Conflicting Categories: ['Transprt', 'Hospitality']; Conflicting Cities: ['Calcutta', 'Ludhiana']"
MCH5983,"Morar, Memon And Kala",5311,Department Store,Sole Proprietor,Pune,Maharashtra,2025-05-06 09:44:28,4976019828,ACTIVE,306.11,SINGLETON,1.0,1,No duplicates
MCH5984,Acharya-Badal,5999,Miscellaneous Retail,Sole Proprietor,Kolkata,West Bengal,2023-01-03 00:00:00,,ACTIVE,515.0,FORMATTING_DUPLICATE,0.85,2,2 records with formatting variations consolidated
MCH5992,"Anne, Gole And Bhatnagar",5912,Pharmacy,Private_Limited,Ludhiana,Punjab,2025-12-31 00:00:00,QOVD2358529671548,ACTIVE,1637.97,SINGLETON,1.0,1,No duplicates
MCH5995,Bassi Ltd,5812,Restaurant,Private_Limited,Lko,Uttar Pradesh,2024-02-01 00:00:00,XXXX5294,ACTIVE,2631.68,CONFLICTING_MERCHANT_RECORD,0.55,2,"Conflicting Names: ['Bassi Ltd', 'Palla Group']; Conflicting Categories: ['Eating Place', 'Restaurants']; Conflicting Cities: ['Lko', 'Kolkata']"
MCH5997,"Kothari,Basuandkothari",5912,Pharmacy,Sole Proprietor,Delhi,Delhi,2025-09-07 16:46:16,4059468429,INACTIVE,2459.46,SINGLETON,1.0,1,No duplicates
MCH5998,Joshi Inc,5411,Grocery,Private Limited,Chennai,Tamil Nadu,2024-08-30 00:00:00,,ACTIVE,1152.74,SINGLETON,1.0,1,No duplicates
MCH5999,Nori Inc,5999,Miscellaneous Retail,Private Limited,Jalandhar,Punjab,2026-01-02 22:34:56,XXXX4498,ACTIVE,629.41,SINGLETON,1.0,1,No duplicates
MCH6001,Murthy-Batra,7011,Hotel & Lodging,Sole_Proprietor,Jalandar,Punjab,2024-08-31 00:00:00,DRAQ5734718978671,ACTIVE,1116.47,SINGLETON,1.0,1,No duplicates
MCH6002,Bal Group,5912,Pharmacy,Partnership,Dilli,Delhi,2025-05-14 00:00:00,,ACTIVE,718.0,CONFLICTING_MERCHANT_RECORD,0.55,2,"Conflicting Names: ['Bal Group', 'Ch0Kshi-Kibe']; Conflicting Categories: ['Medical_Store', 'Apparel']; Conflicting Cities: ['Dilli', 'Poona']"
MCH6004,Raval And Sons,5812,Restaurant,Partnership,Bangalore,Karnataka,2025-10-20 12:33:00,,ACTIVE,477.72,SINGLETON,1.0,1,No duplicates
MCH6009,"Nagar, Chowdhury And Raghavan",,Books & Stationery,Private Limited,Pune,Maharashtra,,XXXX6864,ACTIVE,1266.03,SINGLETON,1.0,1,No duplicates
MCH6010,"Tak, Sani And Jaggi",5912,Pharmacy,Individual,Jpr,Rajasthan,2024-01-20 00:00:00,TXCH9949373918886,ACTIVE,1022.54,SINGLETON,1.0,1,No duplicates
MCH6013,Date Ltd,5699,Apparel,Individual,Mumbai,Maharashtra,2025-11-12 09:48:09,9831248184,INACTIVE,138.89,SINGLETON,1.0,1,No duplicates
MCH6016,Goda Inc,,Books & Stationery,Sole Proprietor,Calcutta,West Bengal,2025-07-21 22:39:16,FWRQ5490581831729,ACTIVE,1254.1,CONFLICTING_MERCHANT_RECORD,0.55,2,"Conflicting Names: ['Batta-Roy', 'Goda Inc']; Conflicting Categories: ['Book Store', 'Books']; Conflicting Cities: ['Jalandhar', 'Calcutta']"
MCH6017,Hayer Group,5812,Restaurant,Private_Limited,Mumbai,Maharashtra,2024-11-24 00:00:00,,ACTIVE,944.21,CONFLICTING_MERCHANT_RECORD,0.55,2,"Conflicting Names: ['Loyal, Sidhu And Balay', 'Hayer Group']; Conflicting Categories: ['Telecom', 'Restaurants']; Conflicting Cities: ['Amritsar', 'Mumbai']"
MCH6019,Chatterjee Ltd,,Restaurant,Private-Limited,Dilli,Delhi,2026-01-25 00:00:00,UFWO7733965180914,ACTIVE,100.27,SINGLETON,1.0,1,No duplicates
MCH6020,Goda Ltd,5942,Books & Stationery,Sole_Proprietor,Lucknow,Uttar Pradesh,2025-01-09 00:00:00,XXXX5529,ACTIVE,2555.72,SINGLETON,1.0,1,No duplicates
MCH6023,Datta Plc,5411,Grocery,Partnership,Ldh,Punjab,2026-01-27 00:00:00,6184043041,ACTIVE,2183.74,SINGLETON,1.0,1,No duplicates
MCH6024,"Saran, Sinha And Barman",5812,Restaurant,Sole-Proprietor,Jalandhar,Punjab,2026-01-18 00:39:00,XXXX8830,ACTIVE,1185.95,CONFLICTING_MERCHANT_RECORD,0.55,3,"Conflicting Names: ['Thakkar-Kunda', 'Saran, Sinha And Barman', 'Doshi, Peri And Keer']; Conflicting Categories: ['Groceries', 'Restaurants', 'Transportation']; Conflicting Cities: ['Chennai', 'Jalandhar', 'Pune']"
MCH6025,Rege-Bali,4131,Transportation,Individual,Bengaluru,Karnataka,2025-04-21 00:00:00,XXXX0320,INACTIVE,2516.42,CONFLICTING_MERCHANT_RECORD,0.55,4,"Conflicting Names: ['Rege-Bali', 'Wable And Sons', 'Korpal-Mutti']; Conflicting Categories: ['Transportation', 'Mobile Recharge', 'Restaurants']; Conflicting Cities: ['Bengaluru', 'Pune', 'Delhi']"
MCH6026,Narayanan-Bhatt,5942,Books & Stationery,Partnership,Hyderabad,Telangana,2025-09-14 00:00:00,1281831300,ACTIVE,746.02,SINGLETON,1.0,1,No duplicates
MCH6028,"Devan, Saha And Nagar",7011,Hotel & Lodging,Partnership,Jalandhar,Punjab,2023-05-02 08:52:59,XXXX4040,ACTIVE,2112.02,SINGLETON,1.0,1,No duplicates
MCH6030,"Dhillon, Sunder And Sodhi",5999,Miscellaneous Retail,Partnership,Jpr,Rajasthan,2025-02-19 00:00:00,FIPF1132011620068,ACTIVE,884.98,SINGLETON,1.0,1,No duplicates
MCH6031,Chauhan Group,5699,Apparel,Individual,Hyderabad,Telangana,2024-12-13 22:44:00,XXXX4944,ACTIVE,654.0,SINGLETON,1.0,1,No duplicates
MCH6033,"Sama, Basak And Majumdar",5999,Miscellaneous Retail,Private-Limited,Hyderabad,Telangana,2025-03-05 00:00:00,0665928024,ACTIVE,365.0,FORMATTING_DUPLICATE,0.85,2,2 records with formatting variations consolidated
MCH6034,Sane Inc,5912,Pharmacy,Private_Limited,Jaipur,Rajasthan,2025-10-18 00:00:00,5791425986,ACTIVE,1353.34,SINGLETON,1.0,1,No duplicates
MCH6035,Radhakrishnan-Chad,5812,Restaurant,Partnership,New Delhi,Delhi,2026-01-25 00:00:00,,ACTIVE,706.81,CONFLICTING_MERCHANT_RECORD,0.55,2,"Conflicting Names: ['Radhakrishnan-Chad', 'Brar-Kohli']; Conflicting Categories: ['Eating Place', 'Restaurant']; Conflicting Cities: ['New Delhi', 'Ludhiana']"
MCH6036,Chhabra Group,5699,Apparel,Sole_Proprietor,Asr,Punjab,2024-01-10 00:00:00,XXXX4226,ACTIVE,,SINGLETON,1.0,1,No duplicates
MCH6039,Padmanabhan-Bora,4814,Telecom,Sole-Proprietor,Lucknow,Uttar Pradesh,,,ACTIVE,6727.69,SINGLETON,1.0,1,No duplicates
MCH6043,Natt Inc,5311,Department Store,Sole-Proprietor,Mumbai,Maharashtra,2024-01-24 00:00:00,,ACTIVE,766.54,CONFLICTING_MERCHANT_RECORD,0.55,2,"Conflicting Names: ['Natt Inc', 'Saran-Rai']; Conflicting Categories: ['Retail', 'Groceries']; Conflicting Cities: ['Mumbai', 'Jaipur']"
MCH6044,Narain-Srivastava,7011,Hotel & Lodging,Sole_Proprietor,Hyderabad,Telangana,2026-02-11 00:00:00,,ACTIVE,141.65,SINGLETON,1.0,1,No duplicates
MCH6045,"Bajwa, Wali And Walla",5912,Pharmacy,Private_Limited,Bengaluru,Karnataka,2023-09-28 00:00:00,2003662760,ACTIVE,2897.0,SINGLETON,1.0,1,No duplicates
MCH6046,"Palla, Yadav And Bhatnagar",5999,Miscellaneous Retail,Individual,Bengaluru,Karnataka,2024-03-27 20:41:48,,ACTIVE,2396.76,SINGLETON,1.0,1,No duplicates
MCH6050,"Choudhary, Shanker And Rajan",5812,Restaurant,Individual,Ldh,Punjab,2024-03-26 21:03:47,1328212555,ACTIVE,2324.79,SINGLETON,1.0,1,No duplicates
MCH6051,"Prashad, Date And Sodhi",5311,Department Store,Private Limited,Jalandhar,Punjab,2026-01-18 00:00:00,,ACTIVE,212.27,SINGLETON,1.0,1,No duplicates
MCH6052,Nayak-Wadhwa,5912,Pharmacy,Private-Limited,Jaipur,Rajasthan,2023-07-12 00:00:00,XXXX8602,ACTIVE,600.38,SINGLETON,1.0,1,No duplicates
MCH6053,Barad-Sen,5999,Miscellaneous Retail,Individual,Calcutta,West Bengal,2025-10-20 00:00:00,4325467547,ACTIVE,2730.09,CONFLICTING_MERCHANT_RECORD,0.55,2,"Conflicting Names: ['Barad-Sen', 'Sehgal-Pathak']; Conflicting Categories: ['Retail Other', 'Cloths']; Conflicting Cities: ['Calcutta', 'Mumbai']"
MCH6056,Iyengar-Hegde,4131,Transportation,Partnership,Amritsar,Punjab,2025-03-23 00:00:00,,ACTIVE,1004.69,SINGLETON,1.0,1,No duplicates
MCH6058,Loke Llc,5942,Books & Stationery,Sole_Proprietor,Amritsar,Punjab,,TMOY5327017538734,ACTIVE,317.07,SINGLETON,1.0,1,No duplicates
MCH6059,Bhargava Plc,7011,Hotel & Lodging,Private Limited,Jaipur,Rajasthan,2025-07-16 00:00:00,XXXX7802,SUSPENDED,333.57,SINGLETON,1.0,1,No duplicates
MCH6060,Chacko-Sundaram,4131,Transportation,Individual,Jpr,Rajasthan,2023-03-25 00:00:00,XXXX2924,INACTIVE,2026.75,SINGLETON,1.0,1,No duplicates
MCH6061,Basu And Sons,7011,Hotel & Lodging,Private Limited,Amritsar,Punjab,2023-01-29 00:00:00,XXXX6131,ACTIVE,2357.91,CONFLICTING_MERCHANT_RECORD,0.55,6,"Conflicting Names: ['Nazareth Plc', 'Nadkarni, Tella And Padmanabhan', 'Basu And Sons', 'Anand-Savant', 'Kaur Llc']; Conflicting Categories: ['Transport', 'Bus/Taxi', 'Hospitality', 'Grocery_Store', 'Medical']; Conflicting Cities: ['Poona', 'Chennai', 'Amritsar']"
MCH6062,Kata Plc,5699,Apparel,Sole_Proprietor,Mumbai,Maharashtra,2025-09-10 00:00:00,3065314778,ACTIVE,9045.0,CONFLICTING_MERCHANT_RECORD,0.55,2,"Conflicting Names: ['Kata Plc', 'Suresh, Kibe And Sa1Vi']; Conflicting Categories: ['Clothing', 'Department Store']; Conflicting Cities: ['Mumbai', 'Amritsar']"
MCH6064,"Wable, Virk And Gaba",5812,Restaurant,Private Limited,Asr,Punjab,2025-06-09 01:56:12,0328512355,ACTIVE,5256.61,CONFLICTING_MERCHANT_RECORD,0.55,2,"Conflicting Names: ['Viswanathan-Tak', 'Wable, Virk And Gaba']; Conflicting Categories: ['Books_Stationery', 'Food_Services']; Conflicting Cities: ['Madras', 'Asr']"
MCH6067,Chaw1A-Gangu1Y,,Hotel & Lodging,Sole_Proprietor,Mumbai,Maharashtra,2025-12-03 00:00:00,FNQE1460028710860,INACTIVE,700.95,SINGLETON,1.0,1,No duplicates
MCH6069,Krish-Joshi,,Apparel,Private Limited,Asr,Punjab,2024-07-30 00:00:00,XXXX1701,ACTIVE,252.19,SINGLETON,1.0,1,No duplicates
MCH6071,Nagy Inc,5311,Department Store,Private_Limited,Delhi,Delhi,,XXXX2349,ACTIVE,2743.11,SINGLETON,1.0,1,No duplicates
MCH6072,"Bassi, Sarma And Yohannan",,Miscellaneous Retail,Sole_Proprietor,Madras,Tamil Nadu,2024-01-14 00:00:00,OFUG5890068758335,ACTIVE,1959.53,SINGLETON,1.0,1,No duplicates
MCH6075,"Lad, Menon And Tiwari",4814,Telecom,Private-Limited,Blr,Karnataka,2023-08-06 00:00:00,3853486592,ACTIVE,709.64,SINGLETON,1.0,1,No duplicates
MCH6078,Oza-Srinivasan,4814,Telecom,Individual,Bombay,Maharashtra,2023-10-15 19:51:00,,ACTIVE,4379.06,SINGLETON,1.0,1,No duplicates
MCH6079,Gulati Inc,4131,Transportation,Sole-Proprietor,Pune,Maharashtra,2023-01-29 08:05:00,XXXX5091,ACTIVE,2029.26,CONFLICTING_MERCHANT_RECORD,0.55,3,"Conflicting Names: ['Chaudhuri, Mody And Goswami', 'Gulati Inc', 'Seshadri, Muni And Banik']; Conflicting Categories: ['Medical_Store', 'Transport', 'Hotel_Lodging']; Conflicting Cities: ['Ldh', 'Pune', 'Kolkata']"
MCH6080,"Kanda, Krishnan And Chaudry",5411,Grocery,Private Limited,Chennai,Tamil Nadu,2023-02-27 00:47:00,,INACTIVE,1675.16,SINGLETON,1.0,1,No duplicates
MCH6083,"Shah, Deep And Swaminathan",5411,Grocery,Partnership,Amritsar,Punjab,2025-06-28 00:00:00,,ACTIVE,1417.0,SINGLETON,1.0,1,No duplicates
MCH6084,Gera-Patla,,Transportation,Sole_Proprietor,Lucknow,Uttar Pradesh,2026-01-26 15:06:00,0059005491,ACTIVE,3360.46,CONFLICTING_MERCHANT_RECORD,0.55,3,"Conflicting Names: ['Gera-Patla', 'Jaggi, Ganguly And Mall']; Conflicting Categories: ['Bus/Taxi', 'Cloths']; Conflicting Cities: ['Lucknow', 'Ludhiana']"
MCH6090,Nigam-Balakrishnan,5942,Books & Stationery,Partnership,Jalandhar,Punjab,2024-07-14 00:00:00,KPZR0795458662994,ACTIVE,3151.0,CONFLICTING_MERCHANT_RECORD,0.55,2,"Conflicting Names: ['Nigam-Balakrishnan', 'Bahl-Ramanathan']; Conflicting Categories: ['Stationery', 'Hotel']; Conflicting Cities: ['Jalandhar', 'Jalandar']"
MCH6091,Ratti-Kalita,5942,Books & Stationery,Sole Proprietor,Ludhiana,Punjab,2023-09-06 00:00:00,XXXX4886,ACTIVE,458.92,CONFLICTING_MERCHANT_RECORD,0.55,2,"Conflicting Names: ['Ratti-Kalita', 'Dutt-Nair']; Conflicting Categories: ['Stationery', 'Cloths']; Conflicting Cities: ['Ludhiana', 'Kolkata']"
MCH6095,"Sahota, Misra And Kata",,Books & Stationery,Partnership,Hyd,Telangana,2024-11-29 00:00:00,,ACTIVE,665.0,SINGLETON,1.0,1,No duplicates
MCH6097,Mannan Plc,5812,Restaurant,Partnership,Lko,Uttar Pradesh,2025-02-13 00:39:51,XXXX8307,ACTIVE,258.41,SINGLETON,1.0,1,No duplicates
MCH6099,Yadav Llc,4814,Telecom,Partnership,Bengaluru,Karnataka,2025-06-16 00:00:00,7606007756,ACTIVE,4726.0,SINGLETON,1.0,1,No duplicates
MCH6100,"Pillay, Merchant And Sem",5942,Books & Stationery,Private_Limited,Jalandhar,Punjab,2023-09-05 09:50:00,0672030590,ACTIVE,1374.95,SINGLETON,1.0,1,No duplicates
MCH6101,Dora-Bajwa,5912,Pharmacy,Private Limited,Pune,Maharashtra,2025-07-28 00:00:00,2854493333,ACTIVE,3328.35,CONFLICTING_MERCHANT_RECORD,0.55,2,"Conflicting Names: ['Rout-Barman', 'Dora-Bajwa']; Conflicting Categories: ['Food_Services', 'Medical']; Conflicting Cities: ['Kolkata', 'Pune']"
MCH6102,"Hayre, Peri And Sura",7011,Hotel & Lodging,Private_Limited,Ludhiana,Punjab,2024-01-26 00:00:00,FLWX5559304020457,ACTIVE,4593.66,CONFLICTING_MERCHANT_RECORD,0.55,2,"Conflicting Names: ['Andra-Sachar', 'Hayre, Peri And Sura']; Conflicting Categories: ['Cloths', 'Hotel']; Conflicting Cities: ['Jaipur', 'Ludhiana']"
MCH6104,Keer-Gade,5311,Department Store,Individual,Calcutta,West Bengal,2023-01-01 20:32:00,DQNV8530720672123,INACTIVE,935.82,SINGLETON,1.0,1,No duplicates
MCH6105,Upadhyay Plc,7011,Hotel & Lodging,Sole Proprietor,Calcutta,West Bengal,2024-02-07 00:26:26,,ACTIVE,527.81,CONFLICTING_MERCHANT_RECORD,0.55,3,"Conflicting Names: ['Upadhyay Plc', 'Lala Group']; Conflicting Categories: ['Hotels', 'Hotel']; Conflicting Cities: ['Calcutta', 'Bengaluru']"
MCH6107,Pillay Llc,5999,Miscellaneous Retail,Sole_Proprietor,Jalandhar,Punjab,2024-06-27 00:00:00,COEO9019476576214,ACTIVE,1844.34,CONFLICTING_MERCHANT_RECORD,0.55,3,"Conflicting Names: ['Pillay Llc', 'Bassi And Sons', 'Bhattacharyya, Narayanan And Samra']; Conflicting Categories: ['Other', 'Medical_Store', 'Food']; Conflicting Cities: ['Jalandhar', 'Hyderabad', 'Pune']"
MCH6109,Sampath Ltd,4814,Telecom,Individual,Ldh,Punjab,2026-01-15 23:34:00,6737069990,ACTIVE,399.08,SINGLETON,1.0,1,No duplicates
MCH6112,Luthra-Grover,5942,Books & Stationery,Partnership,Jaipur,Rajasthan,2024-06-22 00:00:00,,ACTIVE,1366.0,SINGLETON,1.0,1,No duplicates
MCH6113,"Shen0Y, Kapadia And Pradhan",5942,Books & Stationery,Individual,Amritsar,Punjab,2025-05-21 01:21:00,OAOW4206990585455,ACTIVE,8727.62,CONFLICTING_MERCHANT_RECORD,0.55,2,"Conflicting Names: ['Tara-Kala', 'Shen0Y, Kapadia And Pradhan']; Conflicting Categories: ['Garments', 'Books_Stationery']"
MCH6114,"Khurana, Chowdhury And Chaudhary",,Telecom,Private_Limited,Chennai,Tamil Nadu,,XXXX2122,ACTIVE,1212.0,SINGLETON,1.0,1,No duplicates
MCH6115,Padmanabhan-Chahal,,Department Store,Private Limited,Bombay,Maharashtra,2024-03-01 00:00:00,XXXX5769,INACTIVE,266.65,SINGLETON,1.0,1,No duplicates
MCH6116,Keer-Shukla,4131,Transportation,Individual,Delhi,Delhi,2025-02-18 00:00:00,5115475557,ACTIVE,3651.0,SINGLETON,1.0,1,No duplicates
MCH6118,"Radhakrishnan, Lala And Devi",5311,Department Store,Sole_Proprietor,Dilli,Delhi,2024-01-06 00:00:00,6215610983,ACTIVE,11547.0,SINGLETON,1.0,1,No duplicates
MCH6119,Hayerltd,5912,Pharmacy,Individual,Asr,Punjab,2025-12-11 00:00:00,,ACTIVE,1262.04,CONFLICTING_MERCHANT_RECORD,0.55,2,"Conflicting Names: ['Hayerltd', 'Hans, Gokhale And Shanker']; Conflicting Categories: ['Pharmacies', 'Other']; Conflicting Cities: ['Asr', 'Bombay']"
MCH6121,Madan Plc,5311,Department Store,Private Limited,Bangalore,Karnataka,2023-09-07 00:00:00,2257947989,ACTIVE,1208.86,CONFLICTING_MERCHANT_RECORD,0.55,2,"Conflicting Names: ['More, Sandhu And Dugar', 'Madan Plc']; Conflicting Categories: ['Cloths', 'Retail']; Conflicting Cities: ['Jalandhar', 'Bangalore']"
MCH6122,Rai Ltd,4131,Transportation,Private-Limited,Jalandar,Punjab,2024-02-11 00:00:00,JNKS9651802205909,INACTIVE,2198.19,CONFLICTING_MERCHANT_RECORD,0.55,2,"Conflicting Names: ['Som-Seth', 'Rai Ltd']; Conflicting Categories: ['Transprt', 'Transport']; Conflicting Cities: ['Amritsar', 'Jalandar']"
MCH6131,"Dhar, Dada And Bakshi",,Apparel,Partnership,Bangalore,Karnataka,2024-03-10 19:58:24,4600930161,ACTIVE,1921.0,FORMATTING_DUPLICATE,0.85,2,2 records with formatting variations consolidated
MCH6137,"Sidhu, Ahuja And Kumar",5812,Restaurant,Partnership,Bengaluru,Karnataka,,0510702134,ACTIVE,1574.67,CONFLICTING_MERCHANT_RECORD,0.55,2,"Conflicting Names: ['Sidhu, Ahuja And Kumar', 'Saxena, Aggarwa1 And Sem']; Conflicting Categories: ['Food', 'Eating Place']; Conflicting Cities: ['Bengaluru', 'Hyderabad']"
MCH6143,"Murthy, Kala And Mangat",5812,Restaurant,Individual,Hyd,Telangana,2023-03-26 16:00:36,3144502115,ACTIVE,618.37,CONFLICTING_MERCHANT_RECORD,0.55,2,"Conflicting Names: ['Murthy, Kala And Mangat', 'Baral Plc']; Conflicting Categories: ['Eating Place', 'Kirana']; Conflicting Cities: ['Hyd', 'Calcutta']"
MCH6144,Ravi-Dhingra,5912,Pharmacy,Private-Limited,Hyderabad,Telangana,2023-04-28 00:00:00,,ACTIVE,2686.0,EXACT_DUPLICATE,1.0,2,2 identical rows consolidated
MCH6146,Handa Llc,5912,Pharmacy,Individual,Asr,Punjab,2023-01-01 00:00:00,BIZN7645519547179,ACTIVE,1061.38,SINGLETON,1.0,1,No duplicates
MCH6147,Singhal-Murthy,4131,Transportation,Partnership,Mumbay,Maharashtra,2023-01-06 00:00:00,,ACTIVE,1814.59,SINGLETON,1.0,1,No duplicates
MCH6148,Ganesan-Johal,4814,Telecom,Partnership,Mumbai,Maharashtra,2023-10-08 00:00:00,XXXX8688,ACTIVE,778.99,CONFLICTING_MERCHANT_RECORD,0.55,3,"Conflicting Names: ['Sem, Aggarwa1 And Uppa1', 'Keer And Sons', 'Ganesan-Johal']; Conflicting Categories: ['Dept_Store', 'Phone Service']; Conflicting Cities: ['Lko', 'Kolkata', 'Mumbai']"
MCH6150,Nagarajan-Peri,,Telecom,Sole_Proprietor,Dilli,Delhi,2024-04-19 00:00:00,XXXX0784,ACTIVE,414.2,CONFLICTING_MERCHANT_RECORD,0.55,2,"Conflicting Names: ['Chada, Vala And Merchant', 'Nagarajan-Peri']; Conflicting Categories: ['Mobile Recharge', 'Phone Service']; Conflicting Cities: ['Hyd', 'Dilli']"
MCH6152,Dasgupta-Das,5942,Books & Stationery,Private Limited,Jpr,Rajasthan,2024-10-26 00:00:00,XXXX8744,ACTIVE,344.11,CONFLICTING_MERCHANT_RECORD,0.55,3,"Conflicting Names: ['Dasgupta-Das', 'Mukhopadhyay Plc', 'Hayer, Jha And Tata']; Conflicting Categories: ['Books_Stationery', 'Stationery', 'Grocery_Store']; Conflicting Cities: ['Jpr', 'Lko']"
MCH6155,"Mukhopadhyay, Doshi And Gopal",5411,Grocery,Sole-Proprietor,Jalandhar,Punjab,2025-10-03 00:00:00,XXXX5418,ACTIVE,830.87,CONFLICTING_MERCHANT_RECORD,0.55,3,"Conflicting Names: ['Kari-Basu', 'Mukhopadhyay, Doshi And Gopal', 'Varghese, Mahal And Nadkarni']; Conflicting Categories: ['Cloths', 'Grocery Stores', 'Restaurants']; Conflicting Cities: ['Hyderabad', 'Jalandhar', 'Jaipur']"
MCH6158,"Dhingra, Ratti And Palla",4131,Transportation,Sole Proprietor,Amritsar,Punjab,2023-04-26 00:00:00,VDGT0468038681462,ACTIVE,1443.6,SINGLETON,1.0,1,No duplicates
MCH6161,Sura-Wadhwa,,Telecom,Individual,Bengaluru,Karnataka,2025-04-22 00:00:00,QWHT6526941757258,ACTIVE,490.18,CONFLICTING_MERCHANT_RECORD,0.55,2,"Conflicting Names: ['Sura-Wadhwa', 'More Plc']; Conflicting Categories: ['Telecom', 'Retail']; Conflicting Cities: ['Bengaluru', 'Jpr']"
MCH6162,"Naik, Kade And Singh",4131,Transportation,Partnership,Asr,Punjab,2025-03-21 00:00:00,XXXX4537,ACTIVE,2176.24,SINGLETON,1.0,1,No duplicates
MCH6163,Mani Ltd,5942,Books & Stationery,Partnership,Hyderabad,Telangana,2025-10-30 00:00:00,RJUA0543412555773,ACTIVE,2298.3,CONFLICTING_MERCHANT_RECORD,0.55,2,"Conflicting Names: ['Mani Ltd', 'Raju And Sons']; Conflicting Categories: ['Book Store', 'Bus/Taxi']; Conflicting Cities: ['Hyderabad', 'Ludhiana']"
MCH6164,"Bir, Patil And Chahal",,Pharmacy,Sole-Proprietor,Mumbay,Maharashtra,2023-03-01 18:39:00,4503250362,ACTIVE,1451.0,SINGLETON,1.0,1,No duplicates
MCH6165,Sibal-Bora,7011,Hotel & Lodging,Sole_Proprietor,Jpr,Rajasthan,2024-06-17 04:49:02,XXXX5672,ACTIVE,820.87,CONFLICTING_MERCHANT_RECORD,0.55,4,"Conflicting Names: ['Luthra, Bala And Khurana', 'Chandran, Dey And Dalal', 'Sibal-Bora']; Conflicting Categories: ['Hospitality', 'Apparel', 'Hotel_Lodging']; Conflicting Cities: ['Lucknow', 'Delhi', 'Jpr']"
MCH6167,"Chawla, Andra And Varty",4814,Telecom,Partnership,Hyderabad,Telangana,2023-05-08 00:00:00,6258351219,ACTIVE,2407.62,SINGLETON,1.0,1,No duplicates
MCH6168,"Raj, Sharma And Panchal",4131,Transportation,Private_Limited,Ldh,Punjab,2025-08-19 00:00:00,,ACTIVE,1123.84,SINGLETON,1.0,1,No duplicates
MCH6170,Gh0Se-Mann,5999,Miscellaneous Retail,Private_Limited,Lko,Uttar Pradesh,2023-09-05 00:00:00,5980501724,ACTIVE,1120.12,SINGLETON,1.0,1,No duplicates
MCH6171,Naik And Sons,5812,Restaurant,Individual,Amritsar,Punjab,2023-08-09 00:00:00,,INACTIVE,4084.17,SINGLETON,1.0,1,No duplicates
MCH6172,Raja Inc,5812,Restaurant,Sole Proprietor,Hyderabad,Telangana,2024-11-09 00:00:00,,ACTIVE,1050.0,SINGLETON,1.0,1,No duplicates
MCH6176,"Tandon, Badal And Natarajan",4131,Transportation,Private_Limited,Hyderabad,Telangana,2025-12-10 00:00:00,XXXX9488,ACTIVE,2925.84,SINGLETON,1.0,1,No duplicates
MCH6180,Thakur And Sons,5699,Apparel,Private Limited,Lko,Uttar Pradesh,2025-05-24 02:59:23,MWYN7782824521830,ACTIVE,699.96,SINGLETON,1.0,1,No duplicates
MCH6183,"Goel, Swaminathan And Padmanabhan",5411,Grocery,Private_Limited,Asr,Punjab,2025-06-03 00:00:00,4104440790,ACTIVE,817.0,CONFLICTING_MERCHANT_RECORD,0.55,3,"Conflicting Names: ['Goel, Swaminathan And Padmanabhan', 'Dutt Plc', 'Nayar And Sons']; Conflicting Categories: ['Grocery', 'Hotel', 'Bus/Taxi']; Conflicting Cities: ['Asr', 'Kolkata', 'Jalandhar']"
MCH6184,Peri-R0Ut,4131,Transportation,Sole-Proprietor,Mumbai,Maharashtra,,XXXX1239,ACTIVE,1637.73,SINGLETON,1.0,1,No duplicates
MCH6187,"Shanker, Sastry And Rattan",4131,Transportation,Individual,Dilli,Delhi,2025-11-17 00:00:00,,ACTIVE,327.19,SINGLETON,1.0,1,No duplicates
MCH6188,"Batta, Choudhary And Bhalla",4131,Transportation,Private-Limited,Kolkata,West Bengal,2026-01-09 00:00:00,3109651401,ACTIVE,163.0,CONFLICTING_MERCHANT_RECORD,0.55,2,"Conflicting Names: ['Batta, Choudhary And Bhalla', 'Balay Llc']; Conflicting Categories: ['Transprt', 'Hotel_Lodging']; Conflicting Cities: ['Kolkata', 'Pune']"
MCH6190,Pal Ltd,5699,Apparel,Private_Limited,Ludhiana,Punjab,2023-03-01 00:00:00,,ACTIVE,376.59,SINGLETON,1.0,1,No duplicates
MCH6197,"Koshy, Shah And Ratta",4131,Transportation,Partnership,Bengaluru,Karnataka,2024-03-20 00:00:00,AGMV2642641861544,ACTIVE,1491.79,CONFLICTING_MERCHANT_RECORD,0.55,2,"Conflicting Names: ['Virk-Verma', 'Koshy, Shah And Ratta']; Conflicting Categories: ['Bus/Taxi', 'Transprt']; Conflicting Cities: ['Hyderabad', 'Bengaluru']"
MCH6198,Rana-Sabharwal,5311,Department Store,Individual,Bombay,Maharashtra,,,ACTIVE,410.5,SINGLETON,1.0,1,No duplicates
MCH6200,"Kapadia, Bail And Badal",4131,Transportation,Private_Limited,Chennai,Tamil Nadu,2023-12-09 00:00:00,,ACTIVE,1183.13,CONFLICTING_MERCHANT_RECORD,0.55,3,"Conflicting Names: ['Sen, Walla And Bath', 'Kapadia, Bail And Badal']; Conflicting Categories: ['Retail Other', 'Travel']; Conflicting Cities: ['Delhi', 'Chennai']"
MCH6205,Munshi Inc,4814,Telecom,Sole_Proprietor,Ldh,Punjab,2026-01-01 00:00:00,JWPM8696907638772,ACTIVE,230.73,CONFLICTING_MERCHANT_RECORD,0.55,2,"Conflicting Names: ['Munshi Inc', 'Manne, Zachariah And Arora']; Conflicting Categories: ['Telecom', 'Department Stores']; Conflicting Cities: ['Ldh', 'Bombay']"
MCH6206,"Sanghvi, Dugar And Rajagopal",4814,Telecom,Individual,Chennai,Tamil Nadu,2025-03-31 00:00:00,5473942096,ACTIVE,683.76,CONFLICTING_MERCHANT_RECORD,0.55,4,"Conflicting Names: ['Johal, Verma And Sane', 'Sanghvi, Dugar And Rajagopal', 'Chander, Bawa And Setty']; Conflicting Categories: ['Eating Place', 'Phone Service', 'Hospitality']; Conflicting Cities: ['Jalandhar', 'Chennai', 'Lucknow']"
MCH6207,"Ganesan, Bajwa And Reddy",5912,Pharmacy,Partnership,Jpr,Rajasthan,2023-03-21 00:00:00,1318873894,ACTIVE,391.96,SINGLETON,1.0,1,No duplicates
MCH6208,Tak-Parmar,4814,Telecom,Private-Limited,Lko,Uttar Pradesh,2024-03-16 00:00:00,XXXX8227,SUSPENDED,,SINGLETON,1.0,1,No duplicates
MCH6210,Sem Group,5812,Restaurant,Private_Limited,Amritsar,Punjab,2024-01-03 02:42:08,,ACTIVE,2370.64,SINGLETON,1.0,1,No duplicates
MCH6213,Sangha Llc,,Department Store,Private_Limited,Delhi,Delhi,2025-12-03 12:46:00,,ACTIVE,722.0,SINGLETON,1.0,1,No duplicates
MCH6216,Agarwal Group,5812,Restaurant,Private-Limited,Amritsar,Punjab,2024-03-28 00:00:00,XXXX1409,ACTIVE,1210.0,CONFLICTING_MERCHANT_RECORD,0.55,2,"Conflicting Names: ['Agarwal Group', 'Bhatti, Dass And Deshpande']; Conflicting Categories: ['Food_Services', 'Grocery']; Conflicting Cities: ['Amritsar', 'Ludhiana']"
MCH6218,Chad-Bhakta,5411,Grocery,Sole-Proprietor,Madras,Tamil Nadu,2023-12-23 00:00:00,TDSR2442651102267,ACTIVE,218.0,SINGLETON,1.0,1,No duplicates
MCH6219,"Morar, Walla And Behl",5912,Pharmacy,Partnership,Delhi,Delhi,2024-06-24 00:00:00,,ACTIVE,4347.57,SINGLETON,1.0,1,No duplicates
MCH6221,Dey-Maharaj,5912,Pharmacy,Private-Limited,Ludhiana,Punjab,2026-01-22 00:00:00,8909550882,INACTIVE,402.9,CONFLICTING_MERCHANT_RECORD,0.55,2,"Conflicting Names: ['Dey-Maharaj', 'Shukla And Sons']; Conflicting Categories: ['Chemist', 'Transportation']; Conflicting Cities: ['Ludhiana', 'Chennai']"
MCH6223,Ramanathan-Dhingra,4131,Transportation,Individual,Lucknow,Uttar Pradesh,2023-10-03 00:00:00,4296850394,ACTIVE,306.0,SINGLETON,1.0,1,No duplicates
MCH6224,La1-Anand,5912,Pharmacy,Private_Limited,New Delhi,Delhi,2025-07-28 00:00:00,3453251138,ACTIVE,3823.0,CONFLICTING_MERCHANT_RECORD,0.55,2,"Conflicting Names: ['La1-Anand', 'Khatri, Swaminathan And Loke']; Conflicting Categories: ['Chemist', 'Transport']; Conflicting Cities: ['New Delhi', 'Asr']"
MCH6225,"Loyal, Mander And Agrawal",5411,Grocery,Sole-Proprietor,Kolkata,West Bengal,2023-12-17 00:00:00,,ACTIVE,859.91,SINGLETON,1.0,1,No duplicates
MCH6228,"Kar, Agarwal And Karpe",5812,Restaurant,Private_Limited,Bengaluru,Karnataka,2024-08-05 00:00:00,,ACTIVE,1145.75,FORMATTING_DUPLICATE,0.85,2,2 records with formatting variations consolidated
MCH6231,"Chand, Johal And Chawla",5812,Restaurant,Private-Limited,Jalandhar,Punjab,2023-06-26 00:00:00,1062018479,ACTIVE,919.0,SINGLETON,1.0,1,No duplicates
MCH6233,"Arora, Agarwal And Padmanabhan",5942,Books & Stationery,Sole-Proprietor,Amritsar,Punjab,2024-05-03 00:00:00,,ACTIVE,1090.35,CONFLICTING_MERCHANT_RECORD,0.55,2,"Conflicting Names: ['Arora, Agarwal And Padmanabhan', 'Vohra Ltd']; Conflicting Cities: ['Amritsar', 'Delhi']"
MCH6239,"Majumdar, Lanka And Sehgal",5942,Books & Stationery,Partnership,Amritsar,Punjab,2024-01-21 00:00:00,,ACTIVE,1181.24,CONFLICTING_MERCHANT_RECORD,0.55,2,"Conflicting Names: ['Majumdar, Lanka And Sehgal', 'Varkey-More']; Conflicting Categories: ['Books_Stationery', 'Clothing']; Conflicting Cities: ['Amritsar', 'Lko']"
MCH6240,"Dutta, Aggarwal And Devan",5812,Restaurant,Sole Proprietor,Asr,Punjab,2025-09-04 19:02:29,,ACTIVE,905.07,CONFLICTING_MERCHANT_RECORD,0.55,2,"Conflicting Names: ['Dutta, Aggarwal And Devan', 'Mutti Plc']; Conflicting Categories: ['Eating Place', 'Misc Retail']; Conflicting Cities: ['Asr', 'Delhi']"
MCH6242,Som Inc,5311,Department Store,Sole_Proprietor,Jaipur,Rajasthan,2023-06-27 04:59:14,ELTM3518126936690,ACTIVE,1984.97,SINGLETON,1.0,1,No duplicates
MCH6244,Maharaj Ltd,7011,Hotel & Lodging,Individual,Jpr,Rajasthan,2023-07-29 00:00:00,,SUSPENDED,1112.58,CONFLICTING_MERCHANT_RECORD,0.55,2,"Conflicting Names: ['Maharaj Ltd', 'Memon And Sons']; Conflicting Categories: ['Hospitality', 'Retail']; Conflicting Cities: ['Jpr', 'Mumbai']"
MCH6246,Kota Inc,5699,Apparel,Private_Limited,Mumbai,Maharashtra,2023-09-17 00:00:00,NSCU9760012397000,ACTIVE,1586.1,CONFLICTING_MERCHANT_RECORD,0.55,2,"Conflicting Names: ['Zachariah Group', 'Kota Inc']; Conflicting Categories: ['Cloths', 'Apparel']; Conflicting Cities: ['Madras', 'Mumbai']"
MCH6247,Dhar-Ram,4814,Telecom,Individual,Jpr,Rajasthan,2026-01-14 00:00:00,,ACTIVE,468.52,SINGLETON,1.0,1,No duplicates
MCH6251,"Sodhi, Handa And Venkatesh",5411,Grocery,Sole Proprietor,Lko,Uttar Pradesh,2025-09-18 00:00:00,2729847488,SUSPENDED,291.55,SINGLETON,1.0,1,No duplicates
MCH6254,Murthy Group,4814,Telecom,Partnership,Amritsar,Punjab,2025-07-05 23:34:00,7655418410,INACTIVE,,SINGLETON,1.0,1,No duplicates
MCH6255,"Gupta, Kibe And Aurora",7011,Hotel & Lodging,Partnership,Lucknow,Uttar Pradesh,2023-10-31 04:07:14,5876602681,ACTIVE,3182.0,SINGLETON,1.0,1,No duplicates
MCH6256,Rana-Walia,5812,Restaurant,Sole-Proprietor,Ldh,Punjab,2025-02-27 00:00:00,XXXX5533,INACTIVE,330.34,CONFLICTING_MERCHANT_RECORD,0.55,2,"Conflicting Names: ['Manda Inc', 'Rana-Walia']; Conflicting Categories: ['Pharmacy', 'Restaurants']; Conflicting Cities: ['Ludhiana', 'Ldh']"
MCH6257,"Parsa, Rana And Raja",5812,Restaurant,Partnership,Blr,Karnataka,2023-03-28 20:34:00,0948269604,ACTIVE,2744.98,CONFLICTING_MERCHANT_RECORD,0.55,2,"Conflicting Names: ['Parsa, Rana And Raja', 'Ba1I, Ahuja And Natarajan']; Conflicting Categories: ['Food_Services', 'Transprt']; Conflicting Cities: ['Blr', 'Delhi']"
MCH6258,"Mitra, Nori And Venkataraman",,Miscellaneous Retail,Private_Limited,Hyd,Telangana,2025-02-10 18:46:00,,ACTIVE,353.34,SINGLETON,1.0,1,No duplicates
MCH6260,Mittal Plc,5912,Pharmacy,Private-Limited,Lucknow,Uttar Pradesh,2025-01-27 15:46:00,XXXX9807,ACTIVE,,SINGLETON,1.0,1,No duplicates
MCH6262,Saran Ltd,5311,Department Store,Partnership,Mumbay,Maharashtra,2025-08-04 12:06:38,XXXX7596,INACTIVE,6560.0,SINGLETON,1.0,1,No duplicates
MCH6263,"Bahri, Bajaj And Mander",5942,Books & Stationery,Individual,Madras,Tamil Nadu,2025-09-10 00:00:00,,INACTIVE,667.85,SINGLETON,1.0,1,No duplicates
MCH6267,Mandal-Badal,4814,Telecom,Partnership,Mumbai,Maharashtra,2024-12-10 00:00:00,,ACTIVE,,SINGLETON,1.0,1,No duplicates
MCH6268,"Yogi, Sachar And Mammen",5411,Grocery,Sole Proprietor,Jalandhar,Punjab,2025-11-05 00:00:00,XXXX1380,ACTIVE,1773.0,CONFLICTING_MERCHANT_RECORD,0.55,2,"Conflicting Names: ['Yogi, Sachar And Mammen', 'Pillay, Borah And Roy']; Conflicting Categories: ['Grocery Stores', 'Restaurant']; Conflicting Cities: ['Jalandhar', 'Asr']"
MCH6273,"Dubey, Narula And Jhaveri",5311,Department Store,Private_Limited,Pune,Maharashtra,2025-05-06 00:00:00,,ACTIVE,754.63,SINGLETON,1.0,1,No duplicates
MCH6274,Mall Inc,7011,Hotel & Lodging,Partnership,Amritsar,Punjab,2025-06-21 00:00:00,XXXX1310,ACTIVE,1700.39,SINGLETON,1.0,1,No duplicates
MCH6275,Tank Plc,4814,Telecom,Sole Proprietor,Chennai,Tamil Nadu,2024-08-26 00:00:00,XXXX8300,ACTIVE,781.0,SINGLETON,1.0,1,No duplicates
MCH6277,"Mangat, Kaur And Guha",7011,Hotel & Lodging,Partnership,New Delhi,Delhi,2024-04-07 03:31:48,,ACTIVE,1786.0,CONFLICTING_MERCHANT_RECORD,0.55,2,"Conflicting Names: ['Mangat, Kaur And Guha', 'Parmer, Bera And Nori']; Conflicting Categories: ['Hospitality', 'Transprt']; Conflicting Cities: ['New Delhi', 'Mumbai']"
MCH6278,"Keer, Sha And Sama",5912,Pharmacy,Partnership,Kolkata,West Bengal,2025-08-23 00:00:00,2867105387,ACTIVE,8713.68,SINGLETON,1.0,1,No duplicates
MCH6280,Khanna-Kanda,5699,Apparel,Sole-Proprietor,Pune,Maharashtra,,1584508627,ACTIVE,243.27,SINGLETON,1.0,1,No duplicates
MCH6282,"Chacko, Chakrabarti And Suresh",5411,Grocery,Private_Limited,Jaipur,Rajasthan,2024-06-16 00:00:00,XXXX6827,ACTIVE,1078.0,CONFLICTING_MERCHANT_RECORD,0.55,2,"Conflicting Names: ['Madan-Din', 'Chacko, Chakrabarti And Suresh']; Conflicting Categories: ['Hotels', 'Grocery_Store']; Conflicting Cities: ['Asr', 'Jaipur']"
MCH6284,Ta1War Ltd,7011,Hotel & Lodging,Partnership,Amritsar,Punjab,2025-11-27 00:00:00,6681997576,ACTIVE,678.88,CONFLICTING_MERCHANT_RECORD,0.55,2,"Conflicting Names: ['Grewal-Kulkarni', 'Ta1War Ltd']; Conflicting Categories: ['Hospitality', 'Hotels']; Conflicting Cities: ['Chennai', 'Amritsar']"
MCH6285,Kumer-Mane,7011,Hotel & Lodging,Private-Limited,Bengaluru,Karnataka,2024-10-01 00:00:00,,ACTIVE,567.98,SINGLETON,1.0,1,No duplicates
MCH6290,Chaudhry-Agarwal,5999,Miscellaneous Retail,Partnership,Ludhiana,Punjab,2023-09-01 00:00:00,,INACTIVE,5757.0,SINGLETON,1.0,1,No duplicates
MCH6291,"Bal, Divan And Natt",7011,Hotel & Lodging,Private_Limited,Amritsar,Punjab,2023-01-18 00:00:00,9816350407,ACTIVE,908.0,CONFLICTING_MERCHANT_RECORD,0.55,2,"Conflicting Names: ['Bal, Divan And Natt', 'Sheth-Anne']; Conflicting Categories: ['Hospitality', 'Retail']; Conflicting Cities: ['Amritsar', 'Delhi']"
MCH6293,Bora-Nigam,5311,Department Store,Partnership,Jalandar,Punjab,,,ACTIVE,4957.97,SINGLETON,1.0,1,No duplicates
MCH6296,"Goyal, Vora And Loke",5411,Grocery,Private_Limited,Lucknow,Uttar Pradesh,,,ACTIVE,538.0,SINGLETON,1.0,1,No duplicates
MCH6299,Pathak-Mukherjee,5999,Miscellaneous Retail,Individual,Dilli,Delhi,2025-02-02 00:00:00,,ACTIVE,256.83,FORMATTING_DUPLICATE,0.85,2,2 records with formatting variations consolidated
MCH6300,Kumar Plc,5699,Apparel,Partnership,Jaipur,Rajasthan,2025-04-17 00:00:00,,ACTIVE,1647.52,SINGLETON,1.0,1,No duplicates
MCH6301,"Apte, Vohra And Gade",4814,Telecom,Partnership,Jalandar,Punjab,2023-03-30 00:00:00,,ACTIVE,2355.49,SINGLETON,1.0,1,No duplicates
MCH6302,Gour-Rattan,4131,Transportation,Individual,Hyderabad,Telangana,2024-09-29 00:00:00,HNZM4152862016158,ACTIVE,966.01,SINGLETON,1.0,1,No duplicates
MCH6305,"Chakraborty,Hansandsahota",4131,Transportation,Individual,Mumbai,Maharashtra,2025-10-20 00:00:00,,ACTIVE,1075.82,SINGLETON,1.0,1,No duplicates
MCH6306,"Ramesh, Viswanathan And Kalita",4131,Transportation,Private-Limited,Chennai,Tamil Nadu,2026-01-05 00:00:00,XXXX8991,ACTIVE,302.6,SINGLETON,1.0,1,No duplicates
MCH6308,Seshadri Llc,5699,Apparel,Private_Limited,New Delhi,Delhi,2025-10-03 00:00:00,,ACTIVE,422.55,CONFLICTING_MERCHANT_RECORD,0.55,2,"Conflicting Names: ['Seshadri Llc', 'Panchal Plc']; Conflicting Categories: ['Fashion', 'Other']; Conflicting Cities: ['New Delhi', 'Jpr']"
MCH6313,Ramanathan Plc,,Grocery,Sole Proprietor,Mumbai,Maharashtra,,THOM0066375833437,ACTIVE,3430.73,SINGLETON,1.0,1,No duplicates
MCH6314,Tella-Sachdeva,4131,Transportation,Sole_Proprietor,Lucknow,Uttar Pradesh,2023-01-22 00:00:00,,ACTIVE,2661.98,CONFLICTING_MERCHANT_RECORD,0.55,2,"Conflicting Names: ['Tella-Sachdeva', 'Kuruvilla, Lalla And Mallick']; Conflicting Categories: ['Transportation', 'Cloths']"
MCH6315,"Pal, Zacharia And Narayan",7011,Hotel & Lodging,Sole Proprietor,Mumbai,Maharashtra,2023-04-01 00:00:00,5478307805,ACTIVE,529.2,CONFLICTING_MERCHANT_RECORD,0.55,2,"Conflicting Names: ['Prabhakar-Soman', 'Pal, Zacharia And Narayan']; Conflicting Categories: ['Books', 'Hotel_Lodging']"
MCH6321,Chander Ltd,5999,Miscellaneous Retail,Private_Limited,Jaipur,Rajasthan,,,ACTIVE,380.1,SINGLETON,1.0,1,No duplicates
MCH6325,Mannan-Rattan,5311,Department Store,Private_Limited,Calcutta,West Bengal,2023-12-29 06:16:05,XXXX9688,ACTIVE,1405.47,CONFLICTING_MERCHANT_RECORD,0.55,2,"Conflicting Names: ['Sathe, Seth And Varghese', 'Mannan-Rattan']; Conflicting Categories: ['Department Stores', 'Department Store']; Conflicting Cities: ['Delhi', 'Calcutta']"
MCH6326,"Barad,Murtyandtella",5942,Books & Stationery,Private-Limited,Chennai,Tamil Nadu,2024-06-22 18:08:00,LQXK9607455160094,ACTIVE,671.62,FORMATTING_DUPLICATE,0.85,2,2 records with formatting variations consolidated
MCH6328,"Ray, Pandit And Bala",4814,Telecom,Private_Limited,Chennai,Tamil Nadu,2025-11-27 00:31:00,GCWI4729638964155,ACTIVE,644.89,SINGLETON,1.0,1,No duplicates
MCH6329,Srinivas-Banerjee,,Pharmacy,Individual,Kolkata,West Bengal,2024-05-12 00:00:00,XXXX2718,ACTIVE,199.46,SINGLETON,1.0,1,No duplicates
MCH6331,Wagle-Sinha,5912,Pharmacy,Sole_Proprietor,Bengaluru,Karnataka,2024-05-10 06:43:00,IOKV1240109633121,ACTIVE,2605.3,CONFLICTING_MERCHANT_RECORD,0.55,2,"Conflicting Names: ['Wagle-Sinha', 'Varughese, Sandhu And Issac']; Conflicting Categories: ['Medical_Store', 'Books_Stationery']; Conflicting Cities: ['Bengaluru', 'Hyd']"
MCH6332,Shuk1A-Hayre,5311,Department Store,Sole_Proprietor,Lko,Uttar Pradesh,2026-01-12 17:50:00,,ACTIVE,788.91,CONFLICTING_MERCHANT_RECORD,0.55,2,"Conflicting Names: ['Shuk1A-Hayre', 'Varkey-Jha']; Conflicting Categories: ['Department Store', 'Garments']; Conflicting Cities: ['Lko', 'Amritsar']"
MCH6333,"Kumer, Butala And Sawhney",5699,Apparel,Individual,Chennai,Tamil Nadu,2024-09-08 02:04:48,HRFV9386173143650,ACTIVE,831.77,SINGLETON,1.0,1,No duplicates
MCH6336,"Kunda, Kumar And Gulati",,Transportation,Private Limited,Chennai,Tamil Nadu,2024-03-16 16:19:00,XXXX8337,ACTIVE,772.78,SINGLETON,1.0,1,No duplicates
MCH6337,Chander Llc,5912,Pharmacy,Individual,Calcutta,West Bengal,2025-12-28 22:16:00,,ACTIVE,1428.08,SINGLETON,1.0,1,No duplicates
MCH6338,Dutta Plc,5311,Department Store,Individual,Kolkata,West Bengal,2024-06-29 00:00:00,,ACTIVE,1835.5,SINGLETON,1.0,1,No duplicates
MCH6343,Bains Plc,4814,Telecom,Partnership,Mumbai,Maharashtra,2024-07-10 00:00:00,,ACTIVE,4598.19,CONFLICTING_MERCHANT_RECORD,0.55,2,"Conflicting Names: ['Bains Plc', 'Prabhakar Ltd']; Conflicting Categories: ['Telecom', 'Grocery']; Conflicting Cities: ['Mumbai', 'Ludhiana']"
MCH6345,Mani Group,5999,Miscellaneous Retail,Partnership,Ludhiana,Punjab,,,ACTIVE,1339.21,SINGLETON,1.0,1,No duplicates
MCH6351,Mahal-Padmanabhan,5812,Restaurant,Partnership,Blr,Karnataka,2025-03-30 00:00:00,IXWO1858083433710,ACTIVE,3129.06,SINGLETON,1.0,1,No duplicates
MCH6352,Brar-Kale,5699,Apparel,Partnership,Chennai,Tamil Nadu,2023-10-08 20:03:14,,ACTIVE,2366.79,CONFLICTING_MERCHANT_RECORD,0.55,2,"Conflicting Names: ['Chadhagroup', 'Brar-Kale']; Conflicting Categories: ['Kirana', 'Cloths']"
MCH6354,"Gulati, Khosla And Peri",5812,Restaurant,Partnership,Lucknow,Uttar Pradesh,2025-08-14 00:00:00,,ACTIVE,122.8,SINGLETON,1.0,1,No duplicates
MCH6355,Dutt Plc,5699,Apparel,Private_Limited,Bangalore,Karnataka,2025-04-01 04:52:41,4977061313,ACTIVE,495.94,SINGLETON,1.0,1,No duplicates
MCH6356,"Pandit, Wagle And Kata",7011,Hotel & Lodging,Private_Limited,Asr,Punjab,2024-08-03 09:31:28,XXXX6397,INACTIVE,499.8,SINGLETON,1.0,1,No duplicates
MCH6359,Pai-Dada,,Transportation,Individual,Jpr,Rajasthan,2025-05-27 00:00:00,XFLS9466066220965,ACTIVE,484.0,SINGLETON,1.0,1,No duplicates
MCH6360,"Garg, Char And Sharaf",5912,Pharmacy,Sole_Proprietor,Mumbai,Maharashtra,2024-02-14 01:39:00,DELE6172573272913,ACTIVE,242.87,CONFLICTING_MERCHANT_RECORD,0.55,3,"Conflicting Names: ['Garg, Char And Sharaf', 'Desai, Shroff And Goel', 'Sur Ltd']; Conflicting Categories: ['Medical_Store', 'Hotel', 'Telecom']; Conflicting Cities: ['Mumbai', 'Jalandhar', 'Pune']"
MCH6361,"Saran, Dhar And Chaudhry",7011,Hotel & Lodging,Sole_Proprietor,New Delhi,Delhi,2023-04-18 22:29:15,9705258117,ACTIVE,701.89,SINGLETON,1.0,1,No duplicates
MCH6365,Bora-Sood,5311,Department Store,Individual,Pune,Maharashtra,2025-06-28 00:00:00,,ACTIVE,3013.41,CONFLICTING_MERCHANT_RECORD,0.55,2,"Conflicting Names: ['Bora-Sood', 'Raghavan Llc']; Conflicting Categories: ['Department Stores', 'Transprt']; Conflicting Cities: ['Pune', 'Hyd']"
MCH6366,"Hora, Edwin And Zacharia",4814,Telecom,Sole_Proprietor,Ludhiana,Punjab,2025-03-29 00:00:00,8367872742,ACTIVE,780.59,SINGLETON,1.0,1,No duplicates
MCH6369,"Chaudhry, Batra And Rama",4131,Transportation,Partnership,Jalandhar,Punjab,2024-04-15 00:00:00,3514628122,INACTIVE,612.29,SINGLETON,1.0,1,No duplicates
MCH6370,"Dass, Hegde And Viswanathan",5812,Restaurant,Partnership,Jaipur,Rajasthan,2023-03-24 18:53:14,PUYW3534134349316,ACTIVE,2201.27,SINGLETON,1.0,1,No duplicates
MCH6372,G0Da And S0Ns,5699,Apparel,Individual,Chennai,Tamil Nadu,2024-05-14 00:00:00,WEUJ5834386997769,ACTIVE,515.6,CONFLICTING_MERCHANT_RECORD,0.55,2,"Conflicting Names: ['G0Da And S0Ns', 'Memon, Master And Oak']; Conflicting Categories: ['Apparel', 'Dept_Store']; Conflicting Cities: ['Chennai', 'Amritsar']"
MCH6376,"Naik, Dhillon And Sama",5942,Books & Stationery,Partnership,Jalandar,Punjab,2024-01-20 00:00:00,KHDL5323426037616,ACTIVE,2593.39,CONFLICTING_MERCHANT_RECORD,0.55,2,"Conflicting Names: ['Naik, Dhillon And Sama', 'Buch, Raj And Karan']; Conflicting Categories: ['Books', 'Apparel']; Conflicting Cities: ['Jalandar', 'Hyderabad']"
MCH6377,Balasubramanianllc,5912,Pharmacy,Individual,Mumbai,Maharashtra,2025-12-06 00:00:00,LULW1753905866525,ACTIVE,1259.93,CONFLICTING_MERCHANT_RECORD,0.55,2,"Conflicting Names: ['Sharma, Bedi And Pandya', 'Balasubramanianllc']; Conflicting Categories: ['Food', 'Medical_Store']; Conflicting Cities: ['Hyd', 'Mumbai']"
MCH6379,Chana-Mahajan,5942,Books & Stationery,Private_Limited,Blr,Karnataka,2025-08-08 17:00:00,XXXX7525,ACTIVE,2923.98,SINGLETON,1.0,1,No duplicates
MCH6380,Naik-Kalla,5999,Miscellaneous Retail,Individual,Pune,Maharashtra,2026-01-02 06:05:56,6290942991,SUSPENDED,1353.03,SINGLETON,1.0,1,No duplicates
MCH6383,Char Plc,4814,Telecom,Sole_Proprietor,Bangalore,Karnataka,2023-10-28 04:05:00,,ACTIVE,266.0,CONFLICTING_MERCHANT_RECORD,0.55,2,"Conflicting Names: ['Shere-Mander', 'Char Plc']; Conflicting Categories: ['Bus/Taxi', 'Mobile Recharge']; Conflicting Cities: ['New Delhi', 'Bangalore']"
MCH6384,"Rave1, Mane And Madan",5912,Pharmacy,Partnership,Delhi,Delhi,2023-04-26 06:56:00,8497490345,ACTIVE,334.08,SINGLETON,1.0,1,No duplicates
MCH6386,Mahajan Inc,5311,Department Store,Individual,Asr,Punjab,2025-02-03 00:00:00,,ACTIVE,,SINGLETON,1.0,1,No duplicates
MCH6388,Pillai-Subramaniam,5699,Apparel,Sole_Proprietor,Jalandar,Punjab,2023-04-28 10:55:00,XXXX3833,INACTIVE,2418.46,CONFLICTING_MERCHANT_RECORD,0.55,2,"Conflicting Names: ['Pillai-Subramaniam', 'Raval-Cherian']; Conflicting Categories: ['Clothing', 'Restaurant']; Conflicting Cities: ['Jalandar', 'Mumbay']"
MCH6390,Barman Plc,,Pharmacy,Individual,Kolkata,West Bengal,2023-11-24 00:00:00,XXXX9714,ACTIVE,904.29,SINGLETON,1.0,1,No duplicates
MCH6391,"Bhatti, Keer And Gupta",4814,Telecom,Individual,Mumbai,Maharashtra,2025-08-22 10:17:00,,ACTIVE,684.0,CONFLICTING_MERCHANT_RECORD,0.55,2,"Conflicting Names: ['Bhatti, Keer And Gupta', 'Saxena, Sarma And Menon']; Conflicting Categories: ['Telecom', 'Kirana']; Conflicting Cities: ['Mumbai', 'Hyderabad']"
MCH6392,Thaman Ltd,7011,Hotel & Lodging,Partnership,Calcutta,West Bengal,2023-08-03 00:00:00,1989029067,ACTIVE,691.37,CONFLICTING_MERCHANT_RECORD,0.55,3,"Conflicting Names: ['Golla-Pau', 'Thaman Ltd', 'Nazareth Plc']; Conflicting Categories: ['Other', 'Hotel_Lodging', 'Hotel']; Conflicting Cities: ['Dilli', 'Calcutta', 'Hyd']"
MCH6394,Yogiinc,5699,Apparel,Private-Limited,Calcutta,West Bengal,2023-10-20 00:00:00,,ACTIVE,1717.76,SINGLETON,1.0,1,No duplicates
MCH6396,Mani-Puri,5999,Miscellaneous Retail,Individual,Lko,Uttar Pradesh,2025-04-21 00:00:00,XXXX7558,ACTIVE,4113.97,CONFLICTING_MERCHANT_RECORD,0.55,2,"Conflicting Names: ['Mani-Puri', 'Ganesan-Lad']; Conflicting Categories: ['Retail Other', 'Dept_Store']; Conflicting Cities: ['Lko', 'Jaipur']"
MCH6397,"Chacko, Ganguly And Gala",4814,Telecom,Sole_Proprietor,Delhi,Delhi,2023-06-18 10:02:06,KTQR3750781117068,ACTIVE,,CONFLICTING_MERCHANT_RECORD,0.55,3,"Conflicting Names: ['Suri, Agrawal And Natarajan', 'Chacko, Ganguly And Gala', 'Tella-Lad']; Conflicting Categories: ['Books', 'Mobile Recharge', 'Pharmacies']; Conflicting Cities: ['Delhi', 'Lucknow']"
MCH6400,Sem-Keer,5411,Grocery,Partnership,Ludhiana,Punjab,2025-12-21 00:00:00,4217077300,ACTIVE,13683.2,SINGLETON,1.0,1,No duplicates
MCH6401,Ramachandran-Borah,4814,Telecom,Private-Limited,Bengaluru,Karnataka,2023-07-16 14:03:46,BIIV8391883916775,ACTIVE,371.0,CONFLICTING_MERCHANT_RECORD,0.55,2,"Conflicting Names: ['Ramachandran-Borah', 'Shenoy, Doctor And Gola']; Conflicting Categories: ['Telecom', 'Medical']; Conflicting Cities: ['Bengaluru', 'Mumbai']"
MCH6403,"Sahni, Kapur And Ganesh",,Apparel,Private_Limited,Madras,Tamil Nadu,2024-05-30 00:00:00,,ACTIVE,344.49,SINGLETON,1.0,1,No duplicates
MCH6404,Tailor Group,5999,Miscellaneous Retail,Private_Limited,Jaipur,Rajasthan,2026-02-04 15:32:58,,SUSPENDED,792.4,SINGLETON,1.0,1,No duplicates
MCH6405,Jaggi Ltd,5411,Grocery,Partnership,Delhi,Delhi,2024-01-26 06:23:00,XXXX6470,ACTIVE,4074.0,SINGLETON,1.0,1,No duplicates
MCH6408,Gade And Sons,5942,Books & Stationery,Sole_Proprietor,Chennai,Tamil Nadu,2024-06-11 00:00:00,,ACTIVE,4374.58,SINGLETON,1.0,1,No duplicates
MCH6409,Wason And Sons,5699,Apparel,Private_Limited,Blr,Karnataka,2024-10-07 00:00:00,TVOP0202048560476,SUSPENDED,1111.14,SINGLETON,1.0,1,No duplicates
MCH6410,Dua-Kara,5699,Apparel,Individual,Dilli,Delhi,,,ACTIVE,1003.3,SINGLETON,1.0,1,No duplicates
MCH6418,Doctor Ltd,7011,Hotel & Lodging,Sole_Proprietor,Jalandhar,Punjab,,,ACTIVE,1362.45,SINGLETON,1.0,1,No duplicates
MCH6419,"Bhalla, Dubey And Salvi",,Pharmacy,Sole_Proprietor,Jaipur,Rajasthan,2024-01-15 01:23:00,,ACTIVE,3881.01,SINGLETON,1.0,1,No duplicates
MCH6420,Wadhwa And Sons,5912,Pharmacy,Partnership,Bangalore,Karnataka,,0724197412,ACTIVE,160.44,SINGLETON,1.0,1,No duplicates
MCH6421,Wadhwaltd,5699,Apparel,Sole_Proprietor,Bangalore,Karnataka,2024-01-30 21:37:00,,ACTIVE,1782.12,SINGLETON,1.0,1,No duplicates
MCH6422,Dayal-Kapur,7011,Hotel & Lodging,Individual,Lucknow,Uttar Pradesh,2023-11-17 00:00:00,XXXX3524,INACTIVE,869.0,CONFLICTING_MERCHANT_RECORD,0.55,2,"Conflicting Names: ['Bhatnagar, Bora And Venkataraman', 'Dayal-Kapur']; Conflicting Categories: ['Pharmacies', 'Hotel']; Conflicting Cities: ['Poona', 'Lucknow']"
MCH6425,Pall-Kanda,5942,Books & Stationery,Sole-Proprietor,New Delhi,Delhi,,,ACTIVE,1143.39,SINGLETON,1.0,1,No duplicates
MCH6427,Bose Inc,5999,Miscellaneous Retail,Private-Limited,Ludhiana,Punjab,2025-07-02 00:00:00,UHFS8061607261976,INACTIVE,1949.7,SINGLETON,1.0,1,No duplicates
MCH6429,Doshi Group,5699,Apparel,Sole Proprietor,Amritsar,Punjab,2025-10-15 00:00:00,YIYE8202990184325,ACTIVE,369.26,SINGLETON,1.0,1,No duplicates
MCH6430,Prakash Group,4814,Telecom,Individual,Hyd,Telangana,2025-08-05 00:00:00,,SUSPENDED,5278.71,SINGLETON,1.0,1,No duplicates
MCH6431,"Batra, Pant And Devan",7011,Hotel & Lodging,Partnership,Bengaluru,Karnataka,2026-01-31 00:00:00,XXXX1013,INACTIVE,1564.0,SINGLETON,1.0,1,No duplicates
MCH6433,Bhattacharyya Ltd,4814,Telecom,Partnership,Bengaluru,Karnataka,2024-12-31 00:00:00,,INACTIVE,1248.03,SINGLETON,1.0,1,No duplicates
MCH6440,Taneja-Mahajan,5311,Department Store,Individual,Jalandhar,Punjab,2025-04-17 00:00:00,2419488462,ACTIVE,6682.66,CONFLICTING_MERCHANT_RECORD,0.55,2,"Conflicting Names: ['Taneja-Mahajan', 'Rajagopalan,Parsaandrana']; Conflicting Categories: ['Dept_Store', 'Department Store']; Conflicting Cities: ['Jalandhar', 'Calcutta']"
MCH6441,"Konda, Swaminathan And Patel",4814,Telecom,Individual,Lko,Uttar Pradesh,2025-01-30 00:00:00,6182390542,ACTIVE,4535.55,CONFLICTING_MERCHANT_RECORD,0.55,3,"Conflicting Names: ['Bhatia And Sons', 'Konda, Swaminathan And Patel', 'Boase Group']; Conflicting Categories: ['Hotel', 'Mobile Recharge', 'Books']; Conflicting Cities: ['Lucknow', 'Lko', 'Amritsar']"
MCH6445,Shere And Sons,5912,Pharmacy,Individual,Ludhiana,Punjab,2025-01-28 00:00:00,,ACTIVE,766.0,SINGLETON,1.0,1,No duplicates
MCH6446,Upadhyay-Upadhyay,5812,Restaurant,Partnership,Jalandhar,Punjab,2024-12-05 15:55:00,,ACTIVE,2923.06,CONFLICTING_MERCHANT_RECORD,0.55,2,"Conflicting Names: ['Upadhyay-Upadhyay', 'Contractor Llc']; Conflicting Categories: ['Eating Place', 'Dept_Store']; Conflicting Cities: ['Jalandhar', 'Jaipur']"
MCH6447,"Mody, Dara And Ray",5812,Restaurant,Individual,Calcutta,West Bengal,2023-05-19 00:00:00,XXXX4551,ACTIVE,860.24,CONFLICTING_MERCHANT_RECORD,0.55,2,"Conflicting Names: ['Kant-Tella', 'Mody, Dara And Ray']; Conflicting Categories: ['Hotel', 'Restaurant']; Conflicting Cities: ['Delhi', 'Calcutta']"
MCH6448,Pal Llc,4814,Telecom,Partnership,Mumbai,Maharashtra,2024-09-07 00:00:00,XXXX5021,ACTIVE,1680.84,CONFLICTING_MERCHANT_RECORD,0.55,2,"Conflicting Names: ['Pal Llc', 'Kara, Mahal And Borah']; Conflicting Categories: ['Telecom', 'Garments']; Conflicting Cities: ['Mumbai', 'Chennai']"
MCH6449,Chakraborty-Hans,5812,Restaurant,Sole-Proprietor,Hyderabad,Telangana,2024-03-01 00:00:00,XXXX5646,ACTIVE,1506.6,FORMATTING_DUPLICATE,0.85,2,2 records with formatting variations consolidated
MCH6450,Bobal Ltd,5699,Apparel,Individual,Lucknow,Uttar Pradesh,2025-06-25 00:00:00,UETF4584172674537,SUSPENDED,3737.71,CONFLICTING_MERCHANT_RECORD,0.55,4,"Conflicting Names: ['Goel, Madan And Gola', 'Mishra Plc', 'Bobal Ltd']; Conflicting Categories: ['Books', 'Kirana', 'Cloths']; Conflicting Cities: ['Chennai', 'Madras', 'Lucknow']"
MCH6451,Chandran Group,5311,Department Store,Individual,Jalandar,Punjab,2025-10-07 00:00:00,5694147499,INACTIVE,165.95,CONFLICTING_MERCHANT_RECORD,0.55,2,"Conflicting Names: ['Chandran Group', 'Cheema Ltd']; Conflicting Categories: ['Department Store', 'Telecom']; Conflicting Cities: ['Jalandar', 'Mumbai']"
MCH6454,Nagi-Ch0Udhury,5699,Apparel,Private-Limited,Bengaluru,Karnataka,2024-03-28 00:00:00,XXXX1525,INACTIVE,3116.0,SINGLETON,1.0,1,No duplicates
MCH6455,Luthra-Wable,5999,Miscellaneous Retail,Partnership,Bombay,Maharashtra,2023-09-04 00:00:00,7955476293,ACTIVE,1528.51,SINGLETON,1.0,1,No duplicates
MCH6460,Deol-Narayanan,5311,Department Store,Partnership,Mumbai,Maharashtra,2026-01-19 08:20:00,XXXX8283,ACTIVE,878.73,SINGLETON,1.0,1,No duplicates
MCH6462,"Vaidya, Kunda And Bhavsar",5311,Department Store,Private-Limited,Lucknow,Uttar Pradesh,2025-12-19 00:00:00,5665285252,ACTIVE,1652.23,SINGLETON,1.0,1,No duplicates
MCH6464,Date Llc,5699,Apparel,Private_Limited,Bengaluru,Karnataka,2025-12-03 00:00:00,XXXX4137,ACTIVE,3772.0,SINGLETON,1.0,1,No duplicates
MCH6465,Chadha-Char,5912,Pharmacy,Partnership,Kolkata,West Bengal,2023-04-22 17:00:00,5666974983,ACTIVE,749.37,CONFLICTING_MERCHANT_RECORD,0.55,2,"Conflicting Names: ['Mody Ltd', 'Chadha-Char']; Conflicting Categories: ['Fashion', 'Medical_Store']; Conflicting Cities: ['Madras', 'Kolkata']"
MCH6466,Randhawa Llc,5311,Department Store,Individual,Pune,Maharashtra,2024-06-03 00:00:00,WUJF6073785687916,ACTIVE,3082.9,SINGLETON,1.0,1,No duplicates
MCH6468,Golla-Murty,4131,Transportation,Partnership,Hyderabad,Telangana,2024-06-20 00:00:00,,ACTIVE,,SINGLETON,1.0,1,No duplicates
MCH6469,"Bahl, Barad And Dhillon",5311,Department Store,Private Limited,Chennai,Tamil Nadu,2025-02-10 00:00:00,,ACTIVE,931.21,SINGLETON,1.0,1,No duplicates
MCH6473,Tata Group,5812,Restaurant,Private_Limited,Lko,Uttar Pradesh,2023-04-09 00:00:00,3128582685,SUSPENDED,2924.69,SINGLETON,1.0,1,No duplicates
MCH6474,Bakshi Ltd,5912,Pharmacy,Private Limited,Lucknow,Uttar Pradesh,2025-09-06 00:00:00,UIQO0757463991116,ACTIVE,3871.85,CONFLICTING_MERCHANT_RECORD,0.55,3,"Conflicting Names: ['Dewan-Khatri', 'Bakshi Ltd', 'Soni-Raja']; Conflicting Categories: ['Transportation', 'Medical', 'Miscellaneous']; Conflicting Cities: ['Lucknow', 'Asr']"
MCH6477,Gopal-Dewan,5699,Apparel,Sole Proprietor,Mumbai,Maharashtra,2025-12-20 00:00:00,GNKM1008209861483,ACTIVE,1828.26,SINGLETON,1.0,1,No duplicates
MCH6480,Sundaram And S0Ns,5699,Apparel,Partnership,Bombay,Maharashtra,2023-11-13 01:40:00,XXXX8936,ACTIVE,680.72,SINGLETON,1.0,1,No duplicates
MCH6481,Kalita Inc,4131,Transportation,Private-Limited,Mumbai,Maharashtra,2024-11-29 00:00:00,BFCN8370004846639,ACTIVE,1389.63,CONFLICTING_MERCHANT_RECORD,0.55,2,"Conflicting Names: ['Kalita Inc', 'Virk, Shan And Chopra']; Conflicting Categories: ['Transprt', 'Food_Services']; Conflicting Cities: ['Mumbai', 'Pune']"
MCH6482,Mitra-Agate,5311,Department Store,Individual,Amritsar,Punjab,2024-04-06 00:00:00,,INACTIVE,1340.0,SINGLETON,1.0,1,No duplicates
MCH6488,"Cheema, Dubey And Kala",,Apparel,Private Limited,Mumbai,Maharashtra,2024-11-14 00:00:00,,ACTIVE,1180.07,SINGLETON,1.0,1,No duplicates
MCH6492,Peri Llc,5912,Pharmacy,Individual,Mumbai,Maharashtra,2025-08-20 09:18:03,,ACTIVE,3574.25,SINGLETON,1.0,1,No duplicates
MCH6493,"Subramaniam, Prashad And Parmer",,Transportation,Sole_Proprietor,Mumbay,Maharashtra,2025-04-13 00:00:00,XXXX8820,INACTIVE,,SINGLETON,1.0,1,No duplicates
MCH6498,Peri-Saran,,Department Store,Private-Limited,Calcutta,West Bengal,2025-01-08 22:53:50,XXXX0646,ACTIVE,7077.96,CONFLICTING_MERCHANT_RECORD,0.55,3,"Conflicting Names: ['Peri-Saran', 'Sankaran-Gupta', 'Banik, Nadig And Mann']; Conflicting Categories: ['Misc Retail', 'Grocery', 'Eating Place']; Conflicting Cities: ['Calcutta', 'Hyderabad', 'Ludhiana']"
MCH6501,Ka1A-Garg,,Apparel,Sole_Proprietor,Ludhiana,Punjab,2023-05-07 00:00:00,5422601773,ACTIVE,471.98,SINGLETON,1.0,1,No duplicates
MCH6502,Mall Plc,5999,Miscellaneous Retail,Sole_Proprietor,Chennai,Tamil Nadu,2025-05-10 03:33:00,,INACTIVE,1695.37,SINGLETON,1.0,1,No duplicates
MCH6504,"Wagle, Choudhry And Patla",5942,Books & Stationery,Private Limited,Jalandar,Punjab,2025-11-14 00:00:00,,ACTIVE,1748.0,SINGLETON,1.0,1,No duplicates
MCH6507,Kadakia Plc,5812,Restaurant,Partnership,Chennai,Tamil Nadu,2023-05-01 00:00:00,XXXX3350,ACTIVE,740.55,CONFLICTING_MERCHANT_RECORD,0.55,3,"Conflicting Names: ['Kadakia Plc', 'Ba1Akrishnan, Shr0Ff And Tank']; Conflicting Categories: ['Food_Services', 'Bus/Taxi']; Conflicting Cities: ['Chennai', 'Ludhiana']"
MCH6508,Kalla-Ramachandran,5699,Apparel,Sole Proprietor,Lko,Uttar Pradesh,2024-02-04 12:15:51,,ACTIVE,321.73,CONFLICTING_MERCHANT_RECORD,0.55,2,"Conflicting Names: ['Kalla-Ramachandran', 'Varty Inc']; Conflicting Categories: ['Fashion', 'Pharmacies']; Conflicting Cities: ['Lko', 'Jalandar']"
MCH6511,"Doctor, Sur And Badal",5411,Grocery,Sole_Proprietor,Pune,Maharashtra,2024-07-27 20:57:52,XXXX9778,ACTIVE,778.51,SINGLETON,1.0,1,No duplicates
MCH6512,"Sagar, Deep And Rao",,Telecom,Sole Proprietor,Hyderabad,Telangana,2025-01-11 00:00:00,1702999144,ACTIVE,,SINGLETON,1.0,1,No duplicates
MCH6513,"Krishna, Deshpande And Kar",5311,Department Store,Individual,Bombay,Maharashtra,2025-08-13 00:00:00,XXXX3471,ACTIVE,2622.03,CONFLICTING_MERCHANT_RECORD,0.55,2,"Conflicting Names: ['Krishna, Deshpande And Kar', 'Ch0Pra-Kannan']; Conflicting Categories: ['Dept_Store', 'Fashion']; Conflicting Cities: ['Bombay', 'Pune']"
MCH6514,Lalla-Palan,5812,Restaurant,Individual,Kolkata,West Bengal,2025-03-26 09:22:56,XXXX0164,ACTIVE,,SINGLETON,1.0,1,No duplicates
MCH6517,"Vig, Sen And Kumar",5699,Apparel,Sole-Proprietor,Delhi,Delhi,2023-05-05 00:00:00,,ACTIVE,1024.93,SINGLETON,1.0,1,No duplicates
MCH6519,"Dhar, Morar And Malhotra",5699,Apparel,Private-Limited,Pune,Maharashtra,2023-05-15 00:27:02,XXXX0332,ACTIVE,445.06,CONFLICTING_MERCHANT_RECORD,0.55,3,"Conflicting Names: ['Mane-Madan', 'Dhar, Morar And Malhotra']; Conflicting Categories: ['Clothing', 'Cloths']; Conflicting Cities: ['Ludhiana', 'Pune']"
MCH6520,Manda-Shah,5912,Pharmacy,Individual,Kolkata,West Bengal,2024-08-01 00:55:00,,ACTIVE,1457.02,SINGLETON,1.0,1,No duplicates
MCH6523,Ramanathan-Wali,5999,Miscellaneous Retail,Private Limited,Bangalore,Karnataka,2024-08-27 00:00:00,CTGF7705622759501,ACTIVE,2272.75,SINGLETON,1.0,1,No duplicates
MCH6524,Chaudry-Lall,7011,Hotel & Lodging,Sole_Proprietor,Delhi,Delhi,2023-12-25 00:00:00,RGKG5701905439053,INACTIVE,,SINGLETON,1.0,1,No duplicates
MCH6527,"Lalla, Bhandari And Mane",5411,Grocery,Sole_Proprietor,Pune,Maharashtra,2025-07-09 00:00:00,AWSX7915320511081,ACTIVE,1832.42,CONFLICTING_MERCHANT_RECORD,0.55,2,"Conflicting Names: ['Menon, Subramanian And Pai', 'Lalla, Bhandari And Mane']; Conflicting Categories: ['Hotel', 'Grocery Stores']; Conflicting Cities: ['Ludhiana', 'Pune']"
MCH6530,Muni-Rout,5699,Apparel,Individual,Pune,Maharashtra,2023-10-15 00:00:00,3811526471,ACTIVE,938.29,CONFLICTING_MERCHANT_RECORD,0.55,2,"Conflicting Names: ['Muni-Rout', 'Yogi-D’Alia']; Conflicting Categories: ['Cloths', 'Transport']; Conflicting Cities: ['Pune', 'Jaipur']"
MCH6535,Nagy And Sons,5411,Grocery,Sole_Proprietor,Hyd,Telangana,2023-11-24 00:00:00,,ACTIVE,291.26,SINGLETON,1.0,1,No duplicates
MCH6541,"Mahal, Panchal And Doshi",5912,Pharmacy,Individual,Mumbay,Maharashtra,2024-06-12 16:15:10,XXXX5174,ACTIVE,307.0,SINGLETON,1.0,1,No duplicates
MCH6542,Saraf-Dhingra,5311,Department Store,Sole-Proprietor,Mumbai,Maharashtra,2023-12-16 00:00:00,UBFA1146451633512,ACTIVE,321.72,SINGLETON,1.0,1,No duplicates
MCH6543,Goswami-Ray,5699,Apparel,Partnership,Madras,Tamil Nadu,2025-04-04 00:00:00,XXXX9238,ACTIVE,2501.19,CONFLICTING_MERCHANT_RECORD,0.55,2,"Conflicting Names: ['Nagi-Pradhan', 'Goswami-Ray']; Conflicting Categories: ['Grocery_Store', 'Cloths']; Conflicting Cities: ['Bombay', 'Madras']"
MCH6545,"Chanda, Mittal And Venkatesh",5912,Pharmacy,Individual,Kolkata,West Bengal,,0281511993,ACTIVE,909.37,CONFLICTING_MERCHANT_RECORD,0.55,2,"Conflicting Names: ['Chanda, Mittal And Venkatesh', 'Garg Plc']; Conflicting Categories: ['Chemist', 'Fashion']; Conflicting Cities: ['Kolkata', 'Ludhiana']"
MCH6547,"Gupta,Dewanandnadig",5942,Books & Stationery,Individual,Hyderabad,Telangana,2023-05-27 00:00:00,,INACTIVE,974.14,SINGLETON,1.0,1,No duplicates
MCH6548,"Kaur, Puri And Agate",4814,Telecom,Partnership,Hyd,Telangana,2023-09-24 18:14:00,0487365346,ACTIVE,1154.74,CONFLICTING_MERCHANT_RECORD,0.55,2,"Conflicting Names: ['Kaur, Puri And Agate', 'Nayak, Kannan And Chatterjee']; Conflicting Categories: ['Telecom', 'Retail Other']; Conflicting Cities: ['Hyd', 'Jaipur']"
MCH6551,Oza Llc,7011,Hotel & Lodging,Private-Limited,Lucknow,Uttar Pradesh,2023-07-11 00:00:00,,ACTIVE,578.45,CONFLICTING_MERCHANT_RECORD,0.55,2,"Conflicting Names: ['Kala Llc', 'Oza Llc']; Conflicting Categories: ['Transport', 'Hotel_Lodging']; Conflicting Cities: ['Jpr', 'Lucknow']"
MCH6554,Vora Llc,7011,Hotel & Lodging,Individual,Bengaluru,Karnataka,2024-10-06 15:25:00,,INACTIVE,3625.66,SINGLETON,1.0,1,No duplicates
MCH6555,Tata-Bajwa,5311,Department Store,Partnership,Lko,Uttar Pradesh,2023-12-24 00:00:00,,SUSPENDED,3890.0,SINGLETON,1.0,1,No duplicates
MCH6556,Chana-Barad,5999,Miscellaneous Retail,Private_Limited,Jalandhar,Punjab,2024-06-09 00:00:00,XXXX3130,ACTIVE,1172.0,CONFLICTING_MERCHANT_RECORD,0.55,3,"Conflicting Names: ['Chana-Barad', 'Gala, Kale And Manne', 'Andra, Chaudhary And Kunda']; Conflicting Categories: ['Other', 'Clothing', 'Telecom']; Conflicting Cities: ['Jalandhar', 'Delhi', 'Bengaluru']"
MCH6559,"Master, Dutta And Dash",5999,Miscellaneous Retail,Individual,Ldh,Punjab,2024-05-12 00:00:00,,ACTIVE,521.0,CONFLICTING_MERCHANT_RECORD,0.55,2,"Conflicting Names: ['Master, Dutta And Dash', 'Patla Ltd']; Conflicting Categories: ['Misc Retail', 'Hotel_Lodging']; Conflicting Cities: ['Ldh', 'Bengaluru']"
MCH6560,"Pandit, Jayaraman And Chokshi",4814,Telecom,Individual,Hyd,Telangana,2023-05-29 00:00:00,3945566171,ACTIVE,11930.97,SINGLETON,1.0,1,No duplicates
MCH6562,Kant Inc,7011,Hotel & Lodging,Sole_Proprietor,Chennai,Tamil Nadu,2024-10-14 00:00:00,XXXX2723,ACTIVE,2590.35,SINGLETON,1.0,1,No duplicates
MCH6563,Naik Plc,4131,Transportation,Individual,Jalandar,Punjab,2025-04-04 00:38:00,,ACTIVE,1376.0,FORMATTING_DUPLICATE,0.85,2,2 records with formatting variations consolidated
MCH6565,Parmer-Datta,4814,Telecom,Sole_Proprietor,Hyd,Telangana,2023-07-28 00:00:00,XXXX1044,ACTIVE,2464.68,SINGLETON,1.0,1,No duplicates
MCH6566,"Kala, Talwar And Keer",5311,Department Store,Private_Limited,Chennai,Tamil Nadu,2024-02-15 00:00:00,2935227590,ACTIVE,2110.86,CONFLICTING_MERCHANT_RECORD,0.55,2,"Conflicting Names: ['Kala, Talwar And Keer', 'Purohit, Chacko And Kadakia']; Conflicting Categories: ['Department Stores', 'Mobile Recharge']"
MCH6568,Minhas Plc,7011,Hotel & Lodging,Sole Proprietor,Amritsar,Punjab,2024-04-10 18:11:31,8442730412,ACTIVE,1486.0,SINGLETON,1.0,1,No duplicates
MCH6570,Venkataraman Ltd,5912,Pharmacy,Private-Limited,New Delhi,Delhi,2024-01-23 00:00:00,,ACTIVE,332.15,SINGLETON,1.0,1,No duplicates
MCH6572,Naidu Plc,5311,Department Store,Private Limited,Pune,Maharashtra,2025-03-17 00:00:00,HNFH7484368794581,ACTIVE,402.0,CONFLICTING_MERCHANT_RECORD,0.55,2,"Conflicting Names: ['Naidu Plc', 'Sawhney, Bala And Krish']; Conflicting Categories: ['Dept_Store', 'Hotel_Lodging']; Conflicting Cities: ['Pune', 'Hyderabad']"
MCH6574,"Thaman, Gupta And Barad",4814,Telecom,Private_Limited,Pune,Maharashtra,2024-03-03 13:31:25,2887690427,ACTIVE,1371.71,SINGLETON,1.0,1,No duplicates
MCH6575,Sanghvi Plc,5942,Books & Stationery,Individual,Lucknow,Uttar Pradesh,2025-02-15 00:00:00,JZFS4748636238917,ACTIVE,819.0,CONFLICTING_MERCHANT_RECORD,0.55,2,"Conflicting Names: ['Sanghvi Plc', 'Nagarajan, Rout And Suri']; Conflicting Categories: ['Book Store', 'Hospitality']; Conflicting Cities: ['Lucknow', 'Bengaluru']"
MCH6577,D’Alia Inc,5699,Apparel,Partnership,Bangalore,Karnataka,2023-08-05 16:50:00,,ACTIVE,1979.76,SINGLETON,1.0,1,No duplicates
MCH6578,Lal-Sachdeva,4131,Transportation,Partnership,Jalandar,Punjab,2026-01-04 13:25:00,2444694216,ACTIVE,1965.27,CONFLICTING_MERCHANT_RECORD,0.55,2,"Conflicting Names: ['Varty, Mutti And Banik', 'Lal-Sachdeva']; Conflicting Categories: ['Books', 'Bus/Taxi']; Conflicting Cities: ['Lko', 'Jalandar']"
MCH6582,Mukhopadhyay Plc,4814,Telecom,Individual,Ludhiana,Punjab,,,ACTIVE,572.51,CONFLICTING_MERCHANT_RECORD,0.55,2,"Conflicting Names: ['Mukhopadhyay Plc', 'Sagar Group']; Conflicting Categories: ['Telecom', 'Pharmacies']; Conflicting Cities: ['Ludhiana', 'Calcutta']"
MCH6583,Raval-Badal,5912,Pharmacy,Individual,Kolkata,West Bengal,2025-11-07 00:00:00,6285750236,ACTIVE,2083.0,CONFLICTING_MERCHANT_RECORD,0.55,2,"Conflicting Names: ['Iyengar, Puri And Tiwari', 'Raval-Badal']; Conflicting Categories: ['Department Store', 'Pharmacies']; Conflicting Cities: ['Jalandhar', 'Kolkata']"
MCH6585,Kara-Nath,5699,Apparel,Private-Limited,Calcutta,West Bengal,2024-12-29 01:18:00,0436756334,INACTIVE,2202.59,CONFLICTING_MERCHANT_RECORD,0.55,2,"Conflicting Names: ['Kara-Nath', 'Bansal Ltd']; Conflicting Categories: ['Apparel', 'Kirana']; Conflicting Cities: ['Calcutta', 'Mumbai']"
MCH6586,Pandya Plc,5999,Miscellaneous Retail,Individual,Bengaluru,Karnataka,2024-04-29 00:00:00,ADLW1268933500473,ACTIVE,520.0,SINGLETON,1.0,1,No duplicates
MCH6590,Handainc,5699,Apparel,Individual,Kolkata,West Bengal,2024-04-07 00:00:00,IRLC4441881574347,ACTIVE,2071.46,SINGLETON,1.0,1,No duplicates
MCH6593,Sharma-Ahuja,5411,Grocery,Sole-Proprietor,Jalandar,Punjab,2025-06-27 17:43:12,RJHM5836701029342,ACTIVE,3094.86,CONFLICTING_MERCHANT_RECORD,0.55,3,"Conflicting Names: ['Thakur, V0Hra And Kar', 'Sharma-Ahuja', 'Bajaj, Kha1Sa And Wab1E']; Conflicting Categories: ['Kirana', 'Clothing']; Conflicting Cities: ['Hyderabad', 'Jalandar', 'Mumbai']"
MCH6594,Varkey-Bhatti,5411,Grocery,Partnership,Poona,Maharashtra,2025-01-24 23:13:22,7425361686,ACTIVE,1271.0,SINGLETON,1.0,1,No duplicates
MCH6595,More-Sharma,7011,Hotel & Lodging,Sole_Proprietor,Jalandhar,Punjab,2023-11-12 00:00:00,,ACTIVE,308.54,SINGLETON,1.0,1,No duplicates
MCH6598,"Sachar, Thakkar And Sachar",5699,Apparel,Private-Limited,Asr,Punjab,2024-01-26 00:00:00,FGUE5705085368360,ACTIVE,421.0,CONFLICTING_MERCHANT_RECORD,0.55,4,"Conflicting Names: ['Sachar, Thakkar And Sachar', 'Banik, Halder And Sabharwal', 'Rajagopalan Inc']; Conflicting Categories: ['Cloths', 'Hotel_Lodging', 'Food']; Conflicting Cities: ['Asr', 'Mumbai', 'Hyderabad']"
MCH6600,Raju Inc,7011,Hotel & Lodging,Individual,Bangalore,Karnataka,2025-04-18 00:00:00,IHUG8298515768880,ACTIVE,484.58,SINGLETON,1.0,1,No duplicates
MCH6602,Thakkar Ltd,4131,Transportation,Partnership,Mumbay,Maharashtra,2023-01-03 08:43:35,XXXX6968,ACTIVE,483.25,SINGLETON,1.0,1,No duplicates
MCH6603,Atwal Plc,7011,Hotel & Lodging,Sole-Proprietor,Jaipur,Rajasthan,2024-08-20 00:00:00,GWCP5106034968553,ACTIVE,694.88,SINGLETON,1.0,1,No duplicates
MCH6607,Bedi-Bhandari,5812,Restaurant,Sole-Proprietor,Ludhiana,Punjab,2023-12-30 00:00:00,,ACTIVE,1203.0,SINGLETON,1.0,1,No duplicates
MCH6608,"Puri, Dar And Mann",,Grocery,Private-Limited,Delhi,Delhi,2024-02-10 07:57:42,,ACTIVE,410.36,SINGLETON,1.0,1,No duplicates
MCH6611,Mand Plc,5411,Grocery,Private Limited,Chennai,Tamil Nadu,2023-01-01 00:00:00,,ACTIVE,1110.3,SINGLETON,1.0,1,No duplicates
MCH6612,Sule-Pillay,5812,Restaurant,Partnership,Pune,Maharashtra,2025-09-09 00:00:00,ATSN3885757440400,ACTIVE,2010.07,SINGLETON,1.0,1,No duplicates
MCH6615,Pillay Group,5942,Books & Stationery,Individual,Hyd,Telangana,2025-09-12 23:50:08,3204013146,SUSPENDED,785.64,SINGLETON,1.0,1,No duplicates
MCH6617,Buch Group,5699,Apparel,Sole_Proprietor,Hyderabad,Telangana,2024-09-01 00:00:00,,ACTIVE,1759.15,CONFLICTING_MERCHANT_RECORD,0.55,2,"Conflicting Names: ['Buch Group', 'Aurora, Bhakta And Bawa']; Conflicting Categories: ['Cloths', 'Department Stores']; Conflicting Cities: ['Hyderabad', 'Pune']"
MCH6623,Kakar And Sons,5912,Pharmacy,Individual,Poona,Maharashtra,,8474818927,ACTIVE,1424.35,SINGLETON,1.0,1,No duplicates
MCH6626,Zacharia-Kapadia,5912,Pharmacy,Private Limited,Lko,Uttar Pradesh,2024-07-25 00:00:00,,INACTIVE,2864.89,SINGLETON,1.0,1,No duplicates
MCH6628,Thakur-Kunda,,Telecom,Private_Limited,New Delhi,Delhi,2025-05-13 14:37:00,XXXX4289,ACTIVE,1718.0,SINGLETON,1.0,1,No duplicates
MCH6630,"Kalla, Vyas And Lanka",5942,Books & Stationery,Sole Proprietor,Jpr,Rajasthan,,,ACTIVE,257.87,SINGLETON,1.0,1,No duplicates
MCH6632,"Om, Mall And Sandhu",,Transportation,Partnership,Lucknow,Uttar Pradesh,2023-07-28 00:00:00,XXXX3092,SUSPENDED,996.13,SINGLETON,1.0,1,No duplicates
MCH6634,"Bobal, Randhawa And Guha",,Miscellaneous Retail,Sole-Proprietor,Delhi,Delhi,2024-07-17 00:00:00,4957341463,ACTIVE,3780.75,CONFLICTING_MERCHANT_RECORD,0.55,2,"Conflicting Names: ['Dave-Sundaram', 'Bobal, Randhawa And Guha']; Conflicting Categories: ['Miscellaneous', 'Other']; Conflicting Cities: ['Ludhiana', 'Delhi']"
MCH6635,Sehgal Inc,5812,Restaurant,Private Limited,Bengaluru,Karnataka,,,ACTIVE,1810.23,SINGLETON,1.0,1,No duplicates
MCH6637,Sagar Group,5311,Department Store,Sole-Proprietor,Jpr,Rajasthan,2023-08-16 00:00:00,,ACTIVE,2926.37,SINGLETON,1.0,1,No duplicates
MCH6639,Sandal Group,5812,Restaurant,Sole_Proprietor,Amritsar,Punjab,2024-05-29 07:36:20,7230745501,ACTIVE,3334.16,SINGLETON,1.0,1,No duplicates
MCH6641,Sunder-Taneja,5411,Grocery,Individual,Kolkata,West Bengal,2025-12-24 23:48:00,,ACTIVE,126.11,SINGLETON,1.0,1,No duplicates
MCH6643,"Bala, Palla And Srinivas",5942,Books & Stationery,Private Limited,Jalandar,Punjab,2023-06-13 10:35:36,3868687292,ACTIVE,1698.35,SINGLETON,1.0,1,No duplicates
MCH6645,Kalla Ltd,,Apparel,Partnership,Asr,Punjab,2023-01-29 13:22:00,CBQP9610741406951,ACTIVE,329.87,CONFLICTING_MERCHANT_RECORD,0.55,2,"Conflicting Names: ['Buch Llc', 'Kalla Ltd']; Conflicting Categories: ['Transprt', 'Cloths']; Conflicting Cities: ['Amritsar', 'Asr']"
MCH6650,Reddy Llc,,Grocery,Sole_Proprietor,Pune,Maharashtra,2024-02-28 00:00:00,XXXX5775,ACTIVE,3251.25,CONFLICTING_MERCHANT_RECORD,0.55,2,"Conflicting Names: ['Reddy Llc', 'Kuruvi11A-G01A']; Conflicting Categories: ['Grocery_Store', 'Stationery']; Conflicting Cities: ['Pune', 'Bangalore']"
MCH6651,"Mahajan, Vig And Balakrishnan",5411,Grocery,Partnership,Delhi,Delhi,2023-02-17 00:00:00,ZZEW6214809734757,ACTIVE,1407.45,CONFLICTING_MERCHANT_RECORD,0.55,2,"Conflicting Names: ['Mahajan, Vig And Balakrishnan', 'Choudhry, Sarma And Seshadri']; Conflicting Categories: ['Groceries', 'Hotel']"
MCH6654,Cheema-Dara,7011,Hotel & Lodging,Partnership,Mumbai,Maharashtra,2023-12-26 12:35:00,ETTT3125962256169,ACTIVE,581.25,CONFLICTING_MERCHANT_RECORD,0.55,2,"Conflicting Names: ['Cheema-Dara', 'Tella Group']; Conflicting Categories: ['Hotels', 'Restaurant']; Conflicting Cities: ['Mumbai', 'Hyderabad']"
MCH6656,Uppal Llc,5812,Restaurant,Individual,Ldh,Punjab,2023-10-11 00:00:00,XXXX4591,ACTIVE,488.8,SINGLETON,1.0,1,No duplicates
MCH6657,Atwal-Sarraf,5411,Grocery,Partnership,Hyd,Telangana,,,ACTIVE,804.0,SINGLETON,1.0,1,No duplicates
MCH6660,N0Ri Gr0Up,4814,Telecom,Sole_Proprietor,Chennai,Tamil Nadu,2023-05-26 00:00:00,XXXX4499,ACTIVE,3030.0,CONFLICTING_MERCHANT_RECORD,0.55,2,"Conflicting Names: ['N0Ri Gr0Up', 'Biswas Group']; Conflicting Categories: ['Telecom', 'Transportation']"
MCH6662,Din-Gour,5999,Miscellaneous Retail,Individual,Poona,Maharashtra,2024-02-26 00:00:00,XXXX2767,ACTIVE,3959.93,SINGLETON,1.0,1,No duplicates
MCH6665,Wadhwainc,5311,Department Store,Private-Limited,New Delhi,Delhi,2025-07-05 00:00:00,,ACTIVE,1714.72,SINGLETON,1.0,1,No duplicates
MCH6666,Baral Inc,5699,Apparel,Individual,Bengaluru,Karnataka,2025-12-22 00:00:00,DXHD9016941179950,ACTIVE,381.87,CONFLICTING_MERCHANT_RECORD,0.55,2,"Conflicting Names: ['Baral Inc', 'Atwal, Sahni And Baral']; Conflicting Categories: ['Clothing', 'Retail']; Conflicting Cities: ['Bengaluru', 'Mumbai']"
MCH6667,Konda-Jain,5912,Pharmacy,Sole Proprietor,Hyderabad,Telangana,2024-10-16 00:00:00,,ACTIVE,2831.62,SINGLETON,1.0,1,No duplicates
MCH6670,Sawhney Inc,5411,Grocery,Individual,Blr,Karnataka,2026-01-17 00:00:00,XXXX5717,ACTIVE,2332.15,SINGLETON,1.0,1,No duplicates
MCH6671,Chandran-Dada,5699,Apparel,Partnership,Amritsar,Punjab,2023-04-12 00:00:00,6648722960,ACTIVE,2579.5,SINGLETON,1.0,1,No duplicates
MCH6672,"Mittal, Bajwa And Guha",5812,Restaurant,Individual,Delhi,Delhi,2023-08-09 00:00:00,XXXX4811,ACTIVE,3663.66,CONFLICTING_MERCHANT_RECORD,0.55,2,"Conflicting Names: ['Mittal, Bajwa And Guha', 'Nagarajan Inc']; Conflicting Categories: ['Restaurants', 'Food_Services']; Conflicting Cities: ['Delhi', 'Lucknow']"
MCH6675,Vora And Sons,,Apparel,Partnership,Ludhiana,Punjab,2025-07-31 00:00:00,XXXX5119,ACTIVE,769.28,SINGLETON,1.0,1,No duplicates
MCH6676,Balakrishnan-Baral,4131,Transportation,Partnership,Chennai,Tamil Nadu,2025-08-02 10:17:51,,ACTIVE,1126.87,SINGLETON,1.0,1,No duplicates
MCH6677,"Deshmukh, Choudhry And Lad",5912,Pharmacy,Private_Limited,Jalandhar,Punjab,2024-12-05 00:00:00,,INACTIVE,2949.0,SINGLETON,1.0,1,No duplicates
MCH6680,Vaidya-Agrawal,5999,Miscellaneous Retail,Partnership,New Delhi,Delhi,2025-05-28 00:00:00,,ACTIVE,,SINGLETON,1.0,1,No duplicates
MCH6681,Baria Plc,4131,Transportation,Individual,Delhi,Delhi,2026-02-17 00:00:00,0443076547,INACTIVE,1343.0,SINGLETON,1.0,1,No duplicates
MCH6683,Pai Inc,5411,Grocery,Individual,Madras,Tamil Nadu,2025-11-29 00:42:00,XSXE7944444672498,ACTIVE,808.55,CONFLICTING_MERCHANT_RECORD,0.55,2,"Conflicting Names: ['Pai Inc', 'Konda-Nagar']; Conflicting Categories: ['Grocery', 'Telecom']; Conflicting Cities: ['Madras', 'Ldh']"
MCH6692,"Mohan, Ravi And Sinha",7011,Hotel & Lodging,Partnership,Jalandhar,Punjab,2023-05-10 00:00:00,UFCM4399349836488,ACTIVE,641.51,CONFLICTING_MERCHANT_RECORD,0.55,3,"Conflicting Names: ['Mohan, Ravi And Sinha', 'Parekh Group', 'Kamdar Inc']; Conflicting Categories: ['Hotel_Lodging', 'Book Store', 'Retail Other']; Conflicting Cities: ['Jalandhar', 'Asr', 'Lucknow']"
MCH6697,"Chanda, Chakraborty And Mand",4814,Telecom,Individual,Pune,Maharashtra,2025-09-29 15:02:00,4744924569,ACTIVE,706.35,CONFLICTING_MERCHANT_RECORD,0.55,2,"Conflicting Names: ['Chanda, Chakraborty And Mand', 'Andra-Sengupta']; Conflicting Categories: ['Telecom', 'Grocery_Store']; Conflicting Cities: ['Pune', 'Blr']"
MCH6700,Ravi Ltd,4814,Telecom,Partnership,Pune,Maharashtra,,,ACTIVE,219.11,SINGLETON,1.0,1,No duplicates
MCH6707,Kari Ltd,,Books & Stationery,Sole Proprietor,Bangalore,Karnataka,2025-06-21 00:00:00,8891593046,ACTIVE,1949.47,CONFLICTING_MERCHANT_RECORD,0.55,2,"Conflicting Names: ['Chandra Group', 'Kari Ltd']; Conflicting Categories: ['Mobile Recharge', 'Books']; Conflicting Cities: ['Ldh', 'Bangalore']"
MCH6708,Wali Llc,7011,Hotel & Lodging,Sole_Proprietor,Amritsar,Punjab,2023-04-09 00:00:00,1946521583,ACTIVE,469.66,CONFLICTING_MERCHANT_RECORD,0.55,2,"Conflicting Names: ['Wali Llc', 'Soman And Sons']; Conflicting Categories: ['Hotel', 'Medical_Store']; Conflicting Cities: ['Amritsar', 'Ldh']"
MCH6711,Loyal-Srinivasan,5411,Grocery,Partnership,Hyderabad,Telangana,2025-06-15 00:00:00,XXXX4153,INACTIVE,931.24,SINGLETON,1.0,1,No duplicates
MCH6716,Shan Plc,5699,Apparel,Partnership,Amritsar,Punjab,2025-09-07 00:00:00,XXXX2064,ACTIVE,1208.93,SINGLETON,1.0,1,No duplicates
MCH6718,Chaudry-Ramachandran,4814,Telecom,Individual,Lucknow,Uttar Pradesh,2024-07-19 00:00:00,XXXX5658,ACTIVE,1635.83,SINGLETON,1.0,1,No duplicates
MCH6720,"Dhingra, Shukla And Edwin",5912,Pharmacy,Partnership,Amritsar,Punjab,2025-08-07 00:00:00,XXXX5057,ACTIVE,638.0,SINGLETON,1.0,1,No duplicates
MCH6721,Pradhan-Taneja,5411,Grocery,Individual,Blr,Karnataka,,XXXX4118,ACTIVE,433.36,CONFLICTING_MERCHANT_RECORD,0.55,2,"Conflicting Names: ['Pradhan-Taneja', 'Saran, Varughese And Savant']; Conflicting Categories: ['Grocery Stores', 'Pharmacies']; Conflicting Cities: ['Blr', 'Ludhiana']"
MCH6722,Khalsa-Kapadia,5912,Pharmacy,Partnership,Bengaluru,Karnataka,2023-03-06 00:00:00,4686133127,ACTIVE,2042.78,CONFLICTING_MERCHANT_RECORD,0.55,2,"Conflicting Names: ['Bhagat Llc', 'Khalsa-Kapadia']; Conflicting Categories: ['Misc Retail', 'Medical_Store']; Conflicting Cities: ['Bombay', 'Bengaluru']"
MCH6726,Boase-Chatterjee,7011,Hotel & Lodging,Individual,Chennai,Tamil Nadu,2024-04-10 07:16:24,,SUSPENDED,1583.09,SINGLETON,1.0,1,No duplicates
MCH6729,Khatri And Sons,,Pharmacy,Partnership,Madras,Tamil Nadu,2023-07-01 00:00:00,TABO6915851442100,ACTIVE,,CONFLICTING_MERCHANT_RECORD,0.55,2,"Conflicting Names: ['Sharma And Sons', 'Khatri And Sons']; Conflicting Categories: ['Retail', 'Medical']; Conflicting Cities: ['Amritsar', 'Madras']"
MCH6730,"Babu, Sarma And Setty",5912,Pharmacy,Partnership,Lucknow,Uttar Pradesh,2023-10-28 00:00:00,XXXX4738,ACTIVE,1118.53,SINGLETON,1.0,1,No duplicates
MCH6731,Thakurplc,5812,Restaurant,Individual,Hyd,Telangana,2025-10-25 00:00:00,,ACTIVE,305.3,CONFLICTING_MERCHANT_RECORD,0.55,4,"Conflicting Names: ['Thakurplc', 'Wagle-Pau', 'Dhar Llc']; Conflicting Categories: ['Eating Place', 'Department Stores']; Conflicting Cities: ['Hyd', 'Amritsar', 'Calcutta']"
MCH6737,Kohli Inc,5942,Books & Stationery,Partnership,Ludhiana,Punjab,2023-07-06 00:00:00,7394942754,ACTIVE,675.29,FORMATTING_DUPLICATE,0.85,2,2 records with formatting variations consolidated
MCH6738,"Jain, Kothari And Subramanian",4814,Telecom,Individual,Delhi,Delhi,2025-12-06 23:26:23,MCPW5267667383117,INACTIVE,1846.61,CONFLICTING_MERCHANT_RECORD,0.55,2,"Conflicting Names: ['Jain, Kothari And Subramanian', 'Bhavsar Llc']; Conflicting Categories: ['Telecom', 'Apparel']; Conflicting Cities: ['Delhi', 'Lucknow']"
MCH6741,Parikh-Bhatt,7011,Hotel & Lodging,Partnership,Delhi,Delhi,2025-06-20 00:00:00,,SUSPENDED,664.53,SINGLETON,1.0,1,No duplicates
MCH6742,Mammen Gr0Up,4814,Telecom,Private Limited,Kolkata,West Bengal,2024-03-20 00:00:00,XXXX8463,ACTIVE,6284.1,CONFLICTING_MERCHANT_RECORD,0.55,2,"Conflicting Names: ['Garde, Chaudhry And Mistry', 'Mammen Gr0Up']; Conflicting Categories: ['Hospitality', 'Phone Service']; Conflicting Cities: ['Jalandhar', 'Kolkata']"
MCH6743,Zacharia Inc,5411,Grocery,Individual,Dilli,Delhi,2024-03-31 03:21:00,XXXX6034,ACTIVE,1075.68,CONFLICTING_MERCHANT_RECORD,0.55,5,"Conflicting Names: ['Mistry, Acharya And Rau', 'Zacharia Inc', 'Manne-Prasad', 'Patla Inc']; Conflicting Categories: ['Misc Retail', 'Kirana', 'Miscellaneous', 'Mobile Recharge']; Conflicting Cities: ['Kolkata', 'Dilli', 'Amritsar', 'Mumbai']"
MCH6744,Grewal Inc,5999,Miscellaneous Retail,Private_Limited,Hyd,Telangana,2023-12-01 00:00:00,,ACTIVE,1886.71,SINGLETON,1.0,1,No duplicates
MCH6745,Chaudry Plc,7011,Hotel & Lodging,Individual,Lucknow,Uttar Pradesh,2023-05-16 00:00:00,,INACTIVE,2605.91,SINGLETON,1.0,1,No duplicates
MCH6746,"Tank, Chanda And Kothari",5411,Grocery,Private_Limited,Ludhiana,Punjab,2024-02-04 00:00:00,2882499145,ACTIVE,2445.51,SINGLETON,1.0,1,No duplicates
MCH6748,Sathe Inc,5411,Grocery,Sole_Proprietor,Kolkata,West Bengal,2023-05-07 00:00:00,,INACTIVE,1451.17,SINGLETON,1.0,1,No duplicates
MCH6751,Jhaveri-Rege,5942,Books & Stationery,Private_Limited,Jalandhar,Punjab,2023-07-30 00:00:00,,ACTIVE,1649.91,SINGLETON,1.0,1,No duplicates
MCH6755,Subramaniam Inc,7011,Hotel & Lodging,Partnership,Delhi,Delhi,2024-03-23 00:00:00,,ACTIVE,1535.05,SINGLETON,1.0,1,No duplicates
MCH6756,Mangal Plc,5812,Restaurant,Individual,Kolkata,West Bengal,2024-12-21 00:00:00,XXXX7752,ACTIVE,689.85,SINGLETON,1.0,1,No duplicates
MCH6757,Brar-Saha,5942,Books & Stationery,Sole_Proprietor,Ludhiana,Punjab,2024-05-09 00:00:00,NTTY4243627390116,ACTIVE,602.25,SINGLETON,1.0,1,No duplicates
MCH6758,"Kaul, Vyas And Bobal",5912,Pharmacy,Sole Proprietor,Jaipur,Rajasthan,,OLOU3337406191926,ACTIVE,1560.09,SINGLETON,1.0,1,No duplicates
MCH6764,Rama-Vora,4131,Transportation,Partnership,Hyderabad,Telangana,2025-08-22 07:58:18,XXXX1624,ACTIVE,892.82,SINGLETON,1.0,1,No duplicates
MCH6765,Sengupta-Keer,5912,Pharmacy,Individual,New Delhi,Delhi,2025-11-17 00:00:00,XXXX7076,ACTIVE,1250.47,CONFLICTING_MERCHANT_RECORD,0.55,3,"Conflicting Names: ['Handa Plc', 'Konda-Mandal', 'Sengupta-Keer']; Conflicting Categories: ['Pharmacy', 'Telecom', 'Chemist']; Conflicting Cities: ['Kolkata', 'Mumbai', 'New Delhi']"
MCH6770,Chaudhari-Dewan,5942,Books & Stationery,Sole Proprietor,Jpr,Rajasthan,,,ACTIVE,1139.41,SINGLETON,1.0,1,No duplicates
MCH6772,"Sarin,Kaleandbava",5411,Grocery,Individual,Amritsar,Punjab,2024-03-12 00:00:00,4810020944,INACTIVE,893.58,SINGLETON,1.0,1,No duplicates
MCH6773,"Parmar, Sahota And Rajagopalan",5999,Miscellaneous Retail,Sole-Proprietor,Poona,Maharashtra,2024-02-23 00:00:00,GSZT9943608461358,ACTIVE,3042.0,SINGLETON,1.0,1,No duplicates
MCH6774,Parsa Ltd,5699,Apparel,Private_Limited,Asr,Punjab,2023-01-17 00:00:00,,ACTIVE,2007.14,SINGLETON,1.0,1,No duplicates
MCH6775,La11 Gr0Up,5999,Miscellaneous Retail,Private_Limited,Chennai,Tamil Nadu,,WEWN8816151774902,INACTIVE,196.61,SINGLETON,1.0,1,No duplicates
MCH6776,"Bhat, Hans And Maharaj",5812,Restaurant,Individual,Ludhiana,Punjab,2024-09-17 21:52:50,XXXX5302,INACTIVE,699.0,CONFLICTING_MERCHANT_RECORD,0.55,3,"Conflicting Names: ['Khanna, Kadakia And Hans', 'Bhat, Hans And Maharaj', 'Hari-Tak']; Conflicting Categories: ['Books_Stationery', 'Food', 'Transport']; Conflicting Cities: ['Jalandar', 'Ludhiana', 'Jalandhar']"
MCH6777,Lall-Date,5411,Grocery,Partnership,Lko,Uttar Pradesh,2023-12-20 14:05:11,XXXX6676,ACTIVE,1143.87,SINGLETON,1.0,1,No duplicates
MCH6780,"Bhatia, Dalal And Kapur",5999,Miscellaneous Retail,Private_Limited,Jalandhar,Punjab,2025-05-24 00:31:32,,ACTIVE,10952.74,SINGLETON,1.0,1,No duplicates
MCH6782,Jani-Bhakta,7011,Hotel & Lodging,Private-Limited,Delhi,Delhi,2024-10-29 00:00:00,1624647213,ACTIVE,289.03,CONFLICTING_MERCHANT_RECORD,0.55,2,"Conflicting Names: ['Basu Plc', 'Jani-Bhakta']; Conflicting Categories: ['Food_Services', 'Hotel_Lodging']"
MCH6783,Raju Group,5812,Restaurant,Individual,Mumbay,Maharashtra,2025-05-17 11:49:22,XXXX7297,ACTIVE,,CONFLICTING_MERCHANT_RECORD,0.55,3,"Conflicting Names: ['Deep, Pall And Suri', 'Raju Group']; Conflicting Categories: ['Medical', 'Food_Services']; Conflicting Cities: ['Lko', 'Mumbay']"
MCH6785,Rai Llc,7011,Hotel & Lodging,Sole Proprietor,Chennai,Tamil Nadu,2024-12-01 08:40:45,,ACTIVE,2498.92,SINGLETON,1.0,1,No duplicates
MCH6789,Sanghvi-Garg,5699,Apparel,Individual,Kolkata,West Bengal,,XXXX2367,ACTIVE,8043.93,SINGLETON,1.0,1,No duplicates
MCH6795,"Hans, Majumdar And Mangat",5999,Miscellaneous Retail,Individual,Hyderabad,Telangana,2023-06-05 00:00:00,,ACTIVE,1573.9,SINGLETON,1.0,1,No duplicates
MCH6802,"Deo, Vohra And Palla",5311,Department Store,Private_Limited,Delhi,Delhi,2024-04-11 00:00:00,,ACTIVE,1823.92,SINGLETON,1.0,1,No duplicates
MCH6803,Babu-Aggarwal,5942,Books & Stationery,Partnership,Pune,Maharashtra,2025-05-24 00:00:00,KCIX8411550946242,ACTIVE,2653.94,SINGLETON,1.0,1,No duplicates
MCH6804,Johal And Sons,5699,Apparel,Sole-Proprietor,Chennai,Tamil Nadu,2025-10-13 00:00:00,9253208573,INACTIVE,4018.13,SINGLETON,1.0,1,No duplicates
MCH6805,Dora Ltd,5311,Department Store,Private-Limited,Mumbai,Maharashtra,2025-09-17 00:00:00,4896284694,ACTIVE,371.73,SINGLETON,1.0,1,No duplicates
MCH6806,Virk-Batra,7011,Hotel & Lodging,Sole-Proprietor,Jpr,Rajasthan,2024-01-04 17:25:45,1113737217,ACTIVE,687.46,CONFLICTING_MERCHANT_RECORD,0.55,2,"Conflicting Names: ['Badal-Bhasin', 'Virk-Batra']; Conflicting Categories: ['Grocery_Store', 'Hospitality']; Conflicting Cities: ['Hyderabad', 'Jpr']"
MCH6809,Reddy-Bhatt,,Apparel,Partnership,Blr,Karnataka,2024-08-05 00:00:00,,ACTIVE,2382.0,SINGLETON,1.0,1,No duplicates
MCH6812,"Gade, Badami And Choudhary",4814,Telecom,Sole_Proprietor,Asr,Punjab,2023-12-21 00:00:00,,ACTIVE,200.21,SINGLETON,1.0,1,No duplicates
MCH6814,Gara-Seth,4814,Telecom,Private_Limited,Jaipur,Rajasthan,2024-07-02 00:00:00,2121833537,ACTIVE,1223.19,SINGLETON,1.0,1,No duplicates
MCH6815,"Borra, Talwar And Jha",4814,Telecom,Partnership,Jalandar,Punjab,,0561076238,ACTIVE,750.82,SINGLETON,1.0,1,No duplicates
MCH6816,Muni-Bakshi,,Books & Stationery,Private_Limited,Mumbai,Maharashtra,2025-10-19 19:36:20,3427916602,SUSPENDED,1412.92,SINGLETON,1.0,1,No duplicates
MCH6818,"Bava, Badami And Sodhi",5311,Department Store,Partnership,Mumbai,Maharashtra,2023-03-16 00:00:00,JOTB5244966377910,ACTIVE,3479.78,CONFLICTING_MERCHANT_RECORD,0.55,3,"Conflicting Names: ['Bava, Badami And Sodhi', 'Kaur Ltd', 'Halder, Tata And Chand']; Conflicting Categories: ['Department Stores', 'Hotels']; Conflicting Cities: ['Mumbai', 'Ludhiana', 'Kolkata']"
MCH6819,"Krishnan, Pal And Nayar",5812,Restaurant,Sole_Proprietor,Hyd,Telangana,2025-10-17 18:49:43,,ACTIVE,499.0,CONFLICTING_MERCHANT_RECORD,0.55,3,"Conflicting Names: ['Arya, Bassi And Kaur', 'Krishnan, Pal And Nayar']; Conflicting Categories: ['Retail Other', 'Food_Services']; Conflicting Cities: ['Amritsar', 'Hyd']"
MCH6822,"Sankar, Deol And Goswami",4814,Telecom,Sole-Proprietor,Jaipur,Rajasthan,2025-03-31 00:00:00,XXXX2270,INACTIVE,1194.99,SINGLETON,1.0,1,No duplicates
MCH6824,"Talwar, Ramesh And Hora",,Books & Stationery,Sole-Proprietor,Bangalore,Karnataka,2023-09-10 00:00:00,XXXX8796,ACTIVE,3249.65,SINGLETON,1.0,1,No duplicates
MCH6825,Viswanathan Ltd,5912,Pharmacy,Partnership,Mumbai,Maharashtra,2023-01-10 00:00:00,7090133493,ACTIVE,1083.22,CONFLICTING_MERCHANT_RECORD,0.55,2,"Conflicting Names: ['Viswanathan Ltd', 'Biswas-Nadig']; Conflicting Categories: ['Chemist', 'Other']; Conflicting Cities: ['Mumbai', 'Jalandhar']"
MCH6827,Mangat And Sons,5912,Pharmacy,Sole-Proprietor,Jalandar,Punjab,,4120235225,ACTIVE,1859.4,SINGLETON,1.0,1,No duplicates
MCH6828,Warrior-Bhardwaj,4814,Telecom,Partnership,Lucknow,Uttar Pradesh,2023-06-01 00:00:00,NTMS5038197940684,ACTIVE,2500.44,SINGLETON,1.0,1,No duplicates
MCH6829,"Natarajan, Thaker And Aggarwal",5912,Pharmacy,Sole_Proprietor,Mumbai,Maharashtra,2024-01-24 00:00:00,,ACTIVE,1746.05,SINGLETON,1.0,1,No duplicates
MCH6831,Kurian And Sons,4131,Transportation,Private_Limited,Pune,Maharashtra,2024-09-08 00:00:00,,ACTIVE,350.65,CONFLICTING_MERCHANT_RECORD,0.55,2,"Conflicting Names: ['Kothari, De And Arora', 'Kurian And Sons']; Conflicting Categories: ['Retail Other', 'Transportation']; Conflicting Cities: ['Kolkata', 'Pune']"
MCH6832,"Chaudry, Barman And Patla",5812,Restaurant,Sole-Proprietor,Lucknow,Uttar Pradesh,2024-09-03 00:00:00,3762925357,INACTIVE,617.14,SINGLETON,1.0,1,No duplicates
MCH6836,Gola-Rout,5999,Miscellaneous Retail,Sole_Proprietor,Bengaluru,Karnataka,2025-12-03 00:00:00,6402935239,SUSPENDED,2040.92,SINGLETON,1.0,1,No duplicates
MCH6837,Oommen-Thaker,,Books & Stationery,Individual,Jalandhar,Punjab,2025-10-11 16:08:00,6324216769,ACTIVE,1750.4,CONFLICTING_MERCHANT_RECORD,0.55,3,"Conflicting Names: ['Oommen-Thaker', 'Wali, Upadhyay And Shukla']; Conflicting Categories: ['Books_Stationery', 'Grocery Stores']; Conflicting Cities: ['Jalandhar', 'Hyderabad']"
MCH6838,Wali-Nair,5912,Pharmacy,Private Limited,Delhi,Delhi,2023-11-12 00:00:00,3622849709,ACTIVE,1461.29,SINGLETON,1.0,1,No duplicates
MCH6839,Saha Llc,5411,Grocery,Individual,Chennai,Tamil Nadu,2025-07-20 00:00:00,XXXX2777,ACTIVE,1531.04,CONFLICTING_MERCHANT_RECORD,0.55,3,"Conflicting Names: ['Saha Llc', 'Kapoor-Dubey', 'Varughese Llc']; Conflicting Categories: ['Groceries', 'Telecom', 'Medical']; Conflicting Cities: ['Chennai', 'Dilli', 'Jpr']"
MCH6840,Saini Group,5411,Grocery,Private-Limited,Bengaluru,Karnataka,2024-09-15 00:00:00,4326022170,ACTIVE,731.68,SINGLETON,1.0,1,No duplicates
MCH6843,Gupta Gr0Up,5942,Books & Stationery,Sole-Proprietor,Jaipur,Rajasthan,,WRES2664733004628,ACTIVE,825.48,CONFLICTING_MERCHANT_RECORD,0.55,3,"Conflicting Names: ['Tata-Borah', 'Gupta Gr0Up', 'Thakkar, Date And Balasubramanian']; Conflicting Categories: ['Books_Stationery', 'Book Store', 'Apparel']; Conflicting Cities: ['Mumbai', 'Jaipur', 'Mumbay']"
MCH6844,"Bedi, Gill And Dube",7011,Hotel & Lodging,Partnership,Kolkata,West Bengal,2025-06-11 00:00:00,MUIE3650763763562,ACTIVE,713.58,SINGLETON,1.0,1,No duplicates
MCH6848,Dora Llc,5311,Department Store,Partnership,Chennai,Tamil Nadu,2025-09-20 22:23:18,DUSD7272281625368,ACTIVE,1272.49,SINGLETON,1.0,1,No duplicates
MCH6851,Chaudhary And S0Ns,4131,Transportation,Individual,Kolkata,West Bengal,2023-04-03 00:00:00,XXXX0557,ACTIVE,4509.31,SINGLETON,1.0,1,No duplicates
MCH6852,Swamy-Srinivas,4814,Telecom,Private-Limited,Madras,Tamil Nadu,,SOKG3294393943682,ACTIVE,449.44,SINGLETON,1.0,1,No duplicates
MCH6853,Prashad Plc,7011,Hotel & Lodging,Private_Limited,Dilli,Delhi,2024-06-13 00:00:00,KVIV4494971706487,ACTIVE,410.64,SINGLETON,1.0,1,No duplicates
MCH6854,Singh-Pandya,5942,Books & Stationery,Partnership,Amritsar,Punjab,2023-07-22 14:48:37,,ACTIVE,353.0,SINGLETON,1.0,1,No duplicates
MCH6855,"Soman, Ravel And Anand",5411,Grocery,Private Limited,Kolkata,West Bengal,2026-02-06 00:00:00,XXXX2710,ACTIVE,1385.58,SINGLETON,1.0,1,No duplicates
MCH6856,"Dalal, Morar And Gala",7011,Hotel & Lodging,Private-Limited,Madras,Tamil Nadu,2025-11-18 11:40:38,XXXX3477,ACTIVE,1373.13,SINGLETON,1.0,1,No duplicates
MCH6857,Barad And Sons,7011,Hotel & Lodging,Partnership,Jalandar,Punjab,2025-09-24 12:38:27,8351493566,ACTIVE,2452.63,SINGLETON,1.0,1,No duplicates
MCH6860,Buch Plc,5699,Apparel,Private_Limited,Calcutta,West Bengal,2025-01-09 00:00:00,,ACTIVE,364.0,SINGLETON,1.0,1,No duplicates
MCH6861,Venkataraman Ltd,5999,Miscellaneous Retail,Private-Limited,Mumbai,Maharashtra,2023-07-24 17:35:00,2685186379,ACTIVE,810.0,CONFLICTING_MERCHANT_RECORD,0.55,2,"Conflicting Names: ['Gandhi-Shukla', 'Venkataraman Ltd']; Conflicting Categories: ['Kirana', 'Other']; Conflicting Cities: ['Kolkata', 'Mumbai']"
MCH6862,Misra-Dada,4814,Telecom,Private_Limited,Kolkata,West Bengal,2025-08-12 00:00:00,XXXX0069,ACTIVE,736.0,CONFLICTING_MERCHANT_RECORD,0.55,2,"Conflicting Names: ['Agrawal, Butala And Ravi', 'Misra-Dada']; Conflicting Categories: ['Medical', 'Telecom']; Conflicting Cities: ['Bombay', 'Kolkata']"
MCH6863,Mani Group,5311,Department Store,Individual,Jpr,Rajasthan,2024-05-30 00:00:00,EJVY0425294699404,ACTIVE,2985.0,SINGLETON,1.0,1,No duplicates
MCH6865,Mander-Chakrabarti,7011,Hotel & Lodging,Private_Limited,Mumbai,Maharashtra,2023-04-20 10:35:00,,ACTIVE,465.56,SINGLETON,1.0,1,No duplicates
MCH6866,Shroff Plc,5912,Pharmacy,Partnership,Ludhiana,Punjab,2023-01-16 00:00:00,4290543649,ACTIVE,1819.8,CONFLICTING_MERCHANT_RECORD,0.55,3,"Conflicting Names: ['Gill-Shere', 'Thaker-Behl', 'Shroff Plc']; Conflicting Categories: ['Books_Stationery', 'Retail Other', 'Medical_Store']; Conflicting Cities: ['Calcutta', 'Pune', 'Ludhiana']"
MCH6868,Tara Group,5311,Department Store,Partnership,Pune,Maharashtra,2024-02-04 01:10:36,,ACTIVE,323.93,SINGLETON,1.0,1,No duplicates
MCH6869,"Oak, Kalla And Chand",4131,Transportation,Private_Limited,Pune,Maharashtra,2025-01-21 15:07:04,XXXX1495,ACTIVE,2412.44,SINGLETON,1.0,1,No duplicates
MCH6870,Basak Group,4814,Telecom,Sole_Proprietor,Poona,Maharashtra,2025-04-03 00:00:00,5001363774,ACTIVE,2497.95,SINGLETON,1.0,1,No duplicates
MCH6873,Dar And Sons,5311,Department Store,Sole_Proprietor,Jalandar,Punjab,,XXXX7759,ACTIVE,75.71,SINGLETON,1.0,1,No duplicates
MCH6875,Anand-Bajwa,7011,Hotel & Lodging,Private-Limited,Pune,Maharashtra,2025-06-15 00:00:00,5856572593,ACTIVE,1892.34,CONFLICTING_MERCHANT_RECORD,0.55,2,"Conflicting Names: ['Buch Ltd', 'Anand-Bajwa']; Conflicting Categories: ['Chemist', 'Hotel']; Conflicting Cities: ['Lko', 'Pune']"
MCH6877,Jain Plc,5699,Apparel,Partnership,Dilli,Delhi,2023-11-23 17:40:08,,ACTIVE,3249.89,CONFLICTING_MERCHANT_RECORD,0.55,2,"Conflicting Names: ['Jain Plc', 'Nadkarni And Sons']; Conflicting Categories: ['Apparel', 'Kirana']; Conflicting Cities: ['Dilli', 'Ludhiana']"
MCH6882,"Thaker, Hans And Chandra",4131,Transportation,Private-Limited,Lucknow,Uttar Pradesh,2025-02-10 06:27:51,XXXX2452,INACTIVE,274.11,SINGLETON,1.0,1,No duplicates
MCH6889,Vala Plc,5311,Department Store,Sole_Proprietor,Ludhiana,Punjab,2024-07-03 00:00:00,XXXX2033,ACTIVE,2028.13,CONFLICTING_MERCHANT_RECORD,0.55,2,"Conflicting Names: ['Behl-Deep', 'Vala Plc']; Conflicting Categories: ['Book Store', 'Department Stores']; Conflicting Cities: ['Bangalore', 'Ludhiana']"
MCH6890,Pandit-Narasimhan,7011,Hotel & Lodging,Private_Limited,Calcutta,West Bengal,2024-04-21 00:00:00,XXXX8046,INACTIVE,525.87,FORMATTING_DUPLICATE,0.85,2,2 records with formatting variations consolidated
MCH6892,Chacko-Gaba,5912,Pharmacy,Sole-Proprietor,Bengaluru,Karnataka,2025-05-07 00:00:00,XXXX0824,ACTIVE,684.73,SINGLETON,1.0,1,No duplicates
MCH6896,Padmanabhan-Purohit,4814,Telecom,Private-Limited,Calcutta,West Bengal,2025-09-10 00:00:00,9931095643,ACTIVE,1862.46,CONFLICTING_MERCHANT_RECORD,0.55,2,"Conflicting Names: ['Padmanabhan-Purohit', 'Dugar-Minhas']; Conflicting Categories: ['Telecom', 'Apparel']; Conflicting Cities: ['Calcutta', 'Mumbai']"
MCH6903,Sanghvi-Suresh,5912,Pharmacy,Sole Proprietor,Pune,Maharashtra,2024-12-01 00:00:00,XXXX6921,ACTIVE,3930.65,CONFLICTING_MERCHANT_RECORD,0.55,3,"Conflicting Names: ['Sanghvi-Suresh', 'Gu1Ati-Thaker', 'Lata-Raja']; Conflicting Categories: ['Medical', 'Restaurant', 'Transprt']; Conflicting Cities: ['Pune', 'Chennai']"
MCH6904,"Dora, Buch And Dara",5411,Grocery,Individual,Lko,Uttar Pradesh,2026-01-27 22:18:05,3574033912,ACTIVE,,CONFLICTING_MERCHANT_RECORD,0.55,3,"Conflicting Names: ['Master-Bhat', 'Dora, Buch And Dara', 'Dixit-Mallick']; Conflicting Categories: ['Department Store', 'Kirana', 'Hotel']; Conflicting Cities: ['Mumbai', 'Lko', 'Hyd']"
MCH6907,Dhillon-Sama,5812,Restaurant,Private-Limited,Jalandar,Punjab,2024-12-21 07:31:00,,ACTIVE,4335.88,SINGLETON,1.0,1,No duplicates
MCH6917,"Deshmukh, Parmar And Lad",4814,Telecom,Sole Proprietor,Jaipur,Rajasthan,2023-07-29 00:00:00,KZXC7074900980989,ACTIVE,1543.47,SINGLETON,1.0,1,No duplicates
MCH6918,Sant Ltd,4131,Transportation,Private_Limited,Chennai,Tamil Nadu,2023-01-15 00:00:00,,ACTIVE,472.0,SINGLETON,1.0,1,No duplicates
MCH6919,Mander Ltd,5999,Miscellaneous Retail,Partnership,Jalandhar,Punjab,2024-05-02 02:08:00,6597659461,ACTIVE,2549.85,SINGLETON,1.0,1,No duplicates
MCH6920,"Bhagat, Nadkarni And Dyal",5311,Department Store,Individual,Calcutta,West Bengal,2026-01-01 00:00:00,JTIZ3629800274600,ACTIVE,410.54,SINGLETON,1.0,1,No duplicates
MCH6922,"Bassi, Dara And Dutt",5699,Apparel,Private_Limited,Blr,Karnataka,2023-04-01 00:00:00,XXXX6999,ACTIVE,1736.93,CONFLICTING_MERCHANT_RECORD,0.55,2,"Conflicting Names: ['Bassi, Dara And Dutt', 'Walia, Mukherjee And Sodhi']; Conflicting Categories: ['Clothing', 'Medical']; Conflicting Cities: ['Blr', 'Mumbai']"
MCH6923,"Kumar, Hayre And Grover",5942,Books & Stationery,Partnership,Lko,Uttar Pradesh,2024-03-12 00:00:00,RIOW5493044350343,INACTIVE,937.24,SINGLETON,1.0,1,No duplicates
MCH6926,Bhattacharyya And S0Ns,,Pharmacy,Private-Limited,Jaipur,Rajasthan,2025-08-28 10:51:00,,ACTIVE,3997.27,SINGLETON,1.0,1,No duplicates
MCH6928,Tata-Wagle,5912,Pharmacy,Partnership,Bengaluru,Karnataka,2023-12-31 04:58:57,RIXU6958241048195,ACTIVE,1008.0,CONFLICTING_MERCHANT_RECORD,0.55,2,"Conflicting Names: ['Tata-Wagle', 'Mutti, Palla And Zacharia']; Conflicting Categories: ['Chemist', 'Telecom']; Conflicting Cities: ['Bengaluru', 'Kolkata']"
MCH6930,Dhingra Plc,4131,Transportation,Sole-Proprietor,Kolkata,West Bengal,2025-12-26 00:00:00,0573344250,ACTIVE,,CONFLICTING_MERCHANT_RECORD,0.55,2,"Conflicting Names: ['Dhingra Plc', 'Dave And Sons']; Conflicting Categories: ['Transprt', 'Garments']; Conflicting Cities: ['Kolkata', 'Delhi']"
MCH6935,"Sagar,Badalandjha",5912,Pharmacy,Private_Limited,Delhi,Delhi,2025-11-06 00:00:00,,ACTIVE,319.7,SINGLETON,1.0,1,No duplicates
MCH6939,Sampath Ltd,5999,Miscellaneous Retail,Sole-Proprietor,Lko,Uttar Pradesh,2025-07-01 11:23:00,XXXX8052,ACTIVE,2962.51,CONFLICTING_MERCHANT_RECORD,0.55,3,"Conflicting Names: ['Memon, Gole And Pingle', 'Sampath Ltd']; Conflicting Categories: ['Restaurants', 'Misc Retail']; Conflicting Cities: ['Lucknow', 'Lko']"
MCH6940,Koshy Inc,4131,Transportation,Private Limited,Chennai,Tamil Nadu,2024-06-25 00:00:00,,ACTIVE,5556.5,SINGLETON,1.0,1,No duplicates
MCH6943,Vyas Group,5699,Apparel,Individual,Asr,Punjab,2023-04-11 00:00:00,KIUE4469872424797,ACTIVE,651.75,SINGLETON,1.0,1,No duplicates
MCH6944,Amb1E-Duga1,4131,Transportation,Individual,Bombay,Maharashtra,2023-02-22 00:00:00,YQIS3275286791151,ACTIVE,1017.42,CONFLICTING_MERCHANT_RECORD,0.55,2,"Conflicting Names: ['Ghosh, Hayre And Seth', 'Amb1E-Duga1']; Conflicting Categories: ['Apparel', 'Bus/Taxi']; Conflicting Cities: ['Jaipur', 'Bombay']"
MCH6945,Barad Llc,5311,Department Store,Partnership,Ludhiana,Punjab,2025-09-13 06:55:00,,ACTIVE,3350.77,SINGLETON,1.0,1,No duplicates
MCH6947,Sen Llc,5912,Pharmacy,Individual,Hyderabad,Telangana,2025-05-29 00:00:00,0155753762,ACTIVE,820.37,CONFLICTING_MERCHANT_RECORD,0.55,2,"Conflicting Names: ['Sen Llc', 'Desai, Dara And Dani']; Conflicting Categories: ['Medical', 'Telecom']; Conflicting Cities: ['Hyderabad', 'Blr']"
MCH6948,"Kala,Lokeandsinghal",4814,Telecom,Individual,Bangalore,Karnataka,2025-07-16 00:00:00,,ACTIVE,752.55,SINGLETON,1.0,1,No duplicates
MCH6949,"Dada, Suri And Chhabra",7011,Hotel & Lodging,Sole-Proprietor,Poona,Maharashtra,2024-01-26 00:00:00,2829880140,ACTIVE,333.77,SINGLETON,1.0,1,No duplicates
MCH6950,"Bal, Swaminathan And Desai",5912,Pharmacy,Partnership,Jaipur,Rajasthan,2025-04-10 00:08:00,XXXX4795,ACTIVE,1101.05,SINGLETON,1.0,1,No duplicates
MCH6953,Khurana-Prabhakar,,Books & Stationery,Partnership,Hyderabad,Telangana,2024-10-03 00:00:00,,ACTIVE,2749.21,SINGLETON,1.0,1,No duplicates
MCH6959,"Agrawal, Bhatt And Babu",7011,Hotel & Lodging,Partnership,Lucknow,Uttar Pradesh,2024-05-24 03:34:51,,ACTIVE,611.31,SINGLETON,1.0,1,No duplicates
MCH6960,Das-Dhawan,,Restaurant,Partnership,Jaipur,Rajasthan,2023-01-22 00:00:00,,ACTIVE,1832.0,SINGLETON,1.0,1,No duplicates
MCH6965,Lala Group,5912,Pharmacy,Private-Limited,Pune,Maharashtra,2023-08-26 00:00:00,,ACTIVE,256.0,SINGLETON,1.0,1,No duplicates
MCH6966,"Wali, Mand And Prabhakar",5942,Books & Stationery,Partnership,Amritsar,Punjab,2023-10-16 00:00:00,,ACTIVE,2789.87,SINGLETON,1.0,1,No duplicates
MCH6970,Mani-Sankaran,5411,Grocery,Partnership,Delhi,Delhi,2024-09-25 00:00:00,8930276730,ACTIVE,511.17,CONFLICTING_MERCHANT_RECORD,0.55,2,"Conflicting Names: ['Chopra-Loke', 'Mani-Sankaran']; Conflicting Categories: ['Department Store', 'Grocery Stores']; Conflicting Cities: ['Jpr', 'Delhi']"
MCH6972,Badal-Kamdar,7011,Hotel & Lodging,Private-Limited,Pune,Maharashtra,2023-12-20 14:49:48,,ACTIVE,1516.57,SINGLETON,1.0,1,No duplicates
MCH6974,Ramaswamy Ltd,5311,Department Store,Individual,Delhi,Delhi,2026-01-01 00:00:00,XXXX1883,ACTIVE,1499.0,SINGLETON,1.0,1,No duplicates
MCH6977,Sathe-Jha,5942,Books & Stationery,Individual,Lko,Uttar Pradesh,2023-08-06 00:00:00,XXXX2950,ACTIVE,1341.62,SINGLETON,1.0,1,No duplicates
MCH6979,Tiwari And Sons,5999,Miscellaneous Retail,Sole Proprietor,Mumbai,Maharashtra,,XXXX1209,ACTIVE,2312.0,CONFLICTING_MERCHANT_RECORD,0.55,3,"Conflicting Names: ['Nadig Ltd', 'Tiwari And Sons']; Conflicting Categories: ['Chemist', 'Retail Other']; Conflicting Cities: ['Chennai', 'Mumbai']"
MCH6980,Sarna-Rajagopal,5999,Miscellaneous Retail,Partnership,Jalandhar,Punjab,2024-02-13 12:55:41,,ACTIVE,5229.33,SINGLETON,1.0,1,No duplicates
MCH6982,Manda And Sons,4814,Telecom,Partnership,Delhi,Delhi,2024-01-30 20:46:00,UKBI1493589511002,INACTIVE,474.53,CONFLICTING_MERCHANT_RECORD,0.55,2,"Conflicting Names: ['Manda And Sons', 'Baral, Ramachandran And Keer']; Conflicting Categories: ['Mobile Recharge', 'Stationery']; Conflicting Cities: ['Delhi', 'Lko']"
MCH6983,Barman-Chand,5311,Department Store,Partnership,Delhi,Delhi,2024-10-07 12:44:43,,ACTIVE,3713.18,SINGLETON,1.0,1,No duplicates
MCH6984,Wadhwa Llc,5411,Grocery,Individual,Pune,Maharashtra,2025-01-23 00:00:00,3976512741,ACTIVE,542.76,SINGLETON,1.0,1,No duplicates
MCH6985,Devi-Radhakrishnan,5942,Books & Stationery,Individual,Jalandhar,Punjab,2023-01-20 03:57:02,VEKB0627444661101,ACTIVE,694.07,SINGLETON,1.0,1,No duplicates
MCH6986,"Joshi, Chacko And Sawhney",5411,Grocery,Individual,Mumbai,Maharashtra,2025-11-05 00:00:00,3156013270,ACTIVE,606.88,CONFLICTING_MERCHANT_RECORD,0.55,2,"Conflicting Names: ['Shetty Group', 'Joshi, Chacko And Sawhney']; Conflicting Categories: ['Telecom', 'Kirana']; Conflicting Cities: ['Bengaluru', 'Mumbai']"
MCH6989,Raju Llc,5699,Apparel,Individual,Jpr,Rajasthan,2023-11-03 00:00:00,4351608402,INACTIVE,1427.8,SINGLETON,1.0,1,No duplicates
MCH6990,Apte-Choudhary,4131,Transportation,Partnership,Bangalore,Karnataka,2023-05-05 00:00:00,,ACTIVE,3342.47,SINGLETON,1.0,1,No duplicates
MCH6991,Dani Ltd,,Transportation,Partnership,Bengaluru,Karnataka,2025-07-16 00:00:00,5759081808,ACTIVE,1831.13,SINGLETON,1.0,1,No duplicates
MCH6992,"Srivastava, Sha And Natarajan",5812,Restaurant,Partnership,Amritsar,Punjab,2026-01-21 00:00:00,5921074250,ACTIVE,893.0,SINGLETON,1.0,1,No duplicates
MCH6998,Jani-Nayak,5311,Department Store,Individual,Delhi,Delhi,2026-01-27 00:00:00,,ACTIVE,3349.13,SINGLETON,1.0,1,No duplicates
MCH6999,Srinivasan-Agate,5812,Restaurant,Partnership,Hyd,Telangana,2023-02-22 17:51:00,,ACTIVE,1015.19,CONFLICTING_MERCHANT_RECORD,0.55,2,"Conflicting Names: ['Srinivasan-Agate', 'Solanki Plc']; Conflicting Categories: ['Eating Place', 'Hotel']; Conflicting Cities: ['Hyd', 'Madras']"
MCH7001,Das Llc,4814,Telecom,Private-Limited,Kolkata,West Bengal,2025-09-02 00:00:00,,ACTIVE,3255.38,SINGLETON,1.0,1,No duplicates
MCH7003,"Koshy, Samra And Chana",5942,Books & Stationery,Private-Limited,Jalandhar,Punjab,2024-06-29 00:00:00,XXXX7569,SUSPENDED,776.99,CONFLICTING_MERCHANT_RECORD,0.55,2,"Conflicting Names: ['Koshy, Samra And Chana', 'Dutt, Sachdeva And Sridhar']; Conflicting Categories: ['Books_Stationery', 'Retail Other']; Conflicting Cities: ['Jalandhar', 'Lucknow']"
MCH7007,Sastry-Soni,7011,Hotel & Lodging,Sole_Proprietor,Chennai,Tamil Nadu,2024-11-01 00:00:00,XXXX4092,INACTIVE,649.1,SINGLETON,1.0,1,No duplicates
MCH7010,Kuruvilla-Shanker,5411,Grocery,Sole-Proprietor,Dilli,Delhi,2023-07-22 00:00:00,,SUSPENDED,524.4,SINGLETON,1.0,1,No duplicates
MCH7013,"Batra,Narangandgala",5912,Pharmacy,Sole_Proprietor,New Delhi,Delhi,2025-03-02 00:00:00,XXXX0133,ACTIVE,2875.47,CONFLICTING_MERCHANT_RECORD,0.55,2,"Conflicting Names: ['Menon, Bahri And Pal', 'Batra,Narangandgala']; Conflicting Categories: ['Hotel_Lodging', 'Medical_Store']; Conflicting Cities: ['Lucknow', 'New Delhi']"
MCH7016,Ratti Plc,4131,Transportation,Partnership,Lko,Uttar Pradesh,2025-10-18 02:35:27,HWTR3220006102269,ACTIVE,319.94,SINGLETON,1.0,1,No duplicates
MCH7017,"Roy, Khosla And Oak",,Department Store,Sole_Proprietor,Lucknow,Uttar Pradesh,2025-09-14 00:00:00,XXXX0409,ACTIVE,952.71,CONFLICTING_MERCHANT_RECORD,0.55,2,"Conflicting Names: ['Roy, Khosla And Oak', 'Deepgroup']; Conflicting Categories: ['Misc Retail', 'Hospitality']; Conflicting Cities: ['Lucknow', 'Dilli']"
MCH7020,Dalal Llc,5311,Department Store,Partnership,Chennai,Tamil Nadu,2023-10-01 13:17:54,,ACTIVE,1105.4,SINGLETON,1.0,1,No duplicates
MCH7021,"Dewan, Banerjee And Purohit",7011,Hotel & Lodging,Sole_Proprietor,Bangalore,Karnataka,2024-07-01 00:00:00,XXXX8572,ACTIVE,969.81,SINGLETON,1.0,1,No duplicates
MCH7023,Mannan-Mallick,5999,Miscellaneous Retail,Individual,Hyderabad,Telangana,,BQNS1502974429250,ACTIVE,1891.27,CONFLICTING_MERCHANT_RECORD,0.55,2,"Conflicting Names: ['Mannan-Mallick', 'Walla-Raj']; Conflicting Categories: ['Misc Retail', 'Department Store']; Conflicting Cities: ['Hyderabad', 'Delhi']"
MCH7024,Gandhi-Kunda,5942,Books & Stationery,Private_Limited,Lko,Uttar Pradesh,2024-04-22 00:00:00,,ACTIVE,184.56,SINGLETON,1.0,1,No duplicates
MCH7025,"Shanker, Bandi And Bala",5999,Miscellaneous Retail,Individual,Bengaluru,Karnataka,2025-01-26 00:00:00,XXXX6482,ACTIVE,4575.03,SINGLETON,1.0,1,No duplicates
MCH7026,Ganesan-Manda,7011,Hotel & Lodging,Sole Proprietor,Mumbai,Maharashtra,2025-09-30 00:00:00,6953234378,ACTIVE,1364.0,SINGLETON,1.0,1,No duplicates
MCH7027,"Vyas, Ghose And Narasimhan",5311,Department Store,Sole_Proprietor,Hyderabad,Telangana,2023-04-05 00:00:00,GJGE7959201596190,ACTIVE,860.0,SINGLETON,1.0,1,No duplicates
MCH7028,"Mohanty, Ray And Prabhu",5942,Books & Stationery,Individual,Hyd,Telangana,2024-03-22 00:00:00,,ACTIVE,174.0,CONFLICTING_MERCHANT_RECORD,0.55,2,"Conflicting Names: ['Mohanty, Ray And Prabhu', 'Jain-Merchant']; Conflicting Categories: ['Books', 'Medical']; Conflicting Cities: ['Hyd', 'Lucknow']"
MCH7029,"Vasa, Zachariah And Narula",5812,Restaurant,Private-Limited,Kolkata,West Bengal,2025-01-15 00:00:00,6099382833,ACTIVE,2526.83,CONFLICTING_MERCHANT_RECORD,0.55,2,"Conflicting Names: ['Vasa, Zachariah And Narula', 'Purohit Ltd']; Conflicting Categories: ['Restaurants', 'Mobile Recharge']; Conflicting Cities: ['Kolkata', 'Bengaluru']"
MCH7030,Shan Ltd,5311,Department Store,Individual,Ludhiana,Punjab,,,SUSPENDED,466.83,SINGLETON,1.0,1,No duplicates
MCH7031,Chander Inc,4814,Telecom,Private Limited,Poona,Maharashtra,2025-09-28 00:00:00,XXXX5142,ACTIVE,1538.5,SINGLETON,1.0,1,No duplicates
MCH7032,"Mangat, Naik And Kakar",7011,Hotel & Lodging,Private_Limited,Asr,Punjab,2023-01-09 00:00:00,,ACTIVE,,SINGLETON,1.0,1,No duplicates
MCH7033,Mani And Sons,5699,Apparel,Partnership,Mumbai,Maharashtra,2023-07-06 00:00:00,,ACTIVE,2767.54,SINGLETON,1.0,1,No duplicates
MCH7034,Kohli Inc,,Grocery,Partnership,Bengaluru,Karnataka,2023-03-27 00:00:00,2103247749,ACTIVE,4369.0,CONFLICTING_MERCHANT_RECORD,0.55,3,"Conflicting Names: ['Deol Llc', 'Kohli Inc', 'Bhavsar Llc']; Conflicting Categories: ['Books_Stationery', 'Grocery', 'Misc Retail']; Conflicting Cities: ['Pune', 'Bengaluru', 'New Delhi']"
MCH7038,Mannan-Singh,5942,Books & Stationery,Individual,Blr,Karnataka,2025-05-25 00:00:00,KOWX5085991997722,INACTIVE,620.0,SINGLETON,1.0,1,No duplicates
MCH7040,Bhasin-Lala,5942,Books & Stationery,Individual,Mumbai,Maharashtra,2025-10-11 00:00:00,FTZP5237157996499,SUSPENDED,2406.66,SINGLETON,1.0,1,No duplicates
MCH7042,Barad-Raman,4814,Telecom,Sole Proprietor,Chennai,Tamil Nadu,2023-01-07 00:00:00,XXXX5012,ACTIVE,986.23,CONFLICTING_MERCHANT_RECORD,0.55,2,"Conflicting Names: ['Halder-Kalla', 'Barad-Raman']; Conflicting Categories: ['Misc Retail', 'Telecom']; Conflicting Cities: ['Pune', 'Chennai']"
MCH7044,Chanda-Gaba,5812,Restaurant,Private Limited,Bangalore,Karnataka,2023-06-04 10:26:47,SOPQ0539518853543,ACTIVE,402.62,CONFLICTING_MERCHANT_RECORD,0.55,2,"Conflicting Names: ['Anne, Som And Ganesan', 'Chanda-Gaba']; Conflicting Categories: ['Hotels', 'Restaurants']; Conflicting Cities: ['Jalandhar', 'Bangalore']"
MCH7047,Batta-Bhavsar,4814,Telecom,Individual,Lucknow,Uttar Pradesh,,DJKB0646172113081,ACTIVE,691.03,SINGLETON,1.0,1,No duplicates
MCH7048,Manda Inc,5942,Books & Stationery,Sole-Proprietor,Calcutta,West Bengal,2024-02-17 04:08:00,1555117689,ACTIVE,776.0,SINGLETON,1.0,1,No duplicates
MCH7050,Chand And Sons,5912,Pharmacy,Private-Limited,Bengaluru,Karnataka,2025-02-04 15:33:07,XXXX7630,ACTIVE,781.34,SINGLETON,1.0,1,No duplicates
MCH7051,Ramachandran-Rajan,5812,Restaurant,Partnership,Mumbai,Maharashtra,2023-12-26 00:00:00,XXXX3526,ACTIVE,1183.53,SINGLETON,1.0,1,No duplicates
MCH7057,"Lad, Kala And Bhagat",4814,Telecom,Partnership,Jaipur,Rajasthan,2026-02-10 15:50:00,,ACTIVE,1333.8,SINGLETON,1.0,1,No duplicates
MCH7058,"Barad,Palandboase",5311,Department Store,Individual,Kolkata,West Bengal,2025-12-06 04:07:00,XXXX2802,ACTIVE,1284.51,CONFLICTING_MERCHANT_RECORD,0.55,3,"Conflicting Names: ['Biswas, Arya And Chaudhary', 'Chatterjee Plc', 'Barad,Palandboase']; Conflicting Categories: ['Eating Place', 'Cloths', 'Department Store']; Conflicting Cities: ['Hyderabad', 'Jalandhar', 'Kolkata']"
MCH7060,"Nayak, Parmer And Anand",,Miscellaneous Retail,Private-Limited,Kolkata,West Bengal,2023-05-26 00:00:00,,ACTIVE,1299.1,SINGLETON,1.0,1,No duplicates
MCH7061,Grover And Sons,7011,Hotel & Lodging,Individual,Jpr,Rajasthan,2023-06-12 22:13:21,,ACTIVE,462.72,SINGLETON,1.0,1,No duplicates
MCH7062,"Karpe, Sekhon And Memon",5999,Miscellaneous Retail,Partnership,Madras,Tamil Nadu,2024-07-18 00:00:00,ERAF1958847105569,ACTIVE,2267.0,CONFLICTING_MERCHANT_RECORD,0.55,3,"Conflicting Names: ['Karpe, Sekhon And Memon', 'Upadhyay, Sethi And Tella']; Conflicting Categories: ['Miscellaneous', 'Restaurant']; Conflicting Cities: ['Madras', 'Amritsar']"
MCH7063,"Garg, Bawa And Hans",4814,Telecom,Private-Limited,Lko,Uttar Pradesh,2025-12-28 00:00:00,,ACTIVE,2717.9,CONFLICTING_MERCHANT_RECORD,0.55,2,"Conflicting Names: ['Garg, Bawa And Hans', 'Thaker, Grover And Mohanty']; Conflicting Categories: ['Telecom', 'Misc Retail']; Conflicting Cities: ['Lko', 'New Delhi']"
MCH7074,Chakrabarti-Rama,4131,Transportation,Individual,Poona,Maharashtra,2025-06-08 00:00:00,3727290380,ACTIVE,843.0,CONFLICTING_MERCHANT_RECORD,0.55,4,"Conflicting Names: ['Lalla-Iyengar', 'Chakrabarti-Rama', 'Yogi Group', 'Tripathi-Nayar']; Conflicting Categories: ['Pharmacies', 'Travel', 'Other', 'Transportation']; Conflicting Cities: ['Jalandhar', 'Poona', 'Bengaluru', 'Calcutta']"
MCH7075,D’Alia Group,7011,Hotel & Lodging,Partnership,Madras,Tamil Nadu,2024-05-03 20:19:30,1415999033,INACTIVE,1262.21,SINGLETON,1.0,1,No duplicates
MCH7076,Bava-Shroff,5999,Miscellaneous Retail,Sole Proprietor,Chennai,Tamil Nadu,2025-09-03 01:54:16,,ACTIVE,875.99,SINGLETON,1.0,1,No duplicates
MCH7077,Raman And Sons,5942,Books & Stationery,Partnership,Chennai,Tamil Nadu,2023-07-12 00:00:00,YGME2321336279700,ACTIVE,359.0,CONFLICTING_MERCHANT_RECORD,0.55,2,"Conflicting Names: ['Basu Llc', 'Raman And Sons']; Conflicting Categories: ['Hotel_Lodging', 'Stationery']; Conflicting Cities: ['Lucknow', 'Chennai']"
MCH7078,"Vasa, Gade And Viswanathan",5699,Apparel,Individual,Mumbai,Maharashtra,2025-08-17 00:00:00,XXXX5209,ACTIVE,660.73,FORMATTING_DUPLICATE,0.85,2,2 records with formatting variations consolidated
MCH7087,Prashad Llc,5311,Department Store,Partnership,Chennai,Tamil Nadu,2023-05-29 00:00:00,,ACTIVE,955.0,SINGLETON,1.0,1,No duplicates
MCH7088,Prabhu-Agarwal,5311,Department Store,Sole_Proprietor,Mumbai,Maharashtra,2025-11-30 13:55:45,1353265918,INACTIVE,5426.05,SINGLETON,1.0,1,No duplicates
MCH7089,"Reddy, Dua And Trivedi",5912,Pharmacy,Private Limited,Kolkata,West Bengal,2023-08-03 14:43:57,LAWF4141310421548,INACTIVE,819.59,SINGLETON,1.0,1,No duplicates
MCH7093,Pai-Pau,7011,Hotel & Lodging,Individual,Mumbai,Maharashtra,2025-03-19 11:49:49,,SUSPENDED,1636.89,SINGLETON,1.0,1,No duplicates
MCH7094,Narasimhan And Sons,5411,Grocery,Partnership,Lucknow,Uttar Pradesh,2023-04-03 07:40:00,5172263250,ACTIVE,522.74,CONFLICTING_MERCHANT_RECORD,0.55,2,"Conflicting Names: ['D’Alia, Talwar And Mukherjee', 'Narasimhan And Sons']; Conflicting Categories: ['Books', 'Groceries']; Conflicting Cities: ['Asr', 'Lucknow']"
MCH7095,"Sachdev, Sunder And Dalal",,Books & Stationery,Partnership,Mumbai,Maharashtra,2025-07-20 08:14:05,6394590196,ACTIVE,3937.6,CONFLICTING_MERCHANT_RECORD,0.55,4,"Conflicting Names: ['Soni-Dubey', 'Sachdev, Sunder And Dalal', 'Deshmukh-Sarna']; Conflicting Categories: ['Restaurants', 'Book Store', 'Miscellaneous']; Conflicting Cities: ['Mumbai', 'Bangalore']"
MCH7096,Mukhopadhyay-Din,5812,Restaurant,Private Limited,Delhi,Delhi,2023-09-21 00:00:00,8048297168,ACTIVE,616.51,CONFLICTING_MERCHANT_RECORD,0.55,3,"Conflicting Names: ['Saxena-Kara', 'Mukhopadhyay-Din']; Conflicting Categories: ['Books', 'Food_Services']; Conflicting Cities: ['Jaipur', 'Delhi']"
MCH7098,Patla Plc,4131,Transportation,Individual,Jaipur,Rajasthan,2024-11-14 15:07:19,,ACTIVE,926.0,CONFLICTING_MERCHANT_RECORD,0.55,2,"Conflicting Names: ['Patla Plc', 'Bora, Char And Dube']; Conflicting Categories: ['Bus/Taxi', 'Hospitality']; Conflicting Cities: ['Jaipur', 'Blr']"
MCH7100,Sanghvi-Pandit,5699,Apparel,Individual,Pune,Maharashtra,2024-07-09 00:00:00,,ACTIVE,638.61,SINGLETON,1.0,1,No duplicates
MCH7104,Kothari Llc,4814,Telecom,Partnership,Jalandar,Punjab,2023-07-12 00:00:00,XXXX8714,ACTIVE,810.17,SINGLETON,1.0,1,No duplicates
MCH7105,"Banerjee, Kurian And Bhatt",5699,Apparel,Sole-Proprietor,Asr,Punjab,2025-03-24 02:31:11,EDVM3800952600806,ACTIVE,265.52,CONFLICTING_MERCHANT_RECORD,0.55,4,"Conflicting Names: ['Banerjee, Kurian And Bhatt', 'Palan, Doctor And Arora', 'Saini Plc', 'Mann-Oommen']; Conflicting Categories: ['Cloths', 'Books_Stationery', 'Food', 'Telecom']; Conflicting Cities: ['Asr', 'Hyderabad', 'Kolkata', 'Chennai']"
MCH7106,Master And Sons,5812,Restaurant,Partnership,Lucknow,Uttar Pradesh,2023-01-27 00:00:00,6057584489,ACTIVE,1328.09,CONFLICTING_MERCHANT_RECORD,0.55,2,"Conflicting Names: ['Master And Sons', 'Mody-Mitter']; Conflicting Categories: ['Restaurant', 'Cloths']; Conflicting Cities: ['Lucknow', 'Bengaluru']"
MCH7108,Krishnan Group,5411,Grocery,Sole_Proprietor,Delhi,Delhi,2023-05-14 00:00:00,,ACTIVE,567.27,SINGLETON,1.0,1,No duplicates
MCH7111,Kohli-Zachariah,5411,Grocery,Partnership,Ldh,Punjab,2025-08-04 00:00:00,XXXX9398,ACTIVE,585.6,SINGLETON,1.0,1,No duplicates
MCH7113,"Jain,Bhattiandsha",5942,Books & Stationery,Partnership,Madras,Tamil Nadu,2025-07-30 15:17:22,XXXX9585,SUSPENDED,1921.99,SINGLETON,1.0,1,No duplicates
MCH7118,Chaudhry Ltd,5311,Department Store,Sole_Proprietor,Hyderabad,Telangana,2025-05-15 00:00:00,XXXX9631,ACTIVE,6144.18,SINGLETON,1.0,1,No duplicates
MCH7121,"Narasimhan, Anand And Gaba",5999,Miscellaneous Retail,Private_Limited,Pune,Maharashtra,2025-07-25 21:18:00,,ACTIVE,2139.0,SINGLETON,1.0,1,No duplicates
MCH7126,"Shankar, Dave And Mahajan",4131,Transportation,Individual,Pune,Maharashtra,2025-05-29 00:00:00,XXXX9486,ACTIVE,2564.94,CONFLICTING_MERCHANT_RECORD,0.55,2,"Conflicting Names: ['Shankar, Dave And Mahajan', 'Deol Ltd']; Conflicting Categories: ['Transport', 'Other']; Conflicting Cities: ['Pune', 'Delhi']"
MCH7127,"Chhabra, Dayal And Sood",5699,Apparel,Individual,Amritsar,Punjab,2024-06-05 00:00:00,7467986775,ACTIVE,1738.0,CONFLICTING_MERCHANT_RECORD,0.55,2,"Conflicting Names: ['Thakur, Hayre And Kalla', 'Chhabra, Dayal And Sood']; Conflicting Categories: ['Medical_Store', 'Apparel']; Conflicting Cities: ['Chennai', 'Amritsar']"
MCH7128,Agarwal Group,5912,Pharmacy,Private-Limited,Jalandhar,Punjab,2023-06-06 20:54:00,,ACTIVE,6405.9,SINGLETON,1.0,1,No duplicates
MCH7133,Dininc,5411,Grocery,Private_Limited,Pune,Maharashtra,2023-05-05 02:26:09,,INACTIVE,,SINGLETON,1.0,1,No duplicates
MCH7137,Krishna-Palan,4814,Telecom,Partnership,Ludhiana,Punjab,2025-09-29 00:00:00,GJTY8331565779502,ACTIVE,,CONFLICTING_MERCHANT_RECORD,0.55,2,"Conflicting Names: ['Krishna-Palan', 'Nanda-Nazareth']; Conflicting Cities: ['Ludhiana', 'Pune']"
MCH7138,Shere-Shankar,5411,Grocery,Sole_Proprietor,Chennai,Tamil Nadu,2024-03-07 10:53:23,CDLC2524893044250,ACTIVE,1960.27,SINGLETON,1.0,1,No duplicates
MCH7144,"Char, Kapadia And Palla",5999,Miscellaneous Retail,Private Limited,Mumbai,Maharashtra,2025-03-23 00:00:00,8545782179,INACTIVE,4555.85,SINGLETON,1.0,1,No duplicates
MCH7145,Ratti And Sons,,Grocery,Sole_Proprietor,Pune,Maharashtra,2025-07-01 00:00:00,9050093816,ACTIVE,1161.56,SINGLETON,1.0,1,No duplicates
MCH7146,Bali Plc,4814,Telecom,Private_Limited,Hyderabad,Telangana,2025-02-14 00:00:00,6264736894,ACTIVE,8255.11,CONFLICTING_MERCHANT_RECORD,0.55,2,"Conflicting Names: ['Brar, Chadha And Choudhary', 'Bali Plc']; Conflicting Categories: ['Dept_Store', 'Phone Service']"
MCH7149,Shanker-Kala,5942,Books & Stationery,Sole Proprietor,Amritsar,Punjab,2023-07-09 09:54:42,,ACTIVE,1819.0,CONFLICTING_MERCHANT_RECORD,0.55,3,"Conflicting Names: ['Shanker-Kala', 'Keer-Dua']; Conflicting Categories: ['Book Store', 'Transportation']; Conflicting Cities: ['Amritsar', 'Dilli']"
MCH7152,"Bedi, Patil And Rana",5311,Department Store,Private_Limited,Chennai,Tamil Nadu,2026-01-02 00:00:00,2453620033,INACTIVE,1076.99,CONFLICTING_MERCHANT_RECORD,0.55,2,"Conflicting Names: ['Bedi, Patil And Rana', 'Dewan-Garde']; Conflicting Categories: ['Retail', 'Travel']; Conflicting Cities: ['Chennai', 'Delhi']"
MCH7154,"Raj, Ram And Chokshi",5812,Restaurant,Private_Limited,Chennai,Tamil Nadu,2023-11-05 12:39:00,,ACTIVE,242.8,SINGLETON,1.0,1,No duplicates
MCH7156,"Sathe, Patla And Tailor",,Department Store,Individual,Jaipur,Rajasthan,2023-04-07 00:00:00,3942092126,ACTIVE,2168.89,CONFLICTING_MERCHANT_RECORD,0.55,3,"Conflicting Names: ['Lata-Som', 'Sathe, Patla And Tailor']; Conflicting Categories: ['Food_Services', 'Dept_Store']; Conflicting Cities: ['Bengaluru', 'Jaipur']"
MCH7157,Bir Inc,,Telecom,Private-Limited,Lucknow,Uttar Pradesh,2023-04-16 00:00:00,,ACTIVE,906.12,SINGLETON,1.0,1,No duplicates
MCH7162,Ranganathan-Chakraborty,5699,Apparel,Private_Limited,Poona,Maharashtra,2025-02-17 00:00:00,LGPC8265918729531,ACTIVE,1830.64,CONFLICTING_MERCHANT_RECORD,0.55,3,"Conflicting Names: ['Sankar, Muni And Mandal', 'Ranganathan-Chakraborty', 'Panchal-Ratti']; Conflicting Categories: ['Stationery', 'Garments', 'Kirana']; Conflicting Cities: ['Jalandhar', 'Poona', 'Delhi']"
MCH7163,"Chowdhury, Goyal And Pradhan",4131,Transportation,Sole Proprietor,Pune,Maharashtra,2023-08-11 00:00:00,5098805593,ACTIVE,806.17,SINGLETON,1.0,1,No duplicates
MCH7164,"Tata, Sachdeva And Palan",4131,Transportation,Individual,Jalandhar,Punjab,2023-08-10 05:30:25,FKFD7859864387581,ACTIVE,519.18,CONFLICTING_MERCHANT_RECORD,0.55,2,"Conflicting Names: ['Tata, Sachdeva And Palan', 'Lata-Parmar']; Conflicting Categories: ['Bus/Taxi', 'Food']; Conflicting Cities: ['Jalandhar', 'Madras']"
MCH7165,Kulkarni-Ramanathan,4814,Telecom,Private Limited,Amritsar,Punjab,2025-01-28 00:00:00,8142627827,ACTIVE,284.68,SINGLETON,1.0,1,No duplicates
MCH7167,"Bir, Kunda And Manne",5942,Books & Stationery,Partnership,Hyderabad,Telangana,2023-05-26 00:00:00,DXXE7335968012539,ACTIVE,397.0,SINGLETON,1.0,1,No duplicates
MCH7172,Chandran-Palla,5311,Department Store,Partnership,Pune,Maharashtra,2025-09-23 00:00:00,XXXX0145,ACTIVE,1177.65,SINGLETON,1.0,1,No duplicates
MCH7176,"Sachar, Wali And Saha",4131,Transportation,Individual,Kolkata,West Bengal,2026-02-13 00:00:00,7683191787,ACTIVE,980.72,SINGLETON,1.0,1,No duplicates
MCH7178,Devan And Sons,5411,Grocery,Sole Proprietor,Kolkata,West Bengal,2023-11-11 00:00:00,,INACTIVE,758.21,SINGLETON,1.0,1,No duplicates
MCH7181,"Dar, Dada And Kala",4131,Transportation,Partnership,Calcutta,West Bengal,2023-04-14 00:00:00,XXXX4833,ACTIVE,859.59,SINGLETON,1.0,1,No duplicates
MCH7184,Dara Inc,,Grocery,Sole_Proprietor,Mumbay,Maharashtra,2023-08-31 00:00:00,,ACTIVE,1095.25,SINGLETON,1.0,1,No duplicates
MCH7185,Prasad Ltd,5311,Department Store,Individual,Mumbai,Maharashtra,2023-06-04 18:29:01,XXXX4284,ACTIVE,853.37,CONFLICTING_MERCHANT_RECORD,0.55,3,"Conflicting Names: ['Agarwal Plc', 'Krishnamurthy Plc', 'Prasad Ltd']; Conflicting Categories: ['Hotels', 'Books_Stationery', 'Department Store']; Conflicting Cities: ['Pune', 'Jpr', 'Mumbai']"
MCH7187,Sandhu Inc,5812,Restaurant,Individual,Asr,Punjab,,0356861723,ACTIVE,4006.56,SINGLETON,1.0,1,No duplicates
MCH7190,Som-Kibe,5699,Apparel,Private-Limited,Lucknow,Uttar Pradesh,2023-04-09 07:24:49,,ACTIVE,2254.41,SINGLETON,1.0,1,No duplicates
MCH7191,Bhargava Ltd,5942,Books & Stationery,Sole Proprietor,Hyd,Telangana,2023-07-26 00:00:00,XXXX5061,INACTIVE,528.97,SINGLETON,1.0,1,No duplicates
MCH7192,Nanda And Sons,,Hotel & Lodging,Private Limited,Bangalore,Karnataka,2025-02-01 00:51:00,4205108918,ACTIVE,650.92,CONFLICTING_MERCHANT_RECORD,0.55,2,"Conflicting Names: ['Subramaniam And S0Ns', 'Nanda And Sons']; Conflicting Categories: ['Book Store', 'Hotel_Lodging']; Conflicting Cities: ['Dilli', 'Bangalore']"
MCH7194,Shan And S0Ns,4131,Transportation,Individual,Ludhiana,Punjab,,,ACTIVE,983.19,SINGLETON,1.0,1,No duplicates
MCH7195,Som And Sons,5999,Miscellaneous Retail,Sole_Proprietor,Chennai,Tamil Nadu,2024-10-15 14:41:16,,ACTIVE,1440.74,SINGLETON,1.0,1,No duplicates
MCH7196,Kurian-Trivedi,4814,Telecom,Partnership,Jaipur,Rajasthan,2023-06-09 00:00:00,,ACTIVE,1000.33,CONFLICTING_MERCHANT_RECORD,0.55,2,"Conflicting Names: ['Kurian-Trivedi', 'Kunda-Bakshi']; Conflicting Categories: ['Telecom', 'Retail']; Conflicting Cities: ['Jaipur', 'Kolkata']"
MCH7197,Raval-Chadha,5812,Restaurant,Individual,Bombay,Maharashtra,2023-09-25 00:19:22,,ACTIVE,218.4,SINGLETON,1.0,1,No duplicates
MCH7198,Rama And Sons,5912,Pharmacy,Partnership,Jaipur,Rajasthan,2023-02-15 00:00:00,6060043689,ACTIVE,1594.96,CONFLICTING_MERCHANT_RECORD,0.55,3,"Conflicting Names: ['Rama And Sons', 'Thakkar, Mistry And Sinha', 'Dar-Sani']; Conflicting Categories: ['Pharmacies', 'Book Store', 'Hotel']; Conflicting Cities: ['Jaipur', 'Pune', 'Hyderabad']"
MCH7199,Manda And Sons,5942,Books & Stationery,Sole_Proprietor,Delhi,Delhi,2026-02-10 11:11:00,,ACTIVE,1077.86,SINGLETON,1.0,1,No duplicates
MCH7200,Madan Plc,5699,Apparel,Individual,New Delhi,Delhi,2025-02-03 00:00:00,4050915455,ACTIVE,190.57,SINGLETON,1.0,1,No duplicates
MCH7201,"Patil, Mahajan And Issac",5999,Miscellaneous Retail,Private Limited,Mumbai,Maharashtra,2025-03-16 00:00:00,0796859598,ACTIVE,282.54,SINGLETON,1.0,1,No duplicates
MCH7202,Uppal Plc,4131,Transportation,Individual,Jaipur,Rajasthan,2023-03-01 00:00:00,INKB4884883910397,INACTIVE,1350.11,SINGLETON,1.0,1,No duplicates
MCH7203,Sani-Memon,,Department Store,Sole_Proprietor,Asr,Punjab,2023-03-25 00:00:00,OFZD1453201567778,ACTIVE,205.09,SINGLETON,1.0,1,No duplicates
MCH7204,Thaman Ltd,,Books & Stationery,Individual,Jalandhar,Punjab,2023-09-05 00:00:00,,ACTIVE,937.0,SINGLETON,1.0,1,No duplicates
MCH7205,Dara Plc,5912,Pharmacy,Sole_Proprietor,Ludhiana,Punjab,2023-09-26 00:00:00,,ACTIVE,1778.94,SINGLETON,1.0,1,No duplicates
MCH7206,Srivastava And Sons,5411,Grocery,Private Limited,Lucknow,Uttar Pradesh,2025-08-18 00:00:00,1550287427,ACTIVE,1434.41,SINGLETON,1.0,1,No duplicates
MCH7211,"Apte, Vasa And Batta",5942,Books & Stationery,Sole-Proprietor,Bombay,Maharashtra,2024-11-18 13:48:32,,ACTIVE,1841.0,CONFLICTING_MERCHANT_RECORD,0.55,2,"Conflicting Names: ['Apte, Vasa And Batta', 'Nagar-Bhagat']; Conflicting Categories: ['Books_Stationery', 'Apparel']; Conflicting Cities: ['Bombay', 'Blr']"
MCH7215,"Kau1, Pur0Hit And Ar0Ra",5311,Department Store,Private_Limited,Hyderabad,Telangana,2023-07-10 00:00:00,8944621322,ACTIVE,2403.84,SINGLETON,1.0,1,No duplicates
MCH7216,Pillai And Sons,4814,Telecom,Individual,Amritsar,Punjab,2025-02-12 23:50:00,,ACTIVE,356.0,SINGLETON,1.0,1,No duplicates
MCH7218,Varghese-Arya,7011,Hotel & Lodging,Private Limited,Lko,Uttar Pradesh,2025-12-25 00:00:00,VAFX9362941506530,ACTIVE,2725.82,SINGLETON,1.0,1,No duplicates
MCH7219,Dhawan-Saha,7011,Hotel & Lodging,Individual,Dilli,Delhi,2026-01-06 00:00:00,HJFW5603026154965,INACTIVE,2354.94,SINGLETON,1.0,1,No duplicates
MCH7220,Rege-Sharaf,5812,Restaurant,Private_Limited,Amritsar,Punjab,2023-12-15 00:00:00,RRUP8952328372225,ACTIVE,978.47,SINGLETON,1.0,1,No duplicates
MCH7222,Verma And Sons,4814,Telecom,Individual,Dilli,Delhi,2023-07-11 00:00:00,,INACTIVE,4154.85,SINGLETON,1.0,1,No duplicates
MCH7225,Apte-Wadhwa,5812,Restaurant,Individual,Jalandhar,Punjab,2025-03-07 07:20:55,XXXX2773,ACTIVE,5618.9,SINGLETON,1.0,1,No duplicates
MCH7226,"Peri, Barad And Panchal",5942,Books & Stationery,Sole_Proprietor,Delhi,Delhi,2024-11-30 00:00:00,VDWB1270434840968,ACTIVE,4237.0,SINGLETON,1.0,1,No duplicates
MCH7228,Swaminathanltd,,Telecom,Partnership,Ludhiana,Punjab,2024-03-13 00:00:00,XXXX9584,ACTIVE,,SINGLETON,1.0,1,No duplicates
MCH7229,"Salvi, Kale And Sunder",4814,Telecom,Private Limited,Pune,Maharashtra,2025-12-23 00:00:00,,ACTIVE,606.62,SINGLETON,1.0,1,No duplicates
MCH7233,Arora Llc,5699,Apparel,Individual,Ludhiana,Punjab,2025-10-11 00:00:00,1141889916,ACTIVE,2703.6,CONFLICTING_MERCHANT_RECORD,0.55,3,"Conflicting Names: ['Arora Llc', 'Kamdar-Bhakta']; Conflicting Categories: ['Apparel', 'Groceries']; Conflicting Cities: ['Ludhiana', 'Calcutta']"
MCH7236,"Ramanathan, Varkey And Iyengar",5812,Restaurant,Partnership,Ludhiana,Punjab,2024-01-17 20:37:00,8807064129,ACTIVE,843.44,CONFLICTING_MERCHANT_RECORD,0.55,2,"Conflicting Names: ['Ramanathan, Varkey And Iyengar', 'Bhasin Llc']; Conflicting Categories: ['Restaurant', 'Fashion']; Conflicting Cities: ['Ludhiana', 'Jalandhar']"
MCH7237,Reddy-Majumdar,,Restaurant,Partnership,Dilli,Delhi,2024-12-13 00:00:00,,ACTIVE,987.48,SINGLETON,1.0,1,No duplicates
MCH7239,Tata-Hayer,7011,Hotel & Lodging,Individual,Madras,Tamil Nadu,2025-06-09 00:00:00,MPZF9929757844428,ACTIVE,1929.61,CONFLICTING_MERCHANT_RECORD,0.55,2,"Conflicting Names: ['Tata-Hayer', 'Trivedi, Ramesh And Prabhakar']; Conflicting Categories: ['Hotel', 'Apparel']; Conflicting Cities: ['Madras', 'Lko']"
MCH7244,Nadig-Kata,,Transportation,Partnership,Bangalore,Karnataka,2024-08-02 04:15:28,1173278568,ACTIVE,1686.67,SINGLETON,1.0,1,No duplicates
MCH7246,Lata Ltd,5699,Apparel,Partnership,Madras,Tamil Nadu,2024-03-17 08:45:00,XXXX2358,ACTIVE,1315.04,SINGLETON,1.0,1,No duplicates
MCH7248,Rajagopalan Group,7011,Hotel & Lodging,Partnership,Hyderabad,Telangana,2024-05-22 00:00:00,,ACTIVE,859.24,SINGLETON,1.0,1,No duplicates
MCH7249,Prakash Group,5812,Restaurant,Sole_Proprietor,Mumbai,Maharashtra,2024-11-30 17:32:21,4410967035,ACTIVE,1855.0,SINGLETON,1.0,1,No duplicates
MCH7252,"Krishnamurthy, Pandit And Mukherjee",5942,Books & Stationery,Sole Proprietor,Hyd,Telangana,2025-08-01 00:00:00,0285621980,ACTIVE,1234.51,SINGLETON,1.0,1,No duplicates
MCH7256,Arora-Raman,4131,Transportation,Sole_Proprietor,Lucknow,Uttar Pradesh,2026-02-14 00:00:00,,ACTIVE,449.65,SINGLETON,1.0,1,No duplicates
MCH7257,"Nagi, Gera And Bedi",5999,Miscellaneous Retail,Sole Proprietor,Jpr,Rajasthan,2023-10-29 03:03:00,,ACTIVE,786.7,SINGLETON,1.0,1,No duplicates
MCH7258,"Om, Swaminathan And Ray",5699,Apparel,Private_Limited,Jaipur,Rajasthan,2024-07-16 08:10:14,ARZZ7929473227025,INACTIVE,472.89,SINGLETON,1.0,1,No duplicates
MCH7260,Kunda Inc,7011,Hotel & Lodging,Private Limited,Jalandhar,Punjab,2024-06-20 00:00:00,,ACTIVE,391.11,SINGLETON,1.0,1,No duplicates
MCH7262,Loke Llc,4814,Telecom,Partnership,Mumbai,Maharashtra,2023-12-13 00:00:00,XXXX0516,ACTIVE,3675.05,SINGLETON,1.0,1,No duplicates
MCH7266,Sule Plc,5812,Restaurant,Partnership,Jaipur,Rajasthan,2025-08-30 12:28:51,XXXX3283,ACTIVE,,SINGLETON,1.0,1,No duplicates
MCH7268,Mand-Char,5912,Pharmacy,Private_Limited,Mumbay,Maharashtra,2025-06-20 02:06:05,,ACTIVE,1359.5,SINGLETON,1.0,1,No duplicates
MCH7269,La11-Raman,4814,Telecom,Private_Limited,Lko,Uttar Pradesh,2023-10-25 09:50:57,4846136502,ACTIVE,1031.92,SINGLETON,1.0,1,No duplicates
MCH7270,Subramanian Llc,7011,Hotel & Lodging,Private-Limited,Asr,Punjab,2025-01-15 22:39:15,,ACTIVE,1469.96,SINGLETON,1.0,1,No duplicates
MCH7272,Bansal-Das,5912,Pharmacy,Sole Proprietor,Ludhiana,Punjab,2023-12-20 21:43:00,XXXX6496,ACTIVE,391.71,CONFLICTING_MERCHANT_RECORD,0.55,2,"Conflicting Names: ['Bansal-Das', 'Kulkarni-Subramanian']; Conflicting Categories: ['Pharmacy', 'Travel']; Conflicting Cities: ['Ludhiana', 'Bengaluru']"
MCH7273,De-Gokhale,4131,Transportation,Sole-Proprietor,Jalandhar,Punjab,2024-05-23 07:01:00,NXVM2607916550138,ACTIVE,654.26,CONFLICTING_MERCHANT_RECORD,0.55,2,"Conflicting Names: ['Keer And S0Ns', 'De-Gokhale']; Conflicting Categories: ['Hotel_Lodging', 'Bus/Taxi']; Conflicting Cities: ['Chennai', 'Jalandhar']"
MCH7276,Talwar-Kant,4131,Transportation,Partnership,Jaipur,Rajasthan,2023-06-23 22:04:06,,ACTIVE,692.16,SINGLETON,1.0,1,No duplicates
MCH7279,Das Plc,5999,Miscellaneous Retail,Partnership,Jaipur,Rajasthan,,WTVS1342257023005,ACTIVE,1157.26,FORMATTING_DUPLICATE,0.85,2,2 records with formatting variations consolidated
MCH7280,"Sathe, Shan And Oommen",5411,Grocery,Individual,Ludhiana,Punjab,2025-10-21 00:00:00,XXXX0221,ACTIVE,466.99,CONFLICTING_MERCHANT_RECORD,0.55,3,"Conflicting Names: ['Sathe, Shan And Oommen', 'Baral Ltd']; Conflicting Categories: ['Groceries', 'Food_Services']; Conflicting Cities: ['Ludhiana', 'Jalandar']"
MCH7281,Kalita-Mistry,4814,Telecom,Private_Limited,Hyderabad,Telangana,2024-11-24 00:00:00,XXXX5201,ACTIVE,2941.71,FORMATTING_DUPLICATE,0.85,2,2 records with formatting variations consolidated
MCH7282,Chopra Llc,5411,Grocery,Partnership,Amritsar,Punjab,2025-12-14 09:02:00,XXXX9513,ACTIVE,1111.0,SINGLETON,1.0,1,No duplicates
MCH7288,"Lalla, Sant And Mutti",5411,Grocery,Private-Limited,Dilli,Delhi,2025-10-18 00:00:00,XXXX5071,ACTIVE,,CONFLICTING_MERCHANT_RECORD,0.55,3,"Conflicting Names: ['Sandhu Inc', 'Lalla, Sant And Mutti', 'Kumar, Sachdeva And Natarajan']; Conflicting Categories: ['Restaurant', 'Grocery_Store', 'Miscellaneous']; Conflicting Cities: ['Bangalore', 'Dilli', 'Calcutta']"
MCH7289,Nayar-Dara,5699,Apparel,Individual,Poona,Maharashtra,2025-12-28 00:00:00,AFIS6620860774027,ACTIVE,4510.0,CONFLICTING_MERCHANT_RECORD,0.55,2,"Conflicting Names: ['Nayar-Dara', 'Rajagopal-Contractor']; Conflicting Categories: ['Apparel', 'Food']; Conflicting Cities: ['Poona', 'Lucknow']"
MCH7290,"Subramanian, B0Rde And Ba1Akrishnan",5699,Apparel,Individual,Lucknow,Uttar Pradesh,2023-03-17 00:00:00,IRWT0239440992204,ACTIVE,2695.0,SINGLETON,1.0,1,No duplicates
MCH7294,"Kuruvilla, Ahluwalia And Gole",5912,Pharmacy,Partnership,Pune,Maharashtra,2023-06-11 00:00:00,FATQ4333129690113,ACTIVE,1573.98,CONFLICTING_MERCHANT_RECORD,0.55,2,"Conflicting Names: ['Kuruvilla, Ahluwalia And Gole', 'Singh, Ramanathan And Setty']; Conflicting Categories: ['Medical', 'Books_Stationery']; Conflicting Cities: ['Pune', 'Jalandar']"
MCH7295,Palan-Ray,7011,Hotel & Lodging,Partnership,Bangalore,Karnataka,2023-02-02 10:44:00,,ACTIVE,1161.77,SINGLETON,1.0,1,No duplicates
MCH7297,Kala-Sibal,5311,Department Store,Partnership,Chennai,Tamil Nadu,2024-09-02 00:00:00,UMLP7890709268939,ACTIVE,2004.49,CONFLICTING_MERCHANT_RECORD,0.55,2,"Conflicting Names: ['Bhasin, Sankar And Pradhan', 'Kala-Sibal']; Conflicting Categories: ['Food_Services', 'Department Store']; Conflicting Cities: ['Delhi', 'Chennai']"
MCH7298,"Sangha, Sangha And Kulkarni",5411,Grocery,Individual,Delhi,Delhi,2024-01-28 17:48:18,VEZZ6158628097451,ACTIVE,1661.92,SINGLETON,1.0,1,No duplicates
MCH7302,Murthy And Sons,5411,Grocery,Partnership,Bangalore,Karnataka,2025-01-23 00:00:00,,ACTIVE,3381.11,SINGLETON,1.0,1,No duplicates
MCH7305,Iyer-Nagi,5699,Apparel,Individual,Mumbai,Maharashtra,2023-08-23 00:00:00,,ACTIVE,1967.89,SINGLETON,1.0,1,No duplicates
MCH7306,Devi-Narang,4131,Transportation,Individual,New Delhi,Delhi,2024-10-20 05:44:44,XXXX6412,ACTIVE,539.76,SINGLETON,1.0,1,No duplicates
MCH7309,"Loke, Chada And Badal",,Apparel,Sole_Proprietor,Ludhiana,Punjab,2023-07-26 00:00:00,9268725800,ACTIVE,3465.02,SINGLETON,1.0,1,No duplicates
MCH7310,Mander Group,5699,Apparel,Partnership,Lucknow,Uttar Pradesh,2025-09-08 05:21:18,WNOZ8918272123966,INACTIVE,1987.96,SINGLETON,1.0,1,No duplicates
MCH7311,Jhaveri-Hans,7011,Hotel & Lodging,Sole Proprietor,Mumbai,Maharashtra,2025-05-12 00:00:00,RZUE2319491323812,ACTIVE,1009.0,CONFLICTING_MERCHANT_RECORD,0.55,2,"Conflicting Names: ['Jhaveri-Hans', 'Dhar Plc']; Conflicting Categories: ['Hotel_Lodging', 'Grocery_Store']"
MCH7312,Ramakrishnan-Banerjee,5311,Department Store,Sole_Proprietor,Mumbai,Maharashtra,2024-02-24 11:03:00,CCCL8077324997121,ACTIVE,977.96,SINGLETON,1.0,1,No duplicates
MCH7313,Comar-Din,4814,Telecom,Private_Limited,Mumbai,Maharashtra,2026-01-18 00:00:00,8645351517,ACTIVE,1884.45,CONFLICTING_MERCHANT_RECORD,0.55,2,"Conflicting Names: ['Sarma Llc', 'Comar-Din']; Conflicting Categories: ['Transport', 'Telecom']; Conflicting Cities: ['Kolkata', 'Mumbai']"
MCH7314,Mahajan-B0Rde,5999,Miscellaneous Retail,Partnership,Lucknow,Uttar Pradesh,2023-01-05 09:53:50,3772469001,ACTIVE,1003.0,FORMATTING_DUPLICATE,0.85,2,2 records with formatting variations consolidated
MCH7316,Tak Ltd,,Books & Stationery,Sole Proprietor,Jaipur,Rajasthan,2024-05-26 00:00:00,AICM4314076152252,ACTIVE,688.43,SINGLETON,1.0,1,No duplicates
MCH7318,Keer-Rao,,Telecom,Partnership,Pune,Maharashtra,2023-11-27 00:00:00,RIME5549722708025,ACTIVE,502.45,SINGLETON,1.0,1,No duplicates
MCH7321,"Krishna, Saraf And Pant",,Miscellaneous Retail,Partnership,Kolkata,West Bengal,2024-02-28 10:01:00,,ACTIVE,954.48,SINGLETON,1.0,1,No duplicates
MCH7323,Mital Inc,5812,Restaurant,Individual,Lucknow,Uttar Pradesh,2025-03-01 00:00:00,1221388018,ACTIVE,1194.36,CONFLICTING_MERCHANT_RECORD,0.55,3,"Conflicting Names: ['Koshy-Comar', 'Mital Inc', 'Buch Plc']; Conflicting Categories: ['Dept_Store', 'Eating Place', 'Hotel_Lodging']; Conflicting Cities: ['Chennai', 'Lucknow', 'Amritsar']"
MCH7324,Grover-Murty,5942,Books & Stationery,Partnership,Jalandar,Punjab,2025-02-12 00:00:00,,SUSPENDED,1077.62,SINGLETON,1.0,1,No duplicates
MCH7325,Chatterjee-Manda,,Department Store,Individual,Kolkata,West Bengal,2023-01-04 13:43:25,8809607607,ACTIVE,1420.0,SINGLETON,1.0,1,No duplicates
MCH7326,"Mandal, Behl And Bhattacharyya",7011,Hotel & Lodging,Sole_Proprietor,Chennai,Tamil Nadu,2024-10-26 07:07:51,,ACTIVE,1119.05,SINGLETON,1.0,1,No duplicates
MCH7327,"Krish, Dhar And Choudhury",4814,Telecom,Individual,Kolkata,West Bengal,2023-05-22 13:42:22,KDMG5541225124685,ACTIVE,440.0,FORMATTING_DUPLICATE,0.85,2,2 records with formatting variations consolidated
MCH7331,Kala-Loyal,5311,Department Store,Sole_Proprietor,Hyderabad,Telangana,2024-05-20 00:00:00,6553174901,ACTIVE,,CONFLICTING_MERCHANT_RECORD,0.55,2,"Conflicting Names: ['Kala-Loyal', 'Bakshi,Pillaianddhaliwal']; Conflicting Categories: ['Retail', 'Restaurant']; Conflicting Cities: ['Hyderabad', 'Lucknow']"
MCH7332,"Mutti, Reddy And Guha",5311,Department Store,Private-Limited,Kolkata,West Bengal,2025-05-04 00:00:00,XXXX9186,ACTIVE,1708.81,SINGLETON,1.0,1,No duplicates
MCH7335,Keer-Goyal,5411,Grocery,Sole_Proprietor,Mumbai,Maharashtra,2025-01-25 13:25:00,XXXX8870,ACTIVE,470.18,CONFLICTING_MERCHANT_RECORD,0.55,2,"Conflicting Names: ['Keer-Goyal', 'Narayan, Cheema And Chana']; Conflicting Categories: ['Groceries', 'Food']; Conflicting Cities: ['Mumbai', 'Madras']"
MCH7336,Krishnan And Sons,5812,Restaurant,Partnership,Jalandhar,Punjab,2024-09-03 00:09:50,2456383296,ACTIVE,1122.92,SINGLETON,1.0,1,No duplicates
MCH7337,Nath-Narayan,5699,Apparel,Individual,Hyd,Telangana,2024-07-28 00:00:00,,ACTIVE,3029.85,FORMATTING_DUPLICATE,0.85,2,2 records with formatting variations consolidated
MCH7338,"Verma, Rai And Patla",,Pharmacy,Private_Limited,Bangalore,Karnataka,2024-06-05 00:00:00,XXXX7454,ACTIVE,2235.57,SINGLETON,1.0,1,No duplicates
MCH7339,"Purohit, Dhingra And Barman",5411,Grocery,Individual,Chennai,Tamil Nadu,2023-08-16 22:55:00,IUQD2113343232449,ACTIVE,2247.46,SINGLETON,1.0,1,No duplicates
MCH7340,Devi And Sons,,Apparel,Partnership,Calcutta,West Bengal,2024-01-09 00:00:00,1367853568,ACTIVE,1101.37,SINGLETON,1.0,1,No duplicates
MCH7341,Varughese Inc,7011,Hotel & Lodging,Partnership,Kolkata,West Bengal,2023-04-24 02:30:00,,ACTIVE,3711.54,SINGLETON,1.0,1,No duplicates
MCH7343,Dixit Ltd,5912,Pharmacy,Partnership,Jpr,Rajasthan,,XXXX6255,ACTIVE,3142.0,SINGLETON,1.0,1,No duplicates
MCH7344,Banerjee Inc,4131,Transportation,Sole_Proprietor,Ldh,Punjab,2023-09-04 00:00:00,XXXX7344,SUSPENDED,1385.4,CONFLICTING_MERCHANT_RECORD,0.55,2,"Conflicting Names: ['Rama-Shukla', 'Banerjee Inc']; Conflicting Categories: ['Clothing', 'Transport']; Conflicting Cities: ['Hyderabad', 'Ldh']"
MCH7350,Sule Llc,5699,Apparel,Private_Limited,Amritsar,Punjab,2024-01-31 17:29:42,XXXX7331,ACTIVE,1887.59,CONFLICTING_MERCHANT_RECORD,0.55,2,"Conflicting Names: ['Sule Llc', 'Toor-Sachar']; Conflicting Categories: ['Cloths', 'Telecom']; Conflicting Cities: ['Amritsar', 'Bangalore']"
MCH7353,"Tara, Rajag0Pa1An And Ramanathan",5311,Department Store,Partnership,Mumbai,Maharashtra,2024-10-16 00:00:00,6926383860,ACTIVE,840.14,CONFLICTING_MERCHANT_RECORD,0.55,4,"Conflicting Names: ['Tara, Rajag0Pa1An And Ramanathan', 'Gh0Se Llc', 'Nadig Llc', 'Bhat-Munshi']; Conflicting Categories: ['Department Store', 'Groceries', 'Mobile Recharge', 'Medical']; Conflicting Cities: ['Mumbai', 'Pune', 'Hyderabad', 'Madras']"
MCH7354,"Chatterjee, Sarna And Handa",,Apparel,Sole Proprietor,Bengaluru,Karnataka,2023-10-13 16:44:55,,ACTIVE,728.0,SINGLETON,1.0,1,No duplicates
MCH7355,"Rastogi, Ahluwalia And Tata",5311,Department Store,Private-Limited,Mumbai,Maharashtra,,XJBM2228557617179,ACTIVE,2172.0,CONFLICTING_MERCHANT_RECORD,0.55,2,"Conflicting Names: ['Rastogi, Ahluwalia And Tata', 'Raval, Goswami And Sem']; Conflicting Categories: ['Dept_Store', 'Mobile Recharge']; Conflicting Cities: ['Mumbai', 'Pune']"
MCH7356,"Divan, Rastogi And Prabhu",5942,Books & Stationery,Partnership,Lucknow,Uttar Pradesh,2025-07-22 00:00:00,8041409071,ACTIVE,306.91,SINGLETON,1.0,1,No duplicates
MCH7357,Varkey Llc,7011,Hotel & Lodging,Private Limited,Calcutta,West Bengal,2025-08-05 00:00:00,,ACTIVE,665.88,SINGLETON,1.0,1,No duplicates
MCH7358,Basak-Patla,5999,Miscellaneous Retail,Sole Proprietor,Delhi,Delhi,2025-12-19 00:00:00,1781542230,ACTIVE,3053.41,SINGLETON,1.0,1,No duplicates
MCH7359,Chacko-Dugar,5942,Books & Stationery,Private_Limited,Mumbai,Maharashtra,,1437980069,ACTIVE,654.0,CONFLICTING_MERCHANT_RECORD,0.55,2,"Conflicting Names: ['Rajagopalan-Rattan', 'Chacko-Dugar']; Conflicting Categories: ['Medical', 'Books_Stationery']; Conflicting Cities: ['Calcutta', 'Mumbai']"
MCH7360,Rajan-Sahni,,Telecom,Partnership,Kolkata,West Bengal,2023-11-05 00:00:00,HKWU3873449938871,INACTIVE,1218.43,SINGLETON,1.0,1,No duplicates
MCH7362,Kothari Plc,5942,Books & Stationery,Private_Limited,Pune,Maharashtra,2026-02-11 00:00:00,XXXX4121,ACTIVE,478.42,CONFLICTING_MERCHANT_RECORD,0.55,2,"Conflicting Names: ['Kothari Plc', 'Rege, Thaker And Sinha']; Conflicting Categories: ['Books', 'Medical_Store']"
MCH7363,Babu-Acharya,5999,Miscellaneous Retail,Sole Proprietor,Kolkata,West Bengal,2024-03-03 08:14:06,,ACTIVE,1983.77,SINGLETON,1.0,1,No duplicates
MCH7364,Vig-Bala,7011,Hotel & Lodging,Sole_Proprietor,Mumbai,Maharashtra,2024-08-29 05:57:59,XXXX1900,ACTIVE,1242.0,SINGLETON,1.0,1,No duplicates
MCH7366,"Shetty, Pa11 And Pi11Ay",5699,Apparel,Partnership,New Delhi,Delhi,2024-01-14 00:00:00,,ACTIVE,,CONFLICTING_MERCHANT_RECORD,0.55,2,"Conflicting Names: ['Shetty, Pa11 And Pi11Ay', 'Bora-Nadkarni']; Conflicting Categories: ['Cloths', 'Kirana']; Conflicting Cities: ['New Delhi', 'Bengaluru']"
MCH7370,Peri Llc,4131,Transportation,Private Limited,Calcutta,West Bengal,2023-09-28 00:00:00,0713043152,ACTIVE,1188.42,SINGLETON,1.0,1,No duplicates
MCH7371,"Ghose, Handa And Golla",5912,Pharmacy,Individual,Chennai,Tamil Nadu,2025-04-08 00:00:00,DGYJ0066359514769,ACTIVE,456.21,CONFLICTING_MERCHANT_RECORD,0.55,2,"Conflicting Names: ['Ghose, Handa And Golla', 'Anand, Bains And Parmer']; Conflicting Categories: ['Medical_Store', 'Department Store']; Conflicting Cities: ['Chennai', 'Lucknow']"
MCH7379,"Doctor, Dyal And Vaidya",5912,Pharmacy,Partnership,Jalandhar,Punjab,2023-03-07 00:00:00,XXXX4037,ACTIVE,198.46,CONFLICTING_MERCHANT_RECORD,0.55,2,"Conflicting Names: ['Doctor, Dyal And Vaidya', 'Tella-Mahal']; Conflicting Categories: ['Medical', 'Cloths']; Conflicting Cities: ['Jalandhar', 'Jaipur']"
MCH7380,"Gour, Jani And Mital",5999,Miscellaneous Retail,Individual,Chennai,Tamil Nadu,2024-11-06 00:00:00,,INACTIVE,688.41,SINGLETON,1.0,1,No duplicates
MCH7383,Mannan Ltd,5999,Miscellaneous Retail,Individual,Jalandar,Punjab,,,ACTIVE,2867.55,CONFLICTING_MERCHANT_RECORD,0.55,3,"Conflicting Names: ['Mannan Ltd', 'Srivastava, Venkataraman And Roy', 'Mander Llc']; Conflicting Categories: ['Misc Retail', 'Garments']; Conflicting Cities: ['Jalandar', 'Chennai', 'Hyderabad']"
MCH7384,Ahuja Group,,Department Store,Individual,Dilli,Delhi,2023-05-18 02:59:53,XXXX3860,ACTIVE,1058.0,CONFLICTING_MERCHANT_RECORD,0.55,2,"Conflicting Names: ['Seshadri-Rai', 'Ahuja Group']; Conflicting Categories: ['Telecom', 'Dept_Store']; Conflicting Cities: ['Kolkata', 'Dilli']"
MCH7386,Thaman Group,7011,Hotel & Lodging,Sole Proprietor,Jalandar,Punjab,,3740809096,ACTIVE,3859.08,CONFLICTING_MERCHANT_RECORD,0.55,2,"Conflicting Names: ['Thaman Group', 'Tara Plc']; Conflicting Categories: ['Hotel', 'Chemist']; Conflicting Cities: ['Jalandar', 'Hyd']"
MCH7387,Lad-Comar,5812,Restaurant,Sole Proprietor,Jalandhar,Punjab,2025-02-25 03:44:32,DFES3088920437736,ACTIVE,4968.31,SINGLETON,1.0,1,No duplicates
MCH7389,Basu-Bedi,5812,Restaurant,Partnership,Blr,Karnataka,2023-04-07 12:28:00,XXXX3335,ACTIVE,,SINGLETON,1.0,1,No duplicates
MCH7391,"Vora, Lad And Sekhon",5411,Grocery,Partnership,Poona,Maharashtra,2023-07-08 00:00:00,,INACTIVE,4971.16,SINGLETON,1.0,1,No duplicates
MCH7394,Brahmbhatt Plc,5812,Restaurant,Private_Limited,Delhi,Delhi,2024-07-29 00:00:00,IKKI3369443713209,ACTIVE,3620.77,CONFLICTING_MERCHANT_RECORD,0.55,2,"Conflicting Names: ['Brahmbhatt Plc', 'Dhar-Saxena']; Conflicting Categories: ['Food_Services', 'Department Store']; Conflicting Cities: ['Delhi', 'Lucknow']"
MCH7395,Bose And Sons,7011,Hotel & Lodging,Individual,Bengaluru,Karnataka,2024-07-01 00:00:00,XXXX9489,ACTIVE,431.0,CONFLICTING_MERCHANT_RECORD,0.55,2,"Conflicting Names: ['Bera Group', 'Bose And Sons']; Conflicting Categories: ['Pharmacy', 'Hotel_Lodging']; Conflicting Cities: ['Jalandar', 'Bengaluru']"
MCH7398,Bhavsar And Sons,5311,Department Store,Sole_Proprietor,Chennai,Tamil Nadu,2025-04-24 00:00:00,,ACTIVE,6060.9,SINGLETON,1.0,1,No duplicates
MCH7400,"Kunda, Ramachandran And Khurana",5942,Books & Stationery,Private_Limited,Pune,Maharashtra,2024-02-11 00:00:00,,INACTIVE,9167.75,CONFLICTING_MERCHANT_RECORD,0.55,2,"Conflicting Names: ['Chaudhari Ltd', 'Kunda, Ramachandran And Khurana']; Conflicting Categories: ['Other', 'Books']; Conflicting Cities: ['Dilli', 'Pune']"
MCH7403,Prabhakar Group,5942,Books & Stationery,Sole_Proprietor,Chennai,Tamil Nadu,2025-12-29 05:54:46,XXXX4472,INACTIVE,657.74,CONFLICTING_MERCHANT_RECORD,0.55,3,"Conflicting Names: ['Naik, Badami And Raj', 'Raval, Hari And Khurana', 'Prabhakar Group']; Conflicting Categories: ['Department Store', 'Book Store', 'Books_Stationery']; Conflicting Cities: ['Poona', 'Chennai']"
MCH7408,Bala Group,,Department Store,Private Limited,Hyderabad,Telangana,2026-01-13 00:00:00,CMJA0173542788867,ACTIVE,1032.22,SINGLETON,1.0,1,No duplicates
MCH7411,"Bhasin, Soman And Savant",4814,Telecom,Sole_Proprietor,Chennai,Tamil Nadu,,,ACTIVE,2298.88,FORMATTING_DUPLICATE,0.85,2,2 records with formatting variations consolidated
MCH7412,Chand-Bada1,5812,Restaurant,Private-Limited,Mumbai,Maharashtra,2025-08-15 00:00:00,,INACTIVE,539.2,FORMATTING_DUPLICATE,0.85,2,2 records with formatting variations consolidated
MCH7413,Uppal-Chaudhry,,Department Store,Private_Limited,Bengaluru,Karnataka,2024-09-13 00:00:00,3706152456,ACTIVE,3645.54,SINGLETON,1.0,1,No duplicates
MCH7419,Minhas Inc,5699,Apparel,Individual,Bengaluru,Karnataka,2023-05-03 00:00:00,IRMQ2437668083455,ACTIVE,,SINGLETON,1.0,1,No duplicates
MCH7422,Divan-Vaidya,5942,Books & Stationery,Individual,Jaipur,Rajasthan,2024-07-26 13:42:00,7661131218,SUSPENDED,170.31,SINGLETON,1.0,1,No duplicates
MCH7428,Chand Inc,5699,Apparel,Individual,Bangalore,Karnataka,2025-10-11 00:00:00,XXXX8001,ACTIVE,1254.86,CONFLICTING_MERCHANT_RECORD,0.55,2,"Conflicting Names: ['Vohra Ltd', 'Chand Inc']; Conflicting Categories: ['Department Store', 'Cloths']; Conflicting Cities: ['Kolkata', 'Bangalore']"
MCH7429,"Sandal, Raja And Gopal",7011,Hotel & Lodging,Sole_Proprietor,Blr,Karnataka,2023-12-15 00:00:00,,ACTIVE,1419.21,SINGLETON,1.0,1,No duplicates
MCH7430,Pingle-Lata,5311,Department Store,Individual,Lucknow,Uttar Pradesh,2024-09-07 13:29:37,XXXX3604,ACTIVE,2426.91,CONFLICTING_MERCHANT_RECORD,0.55,4,"Conflicting Names: ['Pingle-Lata', 'Seshadri, Kakar And Sarin', 'Arya Group', 'Gill, Mutti And Nagy']; Conflicting Categories: ['Department Store', 'Garments', 'Clothing', 'Mobile Recharge']; Conflicting Cities: ['Lucknow', 'Asr', 'Kolkata', 'Delhi']"
MCH7431,Nagarajan And Sons,7011,Hotel & Lodging,Sole-Proprietor,Jaipur,Rajasthan,2023-01-04 00:00:00,XXXX7904,ACTIVE,1657.0,SINGLETON,1.0,1,No duplicates
MCH7432,Agate Plc,5812,Restaurant,Individual,Madras,Tamil Nadu,2024-06-11 00:00:00,OKRJ7586561022456,ACTIVE,88.41,CONFLICTING_MERCHANT_RECORD,0.55,3,"Conflicting Names: ['Agate Plc', 'Sidhu-Aurora', 'Taneja-Hari']; Conflicting Categories: ['Restaurant', 'Stationery', 'Cloths']; Conflicting Cities: ['Madras', 'Dilli', 'Bengaluru']"
MCH7433,"Sahota, Desai And Sarma",5999,Miscellaneous Retail,Individual,Pune,Maharashtra,2024-02-24 00:00:00,,ACTIVE,867.14,SINGLETON,1.0,1,No duplicates
MCH7435,"Puri, Biswas And Roy",5912,Pharmacy,Partnership,Jpr,Rajasthan,2023-11-12 00:00:00,XXXX1625,SUSPENDED,1536.78,SINGLETON,1.0,1,No duplicates
MCH7436,Mane-Trivedi,5912,Pharmacy,Individual,Bengaluru,Karnataka,2024-09-14 00:00:00,,ACTIVE,1384.27,SINGLETON,1.0,1,No duplicates
MCH7439,Jayaraman Plc,7011,Hotel & Lodging,Private_Limited,Kolkata,West Bengal,2024-04-07 13:32:00,,ACTIVE,7697.49,SINGLETON,1.0,1,No duplicates
MCH7440,Rastogi-Manne,5699,Apparel,Sole-Proprietor,Lucknow,Uttar Pradesh,2025-10-27 00:00:00,,ACTIVE,2334.42,SINGLETON,1.0,1,No duplicates
MCH7442,"Tand0N, Tak And Mane",5699,Apparel,Partnership,Chennai,Tamil Nadu,2024-09-12 00:00:00,,ACTIVE,1620.41,CONFLICTING_MERCHANT_RECORD,0.55,2,"Conflicting Names: ['Tand0N, Tak And Mane', 'Thakur-Rana']; Conflicting Categories: ['Apparel', 'Miscellaneous']; Conflicting Cities: ['Chennai', 'Kolkata']"
MCH7443,Chander-Manda,4131,Transportation,Private_Limited,Dilli,Delhi,2024-03-27 00:00:00,,ACTIVE,1371.0,SINGLETON,1.0,1,No duplicates
MCH7444,Lanka-Shukla,5699,Apparel,Private_Limited,Mumbai,Maharashtra,2023-03-13 03:58:00,7637285335,ACTIVE,2750.67,SINGLETON,1.0,1,No duplicates
MCH7446,"Sami, Narayan And Roy",5942,Books & Stationery,Partnership,Ludhiana,Punjab,2023-02-08 00:00:00,,INACTIVE,6191.17,SINGLETON,1.0,1,No duplicates
MCH7448,Mittal Inc,4814,Telecom,Private-Limited,Hyderabad,Telangana,2024-12-07 00:00:00,9231182109,INACTIVE,760.79,SINGLETON,1.0,1,No duplicates
MCH7449,"Brahmbhatt, Nagarajan And Kaul",5311,Department Store,Sole_Proprietor,Amritsar,Punjab,,,ACTIVE,397.32,SINGLETON,1.0,1,No duplicates
MCH7452,Vora-Gill,5999,Miscellaneous Retail,Private_Limited,Ludhiana,Punjab,2024-12-05 11:38:47,NKBN9107928248400,ACTIVE,254.79,CONFLICTING_MERCHANT_RECORD,0.55,2,"Conflicting Names: ['Vora-Gill', 'Kala Llc']; Conflicting Categories: ['Miscellaneous', 'Department Store']; Conflicting Cities: ['Ludhiana', 'Bengaluru']"
MCH7455,"Mody, Bhattacharyya And Palla",4814,Telecom,Individual,Delhi,Delhi,2024-04-11 22:40:38,XXXX4231,ACTIVE,113.99,SINGLETON,1.0,1,No duplicates
MCH7458,"Hans, Som And Krish",,Restaurant,Sole_Proprietor,Blr,Karnataka,2025-09-20 20:06:00,,ACTIVE,8448.66,SINGLETON,1.0,1,No duplicates
MCH7459,"Gara, Agarwal And Anne",7011,Hotel & Lodging,Individual,Ldh,Punjab,2023-04-14 20:15:00,2572840529,ACTIVE,2650.18,SINGLETON,1.0,1,No duplicates
MCH7462,"Malhotra, Sachdeva And Sant",5411,Grocery,Sole_Proprietor,Hyderabad,Telangana,2025-11-11 00:00:00,EIQX3043472487822,ACTIVE,1601.35,SINGLETON,1.0,1,No duplicates
MCH7463,Chaudry-Natarajan,5912,Pharmacy,Partnership,Chennai,Tamil Nadu,2025-07-05 14:13:00,VIFS4477584866493,ACTIVE,,SINGLETON,1.0,1,No duplicates
MCH7464,Duttallc,4131,Transportation,Private-Limited,Lucknow,Uttar Pradesh,2024-09-18 00:00:00,,ACTIVE,270.92,SINGLETON,1.0,1,No duplicates
MCH7465,Bhatt Group,,Department Store,Individual,Pune,Maharashtra,2023-04-10 00:00:00,XXXX7739,ACTIVE,3040.67,SINGLETON,1.0,1,No duplicates
MCH7469,Dua Llc,5812,Restaurant,Sole_Proprietor,Pune,Maharashtra,,0464385224,INACTIVE,1848.0,SINGLETON,1.0,1,No duplicates
MCH7470,Venkatesh Ltd,,Apparel,Sole_Proprietor,Lucknow,Uttar Pradesh,2025-04-29 13:49:33,DLXM0557851330372,ACTIVE,787.0,CONFLICTING_MERCHANT_RECORD,0.55,3,"Conflicting Names: ['Venkatesh Ltd', 'Din,Guptaandratti']; Conflicting Categories: ['Garments', 'Department Store']; Conflicting Cities: ['Lucknow', 'Delhi']"
MCH7471,Dass Llc,5812,Restaurant,Sole_Proprietor,Lucknow,Uttar Pradesh,2023-02-14 00:00:00,XXXX4634,ACTIVE,390.54,SINGLETON,1.0,1,No duplicates
MCH7473,"Nair, Ramachandran And Mane",5311,Department Store,Sole_Proprietor,Hyderabad,Telangana,2023-09-07 00:00:00,3598989275,INACTIVE,418.39,CONFLICTING_MERCHANT_RECORD,0.55,2,"Conflicting Names: ['Nair, Ramachandran And Mane', 'Goswami, Narang And Chaudhari']; Conflicting Categories: ['Retail', 'Groceries']; Conflicting Cities: ['Hyderabad', 'Hyd']"
MCH7476,Sundaram Ltd,5411,Grocery,Sole_Proprietor,Ldh,Punjab,2025-07-09 15:30:17,MKAI7735339239141,ACTIVE,1389.53,SINGLETON,1.0,1,No duplicates
MCH7478,"Sami, Brahmbhatt And Khurana",5699,Apparel,Private_Limited,Mumbay,Maharashtra,2024-08-19 11:01:33,,INACTIVE,,SINGLETON,1.0,1,No duplicates
MCH7479,"Wadhwa, Bhatia And Gade",5311,Department Store,Partnership,Chennai,Tamil Nadu,2024-09-14 17:36:50,8868630340,ACTIVE,998.0,SINGLETON,1.0,1,No duplicates
MCH7482,"Bail, Verma And Sur",5699,Apparel,Private_Limited,Jalandar,Punjab,2024-02-06 00:00:00,,ACTIVE,249.45,SINGLETON,1.0,1,No duplicates
MCH7489,Sridhar Plc,5999,Miscellaneous Retail,Individual,Blr,Karnataka,2024-09-15 00:00:00,,ACTIVE,990.64,SINGLETON,1.0,1,No duplicates
MCH7490,Datta Ltd,5912,Pharmacy,Sole Proprietor,Calcutta,West Bengal,2023-11-12 16:38:03,,ACTIVE,1590.69,SINGLETON,1.0,1,No duplicates
MCH7493,Sachdeva-Pillai,5699,Apparel,Private Limited,Kolkata,West Bengal,2026-01-18 20:12:00,1151514873,INACTIVE,203.44,CONFLICTING_MERCHANT_RECORD,0.55,2,"Conflicting Names: ['Sachdeva-Pillai', 'Nanda Llc']; Conflicting Categories: ['Cloths', 'Groceries']; Conflicting Cities: ['Kolkata', 'New Delhi']"
MCH7495,Dhingra And Sons,5999,Miscellaneous Retail,Sole Proprietor,Jalandhar,Punjab,,XXXX0797,INACTIVE,3168.53,CONFLICTING_MERCHANT_RECORD,0.55,3,"Conflicting Names: ['Biswas, Mane And Hari', 'Dhingra And Sons', 'Subramaniam, Radhakrishnan And Bahri']; Conflicting Categories: ['Dept_Store', 'Miscellaneous', 'Grocery Stores']; Conflicting Cities: ['Delhi', 'Jalandhar', 'Amritsar']"
MCH7501,Jayaraman Inc,5311,Department Store,Partnership,Calcutta,West Bengal,2024-03-10 00:00:00,XXXX9347,ACTIVE,2898.16,SINGLETON,1.0,1,No duplicates
MCH7502,Gokhale Llc,5311,Department Store,Individual,Asr,Punjab,2024-06-07 00:00:00,5976838930,ACTIVE,1185.45,SINGLETON,1.0,1,No duplicates
MCH7503,Dixit-Lala,7011,Hotel & Lodging,Individual,Bombay,Maharashtra,2024-10-06 00:00:00,6328103560,ACTIVE,2699.2,CONFLICTING_MERCHANT_RECORD,0.55,2,"Conflicting Names: ['Dixit-Lala', 'Raval Llc']; Conflicting Categories: ['Hotels', 'Grocery']; Conflicting Cities: ['Bombay', 'Delhi']"
MCH7504,Balay Plc,7011,Hotel & Lodging,Individual,Chennai,Tamil Nadu,2025-10-24 10:34:44,1818420938,ACTIVE,1030.01,CONFLICTING_MERCHANT_RECORD,0.55,2,"Conflicting Names: ['Balay Plc', 'Mandal, Tripathi And Bhatnagar']; Conflicting Categories: ['Hospitality', 'Hotel']; Conflicting Cities: ['Chennai', 'Asr']"
MCH7508,Garg-Deo,5942,Books & Stationery,Partnership,Amritsar,Punjab,2024-11-15 00:00:00,XXXX5011,ACTIVE,1956.49,SINGLETON,1.0,1,No duplicates
MCH7509,Narasimhan-Naidu,5699,Apparel,Sole-Proprietor,Kolkata,West Bengal,2025-07-29 00:00:00,RUXH2213582281170,ACTIVE,1271.23,SINGLETON,1.0,1,No duplicates
MCH7513,Buch Inc,5812,Restaurant,Individual,Kolkata,West Bengal,2024-09-02 00:00:00,MLTA1304721995984,ACTIVE,584.0,SINGLETON,1.0,1,No duplicates
MCH7514,Ahuja-Bobal,5311,Department Store,Sole Proprietor,Lucknow,Uttar Pradesh,2024-04-19 10:36:48,,ACTIVE,1943.52,SINGLETON,1.0,1,No duplicates
MCH7517,"Banik, Kamdar And Dada",5699,Apparel,Individual,Asr,Punjab,2025-07-20 00:00:00,YYXV9001319720217,ACTIVE,2046.69,SINGLETON,1.0,1,No duplicates
MCH7519,"Sarkar, Garg And Kumar",4131,Transportation,Partnership,Lko,Uttar Pradesh,2025-06-01 00:00:00,6307100507,INACTIVE,771.94,SINGLETON,1.0,1,No duplicates
MCH7521,Boase Plc,4131,Transportation,Sole Proprietor,Calcutta,West Bengal,2026-01-27 00:00:00,WKCL3458708850629,ACTIVE,880.0,CONFLICTING_MERCHANT_RECORD,0.55,2,"Conflicting Names: ['Boase Plc', 'Sawhney, Desai And Andra']; Conflicting Categories: ['Bus/Taxi', 'Other']; Conflicting Cities: ['Calcutta', 'Ludhiana']"
MCH7523,"Sharaf, Chad And Prashad",5912,Pharmacy,Sole-Proprietor,Lucknow,Uttar Pradesh,2023-09-11 00:00:00,XXXX3383,ACTIVE,2848.66,CONFLICTING_MERCHANT_RECORD,0.55,2,"Conflicting Names: ['Sharaf, Chad And Prashad', 'Venkataraman-Hans']; Conflicting Categories: ['Medical', 'Transport']; Conflicting Cities: ['Lucknow', 'Poona']"
MCH7524,"Sarna, Mital And Deo",7011,Hotel & Lodging,Private Limited,Blr,Karnataka,2025-07-13 10:56:49,XXXX6292,ACTIVE,1847.0,CONFLICTING_MERCHANT_RECORD,0.55,2,"Conflicting Names: ['Sarna, Mital And Deo', 'Babu, Banerjee And Parsa']; Conflicting Categories: ['Hospitality', 'Restaurant']; Conflicting Cities: ['Blr', 'Calcutta']"
MCH7525,Char-Narayanan,5942,Books & Stationery,Individual,Lucknow,Uttar Pradesh,2025-03-31 00:00:00,,ACTIVE,424.34,SINGLETON,1.0,1,No duplicates
MCH7533,"Boase, Krishnan And Tiwari",,Apparel,Partnership,Lko,Uttar Pradesh,2025-04-06 21:09:50,YYIV1816207811981,ACTIVE,1221.0,SINGLETON,1.0,1,No duplicates
MCH7536,Kalla-Deo,5311,Department Store,Partnership,Kolkata,West Bengal,2024-08-29 00:00:00,5654813293,ACTIVE,803.42,SINGLETON,1.0,1,No duplicates
MCH7539,"Kalita, Din And Ganesh",5311,Department Store,Private_Limited,Chennai,Tamil Nadu,2024-01-05 01:38:27,5865236657,ACTIVE,,SINGLETON,1.0,1,No duplicates
MCH7540,Solanki Inc,5999,Miscellaneous Retail,Partnership,Jalandhar,Punjab,2024-08-04 07:31:00,XXXX7550,ACTIVE,579.73,CONFLICTING_MERCHANT_RECORD,0.55,3,"Conflicting Names: ['Solanki Inc', 'Buch-Das']; Conflicting Categories: ['Miscellaneous', 'Dept_Store']; Conflicting Cities: ['Jalandhar', 'Hyd']"
MCH7544,Narayan-Oommen,4814,Telecom,Individual,Jalandar,Punjab,2023-06-29 00:00:00,RSLP3867431498538,INACTIVE,1478.06,CONFLICTING_MERCHANT_RECORD,0.55,2,"Conflicting Names: ['Narayan-Oommen', 'Ganesh And S0Ns']; Conflicting Categories: ['Telecom', 'Transprt']; Conflicting Cities: ['Jalandar', 'Ludhiana']"
MCH7546,Koshy Llc,5912,Pharmacy,Individual,New Delhi,Delhi,2024-11-17 00:00:00,XXXX1749,ACTIVE,356.0,SINGLETON,1.0,1,No duplicates
MCH7548,Kalla Llc,,Grocery,Individual,Bangalore,Karnataka,2024-05-26 00:00:00,JVRD8475866858020,ACTIVE,3106.71,CONFLICTING_MERCHANT_RECORD,0.55,2,"Conflicting Names: ['Kalla Llc', 'Dhillon Inc']; Conflicting Categories: ['Grocery', 'Phone Service']; Conflicting Cities: ['Bangalore', 'Hyderabad']"
MCH7549,Narayan Plc,7011,Hotel & Lodging,Sole-Proprietor,Kolkata,West Bengal,2023-02-22 04:38:14,8324142833,INACTIVE,2720.0,SINGLETON,1.0,1,No duplicates
MCH7552,Som And Sons,4814,Telecom,Sole-Proprietor,Pune,Maharashtra,2025-07-21 00:00:00,4455888078,ACTIVE,1934.0,SINGLETON,1.0,1,No duplicates
MCH7554,"J0Ha1, K0Thari And Nagar",4131,Transportation,Individual,Jalandar,Punjab,2023-02-05 23:53:12,,ACTIVE,572.11,SINGLETON,1.0,1,No duplicates
MCH7556,Hayer-Saini,5942,Books & Stationery,Individual,Chennai,Tamil Nadu,2024-01-24 20:09:00,,ACTIVE,,SINGLETON,1.0,1,No duplicates
MCH7558,Nair-Tandon,7011,Hotel & Lodging,Individual,Delhi,Delhi,2025-09-24 00:00:00,WDIO8859498666425,ACTIVE,2209.65,CONFLICTING_MERCHANT_RECORD,0.55,4,"Conflicting Names: ['Nair-Tandon', 'Lanka-Dixit', 'Keer-Krish', 'Bandi-Khanna']; Conflicting Categories: ['Hotel_Lodging', 'Eating Place', 'Book Store', 'Other']; Conflicting Cities: ['Delhi', 'Poona', 'Chennai', 'Blr']"
MCH7560,Chakraborty And Sons,,Department Store,Partnership,Pune,Maharashtra,,WVEJ5381131962008,ACTIVE,2097.03,SINGLETON,1.0,1,No duplicates
MCH7563,Anne And Sons,7011,Hotel & Lodging,Private_Limited,Amritsar,Punjab,2023-05-16 00:00:00,XXXX7430,ACTIVE,300.06,SINGLETON,1.0,1,No duplicates
MCH7564,"Mahal, Thaman And Dani",,Books & Stationery,Sole Proprietor,Jalandhar,Punjab,2023-12-23 00:00:00,7935535958,ACTIVE,503.13,SINGLETON,1.0,1,No duplicates
MCH7566,Minhas Group,5912,Pharmacy,Partnership,Bombay,Maharashtra,2024-03-08 07:53:44,,ACTIVE,880.25,CONFLICTING_MERCHANT_RECORD,0.55,2,"Conflicting Names: ['Minhas Group', 'Kade-Bhattacharyya']; Conflicting Cities: ['Bombay', 'Mumbai']"
MCH7567,Badal-Tripathi,5699,Apparel,Partnership,Delhi,Delhi,2023-01-23 14:11:00,,ACTIVE,581.85,CONFLICTING_MERCHANT_RECORD,0.55,2,"Conflicting Names: ['Badal-Tripathi', 'Bora-Venkatesh']; Conflicting Categories: ['Garments', 'Medical_Store']; Conflicting Cities: ['Delhi', 'Lko']"
MCH7568,"Chokshi, Lall And Subramaniam",4131,Transportation,Individual,Amritsar,Punjab,2025-11-15 23:29:00,XXXX4056,ACTIVE,,CONFLICTING_MERCHANT_RECORD,0.55,2,"Conflicting Names: ['Kumer-Gandhi', 'Chokshi, Lall And Subramaniam']; Conflicting Categories: ['Hotels', 'Transport']; Conflicting Cities: ['Mumbai', 'Amritsar']"
MCH7572,"Nori, Kibe And Das",5699,Apparel,Sole_Proprietor,Lucknow,Uttar Pradesh,2023-11-28 00:00:00,BLHB3138092170893,ACTIVE,870.0,SINGLETON,1.0,1,No duplicates
MCH7574,Loke Ltd,,Department Store,Sole_Proprietor,Kolkata,West Bengal,,XXXX9656,ACTIVE,302.53,CONFLICTING_MERCHANT_RECORD,0.55,2,"Conflicting Names: ['Loke Ltd', 'Saini, Dubey And Bava']; Conflicting Cities: ['Kolkata', 'Pune']"
MCH7576,Ramanathan-Menon,7011,Hotel & Lodging,Partnership,Jalandar,Punjab,2024-10-14 09:09:31,,ACTIVE,757.61,SINGLETON,1.0,1,No duplicates
MCH7577,"Gandhi, Golla And Arora",5699,Apparel,Private Limited,Amritsar,Punjab,2023-01-26 00:00:00,XXXX6249,ACTIVE,,SINGLETON,1.0,1,No duplicates
MCH7580,Dhaliwal-Shankar,4814,Telecom,Sole Proprietor,Mumbai,Maharashtra,2023-07-04 00:00:00,XXXX8286,ACTIVE,1155.73,CONFLICTING_MERCHANT_RECORD,0.55,2,"Conflicting Names: ['Dhaliwal-Shankar', 'Setty, Kala And Ramesh']; Conflicting Categories: ['Mobile Recharge', 'Hotel']; Conflicting Cities: ['Mumbai', 'Jpr']"
MCH7581,"Deshpande, Butala And Jain",5699,Apparel,Private Limited,Lucknow,Uttar Pradesh,2024-08-13 00:00:00,5640516477,ACTIVE,,SINGLETON,1.0,1,No duplicates
MCH7582,Gola Ltd,4131,Transportation,Individual,Kolkata,West Bengal,2024-07-31 16:49:00,,ACTIVE,1056.25,SINGLETON,1.0,1,No duplicates
MCH7585,Rattan-Ratti,5699,Apparel,Partnership,Pune,Maharashtra,2026-02-10 00:00:00,,ACTIVE,3222.54,SINGLETON,1.0,1,No duplicates
MCH7586,"Hayer, Savant And Tiwari",5311,Department Store,Partnership,Pune,Maharashtra,2024-03-31 00:00:00,ODJU9409130463225,ACTIVE,765.1,CONFLICTING_MERCHANT_RECORD,0.55,2,"Conflicting Names: ['Randhawainc', 'Hayer, Savant And Tiwari']; Conflicting Categories: ['Eating Place', 'Department Store']; Conflicting Cities: ['Chennai', 'Pune']"
MCH7589,"Mangat, Din And Chatterjee",7011,Hotel & Lodging,Partnership,Bombay,Maharashtra,2024-01-17 00:00:00,XXXX6278,ACTIVE,1692.13,CONFLICTING_MERCHANT_RECORD,0.55,2,"Conflicting Names: ['Mangat, Din And Chatterjee', 'Parekh, Dugal And Bumb']; Conflicting Categories: ['Hotel', 'Transportation']; Conflicting Cities: ['Bombay', 'Pune']"
MCH7591,Gour-Hora,5812,Restaurant,Sole Proprietor,Asr,Punjab,2023-07-12 05:34:00,XXXX5661,ACTIVE,1230.68,SINGLETON,1.0,1,No duplicates
MCH7595,Subramaniam-Balasubramanian,,Grocery,Individual,Ludhiana,Punjab,2026-01-07 00:00:00,4323936215,ACTIVE,3392.31,SINGLETON,1.0,1,No duplicates
MCH7596,Bajwa-Luthra,4814,Telecom,Private-Limited,Hyderabad,Telangana,2024-04-20 00:00:00,,SUSPENDED,,SINGLETON,1.0,1,No duplicates
MCH7597,Vohra-Mitter,,Transportation,Sole Proprietor,Pune,Maharashtra,2025-07-31 00:00:00,BWIV7516426838159,ACTIVE,2111.86,SINGLETON,1.0,1,No duplicates
MCH7600,"Minhas, Rattan And Oak",5311,Department Store,Sole_Proprietor,Ludhiana,Punjab,2023-10-13 19:20:00,XXXX9742,ACTIVE,10025.0,CONFLICTING_MERCHANT_RECORD,0.55,6,"Conflicting Names: ['Panchal Ltd', 'Karnik, Thakur And Palla', 'Bora Inc', 'Salvi-Mishra', 'Minhas, Rattan And Oak']; Conflicting Categories: ['Chemist', 'Medical', 'Retail Other', 'Retail']; Conflicting Cities: ['Lucknow', 'Hyderabad', 'Jalandar', 'Blr', 'Ludhiana']"
MCH7604,"Varkey, Hayer And Ratti",5411,Grocery,Partnership,Chennai,Tamil Nadu,2025-02-17 00:00:00,XXXX6093,ACTIVE,868.52,SINGLETON,1.0,1,No duplicates
MCH7605,Kakar-Dhi110N,5311,Department Store,Private Limited,Blr,Karnataka,2025-07-21 00:00:00,XXXX1255,INACTIVE,1126.42,CONFLICTING_MERCHANT_RECORD,0.55,2,"Conflicting Names: ['Beh1-D’A1Ia', 'Kakar-Dhi110N']; Conflicting Cities: ['Chennai', 'Blr']"
MCH7606,Chaudhari-Raman,5999,Miscellaneous Retail,Private_Limited,Blr,Karnataka,2024-08-27 00:00:00,,ACTIVE,296.04,SINGLETON,1.0,1,No duplicates
MCH7607,"Vyas, Ramakrishnan And Narayanan",,Books & Stationery,Sole-Proprietor,Amritsar,Punjab,2025-01-02 19:37:48,2925658717,ACTIVE,7039.03,SINGLETON,1.0,1,No duplicates
MCH7609,Mitta1 Plc,5912,Pharmacy,Individual,Jalandhar,Punjab,2025-03-10 00:00:00,XXXX5424,ACTIVE,7169.86,CONFLICTING_MERCHANT_RECORD,0.55,2,"Conflicting Names: ['Mitta1 Plc', 'Nagy, Bhat And Chaudhuri']; Conflicting Categories: ['Medical_Store', 'Transprt']; Conflicting Cities: ['Jalandhar', 'Delhi']"
MCH7613,"Parekh, Ch0Kshi And Das",5699,Apparel,Private-Limited,Jaipur,Rajasthan,2024-11-23 19:31:50,VJFK9617718212331,ACTIVE,419.26,SINGLETON,1.0,1,No duplicates
MCH7614,Waliltd,5699,Apparel,Individual,Mumbai,Maharashtra,2023-07-03 00:00:00,BEBD9243619313229,ACTIVE,969.0,EXACT_DUPLICATE,1.0,2,2 identical rows consolidated
MCH7615,"Dar, Parekh And De",5812,Restaurant,Sole_Proprietor,Lucknow,Uttar Pradesh,,4443349499,INACTIVE,2530.9,SINGLETON,1.0,1,No duplicates
MCH7618,Mutti-Mohan,5942,Books & Stationery,Individual,Hyd,Telangana,2023-03-14 00:00:00,XXXX5035,ACTIVE,664.0,CONFLICTING_MERCHANT_RECORD,0.55,3,"Conflicting Names: ['Mutti-Mohan', 'Thaman, Parikh And Dubey']; Conflicting Categories: ['Books', 'Hotel_Lodging']; Conflicting Cities: ['Hyd', 'Delhi']"
MCH7619,"Ranganathan, Kumer And Pandya",5311,Department Store,Private_Limited,Kolkata,West Bengal,2023-11-02 00:00:00,XXXX7479,ACTIVE,,SINGLETON,1.0,1,No duplicates
MCH7620,Narain-Balasubramanian,5942,Books & Stationery,Private Limited,Chennai,Tamil Nadu,2025-02-14 00:00:00,2629867303,ACTIVE,2086.1,CONFLICTING_MERCHANT_RECORD,0.55,2,"Conflicting Names: ['Vaidya, Deshmukh And Cherian', 'Narain-Balasubramanian']; Conflicting Categories: ['Book Store', 'Books']; Conflicting Cities: ['Pune', 'Chennai']"
MCH7621,"Sankaran, Sur And Panchal",5812,Restaurant,Individual,Jaipur,Rajasthan,2023-01-03 00:00:00,XXXX7790,ACTIVE,1992.6,CONFLICTING_MERCHANT_RECORD,0.55,2,"Conflicting Names: ['Sankaran, Sur And Panchal', 'Iyer-Mangal']; Conflicting Categories: ['Restaurants', 'Kirana']; Conflicting Cities: ['Jaipur', 'Jalandar']"
MCH7622,Banerjee-Raman,5812,Restaurant,Sole_Proprietor,Pune,Maharashtra,2023-11-24 00:00:00,,ACTIVE,1374.5,CONFLICTING_MERCHANT_RECORD,0.55,2,"Conflicting Names: ['Banerjee-Raman', 'Agrawal-Yogi']; Conflicting Categories: ['Food', 'Transprt']; Conflicting Cities: ['Pune', 'Amritsar']"
MCH7623,Pandya Llc,,Books & Stationery,Partnership,Bombay,Maharashtra,2026-01-23 00:00:00,XXXX7491,ACTIVE,701.06,SINGLETON,1.0,1,No duplicates
MCH7627,Lata-Ray,4131,Transportation,Individual,Mumbai,Maharashtra,2025-05-17 00:00:00,3611125475,ACTIVE,1169.55,CONFLICTING_MERCHANT_RECORD,0.55,3,"Conflicting Names: ['Lata-Ray', 'Chanda-Murty', 'Maharaj-Narain']; Conflicting Categories: ['Transport', 'Eating Place', 'Department Stores']; Conflicting Cities: ['Mumbai', 'Jpr', 'Lko']"
MCH7628,"Mander, Guha And Varty",4814,Telecom,Sole-Proprietor,Mumbai,Maharashtra,2026-01-12 00:00:00,0845621446,SUSPENDED,8496.25,CONFLICTING_MERCHANT_RECORD,0.55,2,"Conflicting Names: ['Mander, Guha And Varty', 'Chawla, Datta And Ahuja']; Conflicting Categories: ['Phone Service', 'Grocery_Store']; Conflicting Cities: ['Mumbai', 'Poona']"
MCH7629,Taneja-Vyas,5999,Miscellaneous Retail,Individual,Poona,Maharashtra,2023-01-01 17:10:32,0070872652,ACTIVE,1413.56,SINGLETON,1.0,1,No duplicates
MCH7630,"Rama, Kalita And Jha",4131,Transportation,Individual,Mumbai,Maharashtra,2025-10-01 00:00:00,2315692507,ACTIVE,2393.0,SINGLETON,1.0,1,No duplicates
MCH7631,Chawla-Ganesh,4131,Transportation,Individual,Pune,Maharashtra,2023-07-12 00:00:00,1532003029,ACTIVE,6757.26,CONFLICTING_MERCHANT_RECORD,0.55,2,"Conflicting Names: ['Chawla-Ganesh', 'Doshi-Verma']; Conflicting Categories: ['Travel', 'Books_Stationery']; Conflicting Cities: ['Pune', 'Kolkata']"
MCH7635,Pant And Sons,7011,Hotel & Lodging,Individual,Jalandhar,Punjab,2023-03-04 20:51:37,7323981612,ACTIVE,4941.43,CONFLICTING_MERCHANT_RECORD,0.55,2,"Conflicting Names: ['Karpe Inc', 'Pant And Sons']; Conflicting Categories: ['Telecom', 'Hotel_Lodging']; Conflicting Cities: ['Mumbai', 'Jalandhar']"
MCH7636,Bir Plc,5699,Apparel,Sole_Proprietor,Jalandhar,Punjab,2025-05-03 00:00:00,XXXX9076,ACTIVE,178.0,SINGLETON,1.0,1,No duplicates
MCH7639,Dewan-Ravi,5699,Apparel,Partnership,Calcutta,West Bengal,2023-07-31 00:00:00,XXXX1970,ACTIVE,545.41,CONFLICTING_MERCHANT_RECORD,0.55,4,"Conflicting Names: ['Guha And Sons', 'Dewan-Ravi', 'Brar-Chana', 'Comar Plc']; Conflicting Categories: ['Cloths', 'Garments', 'Other', 'Groceries']; Conflicting Cities: ['Jalandhar', 'Calcutta', 'Mumbai', 'Delhi']"
MCH7644,Mital Plc,7011,Hotel & Lodging,Sole_Proprietor,Chennai,Tamil Nadu,2024-03-07 00:00:00,,ACTIVE,602.59,SINGLETON,1.0,1,No duplicates
MCH7645,Majumdar-Nagarajan,5912,Pharmacy,Sole Proprietor,Amritsar,Punjab,2024-09-21 00:00:00,7530870851,ACTIVE,1396.81,SINGLETON,1.0,1,No duplicates
MCH7647,"Bala, Mody And Kumer",5912,Pharmacy,Partnership,Mumbay,Maharashtra,2025-12-30 18:11:40,XXXX0768,INACTIVE,3285.0,SINGLETON,1.0,1,No duplicates
MCH7648,"Trivedi, Ramachandran And Keer",,Department Store,Private_Limited,Hyd,Telangana,2024-11-12 16:04:31,7503405109,SUSPENDED,1840.11,SINGLETON,1.0,1,No duplicates
MCH7651,Sur Inc,5912,Pharmacy,Sole Proprietor,Jalandhar,Punjab,2025-07-24 13:48:53,VAPP7301302357942,ACTIVE,1138.07,SINGLETON,1.0,1,No duplicates
MCH7653,Mishra Llc,5699,Apparel,Individual,Jalandhar,Punjab,2025-04-30 00:00:00,CZKM6825233537936,ACTIVE,7064.16,CONFLICTING_MERCHANT_RECORD,0.55,2,"Conflicting Names: ['Mishra Llc', 'Sama-Yogi']; Conflicting Categories: ['Fashion', 'Miscellaneous']; Conflicting Cities: ['Jalandhar', 'Hyd']"
MCH7654,Chakraborty Inc,5699,Apparel,Sole_Proprietor,Lko,Uttar Pradesh,,,ACTIVE,1250.0,SINGLETON,1.0,1,No duplicates
MCH7659,"Pandya, Bakshi And Chaudhary",4131,Transportation,Private_Limited,Madras,Tamil Nadu,2023-04-16 18:19:00,FNTE9764699509957,ACTIVE,1564.19,CONFLICTING_MERCHANT_RECORD,0.55,2,"Conflicting Names: ['Pandya, Bakshi And Chaudhary', 'Bali, Balan And Ramachandran']; Conflicting Categories: ['Transport', 'Book Store']; Conflicting Cities: ['Madras', 'Dilli']"
MCH7661,Pal-Atwal,7011,Hotel & Lodging,Partnership,Kolkata,West Bengal,2024-06-20 00:00:00,LQAC5434478012412,ACTIVE,1304.11,CONFLICTING_MERCHANT_RECORD,0.55,3,"Conflicting Names: ['Mutti Group', 'Pal-Atwal', 'Brahmbhatt And Sons']; Conflicting Categories: ['Medical_Store', 'Hotel_Lodging', 'Fashion']; Conflicting Cities: ['Ludhiana', 'Kolkata', 'Jpr']"
MCH7664,Datta Ltd,,Transportation,Partnership,Kolkata,West Bengal,,XXXX7337,ACTIVE,990.98,SINGLETON,1.0,1,No duplicates
MCH7667,Lalla And Sons,5311,Department Store,Individual,Hyderabad,Telangana,2023-01-20 00:00:00,,ACTIVE,1676.0,CONFLICTING_MERCHANT_RECORD,0.55,2,"Conflicting Names: ['Lalla And Sons', 'Solanki Llc']; Conflicting Categories: ['Retail', 'Telecom']; Conflicting Cities: ['Hyderabad', 'Lucknow']"
MCH7675,Suresh-Tandon,4131,Transportation,Partnership,Pune,Maharashtra,2025-01-24 00:00:00,,ACTIVE,1022.55,SINGLETON,1.0,1,No duplicates
MCH7679,Sodhi-Dugal,5411,Grocery,Individual,Jalandar,Punjab,2023-01-23 00:00:00,8562313994,ACTIVE,975.38,CONFLICTING_MERCHANT_RECORD,0.55,3,"Conflicting Names: ['Sodhi-Dugal', 'Bal, Ganesh And Malhotra', 'Sama And Sons']; Conflicting Categories: ['Grocery_Store', 'Stationery', 'Pharmacies']; Conflicting Cities: ['Jalandar', 'Mumbai', 'Bengaluru']"
MCH7681,"Aggarwal, Raj And Mand",5311,Department Store,Individual,Amritsar,Punjab,2023-07-26 00:00:00,6309524938,ACTIVE,148.0,CONFLICTING_MERCHANT_RECORD,0.55,3,"Conflicting Names: ['Kala Plc', 'Aggarwal, Raj And Mand', 'Bal, Kakar And Pillai']; Conflicting Categories: ['Telecom', 'Retail', 'Transportation']; Conflicting Cities: ['Hyd', 'Amritsar', 'Pune']"
MCH7685,"Badal, Khurana And Bansal",5311,Department Store,Individual,Jalandhar,Punjab,2025-05-06 00:19:28,XXXX6889,INACTIVE,3304.25,SINGLETON,1.0,1,No duplicates
MCH7687,Pant-Mukherjee,5999,Miscellaneous Retail,Partnership,Hyderabad,Telangana,2023-08-15 00:00:00,0561782434,ACTIVE,,CONFLICTING_MERCHANT_RECORD,0.55,2,"Conflicting Names: ['Devan Inc', 'Pant-Mukherjee']; Conflicting Categories: ['Fashion', 'Retail Other']; Conflicting Cities: ['Lucknow', 'Hyderabad']"
MCH7688,"Kata, Bobal And Basu",5912,Pharmacy,Sole-Proprietor,Ldh,Punjab,2025-07-29 00:00:00,7749062073,ACTIVE,3346.0,SINGLETON,1.0,1,No duplicates
MCH7692,Ratti-Patla,5311,Department Store,Individual,Asr,Punjab,2025-07-10 00:00:00,XXXX7379,ACTIVE,2270.3,SINGLETON,1.0,1,No duplicates
MCH7698,Bhatnagar Inc,5999,Miscellaneous Retail,Individual,Lucknow,Uttar Pradesh,2023-08-24 00:13:02,8131154936,ACTIVE,1276.92,CONFLICTING_MERCHANT_RECORD,0.55,2,"Conflicting Names: ['Sachdev And Sons', 'Bhatnagar Inc']; Conflicting Categories: ['Restaurant', 'Misc Retail']; Conflicting Cities: ['Amritsar', 'Lucknow']"
MCH7699,Mammen Ltd,4814,Telecom,Individual,Jalandhar,Punjab,2024-10-16 05:11:31,XXXX5219,ACTIVE,,CONFLICTING_MERCHANT_RECORD,0.55,2,"Conflicting Names: ['Chakraborty Llc', 'Mammen Ltd']; Conflicting Categories: ['Hospitality', 'Mobile Recharge']; Conflicting Cities: ['Blr', 'Jalandhar']"
MCH7700,"Lanka, Setty And Muni",5812,Restaurant,Partnership,Delhi,Delhi,2025-06-14 00:00:00,,INACTIVE,4782.98,SINGLETON,1.0,1,No duplicates
MCH7701,Ravel-Lala,5411,Grocery,Private_Limited,Ludhiana,Punjab,2025-05-12 05:37:27,XXXX7294,ACTIVE,1411.44,SINGLETON,1.0,1,No duplicates
MCH7702,Ahuja-Nayar,5411,Grocery,Private Limited,Ludhiana,Punjab,2024-10-04 00:00:00,,SUSPENDED,,SINGLETON,1.0,1,No duplicates
MCH7709,Sangha Llc,5812,Restaurant,Sole-Proprietor,Jalandhar,Punjab,2024-07-11 00:00:00,LORK7301099084726,ACTIVE,968.83,CONFLICTING_MERCHANT_RECORD,0.55,3,"Conflicting Names: ['Kala Llc', 'Sangha Llc', 'Jani, Sidhu And Tripathi']; Conflicting Categories: ['Grocery_Store', 'Eating Place', 'Transport']; Conflicting Cities: ['Jalandhar', 'Jaipur']"
MCH7712,Sehgal Ltd,5411,Grocery,Partnership,Lucknow,Uttar Pradesh,,XXXX7167,ACTIVE,2215.59,SINGLETON,1.0,1,No duplicates
MCH7714,"Koshy, Dani And Barad",4814,Telecom,Private_Limited,Jalandhar,Punjab,2023-10-27 23:10:00,,ACTIVE,669.74,SINGLETON,1.0,1,No duplicates
MCH7715,Tata-Borah,5999,Miscellaneous Retail,Private_Limited,Kolkata,West Bengal,2025-10-06 00:00:00,XXXX1003,INACTIVE,1652.04,CONFLICTING_MERCHANT_RECORD,0.55,2,"Conflicting Names: ['Patla-Memon', 'Tata-Borah']; Conflicting Categories: ['Garments', 'Retail Other']; Conflicting Cities: ['Chennai', 'Kolkata']"
MCH7720,Agate-Krishnamurthy,7011,Hotel & Lodging,Private-Limited,Madras,Tamil Nadu,2025-10-12 22:57:00,,ACTIVE,475.0,CONFLICTING_MERCHANT_RECORD,0.55,2,"Conflicting Names: ['Agate-Krishnamurthy', 'Gulati, Kothari And Mital']; Conflicting Categories: ['Hotel_Lodging', 'Hotels']; Conflicting Cities: ['Madras', 'Poona']"
MCH7723,"Pandya, Barman And Biswas",5699,Apparel,Private_Limited,Ludhiana,Punjab,2025-01-06 01:31:38,MLMI7440738115367,ACTIVE,3268.86,SINGLETON,1.0,1,No duplicates
MCH7724,Kapoor-Parmar,5311,Department Store,Individual,Hyd,Telangana,2025-11-30 00:00:00,ULOQ5236477246986,ACTIVE,431.71,CONFLICTING_MERCHANT_RECORD,0.55,5,"Conflicting Names: ['Kapoor-Parmar', 'Bir-Mitra', 'Johal, Khatri And Sant', 'Thaman,Parsaandaurora', 'Gade-Tata']; Conflicting Categories: ['Retail', 'Restaurant', 'Grocery', 'Mobile Recharge', 'Medical']; Conflicting Cities: ['Hyd', 'Madras', 'Jalandhar', 'Pune', 'New Delhi']"
MCH7726,Modi Ltd,5311,Department Store,Individual,Lucknow,Uttar Pradesh,2025-05-17 15:11:06,XXXX3760,ACTIVE,1955.14,SINGLETON,1.0,1,No duplicates
MCH7728,"Banerjee, Iyengar And Ganguly",7011,Hotel & Lodging,Individual,Jaipur,Rajasthan,2024-10-11 00:00:00,XXXX5198,ACTIVE,750.16,CONFLICTING_MERCHANT_RECORD,0.55,2,"Conflicting Names: ['Gaba Ltd', 'Banerjee, Iyengar And Ganguly']; Conflicting Categories: ['Hospitality', 'Hotel']; Conflicting Cities: ['Jalandhar', 'Jaipur']"
MCH7729,Keer Llc,5942,Books & Stationery,Private Limited,Mumbai,Maharashtra,,,ACTIVE,884.0,CONFLICTING_MERCHANT_RECORD,0.55,2,"Conflicting Names: ['Keer Llc', 'Jain, Bail And Rattan']; Conflicting Categories: ['Books', 'Grocery']; Conflicting Cities: ['Mumbai', 'Pune']"
MCH7731,"Issac, Muni And Natt",,Books & Stationery,Individual,Hyderabad,Telangana,,XXXX4637,ACTIVE,236.08,CONFLICTING_MERCHANT_RECORD,0.55,2,"Conflicting Names: ['Dalalplc', 'Issac, Muni And Natt']; Conflicting Categories: ['Hospitality', 'Book Store']; Conflicting Cities: ['Chennai', 'Hyderabad']"
MCH7733,Bora Inc,,Telecom,Private-Limited,Lko,Uttar Pradesh,2024-01-22 00:00:00,XXXX3762,ACTIVE,5028.38,SINGLETON,1.0,1,No duplicates
MCH7735,Nanda Plc,5912,Pharmacy,Individual,Kolkata,West Bengal,,4101693364,ACTIVE,763.99,CONFLICTING_MERCHANT_RECORD,0.55,2,"Conflicting Names: ['Nanda Plc', 'Garg-Balan']; Conflicting Categories: ['Chemist', 'Misc Retail']; Conflicting Cities: ['Kolkata', 'Ludhiana']"
MCH7736,Kara Plc,5699,Apparel,Individual,Amritsar,Punjab,2024-01-02 00:00:00,,ACTIVE,778.45,SINGLETON,1.0,1,No duplicates
MCH7737,"Sarma, Tripathi And Chandra",4131,Transportation,Sole Proprietor,Mumbai,Maharashtra,2023-09-19 00:00:00,9889598730,ACTIVE,1625.72,CONFLICTING_MERCHANT_RECORD,0.55,2,"Conflicting Names: ['Sarma, Tripathi And Chandra', 'Pal-Rama']; Conflicting Categories: ['Transprt', 'Dept_Store']; Conflicting Cities: ['Mumbai', 'Ludhiana']"
MCH7744,Nath Plc,5311,Department Store,Individual,Asr,Punjab,2026-02-08 11:39:38,,ACTIVE,283.48,SINGLETON,1.0,1,No duplicates
MCH7746,Luthra Group,5699,Apparel,Private-Limited,Jaipur,Rajasthan,2025-10-08 00:00:00,4338266840,ACTIVE,1244.49,CONFLICTING_MERCHANT_RECORD,0.55,2,"Conflicting Names: ['Suresh-Atwal', 'Luthra Group']; Conflicting Categories: ['Stationery', 'Cloths']; Conflicting Cities: ['Asr', 'Jaipur']"
MCH7748,Chhabra Group,5812,Restaurant,Individual,Poona,Maharashtra,2025-12-26 00:00:00,0225226630,ACTIVE,1602.16,SINGLETON,1.0,1,No duplicates
MCH7749,Nigam Inc,,Telecom,Private-Limited,Pune,Maharashtra,2023-01-23 00:00:00,STDX5070330242192,ACTIVE,7003.66,CONFLICTING_MERCHANT_RECORD,0.55,2,"Conflicting Names: ['Dhaliwal, Chaudhari And Lad', 'Nigam Inc']; Conflicting Categories: ['Transprt', 'Phone Service']; Conflicting Cities: ['Lko', 'Pune']"
MCH7750,"Rama, Garde And Ravi",,Transportation,Partnership,Bengaluru,Karnataka,2025-01-22 00:00:00,XXXX7708,ACTIVE,1271.38,SINGLETON,1.0,1,No duplicates
MCH7751,"Vig, Iyer And Andra",5311,Department Store,Partnership,Pune,Maharashtra,2024-06-28 00:00:00,6513543497,SUSPENDED,590.58,SINGLETON,1.0,1,No duplicates
MCH7757,"Uppal, Kota And Ramaswamy",4814,Telecom,Individual,Delhi,Delhi,2024-02-09 00:00:00,XXXX2473,ACTIVE,669.43,SINGLETON,1.0,1,No duplicates
MCH7758,"Memon, Agate And Deshpande",5699,Apparel,Partnership,Mumbai,Maharashtra,2023-12-27 00:00:00,KYBY5368849904131,ACTIVE,362.28,SINGLETON,1.0,1,No duplicates
MCH7759,"Sankaran, Patel And Narain",5699,Apparel,Sole_Proprietor,Kolkata,West Bengal,2025-10-15 13:32:26,EADV1032511266518,ACTIVE,,SINGLETON,1.0,1,No duplicates
MCH7763,"Choudhury, Mody And Tank",5912,Pharmacy,Individual,Chennai,Tamil Nadu,2023-11-03 00:00:00,,ACTIVE,777.85,SINGLETON,1.0,1,No duplicates
MCH7765,Dyal Llc,5812,Restaurant,Individual,Amritsar,Punjab,2025-02-27 00:00:00,XXXX8941,ACTIVE,3067.55,SINGLETON,1.0,1,No duplicates
MCH7767,Nadkarni-Pathak,7011,Hotel & Lodging,Individual,Chennai,Tamil Nadu,2025-07-10 07:50:00,,ACTIVE,3595.48,SINGLETON,1.0,1,No duplicates
MCH7768,Sahota-Walia,4131,Transportation,Partnership,Delhi,Delhi,2025-06-19 07:32:00,,SUSPENDED,1097.55,SINGLETON,1.0,1,No duplicates
MCH7769,"Atwal, Loke And Prasad",4814,Telecom,Partnership,Mumbai,Maharashtra,2024-07-21 00:00:00,,ACTIVE,232.38,SINGLETON,1.0,1,No duplicates
MCH7772,"Chatterjee, Wason And Nadkarni",5311,Department Store,Partnership,Bombay,Maharashtra,2026-01-02 19:37:55,XXXX1871,ACTIVE,541.48,SINGLETON,1.0,1,No duplicates
MCH7773,Nath-Parikh,5699,Apparel,Individual,Jpr,Rajasthan,2025-09-08 12:42:00,XXXX0128,ACTIVE,544.16,CONFLICTING_MERCHANT_RECORD,0.55,3,"Conflicting Names: ['Nath-Parikh', 'Mannan, Rout And Dara', 'Goel-Srivastava']; Conflicting Categories: ['Garments', 'Hotels', 'Miscellaneous']; Conflicting Cities: ['Jpr', 'Jalandhar', 'Jaipur']"
MCH7779,"Mane, Bassi And Samra",5699,Apparel,Partnership,Lko,Uttar Pradesh,2024-12-12 19:16:00,UAHK2726212156650,ACTIVE,,SINGLETON,1.0,1,No duplicates
MCH7780,Jain Plc,5912,Pharmacy,Sole_Proprietor,Lucknow,Uttar Pradesh,2025-07-19 13:23:49,,ACTIVE,,FORMATTING_DUPLICATE,0.85,2,2 records with formatting variations consolidated
MCH7784,Dave-Babu,5912,Pharmacy,Partnership,Ludhiana,Punjab,2023-03-16 00:00:00,XXXX3111,ACTIVE,643.0,CONFLICTING_MERCHANT_RECORD,0.55,2,"Conflicting Names: ['Dave-Babu', 'Dayal Plc']; Conflicting Categories: ['Medical', 'Phone Service']; Conflicting Cities: ['Ludhiana', 'Pune']"
MCH7790,Barman-Roy,5942,Books & Stationery,Sole_Proprietor,Chennai,Tamil Nadu,2025-05-28 00:00:00,3171421828,ACTIVE,1525.46,SINGLETON,1.0,1,No duplicates
MCH7794,Kalita Plc,5912,Pharmacy,Partnership,Delhi,Delhi,2025-01-05 18:59:00,GLZI3360162189324,ACTIVE,622.63,SINGLETON,1.0,1,No duplicates
MCH7795,"Samra, Venkataraman And Bhatti",4131,Transportation,Private-Limited,Amritsar,Punjab,2024-03-08 04:15:00,XXXX1904,ACTIVE,723.93,CONFLICTING_MERCHANT_RECORD,0.55,3,"Conflicting Names: ['Prakash Llc', 'Maharaj Plc', 'Samra, Venkataraman And Bhatti']; Conflicting Categories: ['Travel', 'Restaurant']; Conflicting Cities: ['Jpr', 'Amritsar']"
MCH7796,"Kari, Sridhar And J0Ha1",5411,Grocery,Partnership,Poona,Maharashtra,2024-12-09 00:00:00,5623137802,ACTIVE,489.31,FORMATTING_DUPLICATE,0.85,2,2 records with formatting variations consolidated
MCH7802,Venkatesh Llc,5912,Pharmacy,Partnership,Lucknow,Uttar Pradesh,2024-04-12 13:06:25,5184855438,ACTIVE,1493.43,CONFLICTING_MERCHANT_RECORD,0.55,2,"Conflicting Names: ['Venkatesh Llc', 'Kapur, Sarna And Chandra']; Conflicting Categories: ['Medical', 'Books_Stationery']; Conflicting Cities: ['Lucknow', 'Ldh']"
MCH7803,Mukherjee-Sha,4814,Telecom,Private_Limited,Jaipur,Rajasthan,2023-02-16 00:00:00,7883892457,ACTIVE,763.0,CONFLICTING_MERCHANT_RECORD,0.55,2,"Conflicting Names: ['Mukherjee-Sha', 'Naik Llc']; Conflicting Categories: ['Telecom', 'Retail Other']; Conflicting Cities: ['Jaipur', 'Delhi']"
MCH7804,Choudhry And Sons,5942,Books & Stationery,Sole_Proprietor,Ldh,Punjab,2024-02-04 20:13:00,XXXX6038,ACTIVE,586.0,CONFLICTING_MERCHANT_RECORD,0.55,3,"Conflicting Names: ['Deo-Pandya', 'Choudhry And Sons']; Conflicting Categories: ['Food', 'Books']; Conflicting Cities: ['Jaipur', 'Ldh']"
MCH7806,"Sahni, Bhavsar And Kaul",,Transportation,Private_Limited,Hyderabad,Telangana,2023-04-17 00:00:00,XXXX2487,ACTIVE,1046.19,SINGLETON,1.0,1,No duplicates
MCH7810,Bora-Chawla,,Books & Stationery,Individual,Amritsar,Punjab,2023-04-11 21:20:23,WADW8907156741077,ACTIVE,631.58,CONFLICTING_MERCHANT_RECORD,0.55,2,"Conflicting Names: ['Bail Inc', 'Bora-Chawla']; Conflicting Categories: ['Books', 'Stationery']; Conflicting Cities: ['Ludhiana', 'Amritsar']"
MCH7814,Mallick-Puri,5812,Restaurant,Sole_Proprietor,Jaipur,Rajasthan,2024-03-01 00:00:00,,ACTIVE,2963.54,SINGLETON,1.0,1,No duplicates
MCH7817,Lata Plc,5812,Restaurant,Private_Limited,Madras,Tamil Nadu,2025-07-27 00:00:00,,INACTIVE,3090.66,SINGLETON,1.0,1,No duplicates
MCH7821,Deshmukh Inc,,Miscellaneous Retail,Partnership,Bangalore,Karnataka,2026-01-26 00:00:00,3967998762,ACTIVE,1463.63,SINGLETON,1.0,1,No duplicates
MCH7828,Jhaveri And Sons,5699,Apparel,Individual,Kolkata,West Bengal,2026-02-23 00:00:00,3888843924,ACTIVE,3105.54,CONFLICTING_MERCHANT_RECORD,0.55,2,"Conflicting Names: ['Jhaveri And Sons', 'Samra Ltd']; Conflicting Categories: ['Garments', 'Medical']; Conflicting Cities: ['Kolkata', 'Calcutta']"
MCH7829,Hora Ltd,4131,Transportation,Partnership,Jpr,Rajasthan,2025-05-06 00:00:00,XXXX7292,ACTIVE,422.0,CONFLICTING_MERCHANT_RECORD,0.55,2,"Conflicting Names: ['Hora Ltd', 'Tara, Deo And More']; Conflicting Categories: ['Travel', 'Restaurant']; Conflicting Cities: ['Jpr', 'New Delhi']"
MCH7830,Narayanan-Barad,5912,Pharmacy,Private Limited,Jaipur,Rajasthan,2025-12-14 17:19:27,9447863643,SUSPENDED,1497.41,CONFLICTING_MERCHANT_RECORD,0.55,2,"Conflicting Names: ['Narayanan-Barad', 'Hegde Ltd']; Conflicting Categories: ['Pharmacies', 'Transprt']; Conflicting Cities: ['Jaipur', 'Bangalore']"
MCH7832,"Sodhi, Venkataraman And Kohli",5999,Miscellaneous Retail,Individual,Delhi,Delhi,2025-06-02 00:45:12,XXXX9396,ACTIVE,4116.49,CONFLICTING_MERCHANT_RECORD,0.55,2,"Conflicting Names: ['More-Cherian', 'Sodhi, Venkataraman And Kohli']; Conflicting Categories: ['Retail', 'Misc Retail']; Conflicting Cities: ['Amritsar', 'Delhi']"
MCH7833,"Chopra, Baral And Hayre",5942,Books & Stationery,Sole_Proprietor,Hyderabad,Telangana,2023-02-10 07:53:34,,SUSPENDED,648.0,SINGLETON,1.0,1,No duplicates
MCH7835,"Dugar, Dhawan And De",7011,Hotel & Lodging,Private Limited,Lucknow,Uttar Pradesh,2023-12-26 12:25:00,,SUSPENDED,1744.59,SINGLETON,1.0,1,No duplicates
MCH7837,Wali Group,,Miscellaneous Retail,Individual,Kolkata,West Bengal,2023-06-03 00:00:00,,ACTIVE,803.03,FORMATTING_DUPLICATE,0.85,2,2 records with formatting variations consolidated
MCH7838,"Yohannan, Sethi And Khare",5812,Restaurant,Sole-Proprietor,Asr,Punjab,2024-03-25 00:00:00,,ACTIVE,974.3,SINGLETON,1.0,1,No duplicates
MCH7839,Mahajan-Bhasin,5699,Apparel,Partnership,Amritsar,Punjab,2023-06-03 00:00:00,XXXX8814,ACTIVE,4413.06,CONFLICTING_MERCHANT_RECORD,0.55,2,"Conflicting Names: ['Mahajan-Bhasin', 'Chandra-Borra']; Conflicting Categories: ['Apparel', 'Department Store']; Conflicting Cities: ['Amritsar', 'Lucknow']"
MCH7840,Sood Llc,5311,Department Store,Individual,Pune,Maharashtra,2023-09-26 00:00:00,XXXX2181,ACTIVE,394.0,SINGLETON,1.0,1,No duplicates
MCH7841,Manda Group,5942,Books & Stationery,Sole-Proprietor,Poona,Maharashtra,2024-10-01 00:00:00,8517196401,ACTIVE,14164.49,SINGLETON,1.0,1,No duplicates
MCH7842,J0Ha1 Ltd,5812,Restaurant,Private_Limited,Kolkata,West Bengal,2025-02-06 00:00:00,XXXX0929,INACTIVE,1856.0,SINGLETON,1.0,1,No duplicates
MCH7843,Rastogi-Das,5812,Restaurant,Partnership,Amritsar,Punjab,2025-04-03 00:00:00,XXXX7401,ACTIVE,1274.89,SINGLETON,1.0,1,No duplicates
MCH7844,Singh-Mane,,Grocery,Sole-Proprietor,Ldh,Punjab,2024-10-31 00:00:00,,ACTIVE,1309.0,SINGLETON,1.0,1,No duplicates
MCH7845,Bhasin-Dubey,4814,Telecom,Private_Limited,Ludhiana,Punjab,2024-08-22 00:00:00,8372327074,ACTIVE,994.0,SINGLETON,1.0,1,No duplicates
MCH7846,Chad-Gole,,Miscellaneous Retail,Individual,Mumbai,Maharashtra,2023-08-24 00:00:00,XXXX4268,ACTIVE,228.0,SINGLETON,1.0,1,No duplicates
MCH7847,Ramakrishnan-Misra,5411,Grocery,Individual,Mumbay,Maharashtra,2025-12-04 00:00:00,,ACTIVE,2108.0,SINGLETON,1.0,1,No duplicates
MCH7849,Lal-Wagle,5311,Department Store,Sole_Proprietor,Jaipur,Rajasthan,2025-02-12 16:31:00,XXXX0377,ACTIVE,4061.65,SINGLETON,1.0,1,No duplicates
MCH7850,Reddy Inc,5699,Apparel,Partnership,Chennai,Tamil Nadu,2024-05-16 05:07:55,,ACTIVE,1378.0,SINGLETON,1.0,1,No duplicates
MCH7851,"Warrior, Hora And Dayal",4814,Telecom,Individual,Jalandar,Punjab,2024-02-07 00:00:00,6337984791,ACTIVE,,SINGLETON,1.0,1,No duplicates
MCH7852,"Kapadia, K0Nda And Luthra",,Hotel & Lodging,Sole_Proprietor,Chennai,Tamil Nadu,2023-05-12 06:13:06,XXXX7199,SUSPENDED,4401.63,SINGLETON,1.0,1,No duplicates
MCH7856,"Sood, Dalal And Butala",7011,Hotel & Lodging,Private Limited,New Delhi,Delhi,2025-11-06 15:54:00,1705220103,ACTIVE,2048.0,SINGLETON,1.0,1,No duplicates
MCH7860,"Pall, Som And Dalal",5999,Miscellaneous Retail,Private-Limited,Asr,Punjab,2024-11-11 02:08:53,1164754239,ACTIVE,625.05,SINGLETON,1.0,1,No duplicates
MCH7862,Pandit-Ratti,5912,Pharmacy,Individual,Amritsar,Punjab,2023-04-23 00:00:00,,ACTIVE,558.23,SINGLETON,1.0,1,No duplicates
MCH7863,"Lal, Hegde And Hora",5812,Restaurant,Partnership,Lko,Uttar Pradesh,2024-11-18 00:00:00,BRCS2990278425539,ACTIVE,673.1,CONFLICTING_MERCHANT_RECORD,0.55,2,"Conflicting Names: ['Kade-Saxena', 'Lal, Hegde And Hora']; Conflicting Categories: ['Hotel_Lodging', 'Eating Place']; Conflicting Cities: ['Amritsar', 'Lko']"
MCH7864,"Saini, Yohannan And Tank",5942,Books & Stationery,Individual,Ludhiana,Punjab,,9857461455,ACTIVE,1130.3,CONFLICTING_MERCHANT_RECORD,0.55,4,"Conflicting Names: ['Joshi, Warrior And Guha', 'Saini, Yohannan And Tank', 'Kumer, Iyer And Bhavsar']; Conflicting Categories: ['Garments', 'Book Store', 'Travel']; Conflicting Cities: ['Jalandhar', 'Ludhiana', 'Amritsar']"
MCH7865,Rout Inc,,Department Store,Individual,Hyderabad,Telangana,2023-11-13 13:57:04,XXXX3299,ACTIVE,2187.26,SINGLETON,1.0,1,No duplicates
MCH7866,Bhattacharyya And Sons,5311,Department Store,Partnership,Delhi,Delhi,2025-10-31 05:29:00,QKIU3712061004002,ACTIVE,2522.0,CONFLICTING_MERCHANT_RECORD,0.55,3,"Conflicting Names: ['Bhattacharyya And Sons', 'Mangal And Sons', 'Raval, Sane And Dua']; Conflicting Categories: ['Department Stores', 'Phone Service', 'Grocery']; Conflicting Cities: ['Delhi', 'Amritsar', 'Asr']"
MCH7868,Chander-Ramakrishnan,5311,Department Store,Individual,Pune,Maharashtra,2025-09-21 01:36:00,XXXX9717,ACTIVE,563.96,CONFLICTING_MERCHANT_RECORD,0.55,2,"Conflicting Names: ['Ah1Uwa1Ia Inc', 'Chander-Ramakrishnan']; Conflicting Categories: ['Food', 'Department Stores']; Conflicting Cities: ['Hyderabad', 'Pune']"
MCH7870,Sahota-Chand,5311,Department Store,Sole Proprietor,Delhi,Delhi,2024-06-12 00:00:00,2012661045,ACTIVE,1123.31,CONFLICTING_MERCHANT_RECORD,0.55,3,"Conflicting Names: ['Vyas Inc', 'Sahota-Chand', 'Kalla,Moreandswamy']; Conflicting Categories: ['Telecom', 'Department Stores', 'Pharmacies']; Conflicting Cities: ['Amritsar', 'Delhi', 'Jaipur']"
MCH7871,"Mital, Palla And Saraf",5699,Apparel,Sole-Proprietor,Hyderabad,Telangana,2026-02-17 14:36:44,QSZR3521803060698,ACTIVE,2352.21,SINGLETON,1.0,1,No duplicates
MCH7875,Narasimhan Plc,5411,Grocery,Private_Limited,Amritsar,Punjab,2025-01-03 00:00:00,,ACTIVE,585.43,SINGLETON,1.0,1,No duplicates
MCH7876,Yadav-Bansal,5942,Books & Stationery,Individual,Lucknow,Uttar Pradesh,2024-09-22 00:00:00,,ACTIVE,549.03,CONFLICTING_MERCHANT_RECORD,0.55,2,"Conflicting Names: ['Deshpande, Nagar And Parsa', 'Yadav-Bansal']; Conflicting Categories: ['Telecom', 'Stationery']; Conflicting Cities: ['Jpr', 'Lucknow']"
MCH7877,Bajwa Ltd,5942,Books & Stationery,Partnership,Chennai,Tamil Nadu,,2144271582,ACTIVE,565.69,CONFLICTING_MERCHANT_RECORD,0.55,2,"Conflicting Names: ['Bajwa Ltd', 'Parekh-Borra']; Conflicting Categories: ['Books_Stationery', 'Book Store']; Conflicting Cities: ['Chennai', 'Bombay']"
MCH7879,Sawhney-Goda,4814,Telecom,Individual,Jalandhar,Punjab,2023-12-30 23:35:00,,ACTIVE,1760.85,SINGLETON,1.0,1,No duplicates
MCH7880,Tiwari-Dua,4131,Transportation,Sole-Proprietor,Ludhiana,Punjab,,XXXX1699,ACTIVE,12814.22,CONFLICTING_MERCHANT_RECORD,0.55,2,"Conflicting Names: ['Ben-Khare', 'Tiwari-Dua']; Conflicting Categories: ['Transportation', 'Bus/Taxi']; Conflicting Cities: ['Chennai', 'Ludhiana']"
MCH7881,Menon Plc,5311,Department Store,Partnership,Pune,Maharashtra,2024-02-04 00:00:00,1137446678,ACTIVE,1357.1,SINGLETON,1.0,1,No duplicates
MCH7885,Sura Llc,5699,Apparel,Partnership,Lucknow,Uttar Pradesh,2025-04-15 09:52:00,XXXX8127,ACTIVE,2999.12,CONFLICTING_MERCHANT_RECORD,0.55,4,"Conflicting Names: ['Atwal-Jha', 'Vaidya-Bhatt', 'Sura Llc']; Conflicting Categories: ['Bus/Taxi', 'Grocery Stores', 'Garments']; Conflicting Cities: ['Jalandhar', 'Lucknow']"
MCH7890,Contractor Plc,7011,Hotel & Lodging,Partnership,Chennai,Tamil Nadu,2024-07-21 17:41:07,KQNM1742343730851,INACTIVE,652.34,SINGLETON,1.0,1,No duplicates
MCH7891,Bakshi Plc,5411,Grocery,Individual,Bangalore,Karnataka,2024-03-02 20:11:00,5025889978,ACTIVE,3419.67,SINGLETON,1.0,1,No duplicates
MCH7895,Pau Plc,,Department Store,Individual,Amritsar,Punjab,2023-06-08 09:45:00,,ACTIVE,583.0,SINGLETON,1.0,1,No duplicates
MCH7896,Samra Llc,7011,Hotel & Lodging,Private Limited,Calcutta,West Bengal,2023-10-16 00:00:00,SGTY6881761008390,SUSPENDED,2276.65,SINGLETON,1.0,1,No duplicates
MCH7900,Basu-Sami,4131,Transportation,Individual,New Delhi,Delhi,2025-04-24 00:00:00,CGXR1652716099772,ACTIVE,1035.61,CONFLICTING_MERCHANT_RECORD,0.55,2,"Conflicting Names: ['Lala-Kashyap', 'Basu-Sami']; Conflicting Categories: ['Medical_Store', 'Transportation']; Conflicting Cities: ['Madras', 'New Delhi']"
MCH7901,Bala Group,5812,Restaurant,Partnership,Jaipur,Rajasthan,2023-03-02 12:07:59,VXJE9106968913579,ACTIVE,,SINGLETON,1.0,1,No duplicates
MCH7902,Deol Inc,4131,Transportation,Partnership,Ludhiana,Punjab,2025-07-05 00:00:00,,ACTIVE,2892.53,SINGLETON,1.0,1,No duplicates
MCH7904,Kapadia-Pandya,5942,Books & Stationery,Partnership,Chennai,Tamil Nadu,2023-09-20 00:00:00,XXXX8842,ACTIVE,6260.03,SINGLETON,1.0,1,No duplicates
MCH7906,"Ganesan, Gopal And Ratta",5912,Pharmacy,Individual,Jpr,Rajasthan,2023-08-04 00:00:00,6930056996,ACTIVE,733.85,SINGLETON,1.0,1,No duplicates
MCH7910,Shenoy Llc,5812,Restaurant,Partnership,Hyd,Telangana,2024-03-25 00:00:00,5996954160,INACTIVE,741.5,SINGLETON,1.0,1,No duplicates
MCH7912,Sarma-Arya,5699,Apparel,Private_Limited,Lucknow,Uttar Pradesh,2025-01-01 00:00:00,ZNNS3870382152945,ACTIVE,1318.64,CONFLICTING_MERCHANT_RECORD,0.55,6,"Conflicting Names: ['Sarma-Arya', 'Dewan, Tak And Subramanian', 'Jaggi-Khare', 'Som-Mistry', 'Raju, Bhakta And Kaul']; Conflicting Categories: ['Garments', 'Pharmacies', 'Mobile Recharge', 'Misc Retail', 'Books']; Conflicting Cities: ['Lucknow', 'Chennai', 'Kolkata', 'Jaipur']"
MCH7913,Khare Inc,5912,Pharmacy,Partnership,Pune,Maharashtra,2025-02-22 00:00:00,QFFQ8944942522196,ACTIVE,1243.32,CONFLICTING_MERCHANT_RECORD,0.55,2,"Conflicting Names: ['Khare Inc', 'Ganesan-S00D']; Conflicting Categories: ['Medical_Store', 'Pharmacy']; Conflicting Cities: ['Pune', 'Delhi']"
MCH7914,Grover-Karnik,4814,Telecom,Sole_Proprietor,Jpr,Rajasthan,2023-11-30 00:00:00,,ACTIVE,1922.54,SINGLETON,1.0,1,No duplicates
MCH7917,Parsa-Madan,5411,Grocery,Sole_Proprietor,Pune,Maharashtra,2023-04-02 01:07:51,XXXX8810,INACTIVE,1524.64,SINGLETON,1.0,1,No duplicates
MCH7918,Purohit Llc,5942,Books & Stationery,Private_Limited,Calcutta,West Bengal,2024-09-06 00:00:00,XXXX2495,ACTIVE,1204.0,SINGLETON,1.0,1,No duplicates
MCH7919,Majumdar-Chandran,4131,Transportation,Partnership,Jaipur,Rajasthan,2025-12-09 01:54:00,ZYZN0297509951145,ACTIVE,4626.02,CONFLICTING_MERCHANT_RECORD,0.55,4,"Conflicting Names: ['Dugar, Buch And Bhatti', 'Nadkarni Group', 'Mistry-Bhatt', 'Majumdar-Chandran']; Conflicting Categories: ['Restaurant', 'Medical_Store', 'Phone Service', 'Transportation']; Conflicting Cities: ['Hyd', 'Mumbai', 'Lko', 'Jaipur']"
MCH7922,Dara Llc,,Restaurant,Partnership,Bombay,Maharashtra,2024-05-13 00:00:00,4216494567,ACTIVE,1260.96,SINGLETON,1.0,1,No duplicates
MCH7925,"Bedi, Shroff And Nadkarni",4131,Transportation,Sole Proprietor,Lucknow,Uttar Pradesh,2023-07-07 00:00:00,BECU4208184850705,ACTIVE,2480.62,CONFLICTING_MERCHANT_RECORD,0.55,2,"Conflicting Names: ['Badami Group', 'Bedi, Shroff And Nadkarni']; Conflicting Categories: ['Hotel_Lodging', 'Bus/Taxi']; Conflicting Cities: ['Hyderabad', 'Lucknow']"
MCH7930,"Boase, Barman And Virk",5812,Restaurant,Private_Limited,Amritsar,Punjab,2025-05-02 00:00:00,,ACTIVE,1076.5,CONFLICTING_MERCHANT_RECORD,0.55,2,"Conflicting Names: ['Boase, Barman And Virk', 'Bhatt, Ganguly And Dhingra']; Conflicting Categories: ['Eating Place', 'Department Stores']; Conflicting Cities: ['Amritsar', 'Dilli']"
MCH7932,Sethi Ltd,4814,Telecom,Private Limited,Bengaluru,Karnataka,2025-04-20 22:28:00,AUYT1495828220876,ACTIVE,4410.18,CONFLICTING_MERCHANT_RECORD,0.55,3,"Conflicting Names: ['Sethi Ltd', 'Kaur-De']; Conflicting Categories: ['Telecom', 'Kirana']; Conflicting Cities: ['Bengaluru', 'Delhi']"
MCH7933,Baradinc,5812,Restaurant,Individual,Asr,Punjab,2025-07-26 00:00:00,,INACTIVE,1177.0,SINGLETON,1.0,1,No duplicates
MCH7934,Srinivasan-Maharaj,5812,Restaurant,Partnership,Chennai,Tamil Nadu,2023-02-23 00:00:00,,INACTIVE,1154.88,SINGLETON,1.0,1,No duplicates
MCH7938,Chander Ltd,,Telecom,Sole_Proprietor,Bangalore,Karnataka,2023-09-22 00:00:00,,ACTIVE,639.19,SINGLETON,1.0,1,No duplicates
MCH7939,Mand Llc,5812,Restaurant,Private_Limited,Bengaluru,Karnataka,2025-01-23 00:00:00,,ACTIVE,2096.4,SINGLETON,1.0,1,No duplicates
MCH7942,Parmar-Oza,5912,Pharmacy,Sole_Proprietor,Hyderabad,Telangana,2024-08-10 06:25:22,,ACTIVE,1133.78,SINGLETON,1.0,1,No duplicates
MCH7943,Chaudhary-Rana,5912,Pharmacy,Individual,Calcutta,West Bengal,2024-12-27 00:00:00,IEWV4741965388466,ACTIVE,3927.63,SINGLETON,1.0,1,No duplicates
MCH7944,Bassi-Dyal,4131,Transportation,Sole_Proprietor,Kolkata,West Bengal,2025-11-04 00:00:00,YDDT9877099170196,ACTIVE,1227.24,SINGLETON,1.0,1,No duplicates
MCH7945,"Barad, Wagle And Raju",5912,Pharmacy,Individual,Ludhiana,Punjab,2023-01-24 00:00:00,EHNZ2779616653327,ACTIVE,268.67,SINGLETON,1.0,1,No duplicates
MCH7947,Padmanabhan-Kale,4814,Telecom,Private_Limited,Mumbay,Maharashtra,2023-09-08 00:00:00,,ACTIVE,3921.35,SINGLETON,1.0,1,No duplicates
MCH7948,Sachdeva-Buch,5311,Department Store,Partnership,Mumbai,Maharashtra,2025-07-03 00:00:00,XXXX0532,ACTIVE,656.76,SINGLETON,1.0,1,No duplicates
MCH7949,Vohra-Chaudhary,4131,Transportation,Private_Limited,Mumbai,Maharashtra,2023-10-14 00:00:00,,ACTIVE,265.37,SINGLETON,1.0,1,No duplicates
MCH7950,Om-Andra,5411,Grocery,Individual,Ludhiana,Punjab,,,ACTIVE,3471.68,SINGLETON,1.0,1,No duplicates
MCH7951,Peri Group,7011,Hotel & Lodging,Sole_Proprietor,Jaipur,Rajasthan,2024-02-21 00:00:00,,ACTIVE,981.55,SINGLETON,1.0,1,No duplicates
MCH7953,Deep Group,5411,Grocery,Sole_Proprietor,Mumbai,Maharashtra,2025-08-07 00:00:00,4208218333,ACTIVE,1668.75,SINGLETON,1.0,1,No duplicates
MCH7954,Sur Inc,7011,Hotel & Lodging,Private Limited,Hyderabad,Telangana,2025-01-04 22:07:00,,ACTIVE,2803.0,SINGLETON,1.0,1,No duplicates
MCH7955,Sura Gr0Up,5812,Restaurant,Individual,Amritsar,Punjab,,FIJI5501070753851,ACTIVE,833.11,CONFLICTING_MERCHANT_RECORD,0.55,2,"Conflicting Names: ['Sura Gr0Up', 'Andra, Oommen And Salvi']; Conflicting Categories: ['Food', 'Garments']; Conflicting Cities: ['Amritsar', 'Asr']"
MCH7957,Varty-Natarajan,7011,Hotel & Lodging,Private_Limited,Madras,Tamil Nadu,2024-06-28 09:08:00,,ACTIVE,410.29,CONFLICTING_MERCHANT_RECORD,0.55,2,"Conflicting Names: ['Keer-Khalsa', 'Varty-Natarajan']; Conflicting Categories: ['Retail', 'Hotel']; Conflicting Cities: ['Amritsar', 'Madras']"
MCH7960,Comar-Ramesh,5411,Grocery,Sole_Proprietor,Amritsar,Punjab,2023-05-01 00:00:00,XXXX2411,ACTIVE,,SINGLETON,1.0,1,No duplicates
MCH7965,Magar-Kant,5311,Department Store,Sole_Proprietor,Pune,Maharashtra,2024-05-13 00:00:00,XXXX3832,ACTIVE,567.32,SINGLETON,1.0,1,No duplicates
MCH7967,Chandran Inc,5912,Pharmacy,Individual,Bengaluru,Karnataka,2025-06-19 00:00:00,,ACTIVE,1630.08,CONFLICTING_MERCHANT_RECORD,0.55,2,"Conflicting Names: ['Datta Llc', 'Chandran Inc']; Conflicting Categories: ['Mobile Recharge', 'Chemist']; Conflicting Cities: ['Amritsar', 'Bengaluru']"
MCH7969,"Karan,Balandkhurana",4131,Transportation,Individual,Lucknow,Uttar Pradesh,2025-04-16 00:00:00,,ACTIVE,836.32,SINGLETON,1.0,1,No duplicates
MCH7972,Lata Inc,5411,Grocery,Partnership,Bangalore,Karnataka,2024-12-16 00:00:00,6873256015,ACTIVE,401.1,SINGLETON,1.0,1,No duplicates
MCH7973,"Dhar, Som And Mane",7011,Hotel & Lodging,Sole_Proprietor,Calcutta,West Bengal,2023-01-17 11:57:28,GEUZ7160822941996,ACTIVE,1422.91,SINGLETON,1.0,1,No duplicates
MCH7974,"Verma, Koshy And Bhardwaj",5411,Grocery,Individual,Jaipur,Rajasthan,2023-10-04 00:00:00,7985944544,ACTIVE,460.5,CONFLICTING_MERCHANT_RECORD,0.55,2,"Conflicting Names: ['Verma, Koshy And Bhardwaj', 'Kari Inc']; Conflicting Categories: ['Grocery_Store', 'Cloths']; Conflicting Cities: ['Jaipur', 'Delhi']"
MCH7977,"Kohli, Vaidya And Nagar",7011,Hotel & Lodging,Sole Proprietor,Chennai,Tamil Nadu,2025-07-23 00:00:00,PYMW1543762535071,ACTIVE,4790.0,SINGLETON,1.0,1,No duplicates
MCH7978,"Ganesan, Kohli And Savant",5999,Miscellaneous Retail,Individual,Jaipur,Rajasthan,2023-02-15 00:00:00,XXXX8648,ACTIVE,2414.03,CONFLICTING_MERCHANT_RECORD,0.55,2,"Conflicting Names: ['K0Rpa1-Bassi', 'Ganesan, Kohli And Savant']; Conflicting Categories: ['Telecom', 'Misc Retail']; Conflicting Cities: ['Jalandhar', 'Jaipur']"
MCH7981,"Singhal, Manne And Ray",5699,Apparel,Private Limited,Jalandhar,Punjab,2023-11-02 00:00:00,IOCQ7344534204502,ACTIVE,234.87,SINGLETON,1.0,1,No duplicates
MCH7982,De0 Ltd,5311,Department Store,Partnership,Ldh,Punjab,2023-01-14 04:48:22,KDBH6204467913349,ACTIVE,579.0,SINGLETON,1.0,1,No duplicates
MCH7983,Karpe-Raval,5311,Department Store,Individual,Lucknow,Uttar Pradesh,2024-01-11 00:00:00,XXXX7464,ACTIVE,3843.3,SINGLETON,1.0,1,No duplicates
MCH7985,"Ba1Ay, Mammen And Raman",5812,Restaurant,Partnership,Lko,Uttar Pradesh,2023-12-16 19:17:00,,ACTIVE,2429.67,SINGLETON,1.0,1,No duplicates
MCH7986,Pathak Inc,,Department Store,Individual,Chennai,Tamil Nadu,2024-05-30 00:00:00,,INACTIVE,1602.91,SINGLETON,1.0,1,No duplicates
MCH7987,Mangat-Sundaram,5912,Pharmacy,Individual,Chennai,Tamil Nadu,2023-02-25 00:00:00,XXXX1113,ACTIVE,2275.51,SINGLETON,1.0,1,No duplicates
MCH7991,Rastogi Plc,5942,Books & Stationery,Partnership,Mumbay,Maharashtra,,,ACTIVE,1076.7,SINGLETON,1.0,1,No duplicates
MCH7992,Goel Group,4814,Telecom,Individual,Bengaluru,Karnataka,2023-10-18 00:00:00,UIMY5187810690637,ACTIVE,609.52,SINGLETON,1.0,1,No duplicates
MCH7993,Garde Inc,4814,Telecom,Partnership,Kolkata,West Bengal,2023-04-23 00:00:00,4099690978,ACTIVE,1024.0,SINGLETON,1.0,1,No duplicates
MCH7996,Bhargava Llc,5912,Pharmacy,Private-Limited,Amritsar,Punjab,2024-12-18 00:00:00,BYTJ9061277350740,INACTIVE,830.56,SINGLETON,1.0,1,No duplicates
MCH7997,"Rattan, Naik And Singh",5999,Miscellaneous Retail,Individual,Poona,Maharashtra,2024-05-31 14:52:38,MFLT0388804537888,ACTIVE,397.79,SINGLETON,1.0,1,No duplicates
MCH8003,Tank Ltd,5311,Department Store,Sole-Proprietor,Hyderabad,Telangana,2023-12-14 00:00:00,RVNR6882512785280,ACTIVE,614.4,SINGLETON,1.0,1,No duplicates
MCH8004,Hayre-Agate,5999,Miscellaneous Retail,Individual,Asr,Punjab,2025-10-01 20:15:00,2751341092,INACTIVE,934.62,SINGLETON,1.0,1,No duplicates
MCH8005,"Kumar, Ahluwalia And Thaman",4131,Transportation,Sole_Proprietor,Bengaluru,Karnataka,2025-06-30 00:00:00,,ACTIVE,6211.56,SINGLETON,1.0,1,No duplicates
MCH8007,Chaudhari Inc,5699,Apparel,Sole Proprietor,Poona,Maharashtra,2025-11-26 16:25:31,KFYF9189766472754,ACTIVE,1165.41,CONFLICTING_MERCHANT_RECORD,0.55,2,"Conflicting Names: ['Chaudhari Inc', 'Hans Group']; Conflicting Categories: ['Garments', 'Bus/Taxi']; Conflicting Cities: ['Poona', 'Madras']"
MCH8013,Thakkar-Vohra,5942,Books & Stationery,Sole Proprietor,Bengaluru,Karnataka,2024-08-06 00:00:00,8058369632,ACTIVE,,SINGLETON,1.0,1,No duplicates
MCH8014,Mukherjee Inc,5912,Pharmacy,Sole-Proprietor,Jaipur,Rajasthan,2026-01-25 00:00:00,,ACTIVE,702.0,SINGLETON,1.0,1,No duplicates
MCH8018,Lad Plc,5411,Grocery,Private Limited,Kolkata,West Bengal,2025-03-27 00:00:00,XXXX3019,ACTIVE,655.7,SINGLETON,1.0,1,No duplicates
MCH8019,Chaudhry-Naidu,5942,Books & Stationery,Private Limited,Jaipur,Rajasthan,,,ACTIVE,888.78,SINGLETON,1.0,1,No duplicates
MCH8023,Char-Gala,5699,Apparel,Individual,Chennai,Tamil Nadu,2024-04-04 00:00:00,PWFC1818550515264,ACTIVE,837.35,SINGLETON,1.0,1,No duplicates
MCH8024,Banik Plc,5411,Grocery,Individual,Jalandhar,Punjab,2026-02-02 22:13:43,OAOZ8994715452448,ACTIVE,1100.96,CONFLICTING_MERCHANT_RECORD,0.55,3,"Conflicting Names: ['Banik Plc', 'Char-Sehgal', 'Basu, Magar And Venkatesh']; Conflicting Categories: ['Grocery Stores', 'Telecom']; Conflicting Cities: ['Jalandhar', 'Poona', 'Hyd']"
MCH8025,"Karnik, Hayer And Khalsa",4814,Telecom,Partnership,Lko,Uttar Pradesh,2023-08-14 14:32:00,4642162943,ACTIVE,1781.41,SINGLETON,1.0,1,No duplicates
MCH8029,"Gokhale, Varughese And Dube",5311,Department Store,Sole_Proprietor,Hyd,Telangana,2025-12-21 00:00:00,GRPS2021500015035,ACTIVE,973.0,SINGLETON,1.0,1,No duplicates
MCH8031,Chokshi Ltd,7011,Hotel & Lodging,Individual,Hyd,Telangana,2025-07-26 00:00:00,3288481391,ACTIVE,2110.06,SINGLETON,1.0,1,No duplicates
MCH8032,Roy-Ramesh,5699,Apparel,Partnership,Bombay,Maharashtra,2025-05-24 00:00:00,,ACTIVE,1773.07,SINGLETON,1.0,1,No duplicates
MCH8033,"Kala, Mahal And Dash",5311,Department Store,Individual,Hyderabad,Telangana,2025-02-12 00:00:00,XXXX2251,ACTIVE,1390.13,CONFLICTING_MERCHANT_RECORD,0.55,4,"Conflicting Names: ['Kala, Mahal And Dash', 'Gole Group', 'Murty-Grover']; Conflicting Categories: ['Department Store', 'Book Store', 'Misc Retail']; Conflicting Cities: ['Hyderabad', 'Jalandar', 'Amritsar']"
MCH8035,"Munshi, Mani And Taneja",5999,Miscellaneous Retail,Individual,Mumbay,Maharashtra,2025-02-08 00:00:00,5547624355,ACTIVE,,SINGLETON,1.0,1,No duplicates
MCH8036,"Sarma, Madan And Pandey",5912,Pharmacy,Partnership,Mumbai,Maharashtra,2025-07-12 21:56:39,,ACTIVE,2055.77,SINGLETON,1.0,1,No duplicates
MCH8037,Patla-Balakrishnan,4814,Telecom,Sole-Proprietor,Pune,Maharashtra,2025-09-19 16:54:00,4862107137,ACTIVE,327.35,CONFLICTING_MERCHANT_RECORD,0.55,3,"Conflicting Names: ['Hans Llc', 'Srinivas Ltd', 'Patla-Balakrishnan']; Conflicting Categories: ['Hotels', 'Transprt', 'Phone Service']; Conflicting Cities: ['Kolkata', 'Pune']"
MCH8038,"Singh, Baria And Kakar",5912,Pharmacy,Private_Limited,Lko,Uttar Pradesh,2024-12-20 17:52:56,5855829731,ACTIVE,1174.3,CONFLICTING_MERCHANT_RECORD,0.55,2,"Conflicting Names: ['Sane, Bir And Singhal', 'Singh, Baria And Kakar']; Conflicting Categories: ['Department Store', 'Pharmacy']; Conflicting Cities: ['Amritsar', 'Lko']"
MCH8039,"Kibe,Brahmbhattandjaggi",5699,Apparel,Sole_Proprietor,Pune,Maharashtra,2024-10-28 00:00:00,,ACTIVE,2282.53,SINGLETON,1.0,1,No duplicates
MCH8043,Lalla Group,5311,Department Store,Private-Limited,Ldh,Punjab,2024-07-31 00:00:00,,ACTIVE,1064.0,SINGLETON,1.0,1,No duplicates
MCH8044,"Sant, Nadkarni And Rajan",,Department Store,Individual,Blr,Karnataka,2024-10-13 07:30:00,,ACTIVE,794.78,SINGLETON,1.0,1,No duplicates
MCH8046,Muni Llc,,Pharmacy,Partnership,Mumbai,Maharashtra,2024-11-12 00:00:00,GNMM4947998232253,ACTIVE,401.9,SINGLETON,1.0,1,No duplicates
MCH8048,"Kaul, Master And Deo",4814,Telecom,Individual,Hyderabad,Telangana,2025-02-15 00:00:00,XXXX6691,ACTIVE,2683.93,SINGLETON,1.0,1,No duplicates
MCH8049,Balan-Shah,5699,Apparel,Private_Limited,Lko,Uttar Pradesh,2024-04-09 00:00:00,,ACTIVE,,SINGLETON,1.0,1,No duplicates
MCH8050,Bora-Oommen,5311,Department Store,Individual,Jalandhar,Punjab,2023-12-16 05:28:51,YBIM5056880883544,ACTIVE,587.46,SINGLETON,1.0,1,No duplicates
MCH8051,"Saxena, Kamdar And Kannan",5942,Books & Stationery,Partnership,New Delhi,Delhi,2024-10-17 00:00:00,,ACTIVE,598.72,SINGLETON,1.0,1,No duplicates
MCH8052,Mangat-Ganesh,4131,Transportation,Sole_Proprietor,Calcutta,West Bengal,2024-01-05 09:32:24,,ACTIVE,527.34,SINGLETON,1.0,1,No duplicates
MCH8053,Chhabra Inc,4814,Telecom,Individual,Hyderabad,Telangana,2023-03-29 01:53:59,XXXX7777,ACTIVE,1235.44,FORMATTING_DUPLICATE,0.85,2,2 records with formatting variations consolidated
MCH8054,"Kant, Gara And Grewal",4131,Transportation,Sole-Proprietor,Chennai,Tamil Nadu,2024-12-12 00:00:00,RGWT7200559316561,ACTIVE,,SINGLETON,1.0,1,No duplicates
MCH8055,Sankaran-Sachar,5999,Miscellaneous Retail,Private_Limited,Ludhiana,Punjab,2023-11-11 00:00:00,UKDK6406633609762,ACTIVE,1036.97,CONFLICTING_MERCHANT_RECORD,0.55,2,"Conflicting Names: ['Sankaran-Sachar', 'Gade, Dani And Daya1']; Conflicting Categories: ['Miscellaneous', 'Restaurant']; Conflicting Cities: ['Ludhiana', 'Blr']"
MCH8056,"Pai, Doshi And Nath",4814,Telecom,Private Limited,Lucknow,Uttar Pradesh,2024-05-26 00:00:00,YMRE9652845311736,ACTIVE,581.34,SINGLETON,1.0,1,No duplicates
MCH8057,Kalla Group,5912,Pharmacy,Sole Proprietor,Mumbai,Maharashtra,2025-08-29 00:00:00,,ACTIVE,437.01,SINGLETON,1.0,1,No duplicates
MCH8058,"Jayaraman, Pall And Goel",5912,Pharmacy,Partnership,Kolkata,West Bengal,2023-06-25 00:00:00,DJCR4230820318730,ACTIVE,1476.23,CONFLICTING_MERCHANT_RECORD,0.55,3,"Conflicting Names: ['Sem-Kapoor', 'Tripathi, Bhagat And Kala', 'Jayaraman, Pall And Goel']; Conflicting Categories: ['Retail', 'Other', 'Pharmacy']; Conflicting Cities: ['Kolkata', 'Hyderabad']"
MCH8059,Kapadia Plc,4814,Telecom,Sole_Proprietor,Bombay,Maharashtra,2023-06-05 00:00:00,,INACTIVE,263.96,SINGLETON,1.0,1,No duplicates
MCH8060,"Bal, Garde And Puri",5699,Apparel,Private_Limited,Kolkata,West Bengal,2024-12-06 00:00:00,XXXX9739,ACTIVE,1604.68,CONFLICTING_MERCHANT_RECORD,0.55,3,"Conflicting Names: ['Bal, Garde And Puri', 'Nayar-Ahluwalia', 'Pall, Lal And Ahluwalia']; Conflicting Categories: ['Apparel', 'Food_Services', 'Food']; Conflicting Cities: ['Kolkata', 'Pune', 'Lko']"
MCH8062,Randhawa-Kata,,Department Store,Individual,Bombay,Maharashtra,2024-03-31 00:00:00,,ACTIVE,1473.0,SINGLETON,1.0,1,No duplicates
MCH8065,Gandhi-Shanker,4131,Transportation,Individual,Lucknow,Uttar Pradesh,2024-07-19 12:29:00,9755596598,INACTIVE,674.4,CONFLICTING_MERCHANT_RECORD,0.55,2,"Conflicting Names: ['Gandhi-Shanker', 'Parekh Group']; Conflicting Categories: ['Bus/Taxi', 'Transport']; Conflicting Cities: ['Lucknow', 'Jaipur']"
MCH8066,Sane-Shukla,5411,Grocery,Partnership,Amritsar,Punjab,2023-08-03 00:00:00,0222417187,ACTIVE,665.07,CONFLICTING_MERCHANT_RECORD,0.55,2,"Conflicting Names: ['Sane-Shukla', 'Bandi-Zacharia']; Conflicting Categories: ['Grocery_Store', 'Telecom']; Conflicting Cities: ['Amritsar', 'Pune']"
MCH8068,Narula-Nadkarni,4131,Transportation,Private-Limited,Bengaluru,Karnataka,2025-06-08 09:19:38,ATPT6936183619498,ACTIVE,452.45,SINGLETON,1.0,1,No duplicates
MCH8069,Memon Inc,,Hotel & Lodging,Individual,Amritsar,Punjab,2023-09-09 20:32:00,XXXX8900,ACTIVE,557.54,SINGLETON,1.0,1,No duplicates
MCH8073,"Chaudhary, Nori And Aggarwal",4814,Telecom,Private_Limited,Bombay,Maharashtra,2023-08-04 00:00:00,UFCA0209377639619,ACTIVE,2535.65,CONFLICTING_MERCHANT_RECORD,0.55,2,"Conflicting Names: ['Prabhakar-B0Ra', 'Chaudhary, Nori And Aggarwal']; Conflicting Categories: ['Stationery', 'Telecom']; Conflicting Cities: ['Kolkata', 'Bombay']"
MCH8074,Prakash-Bera,4814,Telecom,Individual,Jalandhar,Punjab,2024-12-04 00:00:00,2437188894,ACTIVE,439.79,SINGLETON,1.0,1,No duplicates
MCH8076,"Sani, Sanghvi And Butala",5311,Department Store,Individual,Ldh,Punjab,2024-07-02 00:00:00,9096281984,ACTIVE,470.52,CONFLICTING_MERCHANT_RECORD,0.55,3,"Conflicting Names: ['Sani, Sanghvi And Butala', 'Banerjee Group', 'Seshadri Llc']; Conflicting Categories: ['Dept_Store', 'Phone Service', 'Books']; Conflicting Cities: ['Ldh', 'Lucknow', 'Jaipur']"
MCH8078,Thaman-Ganguly,5912,Pharmacy,Sole_Proprietor,Mumbai,Maharashtra,2023-07-12 00:00:00,7715038972,ACTIVE,1158.31,SINGLETON,1.0,1,No duplicates
MCH8080,Brar Plc,4814,Telecom,Individual,Pune,Maharashtra,2025-02-02 00:00:00,,ACTIVE,1241.0,CONFLICTING_MERCHANT_RECORD,0.55,2,"Conflicting Names: ['Brar Plc', 'Koshy, Das And Handa']; Conflicting Categories: ['Telecom', 'Department Store']; Conflicting Cities: ['Pune', 'Asr']"
MCH8082,Contractor And Sons,7011,Hotel & Lodging,Sole-Proprietor,Amritsar,Punjab,2025-02-20 00:00:00,XXXX4733,ACTIVE,4480.58,SINGLETON,1.0,1,No duplicates
MCH8085,Verma-Ramachandran,5942,Books & Stationery,Individual,Pune,Maharashtra,2025-10-22 00:00:00,7310237630,ACTIVE,,SINGLETON,1.0,1,No duplicates
MCH8086,Kala Llc,,Grocery,Partnership,Jalandhar,Punjab,2024-12-29 00:00:00,XXXX1156,ACTIVE,1335.85,CONFLICTING_MERCHANT_RECORD,0.55,2,"Conflicting Names: ['Contractor-Narain', 'Kala Llc']; Conflicting Categories: ['Restaurant', 'Groceries']; Conflicting Cities: ['Pune', 'Jalandhar']"
MCH8091,"Trivedi, Vohra And Dash",5812,Restaurant,Sole-Proprietor,Ldh,Punjab,2023-03-26 00:00:00,XXXX3774,ACTIVE,1507.11,CONFLICTING_MERCHANT_RECORD,0.55,2,"Conflicting Names: ['Kata, Mangat And Tiwari', 'Trivedi, Vohra And Dash']; Conflicting Categories: ['Restaurants', 'Food_Services']; Conflicting Cities: ['Amritsar', 'Ldh']"
MCH8093,"Seth, Bassi And Raman",7011,Hotel & Lodging,Partnership,Hyd,Telangana,2024-05-15 00:00:00,XXXX3618,ACTIVE,1629.96,SINGLETON,1.0,1,No duplicates
MCH8095,Saxena Llc,5699,Apparel,Private_Limited,Jpr,Rajasthan,2024-08-16 00:00:00,7415423811,ACTIVE,304.22,SINGLETON,1.0,1,No duplicates
MCH8096,Srinivas-Verma,,Telecom,Partnership,Bombay,Maharashtra,,,ACTIVE,2241.14,SINGLETON,1.0,1,No duplicates
MCH8098,"Babu, Gupta And Bir",5812,Restaurant,Partnership,Lko,Uttar Pradesh,,FYXA2708849715447,ACTIVE,320.71,CONFLICTING_MERCHANT_RECORD,0.55,4,"Conflicting Names: ['Babu, Gupta And Bir', 'Mittal-Konda', 'Chauhan, Magar And Parsa', 'Sahni, Bahri And Apte']; Conflicting Categories: ['Restaurants', 'Clothing', 'Grocery Stores', 'Pharmacy']; Conflicting Cities: ['Lko', 'Kolkata', 'Delhi', 'Poona']"
MCH8101,"Jani, Varghese And Barman",,Apparel,Sole_Proprietor,Delhi,Delhi,,ZAGS9531645948920,INACTIVE,734.89,SINGLETON,1.0,1,No duplicates
MCH8104,Chacko Group,7011,Hotel & Lodging,Private-Limited,Bangalore,Karnataka,2024-01-02 09:22:31,4591497253,ACTIVE,,SINGLETON,1.0,1,No duplicates
MCH8107,Ramachandran Ltd,5999,Miscellaneous Retail,Partnership,Jaipur,Rajasthan,,XXXX9786,ACTIVE,,SINGLETON,1.0,1,No duplicates
MCH8109,"Nadkarni, Sawhney And Singh",5912,Pharmacy,Partnership,Delhi,Delhi,2024-04-28 00:00:00,0836014923,ACTIVE,5729.0,SINGLETON,1.0,1,No duplicates
MCH8110,Kamdar-Raval,5999,Miscellaneous Retail,Partnership,Lucknow,Uttar Pradesh,2023-07-13 00:00:00,,INACTIVE,768.59,FORMATTING_DUPLICATE,0.85,2,2 records with formatting variations consolidated
MCH8114,"Raman, Sandal And Bedi",4814,Telecom,Individual,Jalandhar,Punjab,2024-02-08 00:00:00,LFZC4951241506007,ACTIVE,1612.23,SINGLETON,1.0,1,No duplicates
MCH8119,Subramanianandsons,,Transportation,Sole Proprietor,Amritsar,Punjab,2023-06-14 00:00:00,,ACTIVE,1285.93,SINGLETON,1.0,1,No duplicates
MCH8125,"Jaggi, Samra And Narula",4131,Transportation,Sole Proprietor,Chennai,Tamil Nadu,2023-10-19 00:00:00,XXXX6695,ACTIVE,983.23,CONFLICTING_MERCHANT_RECORD,0.55,6,"Conflicting Names: ['Dar Plc', 'Sahni-Ahuja', 'Nadig, Arora And Raj', 'Sane, Misra And Mitter', 'Jaggi, Samra And Narula', 'Nagi-Ranganathan']; Conflicting Categories: ['Dept_Store', 'Department Store', 'Grocery_Store', 'Medical_Store', 'Transport', 'Phone Service']; Conflicting Cities: ['Ludhiana', 'Hyderabad', 'Ldh', 'Bengaluru', 'Chennai', 'Calcutta']"
MCH8126,Bassi-Hari,,Grocery,Individual,Jalandhar,Punjab,2024-12-31 00:00:00,4590614037,ACTIVE,502.0,CONFLICTING_MERCHANT_RECORD,0.55,2,"Conflicting Names: ['Saxena, Mitra And Chada', 'Bassi-Hari']; Conflicting Categories: ['Chemist', 'Grocery_Store']; Conflicting Cities: ['Lucknow', 'Jalandhar']"
MCH8129,"Devan, Ramesh And 0Ak",5311,Department Store,Individual,Kolkata,West Bengal,2025-03-22 13:11:16,XXXX5824,ACTIVE,2940.0,SINGLETON,1.0,1,No duplicates
MCH8130,"Kale, Kumer And Chand",,Department Store,Partnership,Ludhiana,Punjab,2026-02-05 04:03:44,GYEV9276514828192,ACTIVE,419.61,SINGLETON,1.0,1,No duplicates
MCH8131,Sekhon-Agrawal,5999,Miscellaneous Retail,Private-Limited,Kolkata,West Bengal,2023-05-15 00:00:00,,INACTIVE,5430.66,SINGLETON,1.0,1,No duplicates
MCH8132,Biswas Plc,5411,Grocery,Sole-Proprietor,Pune,Maharashtra,2024-11-22 00:00:00,CXST4288098118218,ACTIVE,1347.49,CONFLICTING_MERCHANT_RECORD,0.55,4,"Conflicting Names: ['Venkataraman-Yadav', 'Biswas Plc', 'Sami-Balay', 'Jain-Peri']; Conflicting Categories: ['Books', 'Grocery', 'Garments', 'Medical_Store']; Conflicting Cities: ['Kolkata', 'Pune', 'Bengaluru', 'Ludhiana']"
MCH8135,Bhakta Plc,5999,Miscellaneous Retail,Private Limited,Asr,Punjab,2024-04-09 00:00:00,,ACTIVE,857.0,SINGLETON,1.0,1,No duplicates
MCH8136,Bora Inc,7011,Hotel & Lodging,Sole_Proprietor,Amritsar,Punjab,2025-10-27 00:00:00,XXXX8920,INACTIVE,635.0,SINGLETON,1.0,1,No duplicates
MCH8137,G0Pa1-Mahajan,4131,Transportation,Partnership,Blr,Karnataka,2024-01-30 00:00:00,XXXX2908,ACTIVE,561.1,CONFLICTING_MERCHANT_RECORD,0.55,2,"Conflicting Names: ['G0Pa1-Mahajan', 'Sankar,Guhaandkara']; Conflicting Categories: ['Travel', 'Medical_Store']; Conflicting Cities: ['Blr', 'Hyd']"
MCH8138,Deol And Sons,5812,Restaurant,Partnership,Chennai,Tamil Nadu,2023-07-23 14:47:00,,ACTIVE,1238.62,CONFLICTING_MERCHANT_RECORD,0.55,2,"Conflicting Names: ['Deol And Sons', 'Chaudhuri-Varma']; Conflicting Categories: ['Food', 'Department Stores']"
MCH8139,"Mani, Kala And Verma",5311,Department Store,Individual,Asr,Punjab,2024-02-07 00:00:00,6294042962,ACTIVE,2137.68,SINGLETON,1.0,1,No duplicates
MCH8140,"Chokshi, Johal And Sachdeva",5812,Restaurant,Sole_Proprietor,Calcutta,West Bengal,2024-08-24 20:09:39,,ACTIVE,1136.04,SINGLETON,1.0,1,No duplicates
MCH8142,Mane And Sons,5912,Pharmacy,Private_Limited,Ludhiana,Punjab,2025-08-25 00:00:00,WMPI8979622395583,ACTIVE,5955.63,SINGLETON,1.0,1,No duplicates
MCH8145,Dhi110N Llc,7011,Hotel & Lodging,Private Limited,Chennai,Tamil Nadu,2025-12-10 00:00:00,,ACTIVE,180.43,SINGLETON,1.0,1,No duplicates
MCH8146,Bath-Purohit,5942,Books & Stationery,Sole Proprietor,Delhi,Delhi,2025-04-28 17:40:46,XXXX1421,ACTIVE,5566.64,SINGLETON,1.0,1,No duplicates
MCH8148,Sehgal-Banik,4131,Transportation,Sole-Proprietor,Bengaluru,Karnataka,2024-01-27 00:00:00,,ACTIVE,406.0,SINGLETON,1.0,1,No duplicates
MCH8149,"Chandran, Mander And Parmar",5812,Restaurant,Partnership,Kolkata,West Bengal,,,ACTIVE,1378.0,SINGLETON,1.0,1,No duplicates
MCH8150,Hegde-Doctor,5912,Pharmacy,Partnership,Poona,Maharashtra,2023-11-02 00:00:00,MNHK7085418913677,ACTIVE,1430.0,SINGLETON,1.0,1,No duplicates
MCH8151,Dalal Plc,5699,Apparel,Individual,Jalandar,Punjab,2024-08-01 20:15:56,WQMC9295186993346,ACTIVE,1200.0,CONFLICTING_MERCHANT_RECORD,0.55,2,"Conflicting Names: ['Dalal Plc', 'Sangha, Master And Chand']; Conflicting Categories: ['Apparel', 'Other']; Conflicting Cities: ['Jalandar', 'New Delhi']"
MCH8152,Chaudhari Plc,5912,Pharmacy,Sole-Proprietor,Jalandhar,Punjab,2023-07-24 20:56:00,,ACTIVE,1648.01,SINGLETON,1.0,1,No duplicates
MCH8154,Yohannan Plc,,Transportation,Sole_Proprietor,Jalandhar,Punjab,2023-06-26 00:00:00,,SUSPENDED,998.6,SINGLETON,1.0,1,No duplicates
MCH8157,Lall-Char,,Books & Stationery,Private Limited,Jalandhar,Punjab,2023-07-08 23:15:42,CLWX6992397328584,ACTIVE,3861.94,CONFLICTING_MERCHANT_RECORD,0.55,2,"Conflicting Names: ['Lall-Char', 'Mahal, Srinivas And Vasa']; Conflicting Categories: ['Books', 'Pharmacy']; Conflicting Cities: ['Jalandhar', 'Delhi']"
MCH8159,"Gade, Gala And Bhatti",5812,Restaurant,Individual,Jpr,Rajasthan,2024-01-31 09:10:22,,ACTIVE,1186.29,CONFLICTING_MERCHANT_RECORD,0.55,3,"Conflicting Names: ['Yogi Group', 'Grover-Barad', 'Gade, Gala And Bhatti']; Conflicting Categories: ['Fashion', 'Grocery Stores', 'Restaurant']; Conflicting Cities: ['Kolkata', 'Chennai', 'Jpr']"
MCH8160,Amble And Sons,5699,Apparel,Individual,Jpr,Rajasthan,2023-05-18 00:00:00,XXXX4907,ACTIVE,5769.95,SINGLETON,1.0,1,No duplicates
MCH8163,"Sama, Pant And Tara",,Books & Stationery,Private_Limited,Lucknow,Uttar Pradesh,2025-06-13 00:00:00,,ACTIVE,1638.28,SINGLETON,1.0,1,No duplicates
MCH8164,"Devan, Basu And Buch",5812,Restaurant,Private_Limited,Delhi,Delhi,2023-04-26 00:00:00,KRTZ4526793978232,ACTIVE,3036.35,SINGLETON,1.0,1,No duplicates
MCH8165,"Sandhu, Saran And Dhar",5999,Miscellaneous Retail,Sole Proprietor,Chennai,Tamil Nadu,2023-04-09 00:00:00,XXXX2851,INACTIVE,1269.15,SINGLETON,1.0,1,No duplicates
MCH8169,"Kapur, Prashad And Srinivasan",5999,Miscellaneous Retail,Individual,Jaipur,Rajasthan,2024-03-11 00:00:00,XXXX1277,ACTIVE,1294.0,SINGLETON,1.0,1,No duplicates
MCH8170,"Dyal, Chadha And Shenoy",4814,Telecom,Partnership,Hyd,Telangana,2024-12-15 00:00:00,4344277649,ACTIVE,589.07,SINGLETON,1.0,1,No duplicates
MCH8174,Bera Group,5311,Department Store,Private_Limited,Pune,Maharashtra,2023-12-23 04:06:09,XXXX5992,ACTIVE,1502.14,CONFLICTING_MERCHANT_RECORD,0.55,2,"Conflicting Names: ['Banerjee, Brahmbhatt And Dave', 'Bera Group']; Conflicting Categories: ['Hospitality', 'Department Stores']; Conflicting Cities: ['Jaipur', 'Pune']"
MCH8176,Bala Plc,5311,Department Store,Sole_Proprietor,Hyderabad,Telangana,,,ACTIVE,3488.0,SINGLETON,1.0,1,No duplicates
MCH8177,Soman Inc,5812,Restaurant,Private-Limited,Calcutta,West Bengal,2024-03-04 04:33:00,XXXX3095,ACTIVE,2423.6,CONFLICTING_MERCHANT_RECORD,0.55,3,"Conflicting Names: ['Soman Inc', 'Ghose, Om And Dada', 'Bera Plc']; Conflicting Categories: ['Food', 'Chemist', 'Mobile Recharge']; Conflicting Cities: ['Calcutta', 'Jaipur', 'Amritsar']"
MCH8181,Mall-Chatterjee,4131,Transportation,Individual,Amritsar,Punjab,,6803575158,ACTIVE,1624.73,SINGLETON,1.0,1,No duplicates
MCH8187,"Chada, Mammen And Lanka",4131,Transportation,Sole_Proprietor,Ldh,Punjab,2025-06-03 00:00:00,3255945345,ACTIVE,671.0,SINGLETON,1.0,1,No duplicates
MCH8188,"Ram, Krish And Pai",5999,Miscellaneous Retail,Partnership,Lko,Uttar Pradesh,2025-02-16 00:00:00,XXXX6724,INACTIVE,734.28,SINGLETON,1.0,1,No duplicates
MCH8189,Bajaj-Sura,4131,Transportation,Sole Proprietor,Delhi,Delhi,2023-01-31 11:30:49,,ACTIVE,1010.26,SINGLETON,1.0,1,No duplicates
MCH8192,"Oza, Sant And Loke",5411,Grocery,Private-Limited,Kolkata,West Bengal,2024-05-11 00:46:00,XXXX6524,INACTIVE,408.0,SINGLETON,1.0,1,No duplicates
MCH8197,Virk-Venkataraman,5912,Pharmacy,Sole-Proprietor,Kolkata,West Bengal,2024-01-03 00:00:00,,ACTIVE,964.03,SINGLETON,1.0,1,No duplicates
MCH8198,Buch-Sengupta,5311,Department Store,Individual,Kolkata,West Bengal,2023-01-18 00:00:00,,ACTIVE,2004.67,FORMATTING_DUPLICATE,0.85,2,2 records with formatting variations consolidated
MCH8200,Rai-Bhargava,5942,Books & Stationery,Sole-Proprietor,Amritsar,Punjab,2023-07-19 00:00:00,,ACTIVE,443.44,SINGLETON,1.0,1,No duplicates
MCH8203,Lad-Suresh,,Miscellaneous Retail,Partnership,Ludhiana,Punjab,2024-10-16 00:00:00,YJQR4818378164787,ACTIVE,937.0,SINGLETON,1.0,1,No duplicates
MCH8204,Bumb-Bansal,7011,Hotel & Lodging,Private_Limited,Jalandhar,Punjab,2025-10-13 17:19:27,0190035504,ACTIVE,1083.04,SINGLETON,1.0,1,No duplicates
MCH8208,Tak-Shankar,7011,Hotel & Lodging,Individual,Mumbai,Maharashtra,2024-03-18 07:08:51,,ACTIVE,1309.39,SINGLETON,1.0,1,No duplicates
MCH8209,"Cheema, Bansal And Comar",5699,Apparel,Sole_Proprietor,Ludhiana,Punjab,2023-12-27 00:00:00,WBQV3675439647595,ACTIVE,6788.0,CONFLICTING_MERCHANT_RECORD,0.55,2,"Conflicting Names: ['Pai-Gokhale', 'Cheema, Bansal And Comar']; Conflicting Categories: ['Retail', 'Fashion']; Conflicting Cities: ['Jpr', 'Ludhiana']"
MCH8210,"Dave, Bath And Cherian",4131,Transportation,Sole_Proprietor,Hyderabad,Telangana,2025-04-10 00:00:00,2958672318,ACTIVE,3204.47,CONFLICTING_MERCHANT_RECORD,0.55,3,"Conflicting Names: ['Dave, Bath And Cherian', 'Kannan Inc', 'Bains Group']; Conflicting Categories: ['Travel', 'Dept_Store', 'Medical']; Conflicting Cities: ['Hyderabad', 'Ldh', 'Delhi']"
MCH8211,Parekh-Atwal,5411,Grocery,Private-Limited,Jaipur,Rajasthan,2025-05-22 00:00:00,9728363988,ACTIVE,,CONFLICTING_MERCHANT_RECORD,0.55,2,"Conflicting Names: ['Parekh-Atwal', 'Seth Llc']; Conflicting Categories: ['Grocery_Store', 'Misc Retail']; Conflicting Cities: ['Jaipur', 'Pune']"
MCH8212,Taneja Ltd,5311,Department Store,Private Limited,Madras,Tamil Nadu,2023-07-03 00:00:00,,INACTIVE,2159.07,SINGLETON,1.0,1,No duplicates
MCH8215,"Brar, Ramesh And Kaul",5411,Grocery,Partnership,Chennai,Tamil Nadu,2023-05-23 00:00:00,DOZI8655958280664,INACTIVE,1544.34,SINGLETON,1.0,1,No duplicates
MCH8219,Devi Group,4814,Telecom,Individual,Ludhiana,Punjab,2023-01-06 05:16:57,,ACTIVE,1980.0,SINGLETON,1.0,1,No duplicates
MCH8220,Sarkar Plc,5411,Grocery,Private Limited,Poona,Maharashtra,2024-06-11 00:00:00,,ACTIVE,142.34,SINGLETON,1.0,1,No duplicates
MCH8221,Kala-Bajaj,5942,Books & Stationery,Sole_Proprietor,Bengaluru,Karnataka,,5133526509,INACTIVE,1133.63,FORMATTING_DUPLICATE,0.85,2,2 records with formatting variations consolidated
MCH8225,Bedi-Date,,Miscellaneous Retail,Private-Limited,Poona,Maharashtra,2024-02-28 00:00:00,6820537783,ACTIVE,2289.3,SINGLETON,1.0,1,No duplicates
MCH8226,Das-Subramanian,5999,Miscellaneous Retail,Partnership,Jaipur,Rajasthan,2024-03-26 00:00:00,6578658444,ACTIVE,789.74,SINGLETON,1.0,1,No duplicates
MCH8233,Patel Ltd,5411,Grocery,Partnership,Jalandar,Punjab,2024-12-28 17:57:00,,ACTIVE,1942.94,SINGLETON,1.0,1,No duplicates
MCH8235,Konda-Pillai,5942,Books & Stationery,Private_Limited,Madras,Tamil Nadu,2025-08-29 19:03:00,XXXX2371,ACTIVE,921.33,SINGLETON,1.0,1,No duplicates
MCH8238,"Lala, Seth And Tak",5699,Apparel,Partnership,Jpr,Rajasthan,2024-07-22 00:00:00,XXXX3627,ACTIVE,952.06,SINGLETON,1.0,1,No duplicates
MCH8239,"Brahmbhatt, 0Ak And Dhar",5411,Grocery,Partnership,Jaipur,Rajasthan,2025-05-19 21:53:30,,ACTIVE,266.0,SINGLETON,1.0,1,No duplicates
MCH8240,Sur Llc,5912,Pharmacy,Partnership,Lucknow,Uttar Pradesh,2025-08-10 00:00:00,0641477724,ACTIVE,1777.69,SINGLETON,1.0,1,No duplicates
MCH8241,"Mane, Wagle And Ganesan",5311,Department Store,Partnership,Kolkata,West Bengal,2024-09-22 06:26:59,GUGG0514416234988,ACTIVE,814.25,CONFLICTING_MERCHANT_RECORD,0.55,2,"Conflicting Names: ['Bhasin And Sons', 'Mane, Wagle And Ganesan']; Conflicting Categories: ['Retail Other', 'Department Stores']; Conflicting Cities: ['Jaipur', 'Kolkata']"
MCH8242,Choudhary-Pall,7011,Hotel & Lodging,Private_Limited,Ludhiana,Punjab,2023-06-27 07:50:14,XXXX7286,ACTIVE,607.04,SINGLETON,1.0,1,No duplicates
MCH8245,"Dhillon, Saran And Kalita",7011,Hotel & Lodging,Partnership,Ludhiana,Punjab,2025-09-06 00:00:00,,ACTIVE,2778.0,CONFLICTING_MERCHANT_RECORD,0.55,2,"Conflicting Names: ['Dhillon, Saran And Kalita', 'Brar Llc']; Conflicting Categories: ['Hotel_Lodging', 'Books']; Conflicting Cities: ['Ludhiana', 'Blr']"
MCH8247,"Pandya, Muni And Hora",4814,Telecom,Partnership,Lucknow,Uttar Pradesh,2024-10-24 08:45:00,ODLV2829878275215,ACTIVE,1396.47,SINGLETON,1.0,1,No duplicates
MCH8253,Dutt-Narain,5411,Grocery,Sole-Proprietor,Hyderabad,Telangana,2024-04-15 01:54:00,XXXX4097,ACTIVE,1104.19,SINGLETON,1.0,1,No duplicates
MCH8255,"Yadav, Goyal And Sem",5699,Apparel,Individual,Jalandhar,Punjab,2023-11-02 00:00:00,3847429821,ACTIVE,2733.83,CONFLICTING_MERCHANT_RECORD,0.55,2,"Conflicting Names: ['Sastry Group', 'Yadav, Goyal And Sem']; Conflicting Categories: ['Pharmacy', 'Fashion']; Conflicting Cities: ['Ludhiana', 'Jalandhar']"
MCH8259,Lall Group,5942,Books & Stationery,Sole_Proprietor,Jalandhar,Punjab,2023-04-13 00:00:00,,ACTIVE,2667.52,SINGLETON,1.0,1,No duplicates
MCH8261,"Sridhar, Manda And Arora",5812,Restaurant,Sole_Proprietor,Jaipur,Rajasthan,2023-12-02 15:30:00,,SUSPENDED,8032.44,SINGLETON,1.0,1,No duplicates
MCH8262,Sanghvi Ltd,5411,Grocery,Sole_Proprietor,Bengaluru,Karnataka,2024-06-10 00:00:00,,ACTIVE,4676.0,SINGLETON,1.0,1,No duplicates
MCH8263,"Gara, Kar And Raval",5699,Apparel,Sole_Proprietor,Madras,Tamil Nadu,2025-07-21 16:32:17,XLDI5037601996445,ACTIVE,1443.08,CONFLICTING_MERCHANT_RECORD,0.55,2,"Conflicting Names: ['Gara, Kar And Raval', 'Kapoor, Khanna And Mohan']; Conflicting Categories: ['Cloths', 'Retail']; Conflicting Cities: ['Madras', 'Ludhiana']"
MCH8264,"Hayer, Pant And Suresh",4131,Transportation,Private Limited,Jpr,Rajasthan,2025-01-03 00:00:00,WKHI8476650778332,ACTIVE,2906.17,SINGLETON,1.0,1,No duplicates
MCH8268,Krishnamurthy-Chopra,5942,Books & Stationery,Private Limited,Madras,Tamil Nadu,2025-09-13 00:00:00,9959196450,ACTIVE,1218.95,SINGLETON,1.0,1,No duplicates
MCH8271,Konda-Bawa,5699,Apparel,Sole-Proprietor,Madras,Tamil Nadu,2023-10-05 00:57:38,WSNV9244788716456,ACTIVE,1087.99,SINGLETON,1.0,1,No duplicates
MCH8272,"Kaur, Barad And Sengupta",5411,Grocery,Partnership,Amritsar,Punjab,2023-04-11 00:00:00,5098196386,ACTIVE,2250.0,CONFLICTING_MERCHANT_RECORD,0.55,2,"Conflicting Names: ['Bava And Sons', 'Kaur, Barad And Sengupta']; Conflicting Categories: ['Dept_Store', 'Kirana']; Conflicting Cities: ['Bangalore', 'Amritsar']"
MCH8276,"Kakar, Handa And Sachdeva",5812,Restaurant,Sole Proprietor,Mumbai,Maharashtra,2025-09-23 00:00:00,XXXX1898,ACTIVE,2410.37,SINGLETON,1.0,1,No duplicates
MCH8277,"Patil, Goyal And Sarin",5912,Pharmacy,Individual,Asr,Punjab,2025-07-04 00:00:00,XXXX6940,INACTIVE,1542.69,SINGLETON,1.0,1,No duplicates
MCH8279,Lala Plc,5411,Grocery,Sole Proprietor,Chennai,Tamil Nadu,,,ACTIVE,416.0,SINGLETON,1.0,1,No duplicates
MCH8281,Tara-Mander,4131,Transportation,Private_Limited,Pune,Maharashtra,2023-03-11 00:00:00,TEPW4553100153492,ACTIVE,3216.91,CONFLICTING_MERCHANT_RECORD,0.55,3,"Conflicting Names: ['Kakar And S0Ns', 'Tara-Mander', 'Krishnan-Kuruvilla']; Conflicting Categories: ['Phone Service', 'Bus/Taxi', 'Hotels']; Conflicting Cities: ['Hyd', 'Pune', 'Madras']"
MCH8283,Nadkarni Llc,4131,Transportation,Private-Limited,Kolkata,West Bengal,2023-10-26 00:00:00,XXXX9874,ACTIVE,731.97,CONFLICTING_MERCHANT_RECORD,0.55,2,"Conflicting Names: ['Nadkarni Llc', 'Nagar Group']; Conflicting Categories: ['Travel', 'Mobile Recharge']"
MCH8286,"Chadha, Chaudhari And Edwin",5912,Pharmacy,Private_Limited,Hyderabad,Telangana,2023-08-09 00:00:00,XXXX2952,ACTIVE,1828.46,SINGLETON,1.0,1,No duplicates
MCH8288,Kakar-Sood,5311,Department Store,Private-Limited,Blr,Karnataka,2024-05-04 00:00:00,1654192370,ACTIVE,1556.66,SINGLETON,1.0,1,No duplicates
MCH8289,"Ch0Udhury, Chakrabarti And Kha1Sa",4131,Transportation,Sole-Proprietor,Lucknow,Uttar Pradesh,2023-06-10 00:00:00,1750486763,ACTIVE,954.52,SINGLETON,1.0,1,No duplicates
MCH8291,Walia Inc,7011,Hotel & Lodging,Private_Limited,Ludhiana,Punjab,2023-01-04 19:11:00,,ACTIVE,1898.37,SINGLETON,1.0,1,No duplicates
MCH8295,Mammen Llc,5999,Miscellaneous Retail,Private_Limited,Chennai,Tamil Nadu,2024-11-04 00:00:00,XXXX0713,ACTIVE,1554.58,SINGLETON,1.0,1,No duplicates
MCH8296,Gara Inc,5411,Grocery,Partnership,Jalandhar,Punjab,2025-07-16 16:55:50,MFEL4687001236835,ACTIVE,,CONFLICTING_MERCHANT_RECORD,0.55,2,"Conflicting Names: ['D’Alia-Kannan', 'Gara Inc']; Conflicting Categories: ['Misc Retail', 'Groceries']; Conflicting Cities: ['Mumbai', 'Jalandhar']"
MCH8297,Natarajan-Gill,4814,Telecom,Individual,Lko,Uttar Pradesh,2024-05-14 00:00:00,BYTE1111357515501,ACTIVE,558.71,CONFLICTING_MERCHANT_RECORD,0.55,5,"Conflicting Names: ['Natarajan-Gill', 'Rai And Sons', 'Ghose Plc', 'Desai Ltd', 'Nayar Ltd']; Conflicting Categories: ['Mobile Recharge', 'Book Store', 'Travel', 'Retail', 'Medical']; Conflicting Cities: ['Lko', 'Chennai', 'Kolkata', 'Asr', 'Calcutta']"
MCH8299,Garde Plc,5812,Restaurant,Partnership,Jaipur,Rajasthan,2023-01-06 00:00:00,,ACTIVE,1496.13,SINGLETON,1.0,1,No duplicates
MCH8306,"Wason, Saraf And Dube",,Hotel & Lodging,Partnership,Blr,Karnataka,2025-02-15 00:00:00,2587742511,ACTIVE,67.35,CONFLICTING_MERCHANT_RECORD,0.55,3,"Conflicting Names: ['Magar-Gaba', 'Wason, Saraf And Dube']; Conflicting Categories: ['Transport', 'Hospitality']; Conflicting Cities: ['Delhi', 'Blr']"
MCH8308,"Mukhopadhyay, Kothari And Raval",,Department Store,Individual,Amritsar,Punjab,2023-01-21 00:00:00,2673122998,ACTIVE,764.32,CONFLICTING_MERCHANT_RECORD,0.55,3,"Conflicting Names: ['Mukhopadhyay, Kothari And Raval', 'Ganguly, Raj And Keer', 'Thakkar Plc']; Conflicting Categories: ['Retail', 'Mobile Recharge', 'Hotel_Lodging']; Conflicting Cities: ['Amritsar', 'Asr', 'Mumbai']"
MCH8310,Chakraborty Ltd,4131,Transportation,Individual,New Delhi,Delhi,2026-01-02 00:00:00,5355342816,ACTIVE,1287.03,SINGLETON,1.0,1,No duplicates
MCH8312,"Ramanathan, Andra And Sarma",5912,Pharmacy,Partnership,Lko,Uttar Pradesh,2023-02-20 00:00:00,XXXX8360,ACTIVE,1966.71,SINGLETON,1.0,1,No duplicates
MCH8314,Chawla-Mander,4131,Transportation,Partnership,Kolkata,West Bengal,2024-09-07 00:00:00,PBDO0323494203428,ACTIVE,93.33,CONFLICTING_MERCHANT_RECORD,0.55,2,"Conflicting Names: ['Mahajan-Batta', 'Chawla-Mander']; Conflicting Cities: ['Lucknow', 'Kolkata']"
MCH8316,Nagi Plc,5812,Restaurant,Private Limited,Madras,Tamil Nadu,2023-09-23 00:00:00,XXXX1199,ACTIVE,1504.17,CONFLICTING_MERCHANT_RECORD,0.55,2,"Conflicting Names: ['Bakshi-Rout', 'Nagi Plc']; Conflicting Categories: ['Dept_Store', 'Restaurant']; Conflicting Cities: ['Dilli', 'Madras']"
MCH8324,Golla-Chaudhuri,7011,Hotel & Lodging,Private_Limited,Jalandhar,Punjab,2025-06-04 00:00:00,,ACTIVE,,SINGLETON,1.0,1,No duplicates
MCH8325,Sarin Inc,5999,Miscellaneous Retail,Individual,Amritsar,Punjab,2025-03-19 00:00:00,1450425498,ACTIVE,1640.03,CONFLICTING_MERCHANT_RECORD,0.55,2,"Conflicting Names: ['Kaul, Bumb And Bal', 'Sarin Inc']; Conflicting Categories: ['Grocery', 'Miscellaneous']; Conflicting Cities: ['Asr', 'Amritsar']"
MCH8326,"Bassi, Lalla And Sastry",5411,Grocery,Individual,Amritsar,Punjab,2025-12-30 00:00:00,XXXX1031,ACTIVE,1031.0,SINGLETON,1.0,1,No duplicates
MCH8327,Men0N Ltd,,Miscellaneous Retail,Individual,Bengaluru,Karnataka,2023-06-18 18:05:34,,INACTIVE,1670.04,SINGLETON,1.0,1,No duplicates
MCH8328,Raman-Dass,,Grocery,Partnership,Jalandhar,Punjab,2024-09-29 00:00:00,,ACTIVE,2484.83,SINGLETON,1.0,1,No duplicates
MCH8329,"Halder, Panchal And Pandit",,Department Store,Individual,Lko,Uttar Pradesh,2025-07-10 00:00:00,XXXX8898,ACTIVE,422.0,SINGLETON,1.0,1,No duplicates
MCH8330,Trivedi-Shan,,Restaurant,Partnership,Hyderabad,Telangana,2024-11-05 18:16:00,2548494928,ACTIVE,4115.86,CONFLICTING_MERCHANT_RECORD,0.55,2,"Conflicting Names: ['Trivedi-Shan', 'Dhawan, Tella And Rau']; Conflicting Categories: ['Food', 'Transportation']; Conflicting Cities: ['Hyderabad', 'Chennai']"
MCH8331,Yogi Inc,5999,Miscellaneous Retail,Sole Proprietor,Blr,Karnataka,2025-05-07 00:00:00,,INACTIVE,1372.86,SINGLETON,1.0,1,No duplicates
MCH8332,"Sethi, Buch And Sachdeva",7011,Hotel & Lodging,Individual,Hyderabad,Telangana,2025-05-04 00:00:00,,ACTIVE,1666.61,SINGLETON,1.0,1,No duplicates
MCH8334,"Rai,Bandiandjayaraman",,Transportation,Partnership,Kolkata,West Bengal,2024-08-17 14:07:20,MJDT6229880746794,ACTIVE,3117.64,SINGLETON,1.0,1,No duplicates
MCH8335,Bhatti-Keer,,Department Store,Sole Proprietor,Hyderabad,Telangana,2024-03-06 00:00:00,,INACTIVE,1335.83,SINGLETON,1.0,1,No duplicates
MCH8337,Padmanabhan-Nanda,5999,Miscellaneous Retail,Individual,Blr,Karnataka,2024-08-20 08:14:01,OIGZ3615629643358,ACTIVE,694.67,CONFLICTING_MERCHANT_RECORD,0.55,2,"Conflicting Names: ['Padmanabhan-Nanda', 'Date-Mand']; Conflicting Cities: ['Blr', 'Ldh']"
MCH8338,Basu Ltd,5812,Restaurant,Private-Limited,Pune,Maharashtra,2025-06-21 00:00:00,XXXX2977,ACTIVE,279.5,CONFLICTING_MERCHANT_RECORD,0.55,2,"Conflicting Names: ['Basu Ltd', 'Sastry, Deo And Char']; Conflicting Categories: ['Food', 'Hotel_Lodging']; Conflicting Cities: ['Pune', 'Mumbai']"
MCH8341,Jha Ltd,4814,Telecom,Private_Limited,Madras,Tamil Nadu,2023-02-07 18:23:55,XXXX7449,ACTIVE,2211.95,CONFLICTING_MERCHANT_RECORD,0.55,2,"Conflicting Names: ['Jha Ltd', 'Tara-Ben']; Conflicting Categories: ['Telecom', 'Retail']; Conflicting Cities: ['Madras', 'Kolkata']"
MCH8344,Purohit-Ravi,5311,Department Store,Private_Limited,Pune,Maharashtra,2023-09-04 21:29:50,,ACTIVE,337.58,SINGLETON,1.0,1,No duplicates
MCH8345,"Srinivas, Bali And Bhatt",7011,Hotel & Lodging,Sole_Proprietor,Jalandhar,Punjab,2023-02-08 02:01:40,,INACTIVE,1909.16,SINGLETON,1.0,1,No duplicates
MCH8346,Sane-Ben,5999,Miscellaneous Retail,Private Limited,Kolkata,West Bengal,2024-04-03 00:00:00,IXCA8152224460445,ACTIVE,2955.96,CONFLICTING_MERCHANT_RECORD,0.55,2,"Conflicting Names: ['Sane-Ben', 'Sawhney-Pillai']; Conflicting Categories: ['Misc Retail', 'Clothing']; Conflicting Cities: ['Kolkata', 'Lucknow']"
MCH8352,Tailor And Sons,7011,Hotel & Lodging,Sole Proprietor,Lko,Uttar Pradesh,2024-11-06 00:00:00,,ACTIVE,1393.59,SINGLETON,1.0,1,No duplicates
MCH8355,"Virk, Sarna And Sangha",5812,Restaurant,Individual,Mumbai,Maharashtra,2023-09-10 00:00:00,0702210119,ACTIVE,3279.0,CONFLICTING_MERCHANT_RECORD,0.55,3,"Conflicting Names: ['Virk, Sarna And Sangha', 'Dada And Sons', 'Chacko-D’Alia']; Conflicting Categories: ['Restaurants', 'Apparel', 'Department Stores']; Conflicting Cities: ['Mumbai', 'Chennai', 'Bangalore']"
MCH8358,Tripathi-Borah,5912,Pharmacy,Private Limited,Kolkata,West Bengal,2025-06-12 00:00:00,BKSI3267781366733,ACTIVE,1758.66,CONFLICTING_MERCHANT_RECORD,0.55,2,"Conflicting Names: ['Sarna-Singh', 'Tripathi-Borah']; Conflicting Categories: ['Cloths', 'Pharmacies']; Conflicting Cities: ['Asr', 'Kolkata']"
MCH8363,Salvi Group,7011,Hotel & Lodging,Sole Proprietor,Lucknow,Uttar Pradesh,2024-11-20 00:00:00,,ACTIVE,833.32,SINGLETON,1.0,1,No duplicates
MCH8364,Kataplc,5912,Pharmacy,Individual,Bombay,Maharashtra,2023-11-21 12:44:00,,ACTIVE,753.31,SINGLETON,1.0,1,No duplicates
MCH8365,"Kashyap,Sharmaandbalasubramanian",4814,Telecom,Private-Limited,Jalandhar,Punjab,2023-01-24 00:00:00,XXXX5913,ACTIVE,786.29,CONFLICTING_MERCHANT_RECORD,0.55,5,"Conflicting Names: ['Som-Dhar', 'Luthra, Kota And Choudhary', 'Kashyap,Sharmaandbalasubramanian', 'Banik Plc']; Conflicting Categories: ['Misc Retail', 'Retail', 'Telecom', 'Miscellaneous']; Conflicting Cities: ['Pune', 'Amritsar', 'Jalandhar']"
MCH8369,"Vyas, Dutt And Ganesan",5912,Pharmacy,Individual,Kolkata,West Bengal,2023-09-15 22:56:57,0639952317,ACTIVE,410.34,CONFLICTING_MERCHANT_RECORD,0.55,2,"Conflicting Names: ['Vyas, Dutt And Ganesan', 'Samra-Radhakrishnan']; Conflicting Categories: ['Pharmacies', 'Apparel']; Conflicting Cities: ['Kolkata', 'Bengaluru']"
MCH8370,Tandon-Khosla,4131,Transportation,Partnership,Hyderabad,Telangana,2024-09-15 22:48:07,2595692413,ACTIVE,574.0,CONFLICTING_MERCHANT_RECORD,0.55,2,"Conflicting Names: ['Tandon-Khosla', 'Ramaswamy, Dugal And Upadhyay']; Conflicting Categories: ['Transport', 'Transprt']; Conflicting Cities: ['Hyderabad', 'New Delhi']"
MCH8372,Parsa-Chokshi,4814,Telecom,Private_Limited,Amritsar,Punjab,2023-02-10 09:57:00,XXXX0623,ACTIVE,714.9,CONFLICTING_MERCHANT_RECORD,0.55,2,"Conflicting Names: ['Parsa-Chokshi', 'Banerjeeltd']; Conflicting Categories: ['Telecom', 'Pharmacy']; Conflicting Cities: ['Amritsar', 'Hyderabad']"
MCH8374,Nadig-Batra,5699,Apparel,Partnership,Asr,Punjab,2024-02-21 17:20:06,VELJ0567478440820,ACTIVE,831.77,CONFLICTING_MERCHANT_RECORD,0.55,2,"Conflicting Names: ['Kohli, Chakraborty And Wali', 'Nadig-Batra']; Conflicting Categories: ['Books', 'Fashion']; Conflicting Cities: ['Lucknow', 'Asr']"
MCH8377,"Agate, Suresh And Bahri",5311,Department Store,Individual,Hyderabad,Telangana,2024-02-05 00:00:00,XXXX2261,ACTIVE,1519.49,CONFLICTING_MERCHANT_RECORD,0.55,2,"Conflicting Names: ['Agate, Suresh And Bahri', 'Garde, Varty And Vyas']; Conflicting Categories: ['Department Stores', 'Transport']; Conflicting Cities: ['Hyderabad', 'Mumbai']"
MCH8379,Deep Group,5942,Books & Stationery,Private Limited,Kolkata,West Bengal,2026-01-29 00:00:00,XXXX9737,SUSPENDED,469.0,CONFLICTING_MERCHANT_RECORD,0.55,2,"Conflicting Names: ['B0Rah, Kaur And Gera', 'Deep Group']; Conflicting Categories: ['Pharmacy', 'Books']; Conflicting Cities: ['Jaipur', 'Kolkata']"
MCH8380,Gola-Bal,4814,Telecom,Individual,Hyderabad,Telangana,2025-10-14 05:29:06,XXXX2229,ACTIVE,3345.73,CONFLICTING_MERCHANT_RECORD,0.55,3,"Conflicting Names: ['Gola-Bal', 'Kar, Patil And Karan', 'Chaudhari-Behl']; Conflicting Categories: ['Phone Service', 'Travel', 'Hotel_Lodging']; Conflicting Cities: ['Hyderabad', 'Jalandhar', 'Mumbay']"
MCH8384,"Tella, Batra And Baral",5311,Department Store,Individual,Jalandar,Punjab,2023-04-08 00:00:00,,ACTIVE,,SINGLETON,1.0,1,No duplicates
MCH8385,Thaker-Hegde,5812,Restaurant,Partnership,Amritsar,Punjab,2024-05-14 00:00:00,,ACTIVE,2913.48,SINGLETON,1.0,1,No duplicates
MCH8389,Thaman Group,,Restaurant,Individual,Mumbai,Maharashtra,2024-02-17 16:36:00,XXXX0828,INACTIVE,1716.78,SINGLETON,1.0,1,No duplicates
MCH8390,"Thakkar, Babu And Nagi",4131,Transportation,Private Limited,Hyd,Telangana,2024-03-25 00:00:00,XXXX7354,ACTIVE,2159.57,SINGLETON,1.0,1,No duplicates
MCH8391,Talwar-Bhasin,,Apparel,Individual,Ludhiana,Punjab,2025-10-21 00:00:00,9793728885,ACTIVE,2052.0,SINGLETON,1.0,1,No duplicates
MCH8393,Salvi Llc,7011,Hotel & Lodging,Partnership,Jalandhar,Punjab,2024-10-18 00:00:00,XXXX4953,ACTIVE,1230.0,SINGLETON,1.0,1,No duplicates
MCH8399,"La11A, Wadhwa And Bhardwaj",,Restaurant,Private Limited,Kolkata,West Bengal,2025-09-05 20:30:25,XXXX6906,ACTIVE,1773.81,SINGLETON,1.0,1,No duplicates
MCH8400,Banerjee Inc,5812,Restaurant,Sole Proprietor,Lucknow,Uttar Pradesh,,,ACTIVE,,SINGLETON,1.0,1,No duplicates
MCH8401,Pandey Plc,,Hotel & Lodging,Partnership,Chennai,Tamil Nadu,2025-09-09 00:00:00,0328253862,ACTIVE,625.0,FORMATTING_DUPLICATE,0.85,2,2 records with formatting variations consolidated
MCH8405,Roy Ltd,,Apparel,Private Limited,Kolkata,West Bengal,2023-02-13 22:05:26,MAGL2579020752689,INACTIVE,1147.53,SINGLETON,1.0,1,No duplicates
MCH8407,Dey Group,4131,Transportation,Individual,Lucknow,Uttar Pradesh,2024-07-10 00:00:00,,ACTIVE,2726.27,SINGLETON,1.0,1,No duplicates
MCH8409,"Dua, Naidu And Agate",4131,Transportation,Individual,Mumbay,Maharashtra,2024-09-05 14:57:07,,ACTIVE,1474.83,SINGLETON,1.0,1,No duplicates
MCH8410,Kade Llc,5411,Grocery,Partnership,Lko,Uttar Pradesh,2024-11-08 00:00:00,5959501337,ACTIVE,893.08,CONFLICTING_MERCHANT_RECORD,0.55,3,"Conflicting Names: ['Kade Llc', 'Bhargava, Srinivasan And Desai', 'Dugal And Sons']; Conflicting Categories: ['Grocery Stores', 'Transportation', 'Book Store']; Conflicting Cities: ['Lko', 'Bangalore']"
MCH8411,Chopra Group,,Restaurant,Private Limited,Jalandar,Punjab,2023-01-01 00:00:00,,INACTIVE,1067.4,SINGLETON,1.0,1,No duplicates
MCH8412,Sachdeva-Mutti,5311,Department Store,Private_Limited,Bengaluru,Karnataka,2023-03-01 00:00:00,,ACTIVE,2327.41,SINGLETON,1.0,1,No duplicates
MCH8413,"Mammen,Parmerandchandra",4814,Telecom,Sole_Proprietor,Bangalore,Karnataka,2024-03-19 00:00:00,,ACTIVE,393.94,SINGLETON,1.0,1,No duplicates
MCH8416,"Bal, Kant And Gola",5411,Grocery,Private_Limited,Chennai,Tamil Nadu,2025-03-31 00:00:00,XXXX9605,ACTIVE,5069.39,CONFLICTING_MERCHANT_RECORD,0.55,2,"Conflicting Names: ['Bal, Kant And Gola', 'Kha1Sa-Prashad']; Conflicting Categories: ['Kirana', 'Grocery']; Conflicting Cities: ['Chennai', 'New Delhi']"
MCH8417,Bhalla-Batta,5311,Department Store,Partnership,Bengaluru,Karnataka,2025-07-07 16:05:00,,ACTIVE,544.37,SINGLETON,1.0,1,No duplicates
MCH8418,Jaggi Inc,7011,Hotel & Lodging,Individual,Pune,Maharashtra,2023-12-01 00:00:00,5753448100,INACTIVE,1654.02,SINGLETON,1.0,1,No duplicates
MCH8419,Nigam Inc,4814,Telecom,Sole_Proprietor,Asr,Punjab,2025-01-10 08:52:00,WLCE4900884368712,ACTIVE,462.51,SINGLETON,1.0,1,No duplicates
MCH8421,"Wali, Chowdhury And Barman",5812,Restaurant,Private Limited,Bengaluru,Karnataka,2023-10-08 02:41:00,7007867420,ACTIVE,966.94,CONFLICTING_MERCHANT_RECORD,0.55,2,"Conflicting Names: ['Kannan, Nath And Kala', 'Wali, Chowdhury And Barman']; Conflicting Categories: ['Transprt', 'Restaurant']; Conflicting Cities: ['Asr', 'Bengaluru']"
MCH8422,Kakar-Bera,5699,Apparel,Sole Proprietor,Amritsar,Punjab,2025-10-03 00:00:00,XXXX1336,ACTIVE,661.76,SINGLETON,1.0,1,No duplicates
MCH8423,Balasubramanian And Sons,5411,Grocery,Private-Limited,Bombay,Maharashtra,2025-01-26 00:00:00,5080169849,ACTIVE,1838.16,SINGLETON,1.0,1,No duplicates
MCH8425,"Bhatnagar,Comarandhans",7011,Hotel & Lodging,Individual,Jalandar,Punjab,2025-06-12 00:00:00,NAVX0262232106872,ACTIVE,637.53,SINGLETON,1.0,1,No duplicates
MCH8427,Sankaran-Rai,5942,Books & Stationery,Sole_Proprietor,Hyd,Telangana,2023-10-17 00:00:00,ZQGR3907039607264,ACTIVE,302.0,CONFLICTING_MERCHANT_RECORD,0.55,4,"Conflicting Names: ['Hegde, Bajaj And Sura', 'Sankaran-Rai', 'Lad-Vora']; Conflicting Categories: ['Clothing', 'Books', 'Stationery']; Conflicting Cities: ['Jalandar', 'Hyd', 'Jalandhar']"
MCH8428,"Keer, Batra And Kapadia",7011,Hotel & Lodging,Partnership,Jalandar,Punjab,2024-08-19 14:22:51,,ACTIVE,2475.47,SINGLETON,1.0,1,No duplicates
MCH8431,Bala Group,4131,Transportation,Individual,Ldh,Punjab,2025-05-02 00:00:00,XXXX7030,ACTIVE,964.23,CONFLICTING_MERCHANT_RECORD,0.55,3,"Conflicting Names: ['Bala Group', 'Brahmbhatt, Ranganathan And Sangha', 'Bail, Sura And Misra']; Conflicting Categories: ['Transportation', 'Medical', 'Groceries']; Conflicting Cities: ['Ldh', 'Hyd', 'Lucknow']"
MCH8432,Lad Inc,5942,Books & Stationery,Private_Limited,Dilli,Delhi,2024-10-07 00:00:00,FRLI9065794513387,ACTIVE,394.7,SINGLETON,1.0,1,No duplicates
MCH8433,"Gill, Taneja And Bhardwaj",5411,Grocery,Individual,Lucknow,Uttar Pradesh,2023-05-12 00:00:00,9035895384,SUSPENDED,5465.01,SINGLETON,1.0,1,No duplicates
MCH8435,Bajwa-Sandhu,5699,Apparel,Individual,Jaipur,Rajasthan,2024-08-11 00:00:00,XRHA7493996842867,ACTIVE,5825.04,SINGLETON,1.0,1,No duplicates
MCH8436,Kapoor Inc,7011,Hotel & Lodging,Individual,Bangalore,Karnataka,2025-07-27 00:00:00,4749660100,ACTIVE,7117.0,CONFLICTING_MERCHANT_RECORD,0.55,4,"Conflicting Names: ['Kapoor Inc', 'Sangha Plc', 'Sagar Plc', 'Seshadri, Minhas And Subramanian']; Conflicting Categories: ['Hotel', 'Book Store', 'Other', 'Mobile Recharge']; Conflicting Cities: ['Bangalore', 'Hyd', 'Poona', 'Delhi']"
MCH8437,"Kurian, Yadav And Sidhu",5812,Restaurant,Partnership,Asr,Punjab,2024-09-09 00:00:00,,ACTIVE,1382.63,CONFLICTING_MERCHANT_RECORD,0.55,2,"Conflicting Names: ['Sinha Llc', 'Kurian, Yadav And Sidhu']; Conflicting Categories: ['Hotel_Lodging', 'Eating Place']; Conflicting Cities: ['Kolkata', 'Asr']"
MCH8439,Bala And Sons,5912,Pharmacy,Individual,Jalandhar,Punjab,2024-09-14 00:00:00,,ACTIVE,1591.75,SINGLETON,1.0,1,No duplicates
MCH8440,"Chacko, Natarajan And Menon",5999,Miscellaneous Retail,Individual,Mumbai,Maharashtra,2025-01-19 00:00:00,,ACTIVE,775.41,SINGLETON,1.0,1,No duplicates
MCH8445,Chand Inc,5999,Miscellaneous Retail,Partnership,Jpr,Rajasthan,2025-12-27 10:31:00,,ACTIVE,2873.41,SINGLETON,1.0,1,No duplicates
MCH8446,Pingle Inc,5912,Pharmacy,Individual,Jalandar,Punjab,2024-11-02 09:35:00,IMWK0138526461627,INACTIVE,1069.0,CONFLICTING_MERCHANT_RECORD,0.55,2,"Conflicting Names: ['Kuruvi11A Gr0Up', 'Pingle Inc']; Conflicting Categories: ['Miscellaneous', 'Pharmacies']; Conflicting Cities: ['Madras', 'Jalandar']"
MCH8448,"Roy, Parekh And Ratti",7011,Hotel & Lodging,Private_Limited,Jaipur,Rajasthan,2024-07-25 22:15:50,,ACTIVE,364.74,SINGLETON,1.0,1,No duplicates
MCH8449,Mani-Ramachandran,5912,Pharmacy,Partnership,Delhi,Delhi,2024-12-27 07:20:47,XXXX6183,ACTIVE,461.73,CONFLICTING_MERCHANT_RECORD,0.55,2,"Conflicting Names: ['Vaidya-Gulati', 'Mani-Ramachandran']; Conflicting Categories: ['Restaurants', 'Pharmacies']; Conflicting Cities: ['Chennai', 'Delhi']"
MCH8450,Narayanan Llc,5912,Pharmacy,Sole-Proprietor,Ldh,Punjab,,XXXX4013,ACTIVE,1022.45,CONFLICTING_MERCHANT_RECORD,0.55,2,"Conflicting Names: ['Narayanan Llc', 'Singhal Llc']; Conflicting Categories: ['Medical', 'Miscellaneous']; Conflicting Cities: ['Ldh', 'Jpr']"
MCH8451,"Kala, Pradhan And Hayre",5812,Restaurant,Partnership,Hyderabad,Telangana,2024-06-14 00:00:00,9996900448,ACTIVE,1874.56,CONFLICTING_MERCHANT_RECORD,0.55,2,"Conflicting Names: ['Setty Inc', 'Kala, Pradhan And Hayre']; Conflicting Categories: ['Telecom', 'Food_Services']; Conflicting Cities: ['Ludhiana', 'Hyderabad']"
MCH8453,Manne Llc,5699,Apparel,Private-Limited,Amritsar,Punjab,,,ACTIVE,397.0,CONFLICTING_MERCHANT_RECORD,0.55,2,"Conflicting Names: ['Manne Llc', 'Jaggi, Saxena And Ratta']; Conflicting Categories: ['Garments', 'Grocery']"
MCH8455,Chauhan-Raju,5311,Department Store,Private_Limited,Poona,Maharashtra,2023-03-29 00:00:00,5585488676,ACTIVE,1832.78,SINGLETON,1.0,1,No duplicates
MCH8456,Srinivasan And Sons,5411,Grocery,Individual,Jalandar,Punjab,2023-03-04 13:45:00,XXXX9275,ACTIVE,3454.0,SINGLETON,1.0,1,No duplicates
MCH8460,Luthra Plc,,Department Store,Private-Limited,Jpr,Rajasthan,2023-03-10 19:52:37,XXXX0930,ACTIVE,2927.81,SINGLETON,1.0,1,No duplicates
MCH8464,"Kapadia, Sarin And Bhargava",5411,Grocery,Sole Proprietor,Ludhiana,Punjab,2024-07-19 17:44:00,,ACTIVE,1536.1,SINGLETON,1.0,1,No duplicates
MCH8466,Dani Plc,5999,Miscellaneous Retail,Sole-Proprietor,Lko,Uttar Pradesh,2024-11-20 00:00:00,0971517189,ACTIVE,1946.42,SINGLETON,1.0,1,No duplicates
MCH8467,Gara-Sarkar,5912,Pharmacy,Individual,Poona,Maharashtra,2025-12-03 17:00:00,,ACTIVE,826.0,CONFLICTING_MERCHANT_RECORD,0.55,2,"Conflicting Names: ['Tara, Nagi And Keer', 'Gara-Sarkar']; Conflicting Categories: ['Grocery Stores', 'Medical_Store']; Conflicting Cities: ['Chennai', 'Poona']"
MCH8470,Munshi-Reddy,,Transportation,Sole_Proprietor,Pune,Maharashtra,2025-12-29 00:00:00,,ACTIVE,1203.0,CONFLICTING_MERCHANT_RECORD,0.55,2,"Conflicting Names: ['Munshi-Reddy', 'Garg, Suri And Sagar']; Conflicting Categories: ['Transprt', 'Fashion']; Conflicting Cities: ['Pune', 'Ludhiana']"
MCH8472,Guha-Sandhu,4814,Telecom,Partnership,Amritsar,Punjab,,,ACTIVE,1828.57,SINGLETON,1.0,1,No duplicates
MCH8473,"Tella, Dara And Krish",4814,Telecom,Private_Limited,Mumbai,Maharashtra,2025-06-21 06:51:14,,ACTIVE,320.84,SINGLETON,1.0,1,No duplicates
MCH8475,"Karpe, Iyer And Gole",5942,Books & Stationery,Private-Limited,Bengaluru,Karnataka,2025-04-20 00:00:00,,ACTIVE,2426.04,SINGLETON,1.0,1,No duplicates
MCH8480,Doshi-Sarin,4131,Transportation,Individual,Pune,Maharashtra,2023-07-02 00:00:00,,ACTIVE,1310.85,SINGLETON,1.0,1,No duplicates
MCH8481,"Dixit,Geraandgara",4131,Transportation,Sole Proprietor,Jpr,Rajasthan,,COTV7157526007969,ACTIVE,1730.88,SINGLETON,1.0,1,No duplicates
MCH8484,"Grover, Swamy And Johal",5912,Pharmacy,Private_Limited,Kolkata,West Bengal,2023-08-17 22:00:16,,SUSPENDED,1273.08,SINGLETON,1.0,1,No duplicates
MCH8489,Mand And Sons,7011,Hotel & Lodging,Individual,Poona,Maharashtra,2025-08-24 00:00:00,XXXX8251,ACTIVE,2744.11,CONFLICTING_MERCHANT_RECORD,0.55,2,"Conflicting Names: ['Mand And Sons', 'Nadkarni, Murty And Chad']; Conflicting Categories: ['Hotel', 'Medical']; Conflicting Cities: ['Poona', 'Ludhiana']"
MCH8490,Sekhon-Chadha,5699,Apparel,Sole_Proprietor,Dilli,Delhi,2024-06-28 00:00:00,XXXX6195,INACTIVE,694.05,SINGLETON,1.0,1,No duplicates
MCH8492,Narayan Gr0Up,4814,Telecom,Individual,Calcutta,West Bengal,,XXXX3928,INACTIVE,,SINGLETON,1.0,1,No duplicates
MCH8493,Buch Inc,5912,Pharmacy,Individual,Chennai,Tamil Nadu,2025-01-17 02:45:11,YMCT2319815382495,ACTIVE,2394.24,SINGLETON,1.0,1,No duplicates
MCH8496,Sandhu Plc,5942,Books & Stationery,Partnership,Hyderabad,Telangana,2025-01-10 19:16:00,PCDO3725942171870,INACTIVE,,SINGLETON,1.0,1,No duplicates
MCH8497,"Pandey, Dutta And Thakkar",5812,Restaurant,Private_Limited,New Delhi,Delhi,2025-09-18 03:34:00,0266895023,ACTIVE,802.0,SINGLETON,1.0,1,No duplicates
MCH8501,Koshy-Mukherjee,7011,Hotel & Lodging,Partnership,Hyderabad,Telangana,2023-08-21 00:00:00,,ACTIVE,3180.8,SINGLETON,1.0,1,No duplicates
MCH8504,Kohli Plc,5411,Grocery,Sole_Proprietor,Madras,Tamil Nadu,2025-05-05 19:30:15,5858195769,ACTIVE,977.26,CONFLICTING_MERCHANT_RECORD,0.55,2,"Conflicting Names: ['Gala-Bath', 'Kohli Plc']; Conflicting Categories: ['Kirana', 'Groceries']; Conflicting Cities: ['Bengaluru', 'Madras']"
MCH8505,Kamdar-Ghosh,5942,Books & Stationery,Private_Limited,Jaipur,Rajasthan,2023-08-02 00:00:00,XXXX4333,ACTIVE,517.98,CONFLICTING_MERCHANT_RECORD,0.55,3,"Conflicting Names: ['Kamdar-Ghosh', 'Joshi, Sarin And Krishnamurthy', 'Dora, Bhatia And Bhatia']; Conflicting Categories: ['Book Store', 'Dept_Store', 'Grocery_Store']; Conflicting Cities: ['Jaipur', 'Amritsar']"
MCH8506,"Handa, Sahni And Sawhney",4814,Telecom,Partnership,Hyderabad,Telangana,2026-01-12 00:00:00,,ACTIVE,339.0,SINGLETON,1.0,1,No duplicates
MCH8508,"Iyengar,Gillandtella",5999,Miscellaneous Retail,Private_Limited,Chennai,Tamil Nadu,2023-12-12 06:59:00,,ACTIVE,1985.47,SINGLETON,1.0,1,No duplicates
MCH8509,Merchant-Kalita,5411,Grocery,Private_Limited,Hyderabad,Telangana,2025-02-11 00:00:00,5703041030,ACTIVE,329.11,CONFLICTING_MERCHANT_RECORD,0.55,4,"Conflicting Names: ['Majumdar, Deshpande And Solanki', 'Merchant-Kalita', 'Raman-Hans']; Conflicting Categories: ['Dept_Store', 'Grocery', 'Clothing']; Conflicting Cities: ['Blr', 'Hyderabad', 'Lucknow']"
MCH8511,Bhattacharyya Llc,4131,Transportation,Sole_Proprietor,Kolkata,West Bengal,2025-09-13 17:14:01,5718101424,ACTIVE,1377.4,CONFLICTING_MERCHANT_RECORD,0.55,2,"Conflicting Names: ['Narain-Nori', 'Bhattacharyya Llc']; Conflicting Categories: ['Grocery', 'Travel']"
MCH8512,Luthra-Bhasin,4131,Transportation,Sole_Proprietor,Lucknow,Uttar Pradesh,2025-07-22 00:00:00,,ACTIVE,2579.73,SINGLETON,1.0,1,No duplicates
MCH8517,"Bandi, Bir And Buch",5912,Pharmacy,Individual,Dilli,Delhi,2025-05-12 00:00:00,XXXX8958,ACTIVE,2544.34,SINGLETON,1.0,1,No duplicates
MCH8518,Srivastava-Parsa,5699,Apparel,Individual,Jaipur,Rajasthan,2024-09-11 00:00:00,,ACTIVE,191.84,SINGLETON,1.0,1,No duplicates
MCH8521,"Sankaran, Mangat And Gaba",5311,Department Store,Sole_Proprietor,Dilli,Delhi,2024-11-24 00:00:00,MNDO2443340838612,ACTIVE,1028.11,CONFLICTING_MERCHANT_RECORD,0.55,2,"Conflicting Names: ['Sankaran, Mangat And Gaba', 'Rao Ltd']; Conflicting Categories: ['Department Stores', 'Food']; Conflicting Cities: ['Dilli', 'Jaipur']"
MCH8525,Bah1-Mangat,7011,Hotel & Lodging,Individual,Mumbai,Maharashtra,2025-03-27 07:27:27,,INACTIVE,444.54,SINGLETON,1.0,1,No duplicates
MCH8527,"Varkey, Chacko And Sarraf",5411,Grocery,Private_Limited,Delhi,Delhi,2025-07-20 12:37:01,,ACTIVE,128.48,CONFLICTING_MERCHANT_RECORD,0.55,2,"Conflicting Names: ['Tella-Mani', 'Varkey, Chacko And Sarraf']; Conflicting Categories: ['Pharmacy', 'Kirana']; Conflicting Cities: ['Ldh', 'Delhi']"
MCH8529,Prakash-Sharaf,4814,Telecom,Partnership,Asr,Punjab,2024-10-30 00:00:00,XXXX5799,INACTIVE,2061.7,CONFLICTING_MERCHANT_RECORD,0.55,2,"Conflicting Names: ['Pradhan Plc', 'Prakash-Sharaf']; Conflicting Categories: ['Stationery', 'Phone Service']; Conflicting Cities: ['Dilli', 'Asr']"
MCH8530,Chopra-Khanna,5311,Department Store,Partnership,Hyderabad,Telangana,,,ACTIVE,442.28,SINGLETON,1.0,1,No duplicates
MCH8536,"Basak, Sami And Char",5311,Department Store,Private_Limited,Mumbai,Maharashtra,,,ACTIVE,335.5,CONFLICTING_MERCHANT_RECORD,0.55,2,"Conflicting Names: ['Boase Plc', 'Basak, Sami And Char']; Conflicting Categories: ['Telecom', 'Retail']; Conflicting Cities: ['Bombay', 'Mumbai']"
MCH8537,Sunder Llc,4131,Transportation,Private-Limited,Chennai,Tamil Nadu,2025-09-16 00:00:00,FNGX1491502830694,ACTIVE,1072.34,CONFLICTING_MERCHANT_RECORD,0.55,4,"Conflicting Names: ['Sunder Llc', 'Mital And Sons']; Conflicting Categories: ['Travel', 'Grocery']; Conflicting Cities: ['Chennai', 'Jalandar']"
MCH8539,Arya-Char,5699,Apparel,Sole_Proprietor,Madras,Tamil Nadu,2025-10-07 09:25:50,XXXX4751,ACTIVE,3012.9,SINGLETON,1.0,1,No duplicates
MCH8540,Tiwari Ltd,5999,Miscellaneous Retail,Sole Proprietor,Jaipur,Rajasthan,2024-06-27 07:54:00,,ACTIVE,,SINGLETON,1.0,1,No duplicates
MCH8545,Taneja And Sons,5411,Grocery,Private_Limited,Jaipur,Rajasthan,2025-07-06 00:00:00,,ACTIVE,1926.0,SINGLETON,1.0,1,No duplicates
MCH8546,Jani Plc,5311,Department Store,Partnership,Calcutta,West Bengal,2024-09-21 00:00:00,,ACTIVE,1691.74,SINGLETON,1.0,1,No duplicates
MCH8548,Karpe Ltd,5812,Restaurant,Partnership,New Delhi,Delhi,,,ACTIVE,699.0,SINGLETON,1.0,1,No duplicates
MCH8549,"Amb1E, Sangha And C0Mar",4814,Telecom,Individual,Ludhiana,Punjab,2026-01-12 00:00:00,XXXX7799,ACTIVE,1130.69,CONFLICTING_MERCHANT_RECORD,0.55,2,"Conflicting Names: ['Amb1E, Sangha And C0Mar', 'Tandon, Tella And Srinivas']; Conflicting Categories: ['Telecom', 'Department Store']; Conflicting Cities: ['Ludhiana', 'Jalandhar']"
MCH8550,Nayar Ltd,,Telecom,Partnership,Jalandar,Punjab,2024-01-09 17:54:25,CEPK3792011478067,ACTIVE,1649.78,SINGLETON,1.0,1,No duplicates
MCH8551,Sule-Ganesh,5699,Apparel,Individual,Kolkata,West Bengal,2023-03-15 04:50:00,ILTD6256269158206,ACTIVE,1452.12,SINGLETON,1.0,1,No duplicates
MCH8552,"Manne, Manda And Toor",4131,Transportation,Sole_Proprietor,Pune,Maharashtra,2023-08-19 00:00:00,,ACTIVE,,SINGLETON,1.0,1,No duplicates
MCH8553,Kumar And Sons,5411,Grocery,Partnership,Jalandhar,Punjab,2025-11-15 00:00:00,,ACTIVE,1412.27,CONFLICTING_MERCHANT_RECORD,0.55,2,"Conflicting Names: ['Sane, Chaudhari And Rai', 'Kumar And Sons']; Conflicting Categories: ['Phone Service', 'Grocery Stores']; Conflicting Cities: ['Lucknow', 'Jalandhar']"
MCH8554,Mangat Plc,5999,Miscellaneous Retail,Sole_Proprietor,Mumbai,Maharashtra,2023-04-03 00:00:00,,INACTIVE,,SINGLETON,1.0,1,No duplicates
MCH8555,Ar0Ra Plc,5999,Miscellaneous Retail,Private-Limited,Delhi,Delhi,2023-04-15 00:00:00,9465965379,ACTIVE,1643.0,CONFLICTING_MERCHANT_RECORD,0.55,2,"Conflicting Names: ['Gopal Llc', 'Ar0Ra Plc']; Conflicting Categories: ['Book Store', 'Other']; Conflicting Cities: ['Madras', 'Delhi']"
MCH8556,"Rout, Dhillon And Sinha",5942,Books & Stationery,Sole_Proprietor,Jaipur,Rajasthan,2023-05-04 17:49:00,,ACTIVE,,SINGLETON,1.0,1,No duplicates
MCH8558,Dutt-Tailor,5311,Department Store,Sole-Proprietor,Amritsar,Punjab,2024-12-29 00:00:00,,ACTIVE,857.14,CONFLICTING_MERCHANT_RECORD,0.55,2,"Conflicting Names: ['Jha, Bhat And Swaminathan', 'Dutt-Tailor']; Conflicting Categories: ['Mobile Recharge', 'Retail']; Conflicting Cities: ['Bengaluru', 'Amritsar']"
MCH8559,"Gokhale, Dugal And Pradhan",5812,Restaurant,Private-Limited,Pune,Maharashtra,2023-07-09 00:00:00,,SUSPENDED,2171.47,SINGLETON,1.0,1,No duplicates
MCH8561,Mahal-Talwar,5912,Pharmacy,Individual,Poona,Maharashtra,2024-11-21 00:00:00,XXXX1106,ACTIVE,892.64,CONFLICTING_MERCHANT_RECORD,0.55,2,"Conflicting Names: ['Mahal-Talwar', 'Swaminathan, Sa1Vi And Kant']; Conflicting Categories: ['Chemist', 'Clothing']; Conflicting Cities: ['Poona', 'Bombay']"
MCH8562,Radhakrishnan-Apte,5812,Restaurant,Private-Limited,Chennai,Tamil Nadu,2023-12-04 06:47:00,,ACTIVE,1647.0,SINGLETON,1.0,1,No duplicates
MCH8563,"Sen, Saxena And Chopra",5411,Grocery,Sole Proprietor,Poona,Maharashtra,2025-12-18 00:00:00,XXXX7720,ACTIVE,1384.68,CONFLICTING_MERCHANT_RECORD,0.55,2,"Conflicting Names: ['Brar Plc', 'Sen, Saxena And Chopra']; Conflicting Categories: ['Restaurants', 'Grocery_Store']; Conflicting Cities: ['Pune', 'Poona']"
MCH8565,"Mammen, Modi And Sankar",5812,Restaurant,Sole_Proprietor,Jpr,Rajasthan,2024-07-27 21:42:00,,ACTIVE,609.89,SINGLETON,1.0,1,No duplicates
MCH8566,Magar-Kota,4131,Transportation,Partnership,Asr,Punjab,2026-01-03 12:47:00,,ACTIVE,1353.18,SINGLETON,1.0,1,No duplicates
MCH8568,Krishna-Agrawal,4814,Telecom,Partnership,Kolkata,West Bengal,2024-10-25 03:43:00,7283032727,INACTIVE,412.1,SINGLETON,1.0,1,No duplicates
MCH8569,Tara Ltd,5812,Restaurant,Individual,Lucknow,Uttar Pradesh,2025-11-18 04:42:59,,ACTIVE,1022.19,SINGLETON,1.0,1,No duplicates
MCH8570,Reddy Ltd,5942,Books & Stationery,Partnership,Hyderabad,Telangana,2023-03-28 00:00:00,4219980172,ACTIVE,528.1,SINGLETON,1.0,1,No duplicates
MCH8571,"Sahni, Arya And Guha",4131,Transportation,Private-Limited,Kolkata,West Bengal,,XXXX6085,ACTIVE,1192.48,CONFLICTING_MERCHANT_RECORD,0.55,2,"Conflicting Names: ['Sahni, Arya And Guha', 'Garde, Toor And Malhotra']; Conflicting Categories: ['Bus/Taxi', 'Phone Service']; Conflicting Cities: ['Kolkata', 'Amritsar']"
MCH8572,"Sheth,Sethandkulkarni",4814,Telecom,Individual,Jaipur,Rajasthan,2026-01-15 00:00:00,AQKO8183766323405,ACTIVE,4326.0,SINGLETON,1.0,1,No duplicates
MCH8574,Vohra Group,5912,Pharmacy,Individual,Jaipur,Rajasthan,2026-02-04 00:00:00,NSHE9263060444640,INACTIVE,746.57,SINGLETON,1.0,1,No duplicates
MCH8575,"Doctor, Merchant And Bhatti",4814,Telecom,Partnership,Calcutta,West Bengal,2024-04-18 00:00:00,,ACTIVE,2693.45,SINGLETON,1.0,1,No duplicates
MCH8578,Bhatt Llc,4131,Transportation,Sole-Proprietor,Poona,Maharashtra,2023-08-26 23:42:00,QYMF1422119480722,INACTIVE,2462.04,SINGLETON,1.0,1,No duplicates
MCH8579,Om Llc,5311,Department Store,Sole-Proprietor,Blr,Karnataka,2024-05-10 00:00:00,IKJV1180612753786,ACTIVE,3034.67,SINGLETON,1.0,1,No duplicates
MCH8581,"Sundaram, Sekhon And Andra",7011,Hotel & Lodging,Partnership,Jalandar,Punjab,2024-11-14 00:00:00,,ACTIVE,953.97,SINGLETON,1.0,1,No duplicates
MCH8588,"Kala, Kant And Gola",,Transportation,Individual,Chennai,Tamil Nadu,2025-11-24 00:00:00,5957904984,ACTIVE,,SINGLETON,1.0,1,No duplicates
MCH8591,Dutta And Sons,5999,Miscellaneous Retail,Individual,Kolkata,West Bengal,2025-02-02 00:00:00,XXXX4892,ACTIVE,2731.17,SINGLETON,1.0,1,No duplicates
MCH8592,Venkatesh-Brahmbhatt,5942,Books & Stationery,Private_Limited,Bengaluru,Karnataka,2023-11-29 06:07:36,XXXX8568,ACTIVE,2914.59,CONFLICTING_MERCHANT_RECORD,0.55,3,"Conflicting Names: ['Rajagopal-Nagarajan', 'Venkatesh-Brahmbhatt', 'Ramaswamy Plc']; Conflicting Categories: ['Chemist', 'Stationery', 'Mobile Recharge']; Conflicting Cities: ['Hyderabad', 'Bengaluru', 'Amritsar']"
MCH8597,Hayre-Badami,5812,Restaurant,Private_Limited,Amritsar,Punjab,2023-05-26 00:00:00,XXXX4723,ACTIVE,1847.81,SINGLETON,1.0,1,No duplicates
MCH8598,"Raghavan, Nadig And Karpe",5812,Restaurant,Sole Proprietor,Pune,Maharashtra,2024-06-16 14:32:56,XXXX2019,ACTIVE,1385.16,CONFLICTING_MERCHANT_RECORD,0.55,2,"Conflicting Names: ['Chanda-Parekh', 'Raghavan, Nadig And Karpe']; Conflicting Categories: ['Books', 'Food_Services']; Conflicting Cities: ['Ludhiana', 'Pune']"
MCH8600,"Kalita, Bains And Gandhi",5812,Restaurant,Sole-Proprietor,Delhi,Delhi,2024-07-06 00:00:00,RRYJ6587686551997,ACTIVE,855.0,CONFLICTING_MERCHANT_RECORD,0.55,2,"Conflicting Names: ['Kalita, Bains And Gandhi', 'Lata-Khurana']; Conflicting Categories: ['Restaurants', 'Groceries']; Conflicting Cities: ['Delhi', 'Jalandar']"
MCH8601,Chahal-Parekh,5812,Restaurant,Private-Limited,Asr,Punjab,2025-02-20 00:00:00,SPNT7219401023773,ACTIVE,600.58,SINGLETON,1.0,1,No duplicates
MCH8602,Raghavan-Ah1Uwa1Ia,5411,Grocery,Individual,Madras,Tamil Nadu,2023-01-19 00:00:00,,ACTIVE,292.78,SINGLETON,1.0,1,No duplicates
MCH8603,Mane Ltd,5812,Restaurant,Sole_Proprietor,Ludhiana,Punjab,2023-04-01 16:26:07,9861979521,ACTIVE,258.46,FORMATTING_DUPLICATE,0.85,2,2 records with formatting variations consolidated
MCH8606,Prabhakar Ltd,5942,Books & Stationery,Partnership,Mumbay,Maharashtra,2024-11-25 22:32:00,,ACTIVE,602.72,SINGLETON,1.0,1,No duplicates
MCH8607,"Wali,Maneandthakur",5699,Apparel,Individual,New Delhi,Delhi,2023-10-15 00:00:00,XXXX4911,ACTIVE,2981.0,CONFLICTING_MERCHANT_RECORD,0.55,3,"Conflicting Names: ['Wali,Maneandthakur', 'Dash-Dora', 'Sachdeva-Dutta']; Conflicting Categories: ['Clothing', 'Grocery', 'Telecom']; Conflicting Cities: ['New Delhi', 'Delhi', 'Jalandhar']"
MCH8610,Pandey And Sons,5999,Miscellaneous Retail,Sole_Proprietor,Bengaluru,Karnataka,,LZLP7648523257090,ACTIVE,1014.0,SINGLETON,1.0,1,No duplicates
MCH8612,Kurian-Goda,5812,Restaurant,Sole_Proprietor,Bombay,Maharashtra,2023-07-18 06:11:37,XXXX5561,ACTIVE,1133.93,SINGLETON,1.0,1,No duplicates
MCH8613,Comar-Tata,5812,Restaurant,Individual,Lucknow,Uttar Pradesh,2023-09-05 12:31:28,,SUSPENDED,2485.09,SINGLETON,1.0,1,No duplicates
MCH8614,Basu-Gola,4131,Transportation,Partnership,Poona,Maharashtra,2026-01-08 00:00:00,XXXX7777,ACTIVE,1454.86,CONFLICTING_MERCHANT_RECORD,0.55,2,"Conflicting Names: ['Basu-Gola', 'Singhal Group']; Conflicting Categories: ['Travel', 'Medical']; Conflicting Cities: ['Poona', 'Blr']"
MCH8615,Devi-Narasimhan,5942,Books & Stationery,Sole-Proprietor,Calcutta,West Bengal,2024-11-18 00:00:00,8648906197,ACTIVE,722.58,CONFLICTING_MERCHANT_RECORD,0.55,3,"Conflicting Names: ['Devi-Narasimhan', 'Kurian Inc', 'Anand Inc']; Conflicting Categories: ['Book Store', 'Phone Service', 'Apparel']; Conflicting Cities: ['Calcutta', 'Hyd', 'Chennai']"
MCH8616,Ratti-Jha,5699,Apparel,Sole_Proprietor,Pune,Maharashtra,2025-05-30 00:00:00,,ACTIVE,,SINGLETON,1.0,1,No duplicates
MCH8619,Salvi-Nazareth,5411,Grocery,Sole_Proprietor,New Delhi,Delhi,2024-07-25 00:00:00,,ACTIVE,860.21,FORMATTING_DUPLICATE,0.85,2,2 records with formatting variations consolidated
MCH8622,Choudhry-Krishna,7011,Hotel & Lodging,Partnership,Pune,Maharashtra,2025-03-18 00:00:00,,ACTIVE,196.86,SINGLETON,1.0,1,No duplicates
MCH8624,Kannan-Mital,5912,Pharmacy,Sole_Proprietor,Pune,Maharashtra,2023-05-20 00:00:00,BFXZ1340418444371,ACTIVE,1202.33,SINGLETON,1.0,1,No duplicates
MCH8628,"Char, Sastry And Sane",4131,Transportation,Individual,Pune,Maharashtra,2023-08-18 01:53:50,KLDA6853429090498,ACTIVE,1108.74,CONFLICTING_MERCHANT_RECORD,0.55,2,"Conflicting Names: ['Pai-Upadhyay', 'Char, Sastry And Sane']; Conflicting Categories: ['Hotel_Lodging', 'Bus/Taxi']; Conflicting Cities: ['Asr', 'Pune']"
MCH8631,Chaudhari-Chhabra,5699,Apparel,Sole Proprietor,Lucknow,Uttar Pradesh,2024-02-17 00:00:00,7902410971,ACTIVE,1011.95,SINGLETON,1.0,1,No duplicates
MCH8632,"Koshy, Suri And Dey",5812,Restaurant,Individual,Delhi,Delhi,2025-11-14 10:58:44,BRHB3883781562442,ACTIVE,3705.21,SINGLETON,1.0,1,No duplicates
MCH8633,Pillai-Lata,5912,Pharmacy,Individual,Amritsar,Punjab,2025-04-02 00:00:00,6437885672,ACTIVE,1325.55,SINGLETON,1.0,1,No duplicates
MCH8634,Palla-Brar,5912,Pharmacy,Partnership,Jalandar,Punjab,2023-06-13 00:00:00,FVKP3398609583042,ACTIVE,843.2,SINGLETON,1.0,1,No duplicates
MCH8636,Ghosh-Dash,5942,Books & Stationery,Partnership,Asr,Punjab,2023-09-06 09:12:03,8172688665,ACTIVE,3699.41,SINGLETON,1.0,1,No duplicates
MCH8638,Ramanathan-Apte,5942,Books & Stationery,Partnership,Chennai,Tamil Nadu,2025-04-16 00:00:00,XXXX4259,ACTIVE,985.8,FORMATTING_DUPLICATE,0.85,2,2 records with formatting variations consolidated
MCH8639,"Sodhi, Kala And Ramaswamy",5411,Grocery,Partnership,Pune,Maharashtra,2023-09-18 00:00:00,,ACTIVE,1544.0,CONFLICTING_MERCHANT_RECORD,0.55,2,"Conflicting Names: ['Sodhi, Kala And Ramaswamy', 'Samra-Behl']; Conflicting Categories: ['Kirana', 'Hospitality']; Conflicting Cities: ['Pune', 'Bengaluru']"
MCH8640,"Vasa, Nanda And Bhat",5311,Department Store,Sole_Proprietor,Pune,Maharashtra,2025-03-05 00:00:00,,ACTIVE,347.11,SINGLETON,1.0,1,No duplicates
MCH8641,Rai And Sons,4131,Transportation,Individual,Ldh,Punjab,2024-01-10 00:00:00,,ACTIVE,,SINGLETON,1.0,1,No duplicates
MCH8643,"Kota, Aurora And Dugal",5699,Apparel,Sole_Proprietor,Delhi,Delhi,2024-04-15 14:41:15,GITM5447907663864,ACTIVE,1011.23,SINGLETON,1.0,1,No duplicates
MCH8644,M0Re-L0Ke,4131,Transportation,Individual,Ludhiana,Punjab,2025-07-20 00:00:00,,ACTIVE,1294.91,SINGLETON,1.0,1,No duplicates
MCH8645,"Desai, Agarwal And Handa",4814,Telecom,Individual,Ludhiana,Punjab,2024-03-31 00:00:00,,ACTIVE,1177.09,SINGLETON,1.0,1,No duplicates
MCH8648,"Kumer, Pradhan And Pai",5912,Pharmacy,Sole_Proprietor,Jalandhar,Punjab,2023-12-17 00:00:00,CPHP6408157927970,ACTIVE,2147.87,CONFLICTING_MERCHANT_RECORD,0.55,2,"Conflicting Names: ['Kumer, Pradhan And Pai', 'Mukhopadhyay Plc']; Conflicting Categories: ['Chemist', 'Bus/Taxi']; Conflicting Cities: ['Jalandhar', 'Mumbai']"
MCH8650,Konda Ltd,5999,Miscellaneous Retail,Sole_Proprietor,Ludhiana,Punjab,2024-05-27 00:00:00,XXXX1884,ACTIVE,578.35,SINGLETON,1.0,1,No duplicates
MCH8654,"Deshpande, Comar And Pandya",4814,Telecom,Individual,New Delhi,Delhi,,2533166217,ACTIVE,898.0,CONFLICTING_MERCHANT_RECORD,0.55,3,"Conflicting Names: ['Deshpande, Comar And Pandya', 'Bhavsar-Subramanian', 'Bal-Rastogi']; Conflicting Categories: ['Phone Service', 'Grocery', 'Books']; Conflicting Cities: ['New Delhi', 'Mumbai', 'Lucknow']"
MCH8656,Singh Plc,,Books & Stationery,Individual,Bangalore,Karnataka,2024-06-09 00:00:00,RQTA6882310547982,ACTIVE,9885.11,CONFLICTING_MERCHANT_RECORD,0.55,2,"Conflicting Names: ['Singh Plc', 'Sarma, Krish And Ranganathan']; Conflicting Categories: ['Book Store', 'Books_Stationery']; Conflicting Cities: ['Bangalore', 'Kolkata']"
MCH8659,Sha Ltd,7011,Hotel & Lodging,Partnership,Mumbay,Maharashtra,2024-10-23 00:00:00,6929887204,ACTIVE,,SINGLETON,1.0,1,No duplicates
MCH8660,"Ben, Guha And Sabharwa1",5812,Restaurant,Sole_Proprietor,Lucknow,Uttar Pradesh,2025-07-22 00:00:00,XXXX9591,ACTIVE,,SINGLETON,1.0,1,No duplicates
MCH8661,Kapoor And Sons,,Transportation,Partnership,Mumbai,Maharashtra,,,ACTIVE,1762.47,SINGLETON,1.0,1,No duplicates
MCH8663,Khalsa Group,,Books & Stationery,Partnership,Jalandhar,Punjab,2023-04-05 00:00:00,CZSI5545012134696,INACTIVE,338.0,SINGLETON,1.0,1,No duplicates
MCH8672,"Ganguly, Sarin And Merchant",5311,Department Store,Individual,Jalandhar,Punjab,2025-06-09 00:00:00,3398230728,INACTIVE,1816.05,SINGLETON,1.0,1,No duplicates
MCH8673,Goswami And Sons,5812,Restaurant,Private_Limited,New Delhi,Delhi,2026-02-25 00:00:00,1774013903,ACTIVE,979.86,CONFLICTING_MERCHANT_RECORD,0.55,2,"Conflicting Names: ['Goswami And Sons', 'Bahl, Chopra And Jaggi']; Conflicting Categories: ['Restaurants', 'Stationery']; Conflicting Cities: ['New Delhi', 'Amritsar']"
MCH8674,"Mani, Dutta And Issac",5812,Restaurant,Private_Limited,Chennai,Tamil Nadu,2023-05-05 15:05:33,1748773482,ACTIVE,,SINGLETON,1.0,1,No duplicates
MCH8678,Dani-Talwar,7011,Hotel & Lodging,Partnership,Lko,Uttar Pradesh,2024-07-07 00:00:00,XXXX8500,INACTIVE,393.54,SINGLETON,1.0,1,No duplicates
MCH8679,Dutt-Goel,4814,Telecom,Private Limited,Kolkata,West Bengal,2024-08-14 00:00:00,XXXX4631,ACTIVE,423.15,CONFLICTING_MERCHANT_RECORD,0.55,2,"Conflicting Names: ['Dutt-Goel', 'Mangal-Gole']; Conflicting Categories: ['Phone Service', 'Books']; Conflicting Cities: ['Kolkata', 'Jaipur']"
MCH8680,Bhatt-Toor,5311,Department Store,Private_Limited,Jaipur,Rajasthan,2025-12-02 00:00:00,,ACTIVE,1399.6,FORMATTING_DUPLICATE,0.85,2,2 records with formatting variations consolidated
MCH8681,Suri Ltd,5699,Apparel,Partnership,Jalandhar,Punjab,2025-07-19 03:33:54,TFNO3503811861510,ACTIVE,1034.26,SINGLETON,1.0,1,No duplicates
MCH8692,Singhal-Mane,5999,Miscellaneous Retail,Partnership,Jalandhar,Punjab,2025-07-24 00:00:00,1479687132,ACTIVE,1884.81,CONFLICTING_MERCHANT_RECORD,0.55,2,"Conflicting Names: ['Singhal-Mane', 'Dubey, Nair And Bobal']; Conflicting Categories: ['Misc Retail', 'Eating Place']; Conflicting Cities: ['Jalandhar', 'Ludhiana']"
MCH8693,Mukhopadhyay-Rama,,Grocery,Individual,Lucknow,Uttar Pradesh,2024-10-07 22:23:22,XXXX9284,ACTIVE,406.79,CONFLICTING_MERCHANT_RECORD,0.55,2,"Conflicting Names: ['Chawla, Goyal And Pau', 'Mukhopadhyay-Rama']; Conflicting Categories: ['Hotels', 'Grocery Stores']; Conflicting Cities: ['Mumbai', 'Lucknow']"
MCH8697,Karnik Ltd,5999,Miscellaneous Retail,Sole_Proprietor,Hyderabad,Telangana,2023-01-19 11:39:00,ELBE1390395985700,ACTIVE,353.31,SINGLETON,1.0,1,No duplicates
MCH8698,"Boase, Bal And Mand",5311,Department Store,Private Limited,Calcutta,West Bengal,2025-06-13 00:00:00,,ACTIVE,3054.52,SINGLETON,1.0,1,No duplicates
MCH8703,Mody Group,,Miscellaneous Retail,Partnership,Hyderabad,Telangana,2023-04-09 03:36:19,XXXX1194,SUSPENDED,2908.51,SINGLETON,1.0,1,No duplicates
MCH8705,"Sahota, Kale And Patil",4131,Transportation,Private Limited,Delhi,Delhi,2024-11-10 00:00:00,XXXX9019,ACTIVE,1127.21,CONFLICTING_MERCHANT_RECORD,0.55,2,"Conflicting Names: ['Sahota, Kale And Patil', 'Sankar, Srinivas And Kanda']; Conflicting Categories: ['Transprt', 'Telecom']"
MCH8708,"Mukherjee, Sami And Purohit",5999,Miscellaneous Retail,Sole Proprietor,Hyderabad,Telangana,2026-01-28 00:00:00,,SUSPENDED,2919.92,SINGLETON,1.0,1,No duplicates
MCH8713,"Shere, Loke And Butala",4814,Telecom,Private-Limited,Delhi,Delhi,,,INACTIVE,1029.16,SINGLETON,1.0,1,No duplicates
MCH8714,Guptagroup,5912,Pharmacy,Sole_Proprietor,Pune,Maharashtra,2023-10-08 00:00:00,XXXX2445,INACTIVE,569.38,SINGLETON,1.0,1,No duplicates
MCH8715,"Raju,Lokeandvora",5999,Miscellaneous Retail,Partnership,Hyderabad,Telangana,2025-09-14 00:00:00,,ACTIVE,1332.26,SINGLETON,1.0,1,No duplicates
MCH8716,"Naik, Chada And Divan",5999,Miscellaneous Retail,Private_Limited,Ldh,Punjab,2023-01-11 00:00:00,EDPS0799008597487,ACTIVE,225.43,SINGLETON,1.0,1,No duplicates
MCH8718,Chaudhari-Bhalla,5812,Restaurant,Individual,Poona,Maharashtra,2024-07-23 04:38:30,,ACTIVE,,SINGLETON,1.0,1,No duplicates
MCH8719,Kala Llc,5311,Department Store,Individual,Kolkata,West Bengal,2025-10-25 00:00:00,,ACTIVE,2779.32,SINGLETON,1.0,1,No duplicates
MCH8721,Bera-Chhabra,4131,Transportation,Sole Proprietor,Lko,Uttar Pradesh,2024-08-09 00:00:00,,ACTIVE,2543.82,SINGLETON,1.0,1,No duplicates
MCH8724,"Ganesh, Sarin And Gera",5411,Grocery,Partnership,New Delhi,Delhi,2024-11-20 00:00:00,8119568584,ACTIVE,639.73,CONFLICTING_MERCHANT_RECORD,0.55,3,"Conflicting Names: ['Ganesh, Sarin And Gera', 'Gole, Roy And Khurana', 'Sethi-Reddy']; Conflicting Categories: ['Grocery_Store', 'Grocery Stores', 'Kirana']; Conflicting Cities: ['New Delhi', 'Bangalore', 'Hyderabad']"
MCH8725,Gala Group,7011,Hotel & Lodging,Private-Limited,Jpr,Rajasthan,2024-08-14 22:49:00,PIMP1040686768002,ACTIVE,7512.0,CONFLICTING_MERCHANT_RECORD,0.55,3,"Conflicting Names: ['Gala Group', 'Ganesan Inc', 'Shah, Krishna And Borra']; Conflicting Categories: ['Hotels', 'Grocery Stores', 'Clothing']; Conflicting Cities: ['Jpr', 'Jalandar', 'Lucknow']"
MCH8726,Rast0Gi-Saini,5999,Miscellaneous Retail,Partnership,Ludhiana,Punjab,,5579571324,ACTIVE,4900.29,SINGLETON,1.0,1,No duplicates
MCH8727,Vig-Mann,5999,Miscellaneous Retail,Partnership,Delhi,Delhi,,PYLB7387354028266,ACTIVE,157.65,SINGLETON,1.0,1,No duplicates
MCH8729,"Chowdhury, Krishnamurthy And Parekh",5942,Books & Stationery,Private Limited,Kolkata,West Bengal,2024-02-07 00:00:00,7331970917,ACTIVE,870.42,SINGLETON,1.0,1,No duplicates
MCH8730,"Bhasin, Mall And Sarraf",5999,Miscellaneous Retail,Private-Limited,Jalandhar,Punjab,2025-02-13 00:00:00,XXXX3406,ACTIVE,937.7,CONFLICTING_MERCHANT_RECORD,0.55,2,"Conflicting Names: ['Bhasin, Mall And Sarraf', 'Banerjee-Kapoor']; Conflicting Categories: ['Misc Retail', 'Stationery']; Conflicting Cities: ['Jalandhar', 'Asr']"
MCH8733,"Dhillon, Goel And Dar",4814,Telecom,Sole_Proprietor,Calcutta,West Bengal,2024-03-27 19:48:14,XXXX9551,ACTIVE,2966.16,SINGLETON,1.0,1,No duplicates
MCH8734,"Ganguly, Hayre And Choudhury",4814,Telecom,Sole_Proprietor,Lucknow,Uttar Pradesh,2023-05-05 00:00:00,8075659044,ACTIVE,4276.72,SINGLETON,1.0,1,No duplicates
MCH8735,"Chhabra, Kunda And Sem",4814,Telecom,Partnership,Jalandar,Punjab,2025-09-18 00:00:00,DZIA5449518052658,ACTIVE,1589.68,CONFLICTING_MERCHANT_RECORD,0.55,2,"Conflicting Names: ['Chhabra, Kunda And Sem', 'Ha1Der-Mane']; Conflicting Categories: ['Phone Service', 'Grocery']; Conflicting Cities: ['Jalandar', 'Pune']"
MCH8736,Dora-Sachar,5311,Department Store,Private_Limited,Mumbai,Maharashtra,2024-10-11 13:06:21,XXXX8019,ACTIVE,2228.33,CONFLICTING_MERCHANT_RECORD,0.55,2,"Conflicting Names: ['Mitter-Sura', 'Dora-Sachar']; Conflicting Categories: ['Restaurant', 'Department Stores']; Conflicting Cities: ['Jalandar', 'Mumbai']"
MCH8741,Swaminathan-Kakar,4814,Telecom,Sole_Proprietor,Kolkata,West Bengal,2024-08-17 15:49:00,7135208273,ACTIVE,8897.16,CONFLICTING_MERCHANT_RECORD,0.55,2,"Conflicting Names: ['Swaminathan-Kakar', 'Venkateshgroup']; Conflicting Categories: ['Telecom', 'Grocery']; Conflicting Cities: ['Kolkata', 'Ludhiana']"
MCH8744,Prashad Llc,5942,Books & Stationery,Individual,Jalandar,Punjab,2025-03-31 16:57:30,WWJH8069949347893,ACTIVE,3282.54,SINGLETON,1.0,1,No duplicates
MCH8746,Kari Inc,5912,Pharmacy,Partnership,Pune,Maharashtra,2024-10-11 07:16:00,XXXX5648,ACTIVE,,SINGLETON,1.0,1,No duplicates
MCH8749,"Tara, Parmer And Walla",4131,Transportation,Private Limited,Kolkata,West Bengal,2025-06-19 00:00:00,BWRP8229942592433,INACTIVE,584.1,SINGLETON,1.0,1,No duplicates
MCH8750,"Bawa, Chatterjee And Sathe",7011,Hotel & Lodging,Individual,Ludhiana,Punjab,2025-11-30 21:13:53,2442042302,ACTIVE,3120.06,CONFLICTING_MERCHANT_RECORD,0.55,2,"Conflicting Names: ['Bawa, Chatterjee And Sathe', 'Nair Ltd']; Conflicting Categories: ['Hotel_Lodging', 'Fashion']; Conflicting Cities: ['Ludhiana', 'Jpr']"
MCH8753,"Bhandari, Trivedi And Bora",4131,Transportation,Partnership,Hyderabad,Telangana,2024-12-27 13:54:54,,INACTIVE,718.79,SINGLETON,1.0,1,No duplicates
MCH8755,"Biswas, Divan And Sachdeva",7011,Hotel & Lodging,Private_Limited,Chennai,Tamil Nadu,2025-07-25 09:26:00,1014752136,SUSPENDED,2277.32,CONFLICTING_MERCHANT_RECORD,0.55,2,"Conflicting Names: ['Guha-Dara', 'Biswas, Divan And Sachdeva']; Conflicting Categories: ['Miscellaneous', 'Hotel_Lodging']; Conflicting Cities: ['Amritsar', 'Chennai']"
MCH8756,Warrior Inc,5699,Apparel,Private_Limited,Jalandar,Punjab,2023-10-04 00:00:00,9910438985,ACTIVE,1476.03,FORMATTING_DUPLICATE,0.85,2,2 records with formatting variations consolidated
MCH8761,Chokshi Llc,7011,Hotel & Lodging,Individual,Hyd,Telangana,2025-12-01 06:08:00,9822762385,ACTIVE,963.43,CONFLICTING_MERCHANT_RECORD,0.55,2,"Conflicting Names: ['Pal Llc', 'Chokshi Llc']; Conflicting Categories: ['Miscellaneous', 'Hospitality']; Conflicting Cities: ['Ldh', 'Hyd']"
MCH8762,Dani-Saha,4131,Transportation,Partnership,Calcutta,West Bengal,,,ACTIVE,778.15,SINGLETON,1.0,1,No duplicates
MCH8765,"Kamdar, Sehgal And Tata",5411,Grocery,Partnership,Delhi,Delhi,2025-01-06 00:00:00,XXXX8883,ACTIVE,4863.17,SINGLETON,1.0,1,No duplicates
MCH8766,Shanker Ltd,5912,Pharmacy,Sole Proprietor,Chennai,Tamil Nadu,2025-07-02 00:00:00,LBCS6149751072464,ACTIVE,801.0,SINGLETON,1.0,1,No duplicates
MCH8767,Golla Group,5699,Apparel,Sole Proprietor,Hyderabad,Telangana,2023-11-05 00:00:00,,ACTIVE,397.99,SINGLETON,1.0,1,No duplicates
MCH8768,Kata-Bajwa,5999,Miscellaneous Retail,Partnership,Madras,Tamil Nadu,2023-09-16 08:38:57,7445884693,ACTIVE,1033.9,CONFLICTING_MERCHANT_RECORD,0.55,3,"Conflicting Names: ['Garde, Mohan And Sridhar', 'Kata-Bajwa', 'Rout, Dixit And Malhotra']; Conflicting Categories: ['Dept_Store', 'Miscellaneous', 'Hotel']; Conflicting Cities: ['Calcutta', 'Madras', 'Jalandhar']"
MCH8769,Dara-Keer,5912,Pharmacy,Private Limited,Jpr,Rajasthan,2024-12-29 11:46:00,,ACTIVE,637.83,SINGLETON,1.0,1,No duplicates
MCH8770,Mani-Mutti,5999,Miscellaneous Retail,Sole_Proprietor,New Delhi,Delhi,2023-04-07 00:00:00,XXXX8061,ACTIVE,379.0,SINGLETON,1.0,1,No duplicates
MCH8775,Bakshi-Shah,5699,Apparel,Partnership,New Delhi,Delhi,2025-07-09 07:17:12,,ACTIVE,480.13,SINGLETON,1.0,1,No duplicates
MCH8777,Kibe Plc,7011,Hotel & Lodging,Partnership,Mumbai,Maharashtra,2023-06-16 00:00:00,3399976956,INACTIVE,1945.67,SINGLETON,1.0,1,No duplicates
MCH8779,Tak-Wali,5812,Restaurant,Individual,Bengaluru,Karnataka,2024-01-24 00:00:00,3182666424,ACTIVE,206.0,SINGLETON,1.0,1,No duplicates
MCH8781,Gade Plc,5912,Pharmacy,Private_Limited,Mumbay,Maharashtra,2023-02-27 16:50:53,,ACTIVE,714.3,SINGLETON,1.0,1,No duplicates
MCH8782,Swamy-Khurana,5699,Apparel,Sole_Proprietor,Asr,Punjab,2025-04-29 00:00:00,,ACTIVE,1314.55,SINGLETON,1.0,1,No duplicates
MCH8784,"Iyengar, Savant And Sehgal",4131,Transportation,Private Limited,Bombay,Maharashtra,2024-01-12 00:00:00,,ACTIVE,575.0,SINGLETON,1.0,1,No duplicates
MCH8789,"Pingle,Nadigandnarula",5812,Restaurant,Individual,Ludhiana,Punjab,2025-02-07 00:00:00,3828234177,ACTIVE,1463.08,SINGLETON,1.0,1,No duplicates
MCH8790,Thaman-Singh,5912,Pharmacy,Individual,Kolkata,West Bengal,2024-02-04 00:00:00,,ACTIVE,,SINGLETON,1.0,1,No duplicates
MCH8792,Chopra-Nori,5699,Apparel,Private-Limited,Lucknow,Uttar Pradesh,2025-01-09 00:00:00,XXXX7970,ACTIVE,793.52,CONFLICTING_MERCHANT_RECORD,0.55,2,"Conflicting Names: ['Nagarllc', 'Chopra-Nori']; Conflicting Categories: ['Grocery_Store', 'Garments']; Conflicting Cities: ['Jaipur', 'Lucknow']"
MCH8794,Mani-Zachariah,5411,Grocery,Partnership,Blr,Karnataka,2026-01-04 01:33:25,AKYW5964261838493,INACTIVE,6393.53,CONFLICTING_MERCHANT_RECORD,0.55,2,"Conflicting Names: ['Mandal, Dalal And Sane', 'Mani-Zachariah']; Conflicting Categories: ['Transprt', 'Grocery']; Conflicting Cities: ['Pune', 'Blr']"
MCH8795,Basak-Bhavsar,5942,Books & Stationery,Sole_Proprietor,Jaipur,Rajasthan,2024-03-15 00:00:00,XXXX0185,INACTIVE,243.16,SINGLETON,1.0,1,No duplicates
MCH8798,Ch0Wdhury-Su1E,5311,Department Store,Individual,Jalandhar,Punjab,2024-12-28 02:38:26,CPUC4526229447155,ACTIVE,207.92,CONFLICTING_MERCHANT_RECORD,0.55,2,"Conflicting Names: ['Taneja, Maharaj And Sa1Vi', 'Ch0Wdhury-Su1E']; Conflicting Categories: ['Stationery', 'Dept_Store']; Conflicting Cities: ['Mumbai', 'Jalandhar']"
MCH8799,"Dada, Ramaswamy And Dugal",5942,Books & Stationery,Private_Limited,Hyd,Telangana,2023-04-09 00:00:00,STYQ1453146869201,SUSPENDED,2080.34,CONFLICTING_MERCHANT_RECORD,0.55,2,"Conflicting Names: ['Dada, Ramaswamy And Dugal', 'Tailor,Rattiandanne']; Conflicting Categories: ['Books', 'Medical_Store']; Conflicting Cities: ['Hyd', 'Calcutta']"
MCH8801,Bedi Inc,5912,Pharmacy,Sole_Proprietor,Lko,Uttar Pradesh,2024-08-11 00:00:00,XXXX1264,ACTIVE,3479.49,SINGLETON,1.0,1,No duplicates
MCH8805,Bose Inc,5699,Apparel,Individual,Ldh,Punjab,2024-07-10 00:00:00,,ACTIVE,6022.98,SINGLETON,1.0,1,No duplicates
MCH8808,"Kothari, Bansal And Gupta",,Books & Stationery,Individual,Blr,Karnataka,2025-09-19 01:30:00,9868014892,ACTIVE,380.0,SINGLETON,1.0,1,No duplicates
MCH8809,"Doshi, Ghose And Amble",5411,Grocery,Individual,Mumbai,Maharashtra,,,ACTIVE,3965.67,CONFLICTING_MERCHANT_RECORD,0.55,2,"Conflicting Names: ['Doshi, Ghose And Amble', 'Narasimhan-Sem']; Conflicting Categories: ['Groceries', 'Mobile Recharge']; Conflicting Cities: ['Mumbai', 'Jalandar']"
MCH8811,Bobal Llc,5999,Miscellaneous Retail,Partnership,Hyderabad,Telangana,2023-12-18 00:00:00,4729552126,ACTIVE,1645.76,SINGLETON,1.0,1,No duplicates
MCH8813,Dey-Dua,5812,Restaurant,Partnership,Hyderabad,Telangana,2023-11-10 00:00:00,7101082372,ACTIVE,1432.39,SINGLETON,1.0,1,No duplicates
MCH8817,Sawhneyltd,7011,Hotel & Lodging,Individual,Poona,Maharashtra,,,INACTIVE,495.07,SINGLETON,1.0,1,No duplicates
MCH8819,Acharyainc,5912,Pharmacy,Private-Limited,Ludhiana,Punjab,2024-02-27 00:00:00,XXXX4379,ACTIVE,2075.22,SINGLETON,1.0,1,No duplicates
MCH8820,"Sarkar, Arya And Chand",4131,Transportation,Private Limited,Ldh,Punjab,2024-12-07 00:00:00,XXXX8518,ACTIVE,3994.88,CONFLICTING_MERCHANT_RECORD,0.55,2,"Conflicting Names: ['Sarkar, Arya And Chand', 'Mistry Group']; Conflicting Categories: ['Bus/Taxi', 'Restaurant']; Conflicting Cities: ['Ldh', 'Kolkata']"
MCH8821,Mukhopadhyay-Cherian,5812,Restaurant,Sole_Proprietor,Jalandhar,Punjab,2023-11-26 00:00:00,2404954167,ACTIVE,703.03,SINGLETON,1.0,1,No duplicates
MCH8823,Subramanian Inc,5699,Apparel,Partnership,Mumbai,Maharashtra,2024-01-31 00:00:00,XXXX6614,SUSPENDED,523.43,SINGLETON,1.0,1,No duplicates
MCH8824,Mani Plc,5999,Miscellaneous Retail,Individual,Hyderabad,Telangana,2024-02-22 00:00:00,0602443496,ACTIVE,1314.9,SINGLETON,1.0,1,No duplicates
MCH8825,"Mandal, Chaudhari And Savant",5699,Apparel,Individual,Jalandhar,Punjab,2025-07-27 00:00:00,8501342789,ACTIVE,1817.3,SINGLETON,1.0,1,No duplicates
MCH8826,Mallick-Dasgupta,5311,Department Store,Private-Limited,Jalandhar,Punjab,2023-02-09 07:13:10,2382228031,ACTIVE,1719.24,SINGLETON,1.0,1,No duplicates
MCH8828,Ranganathan And Sons,4131,Transportation,Individual,Amritsar,Punjab,2026-01-02 04:46:18,,ACTIVE,,SINGLETON,1.0,1,No duplicates
MCH8832,"Korpal, Dugar And Grover",5411,Grocery,Individual,Ludhiana,Punjab,2025-10-27 07:47:00,XXXX3528,ACTIVE,2140.7,CONFLICTING_MERCHANT_RECORD,0.55,4,"Conflicting Names: ['Gour Ltd', 'Korpal, Dugar And Grover', 'Kala Llc']; Conflicting Categories: ['Book Store', 'Kirana', 'Telecom']; Conflicting Cities: ['Pune', 'Ludhiana', 'Hyd']"
MCH8835,"Natarajan, Hegde And Varughese",5999,Miscellaneous Retail,Sole_Proprietor,Mumbai,Maharashtra,2025-04-08 15:21:00,FGCL8739381455039,ACTIVE,523.96,SINGLETON,1.0,1,No duplicates
MCH8837,Tata-Rajagopal,5411,Grocery,Partnership,Ludhiana,Punjab,2023-09-03 00:00:00,,SUSPENDED,2586.19,SINGLETON,1.0,1,No duplicates
MCH8838,"Kala, Sidhu And Kuruvilla",5912,Pharmacy,Partnership,Chennai,Tamil Nadu,2023-02-11 00:00:00,,INACTIVE,593.62,SINGLETON,1.0,1,No duplicates
MCH8840,Chatterjee And Sons,5311,Department Store,Individual,Pune,Maharashtra,2024-09-26 02:57:00,,ACTIVE,1208.62,SINGLETON,1.0,1,No duplicates
MCH8842,"Bala, Pillai And Kala",5999,Miscellaneous Retail,Partnership,Amritsar,Punjab,2023-04-23 00:00:00,XXXX1658,SUSPENDED,,SINGLETON,1.0,1,No duplicates
MCH8844,"Lad, Walia And Raj",5912,Pharmacy,Individual,Ludhiana,Punjab,2025-11-26 00:00:00,5044649266,ACTIVE,,CONFLICTING_MERCHANT_RECORD,0.55,2,"Conflicting Names: ['Lad, Walia And Raj', 'Bains Plc']; Conflicting Categories: ['Chemist', 'Eating Place']; Conflicting Cities: ['Ludhiana', 'Delhi']"
MCH8845,Varkey-Jha,,Miscellaneous Retail,Partnership,Kolkata,West Bengal,2024-03-01 05:26:00,,ACTIVE,5630.04,FORMATTING_DUPLICATE,0.85,2,2 records with formatting variations consolidated
MCH8850,"Sachdev, Nayar And Arora",5411,Grocery,Partnership,Ludhiana,Punjab,2025-04-07 03:43:08,,SUSPENDED,,SINGLETON,1.0,1,No duplicates
MCH8851,"Kanda, Kohli And Thaman",5812,Restaurant,Sole_Proprietor,Jalandhar,Punjab,,,SUSPENDED,5573.07,SINGLETON,1.0,1,No duplicates
MCH8852,Bali-Hora,,Miscellaneous Retail,Individual,Dilli,Delhi,2024-07-09 00:00:00,,ACTIVE,2821.74,SINGLETON,1.0,1,No duplicates
MCH8854,Kohli-Aurora,4131,Transportation,Private-Limited,Madras,Tamil Nadu,2023-12-04 00:00:00,XXXX8113,ACTIVE,429.48,CONFLICTING_MERCHANT_RECORD,0.55,2,"Conflicting Names: ['Kohli-Aurora', 'Sabharwal-Mitter']; Conflicting Categories: ['Bus/Taxi', 'Hotel_Lodging']; Conflicting Cities: ['Madras', 'Jaipur']"
MCH8855,"Rau, Dua And Nadkarni",5411,Grocery,Private-Limited,Ludhiana,Punjab,2025-06-06 02:15:00,5829674472,ACTIVE,2893.79,SINGLETON,1.0,1,No duplicates
MCH8861,Prashad And Sons,5999,Miscellaneous Retail,Individual,Chennai,Tamil Nadu,,XXXX5366,ACTIVE,,SINGLETON,1.0,1,No duplicates
MCH8863,Sastry Plc,4814,Telecom,Individual,Pune,Maharashtra,2024-03-08 00:00:00,,ACTIVE,,SINGLETON,1.0,1,No duplicates
MCH8864,Lala-Ben,5912,Pharmacy,Individual,Ludhiana,Punjab,2025-12-28 05:23:00,,ACTIVE,869.2,SINGLETON,1.0,1,No duplicates
MCH8865,Wali-Yogi,5942,Books & Stationery,Partnership,Pune,Maharashtra,,ADDY9100060907565,ACTIVE,1783.0,SINGLETON,1.0,1,No duplicates
MCH8869,Tella-Roy,5912,Pharmacy,Sole_Proprietor,Ldh,Punjab,2025-05-17 00:00:00,3757131975,ACTIVE,618.72,SINGLETON,1.0,1,No duplicates
MCH8870,Solanki-Cherian,4131,Transportation,Partnership,Kolkata,West Bengal,2025-07-04 00:00:00,HJDK9008014525015,ACTIVE,1597.0,CONFLICTING_MERCHANT_RECORD,0.55,2,"Conflicting Names: ['Sandhu Inc', 'Solanki-Cherian']; Conflicting Categories: ['Cloths', 'Transportation']; Conflicting Cities: ['Ludhiana', 'Kolkata']"
MCH8873,"Pathak, Bath And Kant",4131,Transportation,Partnership,Pune,Maharashtra,2025-06-11 00:00:00,,ACTIVE,2212.3,SINGLETON,1.0,1,No duplicates
MCH8876,Rai Llc,4131,Transportation,Sole_Proprietor,Bombay,Maharashtra,2025-02-17 00:00:00,MDBH5898755219705,ACTIVE,1825.17,CONFLICTING_MERCHANT_RECORD,0.55,3,"Conflicting Names: ['Apte And Sons', 'Narayanan And Sons', 'Rai Llc']; Conflicting Categories: ['Food', 'Stationery', 'Travel']; Conflicting Cities: ['Kolkata', 'Blr', 'Bombay']"
MCH8878,Kashyap-Behl,7011,Hotel & Lodging,Sole-Proprietor,Calcutta,West Bengal,2023-07-21 00:00:00,,ACTIVE,228.35,SINGLETON,1.0,1,No duplicates
MCH8879,Raju And Sons,,Pharmacy,Sole_Proprietor,Lucknow,Uttar Pradesh,2023-08-30 05:18:50,,ACTIVE,906.0,SINGLETON,1.0,1,No duplicates
MCH8880,Hayer-Walia,4131,Transportation,Partnership,Jalandhar,Punjab,2023-04-08 11:08:14,,ACTIVE,2616.91,CONFLICTING_MERCHANT_RECORD,0.55,2,"Conflicting Names: ['Bava Group', 'Hayer-Walia']; Conflicting Categories: ['Hotel_Lodging', 'Bus/Taxi']; Conflicting Cities: ['Blr', 'Jalandhar']"
MCH8884,"Dubey, Srinivasan And Pillai",,Books & Stationery,Sole_Proprietor,Chennai,Tamil Nadu,2023-07-03 00:00:00,,ACTIVE,,SINGLETON,1.0,1,No duplicates
MCH8885,"Dhawan,Devanandchokshi",5699,Apparel,Individual,Delhi,Delhi,2025-09-12 04:35:13,,ACTIVE,,SINGLETON,1.0,1,No duplicates
MCH8889,"Mahal, Edwin And Dasgupta",5699,Apparel,Sole Proprietor,Poona,Maharashtra,2023-03-26 00:00:00,,SUSPENDED,1329.62,SINGLETON,1.0,1,No duplicates
MCH8890,Halder Inc,7011,Hotel & Lodging,Private_Limited,Lucknow,Uttar Pradesh,2026-01-15 00:00:00,XXXX3843,SUSPENDED,2352.14,CONFLICTING_MERCHANT_RECORD,0.55,3,"Conflicting Names: ['Kumar, Yogi And Seshadri', 'Halder Inc', 'Mane-Sheth']; Conflicting Categories: ['Miscellaneous', 'Hotels']; Conflicting Cities: ['Lucknow', 'Jpr']"
MCH8891,"Natt,Maneandpau",,Telecom,Private Limited,Mumbai,Maharashtra,2025-03-13 09:17:17,6087577130,ACTIVE,1140.0,SINGLETON,1.0,1,No duplicates
MCH8893,Anand-Dada,5411,Grocery,Private-Limited,Delhi,Delhi,2023-02-15 00:00:00,,ACTIVE,598.72,SINGLETON,1.0,1,No duplicates
MCH8895,Chakraborty-Apte,7011,Hotel & Lodging,Sole-Proprietor,Jalandar,Punjab,2023-05-04 01:45:30,8501954276,ACTIVE,2412.11,SINGLETON,1.0,1,No duplicates
MCH8896,Yadav-Padmanabhan,4131,Transportation,Private_Limited,Hyderabad,Telangana,2024-02-05 00:00:00,XXXX8367,ACTIVE,1243.9,CONFLICTING_MERCHANT_RECORD,0.55,3,"Conflicting Names: ['Yadav-Padmanabhan', 'Luthra, Kata And Bansal', 'Savant Plc']; Conflicting Categories: ['Transportation', 'Food_Services', 'Grocery']; Conflicting Cities: ['Hyderabad', 'Jaipur', 'Ludhiana']"
MCH8899,Bedi And Sons,5699,Apparel,Private_Limited,Kolkata,West Bengal,2025-02-25 00:00:00,XXXX6442,SUSPENDED,,SINGLETON,1.0,1,No duplicates
MCH8900,Murthy-Vala,5699,Apparel,Partnership,Calcutta,West Bengal,2024-09-27 00:00:00,PZJY7011608000971,ACTIVE,314.81,CONFLICTING_MERCHANT_RECORD,0.55,2,"Conflicting Names: ['Nadkarni-Khare', 'Murthy-Vala']; Conflicting Categories: ['Food', 'Apparel']; Conflicting Cities: ['Lucknow', 'Calcutta']"
MCH8901,Narasimhan And Sons,4814,Telecom,Private Limited,Amritsar,Punjab,2024-01-04 05:23:00,3421072904,ACTIVE,772.61,CONFLICTING_MERCHANT_RECORD,0.55,2,"Conflicting Names: ['Raghavan-Bhavsar', 'Narasimhan And Sons']; Conflicting Categories: ['Pharmacy', 'Mobile Recharge']; Conflicting Cities: ['Jalandhar', 'Amritsar']"
MCH8902,Sabharwal Ltd,5411,Grocery,Sole-Proprietor,Amritsar,Punjab,2024-12-27 00:00:00,8958186574,ACTIVE,270.57,SINGLETON,1.0,1,No duplicates
MCH8903,Keer-Sagar,5411,Grocery,Partnership,Lucknow,Uttar Pradesh,2024-09-16 00:00:00,,ACTIVE,841.61,SINGLETON,1.0,1,No duplicates
MCH8909,"Palan, Wali And Wagle",5999,Miscellaneous Retail,Individual,Dilli,Delhi,,AMLI0055772138931,ACTIVE,1366.3,SINGLETON,1.0,1,No duplicates
MCH8910,Hayer-Mandal,5411,Grocery,Sole Proprietor,Ldh,Punjab,,XXXX1730,ACTIVE,597.8,CONFLICTING_MERCHANT_RECORD,0.55,3,"Conflicting Names: ['Sinha, Sen And Mander', 'Hayer-Mandal', 'Varkey Group']; Conflicting Categories: ['Telecom', 'Groceries', 'Pharmacies']; Conflicting Cities: ['Delhi', 'Ldh', 'Ludhiana']"
MCH8911,Bava Llc,5942,Books & Stationery,Sole Proprietor,Hyd,Telangana,2025-06-14 08:41:00,,ACTIVE,3342.77,SINGLETON,1.0,1,No duplicates
MCH8912,Chada Ltd,5411,Grocery,Partnership,Amritsar,Punjab,2023-09-12 00:00:00,MSHJ5068707529037,ACTIVE,1015.47,CONFLICTING_MERCHANT_RECORD,0.55,3,"Conflicting Names: ['Nagar Plc', 'Chada Ltd', 'Wable, Sule And Mani']; Conflicting Categories: ['Stationery', 'Kirana', 'Garments']; Conflicting Cities: ['Bombay', 'Amritsar', 'Hyderabad']"
MCH8915,Sur Ltd,5812,Restaurant,Individual,Mumbay,Maharashtra,2025-08-04 21:08:00,2079428373,INACTIVE,665.18,CONFLICTING_MERCHANT_RECORD,0.55,2,"Conflicting Names: ['Sur Ltd', 'Chadha, Patil And Bose']; Conflicting Categories: ['Food_Services', 'Transprt']; Conflicting Cities: ['Mumbay', 'Jaipur']"
MCH8918,Solanki And Sons,,Apparel,Private-Limited,Blr,Karnataka,2025-05-17 00:00:00,ITGT2090730500760,ACTIVE,,SINGLETON,1.0,1,No duplicates
MCH8919,Parmar Ltd,,Transportation,Private_Limited,Bangalore,Karnataka,2023-12-24 00:00:00,,ACTIVE,2228.63,SINGLETON,1.0,1,No duplicates
MCH8920,"Parekh, Srivastava And Choudhury",5311,Department Store,Private-Limited,Delhi,Delhi,2023-12-15 00:00:00,XXXX5523,ACTIVE,19788.99,SINGLETON,1.0,1,No duplicates
MCH8921,"Palla, Kanda And Kohli",5411,Grocery,Individual,Jaipur,Rajasthan,2023-04-01 00:00:00,,INACTIVE,1560.65,SINGLETON,1.0,1,No duplicates
MCH8923,Choudhury Group,5912,Pharmacy,Individual,Jaipur,Rajasthan,2024-06-12 00:00:00,WVVA0613994696185,INACTIVE,2880.15,CONFLICTING_MERCHANT_RECORD,0.55,2,"Conflicting Names: ['Raja-Sur', 'Choudhury Group']; Conflicting Categories: ['Travel', 'Pharmacy']; Conflicting Cities: ['Hyderabad', 'Jaipur']"
MCH8926,Ramesh-Mukhopadhyay,5912,Pharmacy,Sole-Proprietor,Dilli,Delhi,2024-01-16 00:00:00,3730788940,ACTIVE,5318.08,CONFLICTING_MERCHANT_RECORD,0.55,2,"Conflicting Names: ['Roy-Nagarajan', 'Ramesh-Mukhopadhyay']; Conflicting Categories: ['Fashion', 'Medical']; Conflicting Cities: ['Pune', 'Dilli']"
MCH8927,Raj-Kala,5999,Miscellaneous Retail,Individual,New Delhi,Delhi,2024-04-22 22:45:00,XXXX1023,ACTIVE,261.67,SINGLETON,1.0,1,No duplicates
MCH8928,Deo Plc,4131,Transportation,Partnership,Chennai,Tamil Nadu,2024-10-18 05:30:00,XXXX5889,ACTIVE,1547.93,FORMATTING_DUPLICATE,0.85,2,2 records with formatting variations consolidated
MCH8929,Nagi-Bala,5311,Department Store,Sole-Proprietor,Calcutta,West Bengal,2024-12-17 17:24:00,XXXX2967,ACTIVE,232.0,CONFLICTING_MERCHANT_RECORD,0.55,2,"Conflicting Names: ['Suri-Toor', 'Nagi-Bala']; Conflicting Categories: ['Miscellaneous', 'Department Stores']; Conflicting Cities: ['Hyderabad', 'Calcutta']"
MCH8931,"Pau, Chatterjee And Deol",7011,Hotel & Lodging,Partnership,Pune,Maharashtra,2024-03-02 00:00:00,,ACTIVE,1739.01,CONFLICTING_MERCHANT_RECORD,0.55,2,"Conflicting Names: ['Pau, Chatterjee And Deol', 'Ramaswamy-Bhasin']; Conflicting Categories: ['Hotel', 'Food_Services']; Conflicting Cities: ['Pune', 'Hyd']"
MCH8932,"Venkatesh, Nayak And Ravel",,Miscellaneous Retail,Private-Limited,Lucknow,Uttar Pradesh,2023-01-01 00:00:00,STLO0893921270298,ACTIVE,1585.03,SINGLETON,1.0,1,No duplicates
MCH8933,Karpe Inc,5912,Pharmacy,Private Limited,Amritsar,Punjab,,UYYR5964634247104,ACTIVE,2968.0,CONFLICTING_MERCHANT_RECORD,0.55,2,"Conflicting Names: ['Karpe Inc', 'Magar Inc']; Conflicting Categories: ['Medical_Store', 'Hotel']; Conflicting Cities: ['Amritsar', 'Lucknow']"
MCH8934,Kakar Group,5812,Restaurant,Sole-Proprietor,Ldh,Punjab,,WUVU9130782874849,ACTIVE,1507.45,CONFLICTING_MERCHANT_RECORD,0.55,2,"Conflicting Names: ['Dubey And Sons', 'Kakar Group']; Conflicting Categories: ['Groceries', 'Food_Services']; Conflicting Cities: ['Bengaluru', 'Ldh']"
MCH8935,Tella-Bawa,4131,Transportation,Individual,Jpr,Rajasthan,2024-01-13 15:35:49,JHDG3104790925076,ACTIVE,997.56,SINGLETON,1.0,1,No duplicates
MCH8937,"Mand, Bhatt And Pathak",7011,Hotel & Lodging,Individual,Amritsar,Punjab,2023-06-10 00:00:00,OPXS5269399322215,ACTIVE,2746.33,SINGLETON,1.0,1,No duplicates
MCH8939,"Dhawan, Kamdar And Dalal",5812,Restaurant,Individual,Bangalore,Karnataka,2023-01-06 17:37:02,0807622113,ACTIVE,729.0,SINGLETON,1.0,1,No duplicates
MCH8941,Iyer Llc,,Department Store,Sole Proprietor,Ludhiana,Punjab,2023-01-24 23:45:00,EATG9868970979253,ACTIVE,2580.56,CONFLICTING_MERCHANT_RECORD,0.55,2,"Conflicting Names: ['Iyer Llc', 'Mutti-Sharaf']; Conflicting Categories: ['Retail Other', 'Hospitality']; Conflicting Cities: ['Ludhiana', 'Bangalore']"
MCH8943,Bassi-Dhingra,5942,Books & Stationery,Private-Limited,Madras,Tamil Nadu,2024-09-09 00:49:00,,ACTIVE,774.62,SINGLETON,1.0,1,No duplicates
MCH8944,"Zachariah, Ratta And Contractor",5311,Department Store,Private-Limited,Hyderabad,Telangana,2024-07-16 13:53:35,0653764901,ACTIVE,2179.0,SINGLETON,1.0,1,No duplicates
MCH8945,Krish And Sons,5912,Pharmacy,Partnership,Mumbay,Maharashtra,2024-01-11 00:00:00,XXXX9324,ACTIVE,411.91,CONFLICTING_MERCHANT_RECORD,0.55,3,"Conflicting Names: ['Deol, Pant And Parekh', 'Krish And Sons', 'Sankar, Swamy And Char']; Conflicting Categories: ['Telecom', 'Pharmacies', 'Groceries']; Conflicting Cities: ['Amritsar', 'Mumbay', 'Kolkata']"
MCH8949,"Srinivasan,Saxenaandkant",5942,Books & Stationery,Private_Limited,Bangalore,Karnataka,,XXXX6857,INACTIVE,1726.82,SINGLETON,1.0,1,No duplicates
MCH8950,Handa Inc,4131,Transportation,Partnership,Mumbai,Maharashtra,2024-07-31 11:02:32,XXXX9807,ACTIVE,3860.38,SINGLETON,1.0,1,No duplicates
MCH8951,Golla-Venkataraman,4814,Telecom,Individual,Mumbai,Maharashtra,2023-09-02 00:00:00,2811788004,ACTIVE,436.83,SINGLETON,1.0,1,No duplicates
MCH8952,"Varghese, Korpal And Dora",5912,Pharmacy,Sole Proprietor,Madras,Tamil Nadu,2024-08-10 00:00:00,,ACTIVE,987.96,SINGLETON,1.0,1,No duplicates
MCH8953,Narayan-Uppal,5912,Pharmacy,Private-Limited,Ldh,Punjab,2025-06-28 10:02:00,AXNQ2993996148384,ACTIVE,2726.98,CONFLICTING_MERCHANT_RECORD,0.55,3,"Conflicting Names: ['Narayan-Uppal', 'Oak Inc', 'Sibal Group']; Conflicting Categories: ['Pharmacy', 'Medical', 'Cloths']; Conflicting Cities: ['Ldh', 'Mumbai', 'Calcutta']"
MCH8955,Sani Llc,7011,Hotel & Lodging,Private_Limited,Madras,Tamil Nadu,2023-09-26 00:00:00,RSSK2984777812430,ACTIVE,1833.73,CONFLICTING_MERCHANT_RECORD,0.55,2,"Conflicting Names: ['Gade, Venkatesh And Bedi', 'Sani Llc']; Conflicting Categories: ['Miscellaneous', 'Hotel']; Conflicting Cities: ['Blr', 'Madras']"
MCH8957,Madan-Kothari,5699,Apparel,Sole Proprietor,Ludhiana,Punjab,,XXXX2329,ACTIVE,934.34,CONFLICTING_MERCHANT_RECORD,0.55,2,"Conflicting Names: ['Brar-Lanka', 'Madan-Kothari']; Conflicting Categories: ['Retail Other', 'Apparel']; Conflicting Cities: ['Jalandhar', 'Ludhiana']"
MCH8958,Verma-Biswas,5699,Apparel,Partnership,Amritsar,Punjab,2023-03-06 14:48:00,,ACTIVE,7196.61,SINGLETON,1.0,1,No duplicates
MCH8963,"Aggarwal,Nagiandborde",5411,Grocery,Sole-Proprietor,Ludhiana,Punjab,2024-08-01 17:56:00,UGNI2119725168826,ACTIVE,474.91,SINGLETON,1.0,1,No duplicates
MCH8965,Bajaj Ltd,5942,Books & Stationery,Individual,Chennai,Tamil Nadu,2025-01-30 07:02:00,XXXX4056,ACTIVE,326.0,CONFLICTING_MERCHANT_RECORD,0.55,2,"Conflicting Names: ['Lal And Sons', 'Bajaj Ltd']; Conflicting Categories: ['Books', 'Stationery']"
MCH8966,Talwar Plc,5999,Miscellaneous Retail,Sole_Proprietor,Madras,Tamil Nadu,2023-07-23 00:00:00,LXSL0666403926452,ACTIVE,432.95,SINGLETON,1.0,1,No duplicates
MCH8967,"Kakar, Mandal And Sehgal",4814,Telecom,Private_Limited,Delhi,Delhi,2024-01-26 00:00:00,XXXX8902,ACTIVE,3964.67,CONFLICTING_MERCHANT_RECORD,0.55,2,"Conflicting Names: ['Kade-Sama', 'Kakar, Mandal And Sehgal']; Conflicting Categories: ['Cloths', 'Telecom']"
MCH8968,Sankar-Zachariah,5411,Grocery,Individual,Madras,Tamil Nadu,,VDPY3965638190434,ACTIVE,7171.02,CONFLICTING_MERCHANT_RECORD,0.55,3,"Conflicting Names: ['Mukherjee,Moraranddesai', 'Majumdar, Setty And Sahni', 'Sankar-Zachariah']; Conflicting Categories: ['Kirana', 'Restaurant', 'Grocery Stores']; Conflicting Cities: ['Amritsar', 'Asr', 'Madras']"
MCH8972,Vig Inc,5411,Grocery,Partnership,Calcutta,West Bengal,2024-08-17 00:00:00,,ACTIVE,835.08,SINGLETON,1.0,1,No duplicates
MCH8974,"Shukla, Gaba And Sani",5912,Pharmacy,Sole_Proprietor,New Delhi,Delhi,2026-02-15 00:00:00,EPWM9547022186249,ACTIVE,438.78,CONFLICTING_MERCHANT_RECORD,0.55,2,"Conflicting Names: ['Shukla, Gaba And Sani', 'Kota, Varty And Mangal']; Conflicting Categories: ['Pharmacy', 'Hotels']; Conflicting Cities: ['New Delhi', 'Jaipur']"
MCH8975,"Shanker, Kothari And Balasubramanian",4814,Telecom,Individual,Bombay,Maharashtra,2025-10-24 08:14:24,,ACTIVE,1231.77,SINGLETON,1.0,1,No duplicates
MCH8976,Prakash Plc,5699,Apparel,Sole Proprietor,Jalandar,Punjab,2023-02-15 00:00:00,YWYW3270588037167,SUSPENDED,1358.57,SINGLETON,1.0,1,No duplicates
MCH8978,Talwarandsons,5942,Books & Stationery,Sole_Proprietor,Mumbai,Maharashtra,2023-05-23 00:00:00,,ACTIVE,4704.55,SINGLETON,1.0,1,No duplicates
MCH8980,Sibal And Sons,5999,Miscellaneous Retail,Sole-Proprietor,Calcutta,West Bengal,,NSXF9069953614841,ACTIVE,972.53,CONFLICTING_MERCHANT_RECORD,0.55,2,"Conflicting Names: ['Sibal And Sons', 'Peri, Karpe And Saraf']; Conflicting Categories: ['Other', 'Garments']; Conflicting Cities: ['Calcutta', 'Jalandar']"
MCH8981,Tara-Sinha,5999,Miscellaneous Retail,Individual,Bengaluru,Karnataka,2025-10-02 00:00:00,1533662903,ACTIVE,3617.0,SINGLETON,1.0,1,No duplicates
MCH8982,Deo-Nath,5812,Restaurant,Private-Limited,Amritsar,Punjab,2023-07-18 09:15:26,,ACTIVE,1840.43,SINGLETON,1.0,1,No duplicates
MCH8984,Sharma Group,5812,Restaurant,Private_Limited,Ludhiana,Punjab,2023-06-21 00:00:00,,ACTIVE,590.58,SINGLETON,1.0,1,No duplicates
MCH8987,Mander Llc,5942,Books & Stationery,Private-Limited,Pune,Maharashtra,2024-02-02 00:00:00,7115831556,ACTIVE,881.75,SINGLETON,1.0,1,No duplicates
MCH8988,"Ratti, Rattan And Menon",5942,Books & Stationery,Private_Limited,Madras,Tamil Nadu,2026-02-21 19:46:26,XXXX5339,ACTIVE,1897.88,SINGLETON,1.0,1,No duplicates
MCH8990,Konda-Comar,4131,Transportation,Private Limited,Bengaluru,Karnataka,2023-05-12 14:14:04,,ACTIVE,273.69,SINGLETON,1.0,1,No duplicates
MCH8994,Shukla-Manne,,Telecom,Partnership,Calcutta,West Bengal,2025-11-22 15:26:14,AOKV6829664383303,ACTIVE,2951.22,SINGLETON,1.0,1,No duplicates
MCH8995,Mahajan Group,5999,Miscellaneous Retail,Partnership,Jalandar,Punjab,2023-09-12 00:00:00,XXXX2606,ACTIVE,2967.0,SINGLETON,1.0,1,No duplicates
MCH8996,Bala-Bhalla,,Miscellaneous Retail,Private_Limited,Lucknow,Uttar Pradesh,2025-08-18 00:00:00,,ACTIVE,1146.92,SINGLETON,1.0,1,No duplicates
MCH8999,"Borde, Reddy And Mital",4131,Transportation,Sole Proprietor,Jalandhar,Punjab,2024-06-30 00:00:00,JAYY6619396625712,ACTIVE,561.7,CONFLICTING_MERCHANT_RECORD,0.55,3,"Conflicting Names: ['Borde, Reddy And Mital', 'Babu And Sons', 'Panchal, Aurora And Kamdar']; Conflicting Categories: ['Transprt', 'Hospitality', 'Department Store']; Conflicting Cities: ['Jalandhar', 'Jaipur', 'Lko']"
MCH9001,Mangat-Sachar,4814,Telecom,Individual,Kolkata,West Bengal,2023-11-09 00:00:00,MHGZ0836129052576,ACTIVE,805.62,CONFLICTING_MERCHANT_RECORD,0.55,2,"Conflicting Names: ['Sangha-Ravi', 'Mangat-Sachar']; Conflicting Categories: ['Pharmacy', 'Mobile Recharge']; Conflicting Cities: ['Bangalore', 'Kolkata']"
MCH9002,Manne Ltd,,Department Store,Partnership,Asr,Punjab,2023-04-11 00:00:00,XXXX2471,ACTIVE,2336.66,SINGLETON,1.0,1,No duplicates
MCH9004,Kaurinc,5699,Apparel,Partnership,Bengaluru,Karnataka,2023-10-07 00:00:00,XXXX9308,ACTIVE,1124.44,CONFLICTING_MERCHANT_RECORD,0.55,3,"Conflicting Names: ['Vaidya-Subramanian', 'Kaurinc', 'Nigam, Hegde And Sura']; Conflicting Categories: ['Chemist', 'Apparel', 'Pharmacies']; Conflicting Cities: ['Ldh', 'Bengaluru', 'Hyd']"
MCH9006,Chopra-Sandhu,5699,Apparel,Partnership,Lko,Uttar Pradesh,2024-04-03 00:00:00,XXXX5629,ACTIVE,1365.03,SINGLETON,1.0,1,No duplicates
MCH9008,"Gour, Amble And Bakshi",5411,Grocery,Sole_Proprietor,Amritsar,Punjab,2024-12-18 18:50:53,NUSH9143769186873,ACTIVE,1167.35,SINGLETON,1.0,1,No duplicates
MCH9009,Badami-Sani,5411,Grocery,Individual,Mumbay,Maharashtra,2024-03-31 00:00:00,XXXX8465,ACTIVE,1732.46,CONFLICTING_MERCHANT_RECORD,0.55,2,"Conflicting Names: ['Singhal, Patil And Brar', 'Badami-Sani']; Conflicting Categories: ['Retail', 'Groceries']; Conflicting Cities: ['Jalandar', 'Mumbay']"
MCH9012,"Bada1, Saxena And Banik",5912,Pharmacy,Sole_Proprietor,Madras,Tamil Nadu,2023-04-06 00:00:00,BQEZ6789281493194,ACTIVE,275.88,CONFLICTING_MERCHANT_RECORD,0.55,3,"Conflicting Names: ['Nagy-Master', 'Goel, Devan And Grover', 'Bada1, Saxena And Banik']; Conflicting Categories: ['Misc Retail', 'Grocery_Store', 'Medical']; Conflicting Cities: ['Bombay', 'Asr', 'Madras']"
MCH9014,Konda-Ram,4814,Telecom,Sole_Proprietor,Ldh,Punjab,2025-08-15 00:00:00,,ACTIVE,485.94,SINGLETON,1.0,1,No duplicates
MCH9015,Prashad Inc,5812,Restaurant,Sole-Proprietor,Madras,Tamil Nadu,2025-08-05 00:00:00,ZMCX8700350444666,ACTIVE,787.45,SINGLETON,1.0,1,No duplicates
MCH9016,Upadhyay-Sethi,4814,Telecom,Partnership,Mumbay,Maharashtra,2025-07-27 08:59:26,XXXX7823,ACTIVE,764.46,SINGLETON,1.0,1,No duplicates
MCH9018,Tak Plc,5999,Miscellaneous Retail,Partnership,Amritsar,Punjab,2023-11-25 00:00:00,,ACTIVE,354.66,CONFLICTING_MERCHANT_RECORD,0.55,2,"Conflicting Names: ['Tak Plc', 'Zacharia And Sons']; Conflicting Categories: ['Misc Retail', 'Stationery']; Conflicting Cities: ['Amritsar', 'Blr']"
MCH9021,Dubey Plc,4814,Telecom,Private Limited,Jpr,Rajasthan,2023-10-03 00:00:00,DCIU7751773884205,INACTIVE,214.99,CONFLICTING_MERCHANT_RECORD,0.55,2,"Conflicting Names: ['Sandhu-Jayaraman', 'Dubey Plc']; Conflicting Categories: ['Dept_Store', 'Telecom']; Conflicting Cities: ['Delhi', 'Jpr']"
MCH9022,"Kunda,Dugarandkari",5699,Apparel,Individual,Amritsar,Punjab,2026-01-24 00:00:00,,ACTIVE,1439.0,SINGLETON,1.0,1,No duplicates
MCH9027,"Dani, Soni And Nagy",7011,Hotel & Lodging,Partnership,Jalandhar,Punjab,2023-10-26 00:00:00,XXXX0115,ACTIVE,905.68,SINGLETON,1.0,1,No duplicates
MCH9029,Hayre And Sons,5311,Department Store,Individual,Amritsar,Punjab,2025-11-19 00:00:00,,ACTIVE,,SINGLETON,1.0,1,No duplicates
MCH9032,Johal-Vaidya,5311,Department Store,Partnership,Mumbai,Maharashtra,2023-06-07 06:53:00,,ACTIVE,821.89,SINGLETON,1.0,1,No duplicates
MCH9035,Merchant Plc,5411,Grocery,Private Limited,Jpr,Rajasthan,2023-02-04 00:00:00,UCPE5658691269773,ACTIVE,1280.34,SINGLETON,1.0,1,No duplicates
MCH9036,Cherian Llc,5699,Apparel,Sole_Proprietor,Ludhiana,Punjab,2023-05-17 18:31:08,XXXX5926,ACTIVE,928.81,CONFLICTING_MERCHANT_RECORD,0.55,2,"Conflicting Names: ['Cherian Llc', 'Banerjee-Shenoy']; Conflicting Categories: ['Apparel', 'Pharmacy']; Conflicting Cities: ['Ludhiana', 'Poona']"
MCH9037,Varty-Vaidya,4131,Transportation,Private_Limited,Jalandhar,Punjab,2023-04-17 21:34:00,XXXX4749,ACTIVE,2383.02,SINGLETON,1.0,1,No duplicates
MCH9038,Dargroup,5942,Books & Stationery,Sole-Proprietor,Amritsar,Punjab,2024-02-06 00:00:00,PWGC8781462428260,ACTIVE,1037.27,CONFLICTING_MERCHANT_RECORD,0.55,4,"Conflicting Names: ['Dara, Pai And Saxena', 'Dargroup', 'Naidu Group']; Conflicting Categories: ['Garments', 'Books', 'Transport']; Conflicting Cities: ['Ldh', 'Amritsar', 'Mumbai']"
MCH9040,Sharma-Dubey,,Books & Stationery,Sole Proprietor,Jpr,Rajasthan,2023-06-25 10:52:00,XXXX1697,ACTIVE,573.1,SINGLETON,1.0,1,No duplicates
MCH9041,Kade-Sahota,4131,Transportation,Individual,Poona,Maharashtra,,8030172107,ACTIVE,2738.21,SINGLETON,1.0,1,No duplicates
MCH9043,Setty And Sons,7011,Hotel & Lodging,Partnership,Pune,Maharashtra,2024-02-10 00:00:00,,ACTIVE,3323.0,SINGLETON,1.0,1,No duplicates
MCH9045,"Kaul, Sethi And Vaidya",4814,Telecom,Partnership,Bangalore,Karnataka,,6906668934,INACTIVE,1488.0,SINGLETON,1.0,1,No duplicates
MCH9048,Kalla Plc,5812,Restaurant,Partnership,Jalandhar,Punjab,2023-09-18 04:32:57,,ACTIVE,544.22,CONFLICTING_MERCHANT_RECORD,0.55,2,"Conflicting Names: ['Sastry-Prakash', 'Kalla Plc']; Conflicting Categories: ['Restaurants', 'Food']; Conflicting Cities: ['Pune', 'Jalandhar']"
MCH9049,Babu-Bali,5812,Restaurant,Individual,Bengaluru,Karnataka,2023-07-02 10:16:00,4401897773,ACTIVE,2337.3,CONFLICTING_MERCHANT_RECORD,0.55,2,"Conflicting Names: ['Babu-Bali', 'Badami, Pathak And Murty']; Conflicting Categories: ['Eating Place', 'Pharmacy']; Conflicting Cities: ['Bengaluru', 'Pune']"
MCH9050,"Oza, Shukla And Chandra",7011,Hotel & Lodging,Individual,Jalandhar,Punjab,2024-05-12 00:00:00,XXXX1789,ACTIVE,2974.94,CONFLICTING_MERCHANT_RECORD,0.55,2,"Conflicting Names: ['Bali Ltd', 'Oza, Shukla And Chandra']; Conflicting Categories: ['Bus/Taxi', 'Hotels']"
MCH9051,"Gara, Keer And Padmanabhan",4814,Telecom,Sole-Proprietor,Bengaluru,Karnataka,2023-07-16 00:00:00,XXXX6304,ACTIVE,1715.14,SINGLETON,1.0,1,No duplicates
MCH9052,Ramaswamy-Chhabra,,Books & Stationery,Partnership,Mumbai,Maharashtra,2024-11-10 00:00:00,,ACTIVE,534.11,SINGLETON,1.0,1,No duplicates
MCH9056,"Misra, Kalita And Kapur",5942,Books & Stationery,Private_Limited,Lko,Uttar Pradesh,2023-06-17 00:00:00,0830352688,ACTIVE,497.59,SINGLETON,1.0,1,No duplicates
MCH9057,Dayal Ltd,,Books & Stationery,Partnership,Jpr,Rajasthan,2024-10-11 00:00:00,TJAX1540713634286,ACTIVE,728.46,SINGLETON,1.0,1,No duplicates
MCH9059,Shroff Ltd,5311,Department Store,Private_Limited,Jalandhar,Punjab,2023-07-18 00:00:00,,ACTIVE,399.71,SINGLETON,1.0,1,No duplicates
MCH9060,"Ramaswamy, Singhal And Deep",5999,Miscellaneous Retail,Individual,Mumbai,Maharashtra,2023-01-01 00:00:00,,ACTIVE,1011.0,SINGLETON,1.0,1,No duplicates
MCH9063,"Bhatt, Sabharwal And Devi",5699,Apparel,Sole Proprietor,Calcutta,West Bengal,2023-09-10 00:00:00,XXXX6663,INACTIVE,,SINGLETON,1.0,1,No duplicates
MCH9067,Korpal-Som,4814,Telecom,Private-Limited,Amritsar,Punjab,2024-10-04 00:00:00,5383470268,INACTIVE,1246.81,CONFLICTING_MERCHANT_RECORD,0.55,2,"Conflicting Names: ['Boase-Sule', 'Korpal-Som']; Conflicting Categories: ['Books_Stationery', 'Telecom']; Conflicting Cities: ['Jalandhar', 'Amritsar']"
MCH9068,Halder Plc,5699,Apparel,Private-Limited,Jalandhar,Punjab,2023-10-08 00:00:00,3161253540,ACTIVE,5193.72,CONFLICTING_MERCHANT_RECORD,0.55,2,"Conflicting Names: ['Rege-Rao', 'Halder Plc']; Conflicting Categories: ['Hotels', 'Apparel']; Conflicting Cities: ['New Delhi', 'Jalandhar']"
MCH9070,"Buch, Samra And Tata",5912,Pharmacy,Partnership,Lucknow,Uttar Pradesh,2023-11-19 07:02:51,6049785311,ACTIVE,5075.53,SINGLETON,1.0,1,No duplicates
MCH9074,Sa1Vi-Tata,7011,Hotel & Lodging,Partnership,Chennai,Tamil Nadu,2025-04-24 00:00:00,XXXX6816,ACTIVE,1227.0,CONFLICTING_MERCHANT_RECORD,0.55,2,"Conflicting Names: ['Sa1Vi-Tata', 'Thaman-Ramesh']; Conflicting Categories: ['Hotels', 'Kirana']; Conflicting Cities: ['Chennai', 'New Delhi']"
MCH9075,Bhakta Inc,4814,Telecom,Partnership,New Delhi,Delhi,2023-10-20 00:00:00,,INACTIVE,1186.46,SINGLETON,1.0,1,No duplicates
MCH9080,Sarraf Group,4814,Telecom,Private_Limited,Jalandhar,Punjab,2023-09-06 11:01:24,ZYKY9821545261930,ACTIVE,2602.3,CONFLICTING_MERCHANT_RECORD,0.55,3,"Conflicting Names: ['Jani And Sons', 'Sarraf Group', 'Goswami, Nagy And Sathe']; Conflicting Categories: ['Apparel', 'Telecom', 'Travel']; Conflicting Cities: ['Lko', 'Jalandhar', 'Jpr']"
MCH9081,Patil-Hans,4814,Telecom,Individual,Mumbai,Maharashtra,2025-06-12 12:49:19,8795015116,ACTIVE,,SINGLETON,1.0,1,No duplicates
MCH9082,"Dutt, Behl And Sant",5311,Department Store,Individual,Hyd,Telangana,,6486570374,ACTIVE,621.31,CONFLICTING_MERCHANT_RECORD,0.55,3,"Conflicting Names: ['Seshadri Group', 'Din-Batta', 'Dutt, Behl And Sant']; Conflicting Categories: ['Eating Place', 'Department Stores', 'Dept_Store']; Conflicting Cities: ['Jaipur', 'Mumbai', 'Hyd']"
MCH9083,"Gera, Varghese And Karpe",5311,Department Store,Private Limited,Jaipur,Rajasthan,2025-05-19 00:31:00,9824715725,ACTIVE,3755.09,CONFLICTING_MERCHANT_RECORD,0.55,2,"Conflicting Names: ['Vohra-Mishra', 'Gera, Varghese And Karpe']; Conflicting Categories: ['Food_Services', 'Department Store']; Conflicting Cities: ['Pune', 'Jaipur']"
MCH9088,Bhardwaj-Bala,5999,Miscellaneous Retail,Partnership,Madras,Tamil Nadu,2025-06-26 00:00:00,UMVD8641404072198,ACTIVE,4130.0,CONFLICTING_MERCHANT_RECORD,0.55,2,"Conflicting Names: ['Bhardwaj-Bala', 'Bajaj-Karnik']; Conflicting Categories: ['Miscellaneous', 'Chemist']; Conflicting Cities: ['Madras', 'Mumbay']"
MCH9091,"Dewan, Hayre And Kala",4131,Transportation,Sole_Proprietor,Amritsar,Punjab,,VGTR9380587606414,INACTIVE,4267.28,SINGLETON,1.0,1,No duplicates
MCH9092,Mall-Deshpande,7011,Hotel & Lodging,Partnership,Delhi,Delhi,2025-12-26 00:00:00,JMDU2866891583451,INACTIVE,1485.1,CONFLICTING_MERCHANT_RECORD,0.55,2,"Conflicting Names: ['Mall-Deshpande', 'Deshmukh Inc']; Conflicting Categories: ['Hospitality', 'Hotel_Lodging']; Conflicting Cities: ['Delhi', 'Jalandhar']"
MCH9094,"Yadav, Zacharia And Dutt",5912,Pharmacy,Sole-Proprietor,Ludhiana,Punjab,2023-09-24 00:00:00,2133770313,SUSPENDED,1081.32,SINGLETON,1.0,1,No duplicates
MCH9095,Mital-Reddy,4814,Telecom,Partnership,Lucknow,Uttar Pradesh,2025-12-07 00:00:00,,SUSPENDED,1105.17,SINGLETON,1.0,1,No duplicates
MCH9096,Tandon-Thaman,5999,Miscellaneous Retail,Individual,Delhi,Delhi,2023-09-03 00:00:00,3351065613,ACTIVE,2658.35,CONFLICTING_MERCHANT_RECORD,0.55,2,"Conflicting Names: ['Tandon-Thaman', 'Boase, Swaminathan And Yohannan']; Conflicting Categories: ['Retail Other', 'Miscellaneous']; Conflicting Cities: ['Delhi', 'Chennai']"
MCH9098,Manda And Sons,5812,Restaurant,Partnership,Bengaluru,Karnataka,2024-03-03 16:14:27,XXXX2826,ACTIVE,870.0,CONFLICTING_MERCHANT_RECORD,0.55,2,"Conflicting Names: ['Manda And Sons', 'Ghosh-Roy']; Conflicting Categories: ['Restaurants', 'Hotels']; Conflicting Cities: ['Bengaluru', 'Calcutta']"
MCH9100,Dey-Bandi,5999,Miscellaneous Retail,Sole_Proprietor,Mumbai,Maharashtra,2023-01-23 11:38:30,XLOL4843036264872,ACTIVE,707.08,SINGLETON,1.0,1,No duplicates
MCH9101,Pal-Ramesh,,Transportation,Partnership,Pune,Maharashtra,2024-05-29 14:48:09,XXXX0762,ACTIVE,1223.0,SINGLETON,1.0,1,No duplicates
MCH9102,Sastry-Wali,5942,Books & Stationery,Private Limited,Poona,Maharashtra,2025-06-30 04:03:18,WUTS6822135925592,ACTIVE,1846.0,SINGLETON,1.0,1,No duplicates
MCH9104,Parmar And Sons,5411,Grocery,Sole Proprietor,Poona,Maharashtra,,DUAU1962867484687,ACTIVE,1913.35,CONFLICTING_MERCHANT_RECORD,0.55,3,"Conflicting Names: ['Goel Plc', 'Parmar And Sons', 'Mannan-Kaul']; Conflicting Categories: ['Department Stores', 'Groceries', 'Bus/Taxi']; Conflicting Cities: ['Bangalore', 'Poona', 'Amritsar']"
MCH9107,"Devi, Chhabra And Sharaf",5699,Apparel,Sole_Proprietor,Pune,Maharashtra,2026-02-22 08:24:38,5670845997,ACTIVE,637.0,CONFLICTING_MERCHANT_RECORD,0.55,2,"Conflicting Names: ['Apte-Pathak', 'Devi, Chhabra And Sharaf']; Conflicting Categories: ['Cloths', 'Garments']; Conflicting Cities: ['Jalandar', 'Pune']"
MCH9109,"Som, Mittal And Wable",5699,Apparel,Partnership,Asr,Punjab,2024-11-08 00:00:00,XXXX6670,ACTIVE,553.0,SINGLETON,1.0,1,No duplicates
MCH9110,Barad Llc,7011,Hotel & Lodging,Individual,Lucknow,Uttar Pradesh,2024-08-01 13:01:22,XXXX8331,INACTIVE,1477.89,SINGLETON,1.0,1,No duplicates
MCH9111,"Dhar, Thaker And Madan",5999,Miscellaneous Retail,Private_Limited,Calcutta,West Bengal,2024-08-11 00:00:00,IKTX4120845617487,ACTIVE,1785.1,SINGLETON,1.0,1,No duplicates
MCH9112,Pingle-Natt,5311,Department Store,Sole-Proprietor,Lucknow,Uttar Pradesh,2023-09-18 08:56:52,GWBM3117902848580,INACTIVE,356.0,CONFLICTING_MERCHANT_RECORD,0.55,2,"Conflicting Names: ['Saini-Sinha', 'Pingle-Natt']; Conflicting Categories: ['Garments', 'Department Stores']; Conflicting Cities: ['Pune', 'Lucknow']"
MCH9114,Narayan-Kalita,5699,Apparel,Individual,Bengaluru,Karnataka,2025-03-08 21:47:49,PHUX7313608770713,ACTIVE,2471.0,CONFLICTING_MERCHANT_RECORD,0.55,2,"Conflicting Names: ['Tiwari-0Ak', 'Narayan-Kalita']; Conflicting Categories: ['Telecom', 'Apparel']; Conflicting Cities: ['Pune', 'Bengaluru']"
MCH9117,"Kale, Kohli And Chhabra",5942,Books & Stationery,Sole Proprietor,Jalandar,Punjab,,,SUSPENDED,206.51,SINGLETON,1.0,1,No duplicates
MCH9119,Dyal-Salvi,4814,Telecom,Partnership,Chennai,Tamil Nadu,2023-04-20 00:00:00,,ACTIVE,6428.96,SINGLETON,1.0,1,No duplicates
MCH9120,Sood Ltd,7011,Hotel & Lodging,Sole-Proprietor,Mumbay,Maharashtra,2025-09-24 21:17:00,,ACTIVE,680.9,SINGLETON,1.0,1,No duplicates
MCH9121,Divan-Char,5942,Books & Stationery,Partnership,Amritsar,Punjab,2025-02-18 00:00:00,YDYC9354203967320,INACTIVE,339.98,SINGLETON,1.0,1,No duplicates
MCH9125,"Mallick, Walia And Kanda",5311,Department Store,Partnership,Chennai,Tamil Nadu,2023-10-21 19:24:00,,ACTIVE,3007.21,CONFLICTING_MERCHANT_RECORD,0.55,2,"Conflicting Names: ['Mallick, Walia And Kanda', 'Raghavan Plc']; Conflicting Categories: ['Department Stores', 'Miscellaneous']; Conflicting Cities: ['Chennai', 'Jpr']"
MCH9126,Anne-Chahal,5411,Grocery,Partnership,Hyderabad,Telangana,2023-03-05 00:00:00,,ACTIVE,,SINGLETON,1.0,1,No duplicates
MCH9128,"Vig, Menon And Prabhakar",5942,Books & Stationery,Sole_Proprietor,New Delhi,Delhi,2023-08-30 06:57:00,ROAG7230893964425,ACTIVE,594.0,SINGLETON,1.0,1,No duplicates
MCH9129,"Sinha, Chauhan And Sathe",5411,Grocery,Partnership,Calcutta,West Bengal,2025-07-06 00:00:00,VXNZ5598805748177,ACTIVE,914.12,SINGLETON,1.0,1,No duplicates
MCH9130,Chhabra Llc,5812,Restaurant,Private-Limited,Jalandhar,Punjab,2024-12-09 00:00:00,,ACTIVE,1786.29,SINGLETON,1.0,1,No duplicates
MCH9131,"Arya, Narang And Maharaj",7011,Hotel & Lodging,Individual,Jpr,Rajasthan,2024-04-19 05:10:00,,ACTIVE,6588.75,SINGLETON,1.0,1,No duplicates
MCH9132,Shankar-Bahl,4814,Telecom,Individual,Pune,Maharashtra,2023-12-04 18:44:00,LXEB0419516326153,SUSPENDED,2278.28,SINGLETON,1.0,1,No duplicates
MCH9133,"Rai, Nadig And Karpe",4131,Transportation,Private-Limited,Ludhiana,Punjab,2025-03-09 00:00:00,,ACTIVE,268.65,SINGLETON,1.0,1,No duplicates
MCH9134,Edwin-Viswanathan,5699,Apparel,Sole Proprietor,Jalandhar,Punjab,,,ACTIVE,1602.69,SINGLETON,1.0,1,No duplicates
MCH9135,"Nath, Samra And Chopra",4814,Telecom,Sole_Proprietor,Kolkata,West Bengal,2026-02-04 01:44:00,7899898758,ACTIVE,387.53,SINGLETON,1.0,1,No duplicates
MCH9136,Mody Ltd,5411,Grocery,Individual,Madras,Tamil Nadu,2024-07-10 00:00:00,MHEB9502738400073,ACTIVE,1976.5,SINGLETON,1.0,1,No duplicates
MCH9137,Chakrabarti Plc,4131,Transportation,Private_Limited,Jaipur,Rajasthan,2023-11-19 00:00:00,XXXX6117,ACTIVE,347.82,SINGLETON,1.0,1,No duplicates
MCH9140,Raghavan-Batta,4814,Telecom,Individual,Bengaluru,Karnataka,2024-11-04 20:20:17,HHIC1764468874406,ACTIVE,755.01,CONFLICTING_MERCHANT_RECORD,0.55,2,"Conflicting Names: ['Dugar-Uppal', 'Raghavan-Batta']; Conflicting Categories: ['Grocery Stores', 'Telecom']; Conflicting Cities: ['Jaipur', 'Bengaluru']"
MCH9143,Prakash Inc,5812,Restaurant,Partnership,Lucknow,Uttar Pradesh,2023-03-02 00:00:00,XXXX9977,ACTIVE,1791.89,CONFLICTING_MERCHANT_RECORD,0.55,2,"Conflicting Names: ['Prakash Inc', 'Kibe And Sons']; Conflicting Categories: ['Restaurants', 'Mobile Recharge']; Conflicting Cities: ['Lucknow', 'Jalandhar']"
MCH9145,Chad-Karpe,5699,Apparel,Partnership,Jpr,Rajasthan,2024-11-08 19:13:00,XQWX8871352480351,ACTIVE,359.12,CONFLICTING_MERCHANT_RECORD,0.55,3,"Conflicting Names: ['Chad-Karpe', 'Yadav, Bhatti And Atwal', 'Naik, Bhargava And Cherian']; Conflicting Categories: ['Fashion', 'Telecom', 'Chemist']; Conflicting Cities: ['Jpr', 'Delhi', 'Lko']"
MCH9147,Bedi-Dugar,5912,Pharmacy,Sole-Proprietor,Bengaluru,Karnataka,2024-05-31 05:15:00,,ACTIVE,1264.98,CONFLICTING_MERCHANT_RECORD,0.55,2,"Conflicting Names: ['Bedi-Dugar', 'Borde Group']; Conflicting Categories: ['Pharmacies', 'Book Store']; Conflicting Cities: ['Bengaluru', 'Madras']"
MCH9148,Venkatesh And Sons,7011,Hotel & Lodging,Sole-Proprietor,Hyderabad,Telangana,2023-07-16 21:32:00,XXXX2774,ACTIVE,503.0,SINGLETON,1.0,1,No duplicates
MCH9149,Bandi Inc,5999,Miscellaneous Retail,Partnership,Jpr,Rajasthan,2025-03-15 00:00:00,,ACTIVE,2169.18,CONFLICTING_MERCHANT_RECORD,0.55,2,"Conflicting Names: ['Bandi Inc', 'Varghese Plc']; Conflicting Categories: ['Other', 'Kirana']; Conflicting Cities: ['Jpr', 'Jaipur']"
MCH9151,Ravi Ltd,4131,Transportation,Partnership,Jalandhar,Punjab,2025-06-26 08:37:00,,INACTIVE,779.12,SINGLETON,1.0,1,No duplicates
MCH9152,Kara-Parikh,4814,Telecom,Sole_Proprietor,Lucknow,Uttar Pradesh,2024-12-01 00:00:00,,ACTIVE,5009.29,SINGLETON,1.0,1,No duplicates
MCH9153,Amble And Sons,4131,Transportation,Sole_Proprietor,Asr,Punjab,2025-04-11 00:00:00,RQJV0029687316825,ACTIVE,,SINGLETON,1.0,1,No duplicates
MCH9154,"Mangat, Sarkar And Vasa",5311,Department Store,Sole_Proprietor,Hyderabad,Telangana,2023-03-09 00:00:00,DTTZ1892927349834,ACTIVE,1303.87,CONFLICTING_MERCHANT_RECORD,0.55,2,"Conflicting Names: ['Mangat, Sarkar And Vasa', 'Pal, Dara And Yadav']; Conflicting Categories: ['Retail', 'Retail Other']; Conflicting Cities: ['Hyderabad', 'Jaipur']"
MCH9158,"Sachdeva, Va1A And Bedi",5812,Restaurant,Sole_Proprietor,Lucknow,Uttar Pradesh,,8244922873,INACTIVE,6181.65,SINGLETON,1.0,1,No duplicates
MCH9160,Som Ltd,4814,Telecom,Partnership,Ludhiana,Punjab,2025-01-29 00:00:00,9756179537,ACTIVE,722.22,SINGLETON,1.0,1,No duplicates
MCH9161,Patla Group,5311,Department Store,Individual,Pune,Maharashtra,2024-10-25 00:00:00,XXXX6366,ACTIVE,1771.36,SINGLETON,1.0,1,No duplicates
MCH9162,Shankar-Shah,5999,Miscellaneous Retail,Private-Limited,Bangalore,Karnataka,2023-02-22 00:00:00,BRKF3158800571527,ACTIVE,,SINGLETON,1.0,1,No duplicates
MCH9164,Mital And Sons,,Apparel,Private Limited,Dilli,Delhi,2025-08-12 00:00:00,,ACTIVE,4681.79,SINGLETON,1.0,1,No duplicates
MCH9165,"Iyengar, Raja And Bhasin",5411,Grocery,Private_Limited,Lko,Uttar Pradesh,2024-03-01 00:00:00,XXXX0194,ACTIVE,1898.13,CONFLICTING_MERCHANT_RECORD,0.55,2,"Conflicting Names: ['Iyengar, Raja And Bhasin', 'Batta Plc']; Conflicting Categories: ['Grocery', 'Bus/Taxi']; Conflicting Cities: ['Lko', 'Madras']"
MCH9173,Bumb-Bandi,5999,Miscellaneous Retail,Sole_Proprietor,Poona,Maharashtra,2023-06-26 02:58:00,,ACTIVE,450.27,SINGLETON,1.0,1,No duplicates
MCH9174,"Chander, Goswami And Butala",7011,Hotel & Lodging,Partnership,Jalandar,Punjab,2024-06-14 12:24:00,1722137543,ACTIVE,914.67,SINGLETON,1.0,1,No duplicates
MCH9175,Bhatt Ltd,7011,Hotel & Lodging,Sole-Proprietor,Blr,Karnataka,2025-04-27 18:17:00,2467254885,ACTIVE,567.73,SINGLETON,1.0,1,No duplicates
MCH9176,Jayaraman Plc,5311,Department Store,Private Limited,Jalandar,Punjab,2025-08-16 00:00:00,,SUSPENDED,609.42,SINGLETON,1.0,1,No duplicates
MCH9180,Ramaswamyplc,5699,Apparel,Individual,Pune,Maharashtra,2025-08-08 00:00:00,,ACTIVE,1761.26,FORMATTING_DUPLICATE,0.85,2,2 records with formatting variations consolidated
MCH9185,Om Ltd,5812,Restaurant,Partnership,Kolkata,West Bengal,2025-09-22 00:00:00,RKEJ2980134292377,INACTIVE,311.59,FORMATTING_DUPLICATE,0.85,2,2 records with formatting variations consolidated
MCH9187,Mane And Sons,5812,Restaurant,Individual,Hyderabad,Telangana,2025-12-18 00:00:00,,ACTIVE,508.01,SINGLETON,1.0,1,No duplicates
MCH9188,Randhawa Plc,4814,Telecom,Partnership,Jalandhar,Punjab,2024-09-11 00:00:00,XXXX7941,ACTIVE,,SINGLETON,1.0,1,No duplicates
MCH9190,"Dugar, Babu And Ba1A",5812,Restaurant,Individual,Chennai,Tamil Nadu,2025-01-24 00:00:00,,ACTIVE,471.43,SINGLETON,1.0,1,No duplicates
MCH9192,Gandhi Llc,5912,Pharmacy,Individual,Jaipur,Rajasthan,2025-03-01 00:00:00,,ACTIVE,1758.06,SINGLETON,1.0,1,No duplicates
MCH9193,Ramachandran-Rao,5699,Apparel,Individual,Bengaluru,Karnataka,2024-04-07 00:00:00,XXXX3147,ACTIVE,1693.53,CONFLICTING_MERCHANT_RECORD,0.55,2,"Conflicting Names: ['Shroff Inc', 'Ramachandran-Rao']; Conflicting Categories: ['Grocery Stores', 'Garments']; Conflicting Cities: ['Jalandhar', 'Bengaluru']"
MCH9195,"Manne, Parsa And Ratta",5311,Department Store,Individual,Kolkata,West Bengal,2025-01-08 03:54:16,XXXX4221,ACTIVE,1304.69,SINGLETON,1.0,1,No duplicates
MCH9196,"Dani, Palla And Ramachandran",7011,Hotel & Lodging,Sole_Proprietor,Hyd,Telangana,2023-02-04 00:00:00,5171234438,ACTIVE,403.86,CONFLICTING_MERCHANT_RECORD,0.55,2,"Conflicting Names: ['Dani, Palla And Ramachandran', 'Brahmbhatt Inc']; Conflicting Categories: ['Hotels', 'Grocery Stores']; Conflicting Cities: ['Hyd', 'Bengaluru']"
MCH9199,Goda-Patel,4814,Telecom,Partnership,Lucknow,Uttar Pradesh,2024-12-23 00:00:00,3404405124,ACTIVE,992.24,CONFLICTING_MERCHANT_RECORD,0.55,2,"Conflicting Names: ['Goda-Patel', 'Bail, Peri And Baria']; Conflicting Categories: ['Phone Service', 'Dept_Store']; Conflicting Cities: ['Lucknow', 'Chennai']"
MCH9201,Ramachandran Plc,4814,Telecom,Private-Limited,Jpr,Rajasthan,2024-10-02 18:21:00,,ACTIVE,1064.13,SINGLETON,1.0,1,No duplicates
MCH9203,Patel-Bhasin,7011,Hotel & Lodging,Partnership,New Delhi,Delhi,2025-04-14 00:00:00,XXXX4448,ACTIVE,1305.76,CONFLICTING_MERCHANT_RECORD,0.55,2,"Conflicting Names: ['Patel-Bhasin', 'Lad Llc']; Conflicting Categories: ['Hotels', 'Eating Place']; Conflicting Cities: ['New Delhi', 'Chennai']"
MCH9205,Lala Ltd,4131,Transportation,Private_Limited,Kolkata,West Bengal,2024-11-26 04:12:00,XXXX6473,SUSPENDED,569.25,SINGLETON,1.0,1,No duplicates
MCH9207,"Gola, Prabhu And Sood",5311,Department Store,Private_Limited,Calcutta,West Bengal,2025-02-14 20:21:36,YDIJ7187856499079,ACTIVE,1107.16,CONFLICTING_MERCHANT_RECORD,0.55,2,"Conflicting Names: ['Jani, Mittal And Narasimhan', 'Gola, Prabhu And Sood']; Conflicting Categories: ['Grocery', 'Dept_Store']; Conflicting Cities: ['Bengaluru', 'Calcutta']"
MCH9208,Lala-Tiwari,5942,Books & Stationery,Partnership,Asr,Punjab,2023-05-17 00:00:00,,INACTIVE,338.09,SINGLETON,1.0,1,No duplicates
MCH9211,Dubey-Kurian,7011,Hotel & Lodging,Individual,Jalandhar,Punjab,2023-08-01 00:00:00,XXXX5476,ACTIVE,2981.74,SINGLETON,1.0,1,No duplicates
MCH9216,Amble-Thaman,,Pharmacy,Partnership,Ludhiana,Punjab,2025-02-10 00:00:00,TRSX1584484080188,ACTIVE,2329.15,SINGLETON,1.0,1,No duplicates
MCH9219,Baria Inc,4814,Telecom,Sole_Proprietor,Jpr,Rajasthan,2024-07-29 00:00:00,7495991370,ACTIVE,1931.0,SINGLETON,1.0,1,No duplicates
MCH9220,"Agate,Boaseandkurian",4131,Transportation,Sole-Proprietor,Delhi,Delhi,,XXXX4686,INACTIVE,728.01,SINGLETON,1.0,1,No duplicates
MCH9223,D’Alia-Hans,5699,Apparel,Partnership,Madras,Tamil Nadu,2024-12-09 02:24:19,IGRU6773049024506,ACTIVE,376.0,CONFLICTING_MERCHANT_RECORD,0.55,2,"Conflicting Names: ['D’Alia-Hans', 'Ram Llc']; Conflicting Categories: ['Garments', 'Medical_Store']; Conflicting Cities: ['Madras', 'Delhi']"
MCH9226,"Sandhu, Jha And Randhawa",5699,Apparel,Individual,Pune,Maharashtra,2024-12-03 00:00:00,SCBS7759924913955,ACTIVE,5451.11,CONFLICTING_MERCHANT_RECORD,0.55,2,"Conflicting Names: ['Bhatnagar-Magar', 'Sandhu, Jha And Randhawa']; Conflicting Categories: ['Food_Services', 'Clothing']; Conflicting Cities: ['Chennai', 'Pune']"
MCH9228,Ram Inc,5999,Miscellaneous Retail,Individual,Hyderabad,Telangana,2025-10-19 16:20:00,XXXX4276,ACTIVE,1661.79,SINGLETON,1.0,1,No duplicates
MCH9229,Anne-Parikh,,Books & Stationery,Private Limited,Jaipur,Rajasthan,2025-10-23 00:00:00,,INACTIVE,173.81,SINGLETON,1.0,1,No duplicates
MCH9231,Kala-Dugar,4131,Transportation,Partnership,Poona,Maharashtra,,7817631283,ACTIVE,228.82,SINGLETON,1.0,1,No duplicates
MCH9232,Ahuja-Chaudhry,4131,Transportation,Individual,Hyderabad,Telangana,2023-04-20 00:00:00,XXXX7963,ACTIVE,361.11,SINGLETON,1.0,1,No duplicates
MCH9234,"Jhaveri, Chandran And Shukla",7011,Hotel & Lodging,Partnership,Lucknow,Uttar Pradesh,2024-07-26 00:00:00,XXXX3221,ACTIVE,762.04,FORMATTING_DUPLICATE,0.85,2,2 records with formatting variations consolidated
MCH9237,Gokhale Inc,5912,Pharmacy,Private-Limited,Ldh,Punjab,2025-09-28 00:00:00,LPZT4038353121229,ACTIVE,1901.54,SINGLETON,1.0,1,No duplicates
MCH9239,Balakrishnan-Das,5411,Grocery,Partnership,Blr,Karnataka,2025-12-11 06:31:01,EHOI0009201922607,ACTIVE,,SINGLETON,1.0,1,No duplicates
MCH9242,"Kadakia, Yadav And Seshadri",7011,Hotel & Lodging,Partnership,Hyd,Telangana,2023-03-10 00:00:00,XXXX4049,SUSPENDED,1024.36,SINGLETON,1.0,1,No duplicates
MCH9245,Zachariah-Suri,5311,Department Store,Individual,Jalandhar,Punjab,2023-05-03 00:00:00,ZBKQ5898737738506,ACTIVE,328.18,SINGLETON,1.0,1,No duplicates
MCH9246,"Krishna, Wable And Kanda",4814,Telecom,Sole_Proprietor,Pune,Maharashtra,2023-03-01 00:00:00,XXXX5813,ACTIVE,859.77,SINGLETON,1.0,1,No duplicates
MCH9249,"Aggarwal, Agarwal And Naidu",5699,Apparel,Partnership,Madras,Tamil Nadu,2025-12-23 00:00:00,XXXX8648,ACTIVE,3533.14,SINGLETON,1.0,1,No duplicates
MCH9251,"Venkatesh, Randhawa And Lal",4131,Transportation,Sole_Proprietor,Lucknow,Uttar Pradesh,2026-01-02 09:37:10,6838955230,ACTIVE,621.25,SINGLETON,1.0,1,No duplicates
MCH9253,Gole Llc,5699,Apparel,Sole_Proprietor,Amritsar,Punjab,2024-05-09 20:29:36,XXXX9261,ACTIVE,1349.23,SINGLETON,1.0,1,No duplicates
MCH9255,"Hegde, Dass And Sehgal",5699,Apparel,Private Limited,Amritsar,Punjab,2023-07-19 10:19:06,,ACTIVE,1054.61,SINGLETON,1.0,1,No duplicates
MCH9257,Deep-Venkataraman,7011,Hotel & Lodging,Partnership,Asr,Punjab,2023-12-17 00:00:00,AYAD9422325940628,ACTIVE,705.83,SINGLETON,1.0,1,No duplicates
MCH9258,Edwin Inc,5942,Books & Stationery,Partnership,Lucknow,Uttar Pradesh,2024-09-26 00:00:00,0028974564,ACTIVE,1647.77,SINGLETON,1.0,1,No duplicates
MCH9261,Gupta-Manne,5812,Restaurant,Individual,Jaipur,Rajasthan,2025-07-10 09:04:41,,ACTIVE,2734.0,SINGLETON,1.0,1,No duplicates
MCH9263,"Chatterjee, Anand And Mani",5999,Miscellaneous Retail,Partnership,Calcutta,West Bengal,2024-05-05 00:44:32,,ACTIVE,628.47,SINGLETON,1.0,1,No duplicates
MCH9266,"Badami, Pathak And Nanda",5699,Apparel,Private_Limited,Pune,Maharashtra,2024-09-10 19:17:00,3246654174,ACTIVE,157.82,CONFLICTING_MERCHANT_RECORD,0.55,3,"Conflicting Names: ['Chatterjee Group', 'Badami, Pathak And Nanda', 'Nazareth Ltd']; Conflicting Categories: ['Grocery_Store', 'Clothing', 'Books']; Conflicting Cities: ['Bengaluru', 'Pune', 'Lko']"
MCH9271,"Bera, Contractor And Trivedi",4131,Transportation,Sole Proprietor,Delhi,Delhi,2025-02-20 00:00:00,KHLJ8243266357655,ACTIVE,,SINGLETON,1.0,1,No duplicates
MCH9276,Bandi Inc,5942,Books & Stationery,Private_Limited,Jalandar,Punjab,,3029302980,ACTIVE,2777.32,CONFLICTING_MERCHANT_RECORD,0.55,3,"Conflicting Names: ['Bandi Inc', 'Trivedi-Kunda']; Conflicting Categories: ['Books', 'Cloths']; Conflicting Cities: ['Jalandar', 'Delhi']"
MCH9277,Pa1-R0Ut,5942,Books & Stationery,Individual,Asr,Punjab,2026-02-10 18:58:24,,ACTIVE,963.33,SINGLETON,1.0,1,No duplicates
MCH9278,Pant Plc,5942,Books & Stationery,Partnership,Bangalore,Karnataka,2024-06-25 23:31:00,MCZF8391507084286,ACTIVE,822.0,CONFLICTING_MERCHANT_RECORD,0.55,2,"Conflicting Names: ['Pant Plc', 'Oza-Gera']; Conflicting Categories: ['Stationery', 'Transport']; Conflicting Cities: ['Bangalore', 'Mumbai']"
MCH9279,Choudhury Llc,5411,Grocery,Sole_Proprietor,Kolkata,West Bengal,2024-11-18 00:00:00,0970198759,ACTIVE,644.81,SINGLETON,1.0,1,No duplicates
MCH9287,"Datta, Virk And Arya",5999,Miscellaneous Retail,Individual,Amritsar,Punjab,2025-09-21 00:00:00,XXXX9129,ACTIVE,636.69,CONFLICTING_MERCHANT_RECORD,0.55,2,"Conflicting Names: ['Sathe Group', 'Datta, Virk And Arya']; Conflicting Categories: ['Mobile Recharge', 'Misc Retail']; Conflicting Cities: ['Jpr', 'Amritsar']"
MCH9289,Lall Llc,7011,Hotel & Lodging,Private_Limited,Kolkata,West Bengal,2025-12-08 09:38:21,PFKV1152289254196,ACTIVE,3024.28,CONFLICTING_MERCHANT_RECORD,0.55,2,"Conflicting Names: ['Baria-Nagy', 'Lall Llc']; Conflicting Categories: ['Misc Retail', 'Hotel_Lodging']; Conflicting Cities: ['Chennai', 'Kolkata']"
MCH9290,"Gole, Viswanathan And Brahmbhatt",7011,Hotel & Lodging,Partnership,Ldh,Punjab,,,INACTIVE,1704.51,SINGLETON,1.0,1,No duplicates
MCH9291,"Mukhopadhyay, Dua And Dada",5699,Apparel,Sole_Proprietor,Dilli,Delhi,2023-12-24 00:00:00,4794994318,ACTIVE,875.0,CONFLICTING_MERCHANT_RECORD,0.55,2,"Conflicting Names: ['Mukhopadhyay, Dua And Dada', 'Thakkar, Bath And Uppal']; Conflicting Categories: ['Clothing', 'Retail']; Conflicting Cities: ['Dilli', 'Lko']"
MCH9296,Bhakta-Sen,5699,Apparel,Private_Limited,Delhi,Delhi,2024-12-29 00:00:00,CFXN3327085441809,ACTIVE,453.57,CONFLICTING_MERCHANT_RECORD,0.55,2,"Conflicting Names: ['Bhakta-Sen', 'Ramanathan Ltd']; Conflicting Categories: ['Garments', 'Pharmacies']; Conflicting Cities: ['Delhi', 'Jaipur']"
MCH9298,Jain Ltd,5942,Books & Stationery,Sole_Proprietor,Bangalore,Karnataka,2024-02-03 12:58:21,XXXX4996,ACTIVE,8519.11,SINGLETON,1.0,1,No duplicates
MCH9299,Pathak-Menon,5812,Restaurant,Sole_Proprietor,Ludhiana,Punjab,2024-04-28 07:03:55,,ACTIVE,3015.0,SINGLETON,1.0,1,No duplicates
MCH9302,Savant-Dave,5311,Department Store,Partnership,Blr,Karnataka,2025-08-17 00:00:00,,ACTIVE,543.56,SINGLETON,1.0,1,No duplicates
MCH9304,Char Ltd,4814,Telecom,Individual,Blr,Karnataka,2024-01-05 00:00:00,,ACTIVE,531.14,SINGLETON,1.0,1,No duplicates
MCH9306,Zachariah-Anne,5942,Books & Stationery,Partnership,Mumbai,Maharashtra,2026-02-10 00:00:00,JLTB4031924458479,ACTIVE,1250.09,SINGLETON,1.0,1,No duplicates
MCH9307,"Bajwa, Dhawan And Guha",,Restaurant,Sole-Proprietor,Jalandar,Punjab,2024-03-07 00:00:00,,ACTIVE,468.19,SINGLETON,1.0,1,No duplicates
MCH9310,Ganguly-Tella,7011,Hotel & Lodging,Individual,Pune,Maharashtra,2024-03-29 00:00:00,XXXX9831,ACTIVE,482.88,SINGLETON,1.0,1,No duplicates
MCH9311,"Dyal, Mohan And Patla",5942,Books & Stationery,Sole-Proprietor,Bengaluru,Karnataka,2025-02-16 00:00:00,8480146699,ACTIVE,1774.56,CONFLICTING_MERCHANT_RECORD,0.55,2,"Conflicting Names: ['Sathe Group', 'Dyal, Mohan And Patla']; Conflicting Categories: ['Books_Stationery', 'Books']; Conflicting Cities: ['Ludhiana', 'Bengaluru']"
MCH9316,Bandi Ltd,5411,Grocery,Sole_Proprietor,Ludhiana,Punjab,2025-08-21 00:00:00,9331997992,ACTIVE,1198.18,SINGLETON,1.0,1,No duplicates
MCH9319,Ladinc,5699,Apparel,Sole_Proprietor,Jalandhar,Punjab,2025-07-20 00:00:00,XXXX7774,ACTIVE,839.54,CONFLICTING_MERCHANT_RECORD,0.55,3,"Conflicting Names: ['Ladinc', 'Cherian And Sons']; Conflicting Categories: ['Garments', 'Fashion']; Conflicting Cities: ['Jalandhar', 'Jaipur']"
MCH9320,Char Inc,5411,Grocery,Private Limited,Hyderabad,Telangana,2025-11-22 00:00:00,OFHR1997447322569,ACTIVE,695.0,SINGLETON,1.0,1,No duplicates
MCH9322,"Khosla, Walia And Deep",5311,Department Store,Partnership,Kolkata,West Bengal,2024-07-15 00:00:00,BPNH2377464616036,ACTIVE,1060.15,SINGLETON,1.0,1,No duplicates
MCH9325,"Patel, Parikh And Kaul",4814,Telecom,Private_Limited,Lucknow,Uttar Pradesh,2023-03-13 00:58:46,9323786200,ACTIVE,1538.45,SINGLETON,1.0,1,No duplicates
MCH9332,Gala Inc,5699,Apparel,Private-Limited,Amritsar,Punjab,2023-03-21 00:00:00,XXXX9903,ACTIVE,1348.88,CONFLICTING_MERCHANT_RECORD,0.55,2,"Conflicting Names: ['Gupta Inc', 'Gala Inc']; Conflicting Categories: ['Pharmacy', 'Cloths']; Conflicting Cities: ['Pune', 'Amritsar']"
MCH9335,"Sarraf, Wable And Deshmukh",5912,Pharmacy,Individual,Amritsar,Punjab,2023-05-03 00:00:00,,ACTIVE,399.0,CONFLICTING_MERCHANT_RECORD,0.55,3,"Conflicting Names: ['Srinivasan-Shere', 'Sarraf, Wable And Deshmukh', 'Shenoy Group']; Conflicting Categories: ['Department Store', 'Medical_Store', 'Garments']; Conflicting Cities: ['Ludhiana', 'Amritsar', 'Lucknow']"
MCH9338,D’Alia-Mitter,,Books & Stationery,Partnership,Mumbai,Maharashtra,2025-07-01 00:00:00,,ACTIVE,604.36,SINGLETON,1.0,1,No duplicates
MCH9340,Mallick-Konda,5999,Miscellaneous Retail,Individual,Bengaluru,Karnataka,2025-01-24 13:55:00,,INACTIVE,1550.33,SINGLETON,1.0,1,No duplicates
MCH9342,Dua-Lala,5999,Miscellaneous Retail,Sole_Proprietor,Bengaluru,Karnataka,2025-04-17 11:33:00,BUXU5026475055431,SUSPENDED,1698.37,SINGLETON,1.0,1,No duplicates
MCH9343,Sridhar-Sarna,7011,Hotel & Lodging,Partnership,Chennai,Tamil Nadu,2025-08-16 00:00:00,XXXX5274,ACTIVE,287.96,SINGLETON,1.0,1,No duplicates
MCH9345,Mahal Inc,4814,Telecom,Private Limited,Amritsar,Punjab,2025-11-30 00:00:00,5557853955,ACTIVE,4834.52,SINGLETON,1.0,1,No duplicates
MCH9348,"Solanki, Chaudhary And Nori",5912,Pharmacy,Partnership,Pune,Maharashtra,2023-09-09 14:53:51,ACBK1959673899093,ACTIVE,1188.0,CONFLICTING_MERCHANT_RECORD,0.55,2,"Conflicting Names: ['Solanki, Chaudhary And Nori', 'Toor, Parekh And Agate']; Conflicting Categories: ['Pharmacies', 'Books']; Conflicting Cities: ['Pune', 'Asr']"
MCH9349,"Bhat, Suri And Khalsa",5999,Miscellaneous Retail,Individual,Hyderabad,Telangana,2023-07-15 00:00:00,7591595714,ACTIVE,2394.34,CONFLICTING_MERCHANT_RECORD,0.55,2,"Conflicting Names: ['Mahajan-Ghosh', 'Bhat, Suri And Khalsa']; Conflicting Categories: ['Eating Place', 'Retail Other']; Conflicting Cities: ['Chennai', 'Hyderabad']"
MCH9350,Singh-Sane,5411,Grocery,Private_Limited,Ldh,Punjab,2023-04-13 00:00:00,1346716181,ACTIVE,840.43,SINGLETON,1.0,1,No duplicates
MCH9352,Ramanathan-Lala,4131,Transportation,Partnership,Bengaluru,Karnataka,2026-02-09 00:00:00,ICJY2091662937472,ACTIVE,1121.19,CONFLICTING_MERCHANT_RECORD,0.55,3,"Conflicting Names: ['Chaudhary-Munshi', 'Ramanathan-Lala', 'Bains Group']; Conflicting Categories: ['Hospitality', 'Transport', 'Retail']; Conflicting Cities: ['Hyderabad', 'Bengaluru', 'Chennai']"
MCH9353,Ray-Gaba,5812,Restaurant,Private Limited,Pune,Maharashtra,2023-09-21 00:00:00,4567108215,ACTIVE,1357.72,CONFLICTING_MERCHANT_RECORD,0.55,2,"Conflicting Names: ['Baral, Raj And Mishra', 'Ray-Gaba']; Conflicting Categories: ['Kirana', 'Restaurants']; Conflicting Cities: ['Bengaluru', 'Pune']"
MCH9354,"Srinivasan, Bhargava And Sathe",7011,Hotel & Lodging,Private_Limited,Pune,Maharashtra,2025-12-26 03:14:06,MCIS2962837592027,ACTIVE,272.4,SINGLETON,1.0,1,No duplicates
MCH9355,Vig Plc,5912,Pharmacy,Partnership,Jalandhar,Punjab,2024-11-01 00:00:00,KRTG3596169904435,ACTIVE,1697.72,SINGLETON,1.0,1,No duplicates
MCH9356,Waglellc,5411,Grocery,Partnership,Delhi,Delhi,2025-09-15 00:00:00,XXXX8552,ACTIVE,862.0,SINGLETON,1.0,1,No duplicates
MCH9358,Shroff Ltd,5311,Department Store,Sole_Proprietor,Kolkata,West Bengal,2023-05-21 00:00:00,RLLU5222765967468,ACTIVE,1856.54,SINGLETON,1.0,1,No duplicates
MCH9359,"Ramanathan, Parekh And Agrawal",4131,Transportation,Partnership,Ludhiana,Punjab,2023-04-08 13:17:52,FQHN0033426656652,ACTIVE,3245.01,SINGLETON,1.0,1,No duplicates
MCH9362,"Lala, Oza And Chahal",5912,Pharmacy,Sole-Proprietor,Delhi,Delhi,2024-04-25 00:00:00,XXXX6427,ACTIVE,1820.41,SINGLETON,1.0,1,No duplicates
MCH9363,Mannan Group,4131,Transportation,Private_Limited,Mumbai,Maharashtra,2024-07-29 00:00:00,,ACTIVE,,SINGLETON,1.0,1,No duplicates
MCH9366,"Parsa, Walia And Viswanathan",5699,Apparel,Individual,Jalandhar,Punjab,2024-11-13 00:00:00,XXXX5233,ACTIVE,7891.78,SINGLETON,1.0,1,No duplicates
MCH9367,Luthra And Sons,,Books & Stationery,Private_Limited,Amritsar,Punjab,2023-05-31 17:55:00,,ACTIVE,1752.0,SINGLETON,1.0,1,No duplicates
MCH9369,Kara Group,7011,Hotel & Lodging,Sole_Proprietor,Calcutta,West Bengal,2024-07-06 20:37:37,,ACTIVE,2036.0,SINGLETON,1.0,1,No duplicates
MCH9370,Mallick-Gola,5999,Miscellaneous Retail,Private_Limited,Jaipur,Rajasthan,2023-02-20 00:00:00,LVKV0562210759080,ACTIVE,4284.71,SINGLETON,1.0,1,No duplicates
MCH9371,Mand-Oommen,,Grocery,Private_Limited,Madras,Tamil Nadu,2023-11-11 00:00:00,,ACTIVE,284.42,SINGLETON,1.0,1,No duplicates
MCH9375,"Bhalla, Koshy And Sule",,Books & Stationery,Individual,Ldh,Punjab,2023-07-28 23:16:10,XXXX7795,INACTIVE,924.32,SINGLETON,1.0,1,No duplicates
MCH9377,Chaudhuri Plc,5699,Apparel,Sole_Proprietor,New Delhi,Delhi,2023-04-14 00:00:00,6784208248,ACTIVE,1583.18,CONFLICTING_MERCHANT_RECORD,0.55,2,"Conflicting Names: ['Badal, Mitter And Mitter', 'Chaudhuri Plc']; Conflicting Categories: ['Medical', 'Clothing']; Conflicting Cities: ['Lko', 'New Delhi']"
MCH9379,Nazareth And Sons,5999,Miscellaneous Retail,Individual,Kolkata,West Bengal,,XXXX1135,INACTIVE,242.0,SINGLETON,1.0,1,No duplicates
MCH9380,Chakrabarti Group,5812,Restaurant,Private_Limited,Ludhiana,Punjab,2023-11-23 00:00:00,ECMM7078142170981,ACTIVE,199.0,SINGLETON,1.0,1,No duplicates
MCH9383,"Sekhon,Padmanabhanandrege",5942,Books & Stationery,Individual,Madras,Tamil Nadu,2026-01-24 02:02:00,4786143604,SUSPENDED,2841.0,CONFLICTING_MERCHANT_RECORD,0.55,2,"Conflicting Names: ['Sekhon,Padmanabhanandrege', 'Sarraf, Mand And Dalal']; Conflicting Categories: ['Books_Stationery', 'Transportation']; Conflicting Cities: ['Madras', 'Lucknow']"
MCH9385,"Ray, Gu1Ati And Gi11",4814,Telecom,Sole-Proprietor,Asr,Punjab,2024-02-17 00:00:00,,ACTIVE,1178.44,SINGLETON,1.0,1,No duplicates
MCH9386,Shankar Ltd,4131,Transportation,Individual,Amritsar,Punjab,2023-10-23 00:00:00,XXXX6796,ACTIVE,252.98,CONFLICTING_MERCHANT_RECORD,0.55,2,"Conflicting Names: ['Shankar Ltd', 'Kothari,Santandloyal']; Conflicting Categories: ['Transport', 'Clothing']; Conflicting Cities: ['Amritsar', 'Bangalore']"
MCH9388,"Mahajan, Dixit And Memon",7011,Hotel & Lodging,Partnership,Calcutta,West Bengal,2024-11-21 00:00:00,,ACTIVE,1507.31,SINGLETON,1.0,1,No duplicates
MCH9390,"Minhas,Pauandnarayanan",4131,Transportation,Individual,Ludhiana,Punjab,,,ACTIVE,2246.12,SINGLETON,1.0,1,No duplicates
MCH9391,Vasa-Mitra,4814,Telecom,Individual,Jalandar,Punjab,2024-10-30 00:00:00,XXXX6623,ACTIVE,1456.23,SINGLETON,1.0,1,No duplicates
MCH9393,"Sehgal, Chawla And Korpal",5812,Restaurant,Individual,Amritsar,Punjab,2025-09-03 17:19:00,XXXX8440,ACTIVE,896.96,CONFLICTING_MERCHANT_RECORD,0.55,5,"Conflicting Names: ['Sehgal, Chawla And Korpal', 'Subramanian Llc', 'Chand-Vasa', 'Narasimhan Inc', 'Vala-Bahri']; Conflicting Categories: ['Restaurant', 'Hotel', 'Stationery', 'Transportation', 'Phone Service']; Conflicting Cities: ['Amritsar', 'Bangalore', 'Ludhiana', 'Kolkata']"
MCH9394,Balay Group,5311,Department Store,Sole Proprietor,Chennai,Tamil Nadu,2023-08-08 00:00:00,,ACTIVE,279.0,CONFLICTING_MERCHANT_RECORD,0.55,2,"Conflicting Names: ['Pal-Taneja', 'Balay Group']; Conflicting Categories: ['Mobile Recharge', 'Department Store']; Conflicting Cities: ['Ludhiana', 'Chennai']"
MCH9395,Bhagat-Chana,5699,Apparel,Private Limited,Jaipur,Rajasthan,2024-12-12 00:00:00,,ACTIVE,2768.73,SINGLETON,1.0,1,No duplicates
MCH9396,"Solanki, Kara And Saha",7011,Hotel & Lodging,Sole Proprietor,Bangalore,Karnataka,2024-07-08 07:13:36,XXXX6974,ACTIVE,1428.59,CONFLICTING_MERCHANT_RECORD,0.55,2,"Conflicting Names: ['Solanki, Kara And Saha', 'Baria-Bhasin']; Conflicting Categories: ['Hotel_Lodging', 'Medical_Store']; Conflicting Cities: ['Bangalore', 'Pune']"
MCH9397,Ramaswamy-Goel,5411,Grocery,Private-Limited,Jalandhar,Punjab,2025-12-20 01:06:00,3711511693,ACTIVE,1519.0,SINGLETON,1.0,1,No duplicates
MCH9398,"Suresh, Khosla And Kadakia",,Hotel & Lodging,Sole-Proprietor,Bengaluru,Karnataka,,XXXX1590,ACTIVE,1404.91,CONFLICTING_MERCHANT_RECORD,0.55,2,"Conflicting Names: ['Soman, Murthy And Mangat', 'Suresh, Khosla And Kadakia']; Conflicting Categories: ['Grocery', 'Hotel_Lodging']"
MCH9400,"Dara, Desai And Sethi",5999,Miscellaneous Retail,Partnership,Mumbai,Maharashtra,2025-08-23 00:00:00,,ACTIVE,2120.88,CONFLICTING_MERCHANT_RECORD,0.55,2,"Conflicting Names: ['Dara, Desai And Sethi', 'Sachar Plc']; Conflicting Categories: ['Other', 'Books_Stationery']; Conflicting Cities: ['Mumbai', 'Kolkata']"
MCH9401,Ravi Llc,7011,Hotel & Lodging,Sole Proprietor,Pune,Maharashtra,2025-11-14 00:00:00,1215375647,ACTIVE,1824.72,FORMATTING_DUPLICATE,0.85,2,2 records with formatting variations consolidated
MCH9402,Vyas-Nath,5812,Restaurant,Private_Limited,Lko,Uttar Pradesh,2023-09-18 00:00:00,,ACTIVE,640.89,SINGLETON,1.0,1,No duplicates
MCH9403,"Bains,Banerjeeandbansal",7011,Hotel & Lodging,Partnership,Mumbai,Maharashtra,2025-02-22 16:11:00,,INACTIVE,1838.83,SINGLETON,1.0,1,No duplicates
MCH9404,Baral And Sons,4131,Transportation,Private_Limited,Calcutta,West Bengal,2025-02-10 00:00:00,,ACTIVE,,SINGLETON,1.0,1,No duplicates
MCH9406,Randhawa And Sons,,Restaurant,Individual,Lucknow,Uttar Pradesh,2025-08-11 00:00:00,XXXX6795,ACTIVE,2159.94,CONFLICTING_MERCHANT_RECORD,0.55,2,"Conflicting Names: ['Randhawa And Sons', 'Goyal-Bhakta']; Conflicting Categories: ['Restaurants', 'Medical_Store']; Conflicting Cities: ['Lucknow', 'Dilli']"
MCH9408,Arya-Vig,4131,Transportation,Individual,Bengaluru,Karnataka,2023-12-24 00:00:00,6291585633,ACTIVE,784.44,SINGLETON,1.0,1,No duplicates
MCH9410,Sagar-Chawla,5699,Apparel,Individual,Jalandhar,Punjab,2026-01-24 00:00:00,XXXX0534,ACTIVE,820.0,FORMATTING_DUPLICATE,0.85,2,2 records with formatting variations consolidated
MCH9412,Nayak-Guha,4131,Transportation,Individual,Amritsar,Punjab,,XXXX5639,ACTIVE,2887.33,SINGLETON,1.0,1,No duplicates
MCH9413,Kala-Sarkar,5912,Pharmacy,Sole-Proprietor,Hyderabad,Telangana,2023-10-25 07:38:39,XXXX4409,ACTIVE,869.76,SINGLETON,1.0,1,No duplicates
MCH9414,Banik-Garde,5812,Restaurant,Individual,Jalandar,Punjab,2025-01-16 00:00:00,VESW9193556812149,ACTIVE,942.13,SINGLETON,1.0,1,No duplicates
MCH9415,Krishnamurthy-Warrior,7011,Hotel & Lodging,Sole_Proprietor,Ludhiana,Punjab,2023-02-21 00:00:00,,ACTIVE,438.69,SINGLETON,1.0,1,No duplicates
MCH9416,Kulkarni And Sons,5411,Grocery,Partnership,Bombay,Maharashtra,2024-12-13 22:23:48,0558936473,ACTIVE,755.0,SINGLETON,1.0,1,No duplicates
MCH9418,"Bora, Venkatesh And Loke",5411,Grocery,Individual,Bengaluru,Karnataka,2024-05-22 00:00:00,ZTOW0641939254087,SUSPENDED,1520.21,CONFLICTING_MERCHANT_RECORD,0.55,2,"Conflicting Names: ['Dixit-Ranganathan', 'Bora, Venkatesh And Loke']; Conflicting Categories: ['Medical_Store', 'Groceries']; Conflicting Cities: ['Dilli', 'Bengaluru']"
MCH9423,Apte Group,7011,Hotel & Lodging,Sole_Proprietor,Madras,Tamil Nadu,2025-10-24 00:00:00,HHBU3998361677128,ACTIVE,3132.43,SINGLETON,1.0,1,No duplicates
MCH9424,Sur-Bajaj,5311,Department Store,Sole-Proprietor,Blr,Karnataka,2025-04-18 00:00:00,XXXX3219,ACTIVE,1902.79,FORMATTING_DUPLICATE,0.85,2,2 records with formatting variations consolidated
MCH9426,Singh-Narula,7011,Hotel & Lodging,Sole_Proprietor,Madras,Tamil Nadu,2023-07-08 00:00:00,CZYQ5289749024896,ACTIVE,615.87,CONFLICTING_MERCHANT_RECORD,0.55,2,"Conflicting Names: ['Singh-Narula', 'Puri-Soman']; Conflicting Categories: ['Hospitality', 'Garments']; Conflicting Cities: ['Madras', 'Bangalore']"
MCH9428,"Dyal, Varma And Sachdeva",5999,Miscellaneous Retail,Private-Limited,Lko,Uttar Pradesh,,,ACTIVE,1955.23,SINGLETON,1.0,1,No duplicates
MCH9429,Varghese-Mitter,7011,Hotel & Lodging,Partnership,Hyd,Telangana,2024-12-16 00:00:00,ICYM9819940442894,ACTIVE,1566.55,CONFLICTING_MERCHANT_RECORD,0.55,2,"Conflicting Names: ['Sachar, Borra And Raj', 'Varghese-Mitter']; Conflicting Categories: ['Telecom', 'Hotel']; Conflicting Cities: ['Bengaluru', 'Hyd']"
MCH9430,"Shetty, Pau And Chhabra",4814,Telecom,Partnership,Poona,Maharashtra,2023-10-31 00:00:00,,ACTIVE,927.24,SINGLETON,1.0,1,No duplicates
MCH9431,Madan-Kota,4131,Transportation,Private-Limited,Bengaluru,Karnataka,2023-02-05 00:00:00,1678744111,ACTIVE,436.79,SINGLETON,1.0,1,No duplicates
MCH9433,Chhabra-Naik,5912,Pharmacy,Individual,Jalandhar,Punjab,2023-12-14 00:00:00,CQOU4085851260723,ACTIVE,4629.09,SINGLETON,1.0,1,No duplicates
MCH9434,Srinivasan-Savant,5812,Restaurant,Partnership,Chennai,Tamil Nadu,2023-05-01 21:28:13,XXXX0171,ACTIVE,,SINGLETON,1.0,1,No duplicates
MCH9439,Jani Llc,5411,Grocery,Sole_Proprietor,Blr,Karnataka,2024-02-24 00:00:00,2073250929,ACTIVE,275.02,CONFLICTING_MERCHANT_RECORD,0.55,2,"Conflicting Names: ['Dhingra Inc', 'Jani Llc']; Conflicting Categories: ['Grocery_Store', 'Grocery']; Conflicting Cities: ['Mumbay', 'Blr']"
MCH9440,Ratti Llc,5311,Department Store,Individual,Jalandhar,Punjab,,MAUW1308281422202,ACTIVE,186.6,SINGLETON,1.0,1,No duplicates
MCH9442,Issac-Batra,7011,Hotel & Lodging,Partnership,Dilli,Delhi,2025-08-12 00:00:00,,ACTIVE,1049.17,SINGLETON,1.0,1,No duplicates
MCH9443,"Chowdhury, Kapadia And Chada",5812,Restaurant,Partnership,Chennai,Tamil Nadu,2024-02-20 00:00:00,,ACTIVE,1660.16,CONFLICTING_MERCHANT_RECORD,0.55,2,"Conflicting Names: ['Chowdhury, Kapadia And Chada', 'Bumb, Sama And Prashad']; Conflicting Categories: ['Food_Services', 'Transport']; Conflicting Cities: ['Chennai', 'Lucknow']"
MCH9444,Sachdeva-Khatri,4131,Transportation,Partnership,Jalandhar,Punjab,2024-01-13 00:00:00,2308250236,ACTIVE,345.26,CONFLICTING_MERCHANT_RECORD,0.55,2,"Conflicting Names: ['Narainandsons', 'Sachdeva-Khatri']; Conflicting Categories: ['Food', 'Travel']; Conflicting Cities: ['Hyderabad', 'Jalandhar']"
MCH9447,Singh And Sons,7011,Hotel & Lodging,Private_Limited,Chennai,Tamil Nadu,2023-01-10 00:00:00,XXXX0990,ACTIVE,1158.32,CONFLICTING_MERCHANT_RECORD,0.55,2,"Conflicting Names: ['Singh And Sons', 'Sundaram Llc']; Conflicting Categories: ['Hotel_Lodging', 'Retail Other']; Conflicting Cities: ['Chennai', 'Hyderabad']"
MCH9448,"Sant, Manda And Khurana",,Apparel,Partnership,Jalandhar,Punjab,2023-10-08 00:00:00,XXXX3103,INACTIVE,522.0,SINGLETON,1.0,1,No duplicates
MCH9450,"Bahl, Varughese And Char",4814,Telecom,Partnership,Pune,Maharashtra,2023-06-22 16:33:28,RGOX3327381847596,ACTIVE,260.0,SINGLETON,1.0,1,No duplicates
MCH9452,Kapoor-Kara,5999,Miscellaneous Retail,Private_Limited,Kolkata,West Bengal,,TTFV4828934746515,INACTIVE,,SINGLETON,1.0,1,No duplicates
MCH9456,"Rajagopalan, Luthra And Singh",,Department Store,Individual,Dilli,Delhi,2025-09-22 04:16:00,XXXX4617,ACTIVE,,CONFLICTING_MERCHANT_RECORD,0.55,2,"Conflicting Names: ['Rajagopalan, Luthra And Singh', 'Anne Group']; Conflicting Categories: ['Retail Other', 'Misc Retail']; Conflicting Cities: ['Dilli', 'Chennai']"
MCH9457,"Grover, Deep And Subramaniam",4131,Transportation,Partnership,Blr,Karnataka,2026-01-19 00:00:00,XXXX7189,ACTIVE,276.66,CONFLICTING_MERCHANT_RECORD,0.55,3,"Conflicting Names: ['Som-Ravi', 'Grover, Deep And Subramaniam', 'Rege, Kalita And Sibal']; Conflicting Categories: ['Department Stores', 'Travel', 'Hotel']; Conflicting Cities: ['Jaipur', 'Blr', 'Hyderabad']"
MCH9458,"Basak, Natarajan And Golla",4814,Telecom,Individual,Mumbai,Maharashtra,2024-06-10 13:29:00,ROVV3982446480189,ACTIVE,1528.67,CONFLICTING_MERCHANT_RECORD,0.55,2,"Conflicting Names: ['Basak, Natarajan And Golla', 'Raja Ltd']; Conflicting Categories: ['Mobile Recharge', 'Retail']; Conflicting Cities: ['Mumbai', 'Amritsar']"
MCH9459,Bala And Sons,5411,Grocery,Partnership,Madras,Tamil Nadu,2023-11-12 00:00:00,,ACTIVE,558.21,CONFLICTING_MERCHANT_RECORD,0.55,2,"Conflicting Names: ['Bala And Sons', 'Batta-Handa']; Conflicting Categories: ['Grocery', 'Transport']; Conflicting Cities: ['Madras', 'Hyderabad']"
MCH9460,"Oza, Balakrishnan And Kapoor",5942,Books & Stationery,Individual,Madras,Tamil Nadu,,XXXX5842,ACTIVE,481.26,SINGLETON,1.0,1,No duplicates
MCH9463,Boase And Sons,5942,Books & Stationery,Private_Limited,Asr,Punjab,2025-06-01 16:04:50,8867615299,ACTIVE,835.0,SINGLETON,1.0,1,No duplicates
MCH9467,"Pall, Lala And Dhar",4131,Transportation,Individual,Madras,Tamil Nadu,2024-09-03 09:23:16,,ACTIVE,1206.07,SINGLETON,1.0,1,No duplicates
MCH9471,Sarma Ltd,5699,Apparel,Partnership,Hyderabad,Telangana,2023-10-26 00:00:00,XXXX5808,ACTIVE,2136.82,CONFLICTING_MERCHANT_RECORD,0.55,2,"Conflicting Names: ['Sarma Ltd', 'Bajaj, Sandal And Barad']; Conflicting Categories: ['Fashion', 'Pharmacies']; Conflicting Cities: ['Hyderabad', 'Mumbai']"
MCH9472,Sankaran-Om,5699,Apparel,Private_Limited,Delhi,Delhi,2023-06-03 00:00:00,OYDX9439754020828,INACTIVE,4710.1,SINGLETON,1.0,1,No duplicates
MCH9474,"Bajwa, Bhandari And Parmar",5912,Pharmacy,Sole Proprietor,Kolkata,West Bengal,2024-03-16 19:46:00,0765979563,ACTIVE,1464.0,CONFLICTING_MERCHANT_RECORD,0.55,2,"Conflicting Names: ['Bajwa, Bhandari And Parmar', 'Dutta, Ramesh And Buch']; Conflicting Categories: ['Pharmacy', 'Hospitality']; Conflicting Cities: ['Kolkata', 'Hyderabad']"
MCH9476,Sama Plc,5812,Restaurant,Private-Limited,Hyderabad,Telangana,,XXXX6830,ACTIVE,165.93,SINGLETON,1.0,1,No duplicates
MCH9478,"Desai, Borah And Dugar",,Miscellaneous Retail,Private-Limited,Kolkata,West Bengal,,,SUSPENDED,1333.54,SINGLETON,1.0,1,No duplicates
MCH9481,Kata Llc,4814,Telecom,Partnership,Amritsar,Punjab,2025-11-25 00:00:00,,ACTIVE,1054.88,CONFLICTING_MERCHANT_RECORD,0.55,2,"Conflicting Names: ['Kata Llc', 'Seshadri, Hora And Magar']; Conflicting Categories: ['Phone Service', 'Mobile Recharge']; Conflicting Cities: ['Amritsar', 'Jalandhar']"
MCH9482,"Vasa, Chada And Iyengar",5411,Grocery,Partnership,Hyd,Telangana,,XXXX4559,ACTIVE,600.13,SINGLETON,1.0,1,No duplicates
MCH9483,"Yohannan, Ghose And Pal",5699,Apparel,Partnership,Hyd,Telangana,2023-03-21 23:53:34,,ACTIVE,4425.5,SINGLETON,1.0,1,No duplicates
MCH9484,"Bail, Sen And Bava",,Pharmacy,Sole Proprietor,Jalandar,Punjab,2024-11-30 00:00:00,,ACTIVE,1401.0,SINGLETON,1.0,1,No duplicates
MCH9489,Badal-Sankaran,4131,Transportation,Sole-Proprietor,Chennai,Tamil Nadu,2026-02-03 18:53:00,,ACTIVE,1437.06,SINGLETON,1.0,1,No duplicates
MCH9492,Sahni-Ravel,5311,Department Store,Individual,Lucknow,Uttar Pradesh,2024-03-01 00:00:00,1939900223,ACTIVE,3080.63,CONFLICTING_MERCHANT_RECORD,0.55,2,"Conflicting Names: ['Sahni-Ravel', 'Mitra Gr0Up']; Conflicting Categories: ['Dept_Store', 'Chemist']; Conflicting Cities: ['Lucknow', 'Kolkata']"
MCH9494,Sama Group,4814,Telecom,Individual,Blr,Karnataka,2023-11-01 04:57:39,9680001784,ACTIVE,1540.07,CONFLICTING_MERCHANT_RECORD,0.55,3,"Conflicting Names: ['Wable, Warrior And Parmer', 'Sama Group']; Conflicting Cities: ['Pune', 'Blr']"
MCH9502,Vyas-Hayre,5942,Books & Stationery,Sole_Proprietor,Mumbai,Maharashtra,2023-03-25 00:00:00,,ACTIVE,777.19,SINGLETON,1.0,1,No duplicates
MCH9503,Kulkarni Llc,4131,Transportation,Individual,Hyd,Telangana,2026-01-22 21:02:00,FRMH0087238544779,INACTIVE,1312.52,CONFLICTING_MERCHANT_RECORD,0.55,2,"Conflicting Names: ['Lanka, Bhasin And Srinivas', 'Kulkarni Llc']; Conflicting Categories: ['Kirana', 'Transprt']; Conflicting Cities: ['Calcutta', 'Hyd']"
MCH9506,"Savant, Bains And Bali",5912,Pharmacy,Partnership,Poona,Maharashtra,2025-01-12 00:00:00,XXXX0299,ACTIVE,353.01,SINGLETON,1.0,1,No duplicates
MCH9510,Warri0R-Thakkar,4131,Transportation,Sole Proprietor,Bangalore,Karnataka,2024-09-15 00:00:00,,ACTIVE,1261.0,SINGLETON,1.0,1,No duplicates
MCH9514,Prakash Gr0Up,5912,Pharmacy,Partnership,Lko,Uttar Pradesh,2024-10-06 00:00:00,XXXX7878,INACTIVE,2338.36,SINGLETON,1.0,1,No duplicates
MCH9516,"Sule, Borra And Rattan",,Restaurant,Partnership,Amritsar,Punjab,2023-01-19 00:01:38,,ACTIVE,397.19,SINGLETON,1.0,1,No duplicates
MCH9517,Menon Inc,,Hotel & Lodging,Sole_Proprietor,Mumbai,Maharashtra,2023-09-23 00:00:00,XXXX3518,ACTIVE,1486.34,SINGLETON,1.0,1,No duplicates
MCH9519,Shere-Banik,5699,Apparel,Sole_Proprietor,Lucknow,Uttar Pradesh,2025-07-04 00:00:00,,ACTIVE,889.4,SINGLETON,1.0,1,No duplicates
MCH9521,"Soni, Bal And Thaman",5699,Apparel,Partnership,Ludhiana,Punjab,2023-05-04 07:18:00,,INACTIVE,155.0,SINGLETON,1.0,1,No duplicates
MCH9523,"Tank, Uppal And Malhotra",5912,Pharmacy,Partnership,Pune,Maharashtra,2025-10-25 00:00:00,,ACTIVE,5060.01,SINGLETON,1.0,1,No duplicates
MCH9528,Kibe-Memon,5699,Apparel,Sole-Proprietor,New Delhi,Delhi,2025-12-07 00:00:00,XXXX9874,ACTIVE,5399.84,SINGLETON,1.0,1,No duplicates
MCH9529,Dubey Inc,4814,Telecom,Private-Limited,Pune,Maharashtra,2024-04-26 00:00:00,XXXX3556,ACTIVE,1801.0,SINGLETON,1.0,1,No duplicates
MCH9530,B0Rah Plc,,Restaurant,Individual,Hyderabad,Telangana,2023-11-01 00:00:00,,SUSPENDED,999.86,SINGLETON,1.0,1,No duplicates
MCH9531,Lad Ltd,5411,Grocery,Private-Limited,Ludhiana,Punjab,2025-12-02 00:00:00,CDSZ2178272638566,SUSPENDED,545.56,SINGLETON,1.0,1,No duplicates
MCH9534,Deshmukh-Yadav,7011,Hotel & Lodging,Individual,Hyd,Telangana,2024-08-13 00:00:00,XXXX7810,ACTIVE,1143.6,SINGLETON,1.0,1,No duplicates
MCH9537,"Kohli, Bedi And Khatri",5812,Restaurant,Partnership,Lucknow,Uttar Pradesh,2023-02-03 00:00:00,ETHU3692414694902,ACTIVE,2200.76,CONFLICTING_MERCHANT_RECORD,0.55,3,"Conflicting Names: ['Mahal Group', 'Kohli, Bedi And Khatri', 'Chakrab0Rty Plc']; Conflicting Categories: ['Miscellaneous', 'Food', 'Books_Stationery']; Conflicting Cities: ['Jalandhar', 'Lucknow', 'Amritsar']"
MCH9541,"Grover, Bhatia And Tandon",,Restaurant,Partnership,Lucknow,Uttar Pradesh,2025-07-02 05:37:38,,ACTIVE,2401.33,SINGLETON,1.0,1,No duplicates
MCH9542,"Singh, Johal And Khalsa",5942,Books & Stationery,Individual,Hyderabad,Telangana,2025-06-18 21:51:23,XXXX3154,ACTIVE,2463.46,CONFLICTING_MERCHANT_RECORD,0.55,2,"Conflicting Names: ['Buch, Singhal And Bhardwaj', 'Singh, Johal And Khalsa']; Conflicting Categories: ['Food_Services', 'Book Store']; Conflicting Cities: ['Madras', 'Hyderabad']"
MCH9543,Khanna-Som,5942,Books & Stationery,Sole_Proprietor,Bengaluru,Karnataka,2023-11-13 04:04:51,XXXX7044,ACTIVE,1143.19,CONFLICTING_MERCHANT_RECORD,0.55,2,"Conflicting Names: ['Khanna-Som', 'G0Ur, Raju And Dara']; Conflicting Categories: ['Book Store', 'Travel']; Conflicting Cities: ['Bengaluru', 'Amritsar']"
MCH9546,"Mohan, Tak And Dhingra",5999,Miscellaneous Retail,Sole_Proprietor,Amritsar,Punjab,2024-11-20 10:50:24,XXXX5350,ACTIVE,1645.26,FORMATTING_DUPLICATE,0.85,2,2 records with formatting variations consolidated
MCH9547,Anne-Narasimhan,5311,Department Store,Individual,Delhi,Delhi,2025-04-11 00:00:00,,ACTIVE,823.12,SINGLETON,1.0,1,No duplicates
MCH9548,Raja Plc,,Transportation,Partnership,Jpr,Rajasthan,2026-02-22 14:03:23,XXXX5841,ACTIVE,1649.0,CONFLICTING_MERCHANT_RECORD,0.55,2,"Conflicting Names: ['Raja Plc', 'Sur Plc']; Conflicting Categories: ['Transportation', 'Pharmacies']; Conflicting Cities: ['Jpr', 'Bengaluru']"
MCH9550,Chandra-Sangha,5942,Books & Stationery,Sole Proprietor,Hyd,Telangana,2025-12-18 00:00:00,,ACTIVE,674.9,SINGLETON,1.0,1,No duplicates
MCH9551,Chaudhari-Dugar,5942,Books & Stationery,Individual,Lucknow,Uttar Pradesh,2023-08-11 00:00:00,XXXX6470,ACTIVE,2156.36,CONFLICTING_MERCHANT_RECORD,0.55,2,"Conflicting Names: ['Chaudhari-Dugar', 'Chaudhry-Vaidya']; Conflicting Categories: ['Books_Stationery', 'Book Store']; Conflicting Cities: ['Lucknow', 'Pune']"
MCH9554,Kale Ltd,4814,Telecom,Partnership,Kolkata,West Bengal,2025-12-07 00:00:00,,SUSPENDED,696.0,SINGLETON,1.0,1,No duplicates
MCH9555,"Nadig, Kumer And Nath",5912,Pharmacy,Partnership,Lucknow,Uttar Pradesh,2023-02-01 00:00:00,9648467253,ACTIVE,,CONFLICTING_MERCHANT_RECORD,0.55,2,"Conflicting Names: ['Nadig, Kumer And Nath', 'Chandra Ltd']; Conflicting Categories: ['Medical_Store', 'Telecom']; Conflicting Cities: ['Lucknow', 'Jpr']"
MCH9556,"Hari, Dave And Ahluwalia",4131,Transportation,Sole_Proprietor,Chennai,Tamil Nadu,2025-06-12 00:00:00,LIFR2342836809377,ACTIVE,4820.97,SINGLETON,1.0,1,No duplicates
MCH9559,Randhawa-Mody,5699,Apparel,Sole_Proprietor,Asr,Punjab,2025-06-08 00:00:00,XXXX2517,INACTIVE,543.84,SINGLETON,1.0,1,No duplicates
MCH9560,Puri-Ahluwalia,5999,Miscellaneous Retail,Partnership,Ludhiana,Punjab,2025-06-21 05:09:56,XXXX3305,ACTIVE,1176.68,CONFLICTING_MERCHANT_RECORD,0.55,2,"Conflicting Names: ['Kaul Plc', 'Puri-Ahluwalia']; Conflicting Categories: ['Book Store', 'Misc Retail']; Conflicting Cities: ['Blr', 'Ludhiana']"
MCH9563,"Singh, Issac And Murty",4131,Transportation,Private_Limited,Kolkata,West Bengal,2023-02-01 00:00:00,,ACTIVE,1366.02,CONFLICTING_MERCHANT_RECORD,0.55,2,"Conflicting Names: ['Singh, Issac And Murty', 'Sharaf-Tella']; Conflicting Categories: ['Travel', 'Hotels']"
MCH9565,"Dhar, Shukla And Chaudhary",5942,Books & Stationery,Individual,Chennai,Tamil Nadu,2025-08-22 13:59:00,6503799014,ACTIVE,2205.09,CONFLICTING_MERCHANT_RECORD,0.55,3,"Conflicting Names: ['Gaba Llc', 'Subramanian-Bakshi', 'Dhar, Shukla And Chaudhary']; Conflicting Categories: ['Pharmacy', 'Mobile Recharge', 'Books']; Conflicting Cities: ['Calcutta', 'Hyderabad', 'Chennai']"
MCH9566,Batra-Kaul,5311,Department Store,Private_Limited,Delhi,Delhi,2025-11-28 00:00:00,LYAO0984012362521,ACTIVE,1260.75,SINGLETON,1.0,1,No duplicates
MCH9567,"Dar, Gera And Sane",5812,Restaurant,Private_Limited,Delhi,Delhi,2026-01-09 00:00:00,,ACTIVE,850.48,SINGLETON,1.0,1,No duplicates
MCH9569,Parekh-Kalita,5311,Department Store,Individual,Asr,Punjab,2025-12-07 00:00:00,XXXX5054,ACTIVE,1617.31,SINGLETON,1.0,1,No duplicates
MCH9571,Buch Inc,5812,Restaurant,Individual,Hyderabad,Telangana,,DKEU4746665718428,ACTIVE,1270.83,SINGLETON,1.0,1,No duplicates
MCH9580,"Murthy, Virk And Lad",,Department Store,Partnership,Ludhiana,Punjab,2025-09-20 00:00:00,,ACTIVE,1520.62,SINGLETON,1.0,1,No duplicates
MCH9582,"Aggarwal, Morar And Vohra",4814,Telecom,Private_Limited,Chennai,Tamil Nadu,2026-02-02 00:00:00,1610482956,ACTIVE,2012.0,SINGLETON,1.0,1,No duplicates
MCH9583,"Borra, Mutti And Chaudhary",5812,Restaurant,Private Limited,Ldh,Punjab,2023-05-13 01:02:41,3322589465,ACTIVE,1408.6,CONFLICTING_MERCHANT_RECORD,0.55,2,"Conflicting Names: ['Borra, Mutti And Chaudhary', 'Khurana-Johal']; Conflicting Categories: ['Restaurants', 'Grocery']; Conflicting Cities: ['Ldh', 'Delhi']"
MCH9584,"Bhat, Shukla And Bajaj",5311,Department Store,Private-Limited,Mumbai,Maharashtra,2025-02-04 10:04:43,XXXX2185,INACTIVE,4140.74,CONFLICTING_MERCHANT_RECORD,0.55,2,"Conflicting Names: ['Kakar Plc', 'Bhat, Shukla And Bajaj']; Conflicting Categories: ['Food_Services', 'Department Stores']; Conflicting Cities: ['Pune', 'Mumbai']"
MCH9586,Ghose Plc,7011,Hotel & Lodging,Private_Limited,Chennai,Tamil Nadu,2023-03-30 00:00:00,,ACTIVE,2522.89,SINGLETON,1.0,1,No duplicates
MCH9587,Krishnamurthy-Contractor,4814,Telecom,Sole_Proprietor,Calcutta,West Bengal,2024-12-09 00:00:00,XXXX7878,ACTIVE,211.86,SINGLETON,1.0,1,No duplicates
MCH9591,Bali Group,5999,Miscellaneous Retail,Sole_Proprietor,Ludhiana,Punjab,2026-01-14 00:00:00,,ACTIVE,3007.14,SINGLETON,1.0,1,No duplicates
MCH9593,Varty-Lala,5942,Books & Stationery,Individual,Lko,Uttar Pradesh,2024-02-08 00:00:00,DUTM3222823880955,ACTIVE,3004.61,CONFLICTING_MERCHANT_RECORD,0.55,3,"Conflicting Names: ['Varty-Lala', 'Vora, Natt And Butala', 'Daya1 Inc']; Conflicting Categories: ['Books', 'Grocery', 'Transportation']; Conflicting Cities: ['Lko', 'Ludhiana', 'Kolkata']"
MCH9594,Ben Group,5311,Department Store,Sole Proprietor,Jaipur,Rajasthan,2023-01-10 00:00:00,3846101369,ACTIVE,4070.31,SINGLETON,1.0,1,No duplicates
MCH9595,Kapur Inc,5999,Miscellaneous Retail,Private_Limited,Chennai,Tamil Nadu,2023-10-26 00:00:00,FKYL3305691122715,ACTIVE,,SINGLETON,1.0,1,No duplicates
MCH9601,Joshi-Chauhan,4131,Transportation,Private_Limited,Bangalore,Karnataka,2023-10-05 00:00:00,GXDF2258830455225,ACTIVE,1949.42,CONFLICTING_MERCHANT_RECORD,0.55,2,"Conflicting Names: ['Joshi-Chauhan', 'Murthy-Sagar']; Conflicting Categories: ['Bus/Taxi', 'Retail Other']; Conflicting Cities: ['Bangalore', 'Delhi']"
MCH9604,Merchant-Johal,5311,Department Store,Partnership,Poona,Maharashtra,2024-10-11 00:00:00,2871306703,ACTIVE,762.2,SINGLETON,1.0,1,No duplicates
MCH9605,Chokshi Llc,5812,Restaurant,Sole_Proprietor,Bangalore,Karnataka,2026-01-31 00:00:00,,ACTIVE,2523.0,SINGLETON,1.0,1,No duplicates
MCH9609,Mohanty Llc,,Books & Stationery,Partnership,Mumbai,Maharashtra,2025-02-23 00:00:00,2458956606,ACTIVE,503.9,CONFLICTING_MERCHANT_RECORD,0.55,4,"Conflicting Names: ['Taneja, Parsa And Chaudhry', 'Saran-Iyengar', 'Mohanty Llc', 'Bhatti Inc']; Conflicting Categories: ['Mobile Recharge', 'Restaurant', 'Books', 'Grocery_Store']; Conflicting Cities: ['Mumbai', 'Bengaluru', 'Hyderabad']"
MCH9613,Tella Group,5912,Pharmacy,Partnership,Hyderabad,Telangana,2024-07-29 00:00:00,IJFC0895713811161,ACTIVE,,SINGLETON,1.0,1,No duplicates
MCH9617,Ranganathan-Ha1Der,5411,Grocery,Private Limited,Chennai,Tamil Nadu,2024-08-12 00:00:00,6857352456,ACTIVE,904.23,SINGLETON,1.0,1,No duplicates
MCH9620,Chad Plc,,Department Store,Individual,Ludhiana,Punjab,2025-04-16 00:00:00,HEOY8360949899311,ACTIVE,786.55,CONFLICTING_MERCHANT_RECORD,0.55,2,"Conflicting Names: ['Chad Plc', 'Prakash Group']; Conflicting Categories: ['Retail', 'Kirana']"
MCH9623,Subramanian Llc,5912,Pharmacy,Individual,Hyd,Telangana,2025-06-07 00:00:00,XXXX2659,ACTIVE,1226.76,CONFLICTING_MERCHANT_RECORD,0.55,2,"Conflicting Names: ['Mangat Plc', 'Subramanian Llc']; Conflicting Categories: ['Telecom', 'Medical']; Conflicting Cities: ['Lko', 'Hyd']"
MCH9624,Brar-Chad,5311,Department Store,Individual,Amritsar,Punjab,2025-02-04 00:00:00,XXXX6058,SUSPENDED,2595.66,SINGLETON,1.0,1,No duplicates
MCH9625,Tripathi Plc,4814,Telecom,Private_Limited,Amritsar,Punjab,2024-09-11 21:48:18,,ACTIVE,,SINGLETON,1.0,1,No duplicates
MCH9626,Gu1Ati-Chhabra,4814,Telecom,Partnership,Lucknow,Uttar Pradesh,2025-02-21 13:12:50,,ACTIVE,880.0,SINGLETON,1.0,1,No duplicates
MCH9627,Randhawa Gr0Up,7011,Hotel & Lodging,Private_Limited,Madras,Tamil Nadu,2023-08-31 05:51:15,,ACTIVE,714.24,SINGLETON,1.0,1,No duplicates
MCH9632,Kade-Shere,5311,Department Store,Sole Proprietor,New Delhi,Delhi,2025-11-28 00:00:00,,ACTIVE,895.55,SINGLETON,1.0,1,No duplicates
MCH9635,Konda-Verma,5942,Books & Stationery,Individual,Chennai,Tamil Nadu,2023-09-10 00:00:00,BAID6365865587003,ACTIVE,4885.39,CONFLICTING_MERCHANT_RECORD,0.55,2,"Conflicting Names: ['Konda-Verma', 'Parekh-Mammen']; Conflicting Categories: ['Book Store', 'Grocery']; Conflicting Cities: ['Chennai', 'Poona']"
MCH9636,Kibe-Magar,5699,Apparel,Individual,Bengaluru,Karnataka,2023-08-21 09:35:55,SSYN5165458216497,ACTIVE,1341.04,SINGLETON,1.0,1,No duplicates
MCH9637,Handa-Basu,5699,Apparel,Partnership,Poona,Maharashtra,2025-09-17 00:00:00,,ACTIVE,515.71,SINGLETON,1.0,1,No duplicates
MCH9638,"Dara, Badami And Sen",5699,Apparel,Sole-Proprietor,Lko,Uttar Pradesh,2026-01-22 00:00:00,,ACTIVE,3649.35,SINGLETON,1.0,1,No duplicates
MCH9640,"Jain, Sant And Oak",5699,Apparel,Individual,Bengaluru,Karnataka,,4751326262,ACTIVE,714.89,CONFLICTING_MERCHANT_RECORD,0.55,3,"Conflicting Names: ['Basu Group', 'Jain, Sant And Oak', 'Aurora And Sons']; Conflicting Categories: ['Department Store', 'Cloths', 'Travel']; Conflicting Cities: ['Bengaluru', 'Lucknow']"
MCH9641,Andra Ltd,5912,Pharmacy,Private_Limited,Kolkata,West Bengal,2025-10-15 02:13:04,2325222758,ACTIVE,3323.59,SINGLETON,1.0,1,No duplicates
MCH9642,Sarin Group,4814,Telecom,Individual,Mumbai,Maharashtra,2025-10-09 00:00:00,LEVP3171266345624,ACTIVE,11510.93,SINGLETON,1.0,1,No duplicates
MCH9647,"Bhat, Tank And Aurora",7011,Hotel & Lodging,Individual,Kolkata,West Bengal,2024-08-18 00:00:00,8968048918,ACTIVE,5590.39,SINGLETON,1.0,1,No duplicates
MCH9649,Sachdeva-Dey,7011,Hotel & Lodging,Sole_Proprietor,Asr,Punjab,2025-12-06 07:10:00,XRSK3388415827357,ACTIVE,493.43,SINGLETON,1.0,1,No duplicates
MCH9651,Thakkar-Dass,5311,Department Store,Private_Limited,Jalandhar,Punjab,2023-03-28 04:13:28,,ACTIVE,2535.0,SINGLETON,1.0,1,No duplicates
MCH9654,Saini-Bath,5942,Books & Stationery,Private-Limited,Ludhiana,Punjab,2024-10-11 00:00:00,XXXX5605,ACTIVE,2570.91,SINGLETON,1.0,1,No duplicates
MCH9659,Gokhale-Bassi,4814,Telecom,Sole_Proprietor,Mumbai,Maharashtra,2023-09-11 00:00:00,AEKL3434312955275,ACTIVE,269.4,SINGLETON,1.0,1,No duplicates
MCH9661,Ramanathan Group,7011,Hotel & Lodging,Individual,Mumbay,Maharashtra,2023-11-10 08:09:50,,ACTIVE,735.62,SINGLETON,1.0,1,No duplicates
MCH9662,Basu-Korpal,4814,Telecom,Private_Limited,Poona,Maharashtra,2023-09-13 15:28:38,WZTV1265477628451,ACTIVE,1152.0,SINGLETON,1.0,1,No duplicates
MCH9665,Baria And Sons,5699,Apparel,Sole-Proprietor,Chennai,Tamil Nadu,2023-08-09 00:00:00,VFLG7914496362461,SUSPENDED,4561.8,SINGLETON,1.0,1,No duplicates
MCH9672,Contractor-Sinha,5311,Department Store,Individual,Kolkata,West Bengal,2024-11-26 00:00:00,8867559277,ACTIVE,1371.8,SINGLETON,1.0,1,No duplicates
MCH9675,Mand-Varkey,5912,Pharmacy,Individual,Jalandhar,Punjab,2025-11-05 00:00:00,,INACTIVE,843.13,SINGLETON,1.0,1,No duplicates
MCH9679,Raman Ltd,,Hotel & Lodging,Sole-Proprietor,Delhi,Delhi,2024-07-09 00:00:00,PIVF1729636161305,INACTIVE,310.73,SINGLETON,1.0,1,No duplicates
MCH9681,Bawa Plc,5699,Apparel,Private-Limited,Pune,Maharashtra,2024-01-09 03:45:47,,ACTIVE,1913.04,SINGLETON,1.0,1,No duplicates
MCH9683,Pillai Inc,5411,Grocery,Partnership,Bengaluru,Karnataka,2024-11-28 00:00:00,,SUSPENDED,1862.68,SINGLETON,1.0,1,No duplicates
MCH9684,Bhasin Inc,5912,Pharmacy,Private_Limited,Delhi,Delhi,2025-01-20 00:00:00,XXXX1695,INACTIVE,2227.2,SINGLETON,1.0,1,No duplicates
MCH9688,Choudhry Llc,5942,Books & Stationery,Sole Proprietor,Bengaluru,Karnataka,2023-10-18 00:00:00,,ACTIVE,825.43,SINGLETON,1.0,1,No duplicates
MCH9690,Bai1-Sarin,7011,Hotel & Lodging,Partnership,Amritsar,Punjab,2025-04-11 17:06:00,XXXX0228,ACTIVE,3320.22,SINGLETON,1.0,1,No duplicates
MCH9692,Pandey-Behl,5812,Restaurant,Private-Limited,Hyderabad,Telangana,2024-08-31 00:00:00,XXXX3446,ACTIVE,522.57,CONFLICTING_MERCHANT_RECORD,0.55,2,"Conflicting Names: ['Parekh-Kurian', 'Pandey-Behl']; Conflicting Categories: ['Garments', 'Restaurants']; Conflicting Cities: ['Jaipur', 'Hyderabad']"
MCH9693,"Babu, Murty And Rao",5942,Books & Stationery,Sole_Proprietor,Pune,Maharashtra,2023-07-25 19:48:00,SBLA0467817458024,ACTIVE,1260.07,SINGLETON,1.0,1,No duplicates
MCH9696,D’Alia-Bhardwaj,5999,Miscellaneous Retail,Private Limited,Lucknow,Uttar Pradesh,2024-02-17 21:42:16,XXXX0392,ACTIVE,3568.12,SINGLETON,1.0,1,No duplicates
MCH9697,Walla Ltd,,Telecom,Individual,Bangalore,Karnataka,2025-07-21 00:00:00,,ACTIVE,1081.86,FORMATTING_DUPLICATE,0.85,2,2 records with formatting variations consolidated
MCH9702,Ranganathan-Madan,7011,Hotel & Lodging,Individual,Hyderabad,Telangana,2025-04-10 00:00:00,RTHS3346421176187,ACTIVE,1980.13,SINGLETON,1.0,1,No duplicates
MCH9704,"Maharaj, Sangha And Suresh",5411,Grocery,Private_Limited,Poona,Maharashtra,2023-01-01 16:43:00,FJDE3725342913526,ACTIVE,1435.77,CONFLICTING_MERCHANT_RECORD,0.55,2,"Conflicting Names: ['Maharaj, Sangha And Suresh', 'Wason, Upadhyay And Palla']; Conflicting Categories: ['Kirana', 'Retail']; Conflicting Cities: ['Poona', 'Mumbai']"
MCH9706,"Mohan, Sahni And Doctor",5699,Apparel,Partnership,Lucknow,Uttar Pradesh,2023-10-26 00:00:00,,ACTIVE,,SINGLETON,1.0,1,No duplicates
MCH9710,"Mohanty, Lanka And Kamdar",5311,Department Store,Individual,Bombay,Maharashtra,2024-11-13 00:00:00,EZNF2282969074066,INACTIVE,1462.25,CONFLICTING_MERCHANT_RECORD,0.55,2,"Conflicting Names: ['Trivedi Plc', 'Mohanty, Lanka And Kamdar']; Conflicting Categories: ['Kirana', 'Dept_Store']; Conflicting Cities: ['Ludhiana', 'Bombay']"
MCH9713,"Toor, Nayak And Varma",5699,Apparel,Individual,Jalandhar,Punjab,,,ACTIVE,297.05,SINGLETON,1.0,1,No duplicates
MCH9714,Issac-Pall,5912,Pharmacy,Private Limited,Madras,Tamil Nadu,2024-07-06 12:33:24,,INACTIVE,925.43,SINGLETON,1.0,1,No duplicates
MCH9715,Desai Plc,7011,Hotel & Lodging,Partnership,Kolkata,West Bengal,2023-01-10 00:00:00,5413889015,INACTIVE,547.82,SINGLETON,1.0,1,No duplicates
MCH9716,"Kadakia, Mishra And Ba1I",5812,Restaurant,Private_Limited,Lucknow,Uttar Pradesh,2023-09-09 13:40:00,4695594803,ACTIVE,1762.09,SINGLETON,1.0,1,No duplicates
MCH9718,Mammen And Sons,5411,Grocery,Sole_Proprietor,Jalandar,Punjab,2023-06-20 00:00:00,3331553891,ACTIVE,678.94,CONFLICTING_MERCHANT_RECORD,0.55,4,"Conflicting Names: ['Mammen And Sons', 'Trivedi, Yohannan And Garde', 'Raval And Sons', 'Bumb Plc']; Conflicting Categories: ['Kirana', 'Grocery', 'Eating Place', 'Cloths']; Conflicting Cities: ['Jalandar', 'Pune', 'Bengaluru', 'Jalandhar']"
MCH9720,Hayre Ltd,5942,Books & Stationery,Sole_Proprietor,Poona,Maharashtra,2024-04-24 00:00:00,,ACTIVE,507.94,SINGLETON,1.0,1,No duplicates
MCH9722,"Krishna, Saxena And Aurora",4814,Telecom,Individual,Lucknow,Uttar Pradesh,,XXXX5150,ACTIVE,,SINGLETON,1.0,1,No duplicates
MCH9725,Shan Llc,5699,Apparel,Individual,Lucknow,Uttar Pradesh,2024-12-20 00:00:00,4923079593,ACTIVE,2250.85,SINGLETON,1.0,1,No duplicates
MCH9728,"Dass, Sengupta And Halder",5411,Grocery,Sole Proprietor,Chennai,Tamil Nadu,2024-10-29 12:12:00,,ACTIVE,6287.55,SINGLETON,1.0,1,No duplicates
MCH9729,Prabhakar Ltd,5812,Restaurant,Individual,Bengaluru,Karnataka,2025-12-28 11:50:57,,ACTIVE,1127.0,SINGLETON,1.0,1,No duplicates
MCH9731,Chaudhry-Pillay,5311,Department Store,Individual,Jaipur,Rajasthan,2025-09-19 16:43:34,4390962437,ACTIVE,516.39,SINGLETON,1.0,1,No duplicates
MCH9732,Pal-Kaur,5699,Apparel,Individual,Jalandar,Punjab,2023-06-25 00:00:00,2545195064,ACTIVE,1508.45,CONFLICTING_MERCHANT_RECORD,0.55,2,"Conflicting Names: ['Pal-Kaur', 'Srinivasan,Edwinandrattan']; Conflicting Categories: ['Clothing', 'Travel']; Conflicting Cities: ['Jalandar', 'Amritsar']"
MCH9733,Sathe-Hari,4131,Transportation,Partnership,Bengaluru,Karnataka,2025-09-24 05:50:29,,ACTIVE,1033.79,SINGLETON,1.0,1,No duplicates
MCH9736,Sant Plc,7011,Hotel & Lodging,Sole_Proprietor,Lko,Uttar Pradesh,2024-12-07 00:00:00,4147851928,ACTIVE,1081.26,SINGLETON,1.0,1,No duplicates
MCH9738,Barman-Rastogi,5411,Grocery,Partnership,Madras,Tamil Nadu,2024-11-19 00:00:00,XXXX3047,ACTIVE,2419.77,SINGLETON,1.0,1,No duplicates
MCH9739,"Gupta, Bhatia And Dhillon",4131,Transportation,Private-Limited,Jaipur,Rajasthan,2025-03-20 00:00:00,,ACTIVE,374.45,SINGLETON,1.0,1,No duplicates
MCH9740,Jain And Sons,5812,Restaurant,Individual,Jpr,Rajasthan,2025-01-31 05:45:13,BHGC5407337420204,ACTIVE,1510.42,SINGLETON,1.0,1,No duplicates
MCH9743,Sahota-Krish,5942,Books & Stationery,Private_Limited,Ldh,Punjab,2023-05-22 00:00:00,,ACTIVE,873.78,SINGLETON,1.0,1,No duplicates
MCH9744,Walia Inc,5942,Books & Stationery,Sole Proprietor,Blr,Karnataka,2024-06-24 00:00:00,XXXX8765,ACTIVE,574.28,FORMATTING_DUPLICATE,0.85,2,2 records with formatting variations consolidated
MCH9745,"Datta, Kibe And Barad",,Pharmacy,Sole_Proprietor,Ludhiana,Punjab,2023-03-05 00:00:00,UQJV3362810389691,INACTIVE,1003.0,CONFLICTING_MERCHANT_RECORD,0.55,3,"Conflicting Names: ['Datta, Kibe And Barad', 'Chaudhuri Plc', 'Ramanathan-Kara']; Conflicting Categories: ['Pharmacy', 'Cloths', 'Travel']; Conflicting Cities: ['Ludhiana', 'Pune', 'Madras']"
MCH9749,"Vasa, Jha And Babu",7011,Hotel & Lodging,Sole Proprietor,Chennai,Tamil Nadu,2025-04-08 00:00:00,KYLU7872860441516,ACTIVE,276.87,CONFLICTING_MERCHANT_RECORD,0.55,2,"Conflicting Names: ['Vasa, Jha And Babu', 'Virk Ltd']; Conflicting Categories: ['Hospitality', 'Transport']; Conflicting Cities: ['Chennai', 'Pune']"
MCH9751,Memon-Sinha,5812,Restaurant,Sole Proprietor,Ludhiana,Punjab,2023-07-16 00:00:00,4462778035,ACTIVE,2265.65,SINGLETON,1.0,1,No duplicates
MCH9753,Chowdhury And Sons,4814,Telecom,Individual,Bombay,Maharashtra,2023-07-06 13:36:00,XRQC4173107226583,ACTIVE,559.33,SINGLETON,1.0,1,No duplicates
MCH9754,Khanna Group,5411,Grocery,Partnership,Ludhiana,Punjab,2023-11-20 00:00:00,EDBE0893143652084,ACTIVE,3682.51,SINGLETON,1.0,1,No duplicates
MCH9755,Anand Inc,5311,Department Store,Private-Limited,Lucknow,Uttar Pradesh,2024-10-09 16:48:00,EWFI4945547358021,ACTIVE,2048.19,CONFLICTING_MERCHANT_RECORD,0.55,2,"Conflicting Names: ['Mane, Dey And Nagy', 'Anand Inc']; Conflicting Categories: ['Hospitality', 'Department Store']"
MCH9756,"Dugal, Virk And Dhaliwal",4131,Transportation,Partnership,Jalandhar,Punjab,2023-01-01 08:25:47,SZBM8211536669889,ACTIVE,494.0,SINGLETON,1.0,1,No duplicates
MCH9757,Venkataraman-Vig,5311,Department Store,Sole_Proprietor,Asr,Punjab,2025-03-26 02:02:24,,ACTIVE,1622.73,SINGLETON,1.0,1,No duplicates
MCH9762,Kara Llc,5999,Miscellaneous Retail,Individual,Dilli,Delhi,,9982880458,ACTIVE,413.17,SINGLETON,1.0,1,No duplicates
MCH9763,Bhatnagar-Ramesh,5699,Apparel,Individual,Bengaluru,Karnataka,2023-03-24 10:13:00,FAWR8699456284349,ACTIVE,2954.71,SINGLETON,1.0,1,No duplicates
MCH9764,More-Bhavsar,5912,Pharmacy,Sole_Proprietor,Pune,Maharashtra,2024-09-06 22:28:13,XXXX9274,ACTIVE,3514.68,CONFLICTING_MERCHANT_RECORD,0.55,2,"Conflicting Names: ['More-Bhavsar', 'Chaudhry, Samra And Garde']; Conflicting Categories: ['Chemist', 'Telecom']; Conflicting Cities: ['Pune', 'Jalandar']"
MCH9769,"Kota, Dara And Sarin",,Transportation,Partnership,Ludhiana,Punjab,2025-05-22 00:00:00,XXXX8418,ACTIVE,2120.25,CONFLICTING_MERCHANT_RECORD,0.55,3,"Conflicting Names: ['Kota, Dara And Sarin', 'Yogi-Dixit', 'Setty-Mistry']; Conflicting Categories: ['Travel', 'Grocery Stores', 'Retail']; Conflicting Cities: ['Ludhiana', 'Amritsar', 'Mumbay']"
MCH9770,Jha-Andra,,Transportation,Sole Proprietor,Chennai,Tamil Nadu,2026-01-22 00:00:00,BRJH7377264204006,SUSPENDED,1847.23,SINGLETON,1.0,1,No duplicates
MCH9772,Vyas-Ganguly,5942,Books & Stationery,Partnership,Jalandhar,Punjab,2023-12-25 00:00:00,1012219749,ACTIVE,1198.91,CONFLICTING_MERCHANT_RECORD,0.55,3,"Conflicting Names: ['Sachdeva Llc', 'Vyas-Ganguly', 'Memon, Virk And Mital']; Conflicting Categories: ['Grocery Stores', 'Books', 'Food']; Conflicting Cities: ['Kolkata', 'Jalandhar', 'Amritsar']"
MCH9774,Trivedi Group,5912,Pharmacy,Partnership,Jpr,Rajasthan,2024-08-03 00:00:00,5443660478,ACTIVE,1811.0,SINGLETON,1.0,1,No duplicates
MCH9778,"Chandra, Subramanian And Borde",5942,Books & Stationery,Private_Limited,Bengaluru,Karnataka,2025-05-20 15:00:27,2832098556,ACTIVE,2313.1,SINGLETON,1.0,1,No duplicates
MCH9779,De0-Agate,4814,Telecom,Individual,Calcutta,West Bengal,2024-03-24 00:00:00,,ACTIVE,2425.1,SINGLETON,1.0,1,No duplicates
MCH9780,"Kibe, Setty And Kaul",5942,Books & Stationery,Private-Limited,Mumbai,Maharashtra,2024-07-14 00:00:00,EUVJ9352599503304,ACTIVE,3251.18,SINGLETON,1.0,1,No duplicates
MCH9782,Bhardwaj-Varghese,4131,Transportation,Individual,Ludhiana,Punjab,2023-02-18 14:33:29,GXDH5697468169226,ACTIVE,1522.0,CONFLICTING_MERCHANT_RECORD,0.55,2,"Conflicting Names: ['Prashad, Sura And Mutti', 'Bhardwaj-Varghese']; Conflicting Categories: ['Department Store', 'Travel']; Conflicting Cities: ['Amritsar', 'Ludhiana']"
MCH9784,Lal Ltd,5812,Restaurant,Partnership,Madras,Tamil Nadu,2024-12-28 05:21:00,XXXX3001,ACTIVE,1442.84,SINGLETON,1.0,1,No duplicates
MCH9785,Nagarajan Plc,5699,Apparel,Individual,Mumbai,Maharashtra,2025-08-06 00:00:00,,ACTIVE,2709.78,CONFLICTING_MERCHANT_RECORD,0.55,3,"Conflicting Names: ['Nagarajan Plc', 'Bains-Bhavsar']; Conflicting Categories: ['Cloths', 'Retail Other']; Conflicting Cities: ['Mumbai', 'Bombay']"
MCH9786,"Pai, Thakkar And Krish",5311,Department Store,Private-Limited,Hyderabad,Telangana,,,ACTIVE,1876.06,SINGLETON,1.0,1,No duplicates
MCH9787,Nigam Llc,7011,Hotel & Lodging,Private_Limited,Jaipur,Rajasthan,2023-06-18 00:00:00,,ACTIVE,717.19,FORMATTING_DUPLICATE,0.85,2,2 records with formatting variations consolidated
MCH9790,Ganesh-La1,5999,Miscellaneous Retail,Sole_Proprietor,New Delhi,Delhi,2024-03-11 00:00:00,XCKU8726264646953,ACTIVE,914.14,CONFLICTING_MERCHANT_RECORD,0.55,3,"Conflicting Names: ['Ganesh-La1', 'Yohannan-Narang', 'Kumar-Dua']; Conflicting Categories: ['Other', 'Hotels', 'Mobile Recharge']; Conflicting Cities: ['New Delhi', 'Lucknow', 'Calcutta']"
MCH9793,Brar Ltd,,Apparel,Private-Limited,Bangalore,Karnataka,,4222281666,ACTIVE,198.68,SINGLETON,1.0,1,No duplicates
MCH9797,"Basu, Kota And Hora",7011,Hotel & Lodging,Individual,Jaipur,Rajasthan,,,ACTIVE,3455.43,SINGLETON,1.0,1,No duplicates
MCH9798,Mann-Gera,4131,Transportation,Individual,Jalandhar,Punjab,2025-07-15 05:53:00,AQRW3805344799887,ACTIVE,952.0,SINGLETON,1.0,1,No duplicates
MCH9800,Dasgupta-Sathe,7011,Hotel & Lodging,Partnership,Ludhiana,Punjab,2024-06-13 13:22:14,4290574632,ACTIVE,,CONFLICTING_MERCHANT_RECORD,0.55,2,"Conflicting Names: ['Dasgupta-Sathe', 'Om, Rana And Bhatti']; Conflicting Categories: ['Hotel', 'Dept_Store']; Conflicting Cities: ['Ludhiana', 'Hyderabad']"
MCH9801,"Manda, Bansal And Devan",5812,Restaurant,Partnership,Pune,Maharashtra,2025-09-12 00:49:00,XXXX9062,SUSPENDED,1106.68,SINGLETON,1.0,1,No duplicates
MCH9802,Contractor-Keer,5699,Apparel,Individual,Dilli,Delhi,2024-04-08 00:00:00,6197117381,ACTIVE,1430.48,CONFLICTING_MERCHANT_RECORD,0.55,2,"Conflicting Names: ['Kashyap Llc', 'Contractor-Keer']; Conflicting Categories: ['Telecom', 'Garments']; Conflicting Cities: ['Asr', 'Dilli']"
MCH9803,Rastogi Ltd,,Books & Stationery,Partnership,Jaipur,Rajasthan,2025-01-29 05:08:38,,ACTIVE,3135.89,SINGLETON,1.0,1,No duplicates
MCH9804,Bhasin-Peri,5311,Department Store,Sole_Proprietor,Chennai,Tamil Nadu,2023-12-21 00:24:00,,SUSPENDED,962.52,SINGLETON,1.0,1,No duplicates
MCH9805,Sha-Mitter,5311,Department Store,Partnership,Jalandar,Punjab,,6239132906,ACTIVE,1993.26,SINGLETON,1.0,1,No duplicates
MCH9806,Hari-Kant,5411,Grocery,Individual,Amritsar,Punjab,2023-12-26 00:00:00,JKYA8958406507555,ACTIVE,1398.42,SINGLETON,1.0,1,No duplicates
MCH9807,Pillay-Sule,5912,Pharmacy,Partnership,Ldh,Punjab,2024-09-17 00:00:00,,ACTIVE,3555.86,SINGLETON,1.0,1,No duplicates
MCH9811,"Dyal, Ranganathan And Sinha",5812,Restaurant,Private_Limited,New Delhi,Delhi,2025-11-04 00:00:00,RQQY2365576077878,ACTIVE,972.81,CONFLICTING_MERCHANT_RECORD,0.55,2,"Conflicting Names: ['Dyal, Ranganathan And Sinha', 'Natarajan-Goswami']; Conflicting Categories: ['Food', 'Clothing']; Conflicting Cities: ['New Delhi', 'Mumbay']"
MCH9813,"Padmanabhan,Brahmbhattandtrivedi",5411,Grocery,Private Limited,Ludhiana,Punjab,2025-01-27 10:19:00,XXXX5772,ACTIVE,2491.37,CONFLICTING_MERCHANT_RECORD,0.55,3,"Conflicting Names: ['Modi Group', 'Padmanabhan,Brahmbhattandtrivedi', 'Menon Group']; Conflicting Categories: ['Chemist', 'Grocery Stores', 'Retail Other']; Conflicting Cities: ['Kolkata', 'Ludhiana', 'Delhi']"
MCH9814,Sekhon-Luthra,5411,Grocery,Individual,Hyderabad,Telangana,2023-06-12 00:00:00,,ACTIVE,2338.35,SINGLETON,1.0,1,No duplicates
MCH9815,"Narasimhan, Vasa And Goswami",5942,Books & Stationery,Individual,Delhi,Delhi,2025-11-10 04:53:00,MZNM1643262942719,ACTIVE,528.91,FORMATTING_DUPLICATE,0.85,2,2 records with formatting variations consolidated
MCH9820,"Rai, Saha And Lalla",7011,Hotel & Lodging,Individual,Asr,Punjab,2024-10-13 00:00:00,,ACTIVE,3129.0,SINGLETON,1.0,1,No duplicates
MCH9821,Natt-Kibe,5699,Apparel,Private-Limited,Madras,Tamil Nadu,2025-05-03 00:00:00,XXXX1748,ACTIVE,4072.48,SINGLETON,1.0,1,No duplicates
MCH9822,Thaman-Parsa,5311,Department Store,Private_Limited,Bengaluru,Karnataka,,0500860031,ACTIVE,534.71,SINGLETON,1.0,1,No duplicates
MCH9823,Kunda-Parekh,5812,Restaurant,Individual,Bombay,Maharashtra,2023-04-10 00:00:00,YIKU2339191619475,ACTIVE,1308.28,SINGLETON,1.0,1,No duplicates
MCH9824,Memon-Mistry,4814,Telecom,Partnership,Ludhiana,Punjab,2024-08-16 02:30:46,,SUSPENDED,837.47,SINGLETON,1.0,1,No duplicates
MCH9826,Rana And Sons,,Grocery,Private Limited,Bengaluru,Karnataka,2023-07-07 16:29:00,ZBMZ7199667891551,ACTIVE,739.28,SINGLETON,1.0,1,No duplicates
MCH9827,Chaudry And Sons,5311,Department Store,Private-Limited,Bangalore,Karnataka,2025-04-02 00:00:00,WKDN2531235762305,ACTIVE,1686.75,SINGLETON,1.0,1,No duplicates
MCH9831,Deep-Kanda,4814,Telecom,Sole-Proprietor,Pune,Maharashtra,2025-07-29 00:00:00,XXXX7811,ACTIVE,796.02,CONFLICTING_MERCHANT_RECORD,0.55,3,"Conflicting Names: ['Nayar, Sridhar And Shankar', 'Deep-Kanda', 'Kala-Wason']; Conflicting Categories: ['Grocery', 'Phone Service', 'Stationery']; Conflicting Cities: ['Bengaluru', 'Pune', 'Chennai']"
MCH9834,Handa-Chaudhari,5411,Grocery,Private_Limited,Lucknow,Uttar Pradesh,2025-04-27 00:00:00,XXXX0961,ACTIVE,3989.9,CONFLICTING_MERCHANT_RECORD,0.55,3,"Conflicting Names: ['Gill, Varghese And Ganesh', 'Handa-Chaudhari', 'Pau Ltd']; Conflicting Categories: ['Medical_Store', 'Grocery Stores', 'Retail Other']; Conflicting Cities: ['Kolkata', 'Lucknow', 'Jalandar']"
MCH9835,Mahajan-Pingle,7011,Hotel & Lodging,Private_Limited,Jaipur,Rajasthan,2025-09-22 00:00:00,,ACTIVE,2477.71,CONFLICTING_MERCHANT_RECORD,0.55,2,"Conflicting Names: ['Mahajan-Pingle', 'Manda Inc']; Conflicting Categories: ['Hotel_Lodging', 'Pharmacy']; Conflicting Cities: ['Jaipur', 'Calcutta']"
MCH9836,"Nori, Malhotra And Deep",7011,Hotel & Lodging,Sole Proprietor,Chennai,Tamil Nadu,,XXXX5684,ACTIVE,3007.0,SINGLETON,1.0,1,No duplicates
MCH9837,Raval-Aurora,5812,Restaurant,Sole_Proprietor,Calcutta,West Bengal,2023-04-26 00:00:00,,ACTIVE,2990.0,SINGLETON,1.0,1,No duplicates
MCH9839,Natarajan-Keer,5812,Restaurant,Individual,Delhi,Delhi,2025-03-03 12:00:05,XXXX6434,ACTIVE,2189.15,SINGLETON,1.0,1,No duplicates
MCH9840,"Gara, Bedi And Dua",5942,Books & Stationery,Private_Limited,Amritsar,Punjab,2025-09-12 00:00:00,4627903528,ACTIVE,369.0,SINGLETON,1.0,1,No duplicates
MCH9843,"Banerjee, Singh And Anne",5942,Books & Stationery,Individual,Chennai,Tamil Nadu,2025-04-07 00:00:00,,ACTIVE,8077.21,SINGLETON,1.0,1,No duplicates
MCH9844,Menon And Sons,4131,Transportation,Sole Proprietor,Bombay,Maharashtra,2024-04-14 00:00:00,,ACTIVE,1083.0,SINGLETON,1.0,1,No duplicates
MCH9845,Misra-Varghese,5912,Pharmacy,Sole_Proprietor,Ludhiana,Punjab,2025-12-30 00:00:00,,ACTIVE,186.59,SINGLETON,1.0,1,No duplicates
MCH9846,Mukherjee Ltd,5812,Restaurant,Sole-Proprietor,Chennai,Tamil Nadu,2024-09-15 00:00:00,XXXX2201,ACTIVE,1799.62,CONFLICTING_MERCHANT_RECORD,0.55,2,"Conflicting Names: ['Mukherjee Ltd', 'Nadig, Saran And Prabhakar']; Conflicting Categories: ['Restaurant', 'Kirana']; Conflicting Cities: ['Chennai', 'Amritsar']"
MCH9847,Dube And Sons,4814,Telecom,Partnership,Delhi,Delhi,2023-06-06 03:41:54,6626610678,ACTIVE,918.47,CONFLICTING_MERCHANT_RECORD,0.55,2,"Conflicting Names: ['Krish, Rau And Parsa', 'Dube And Sons']; Conflicting Categories: ['Retail Other', 'Telecom']; Conflicting Cities: ['Kolkata', 'Delhi']"
MCH9848,B0Rde Inc,,Department Store,Private Limited,Hyderabad,Telangana,2024-02-03 00:00:00,0308046800,ACTIVE,1173.29,SINGLETON,1.0,1,No duplicates
MCH9849,Jayaraman Inc,5942,Books & Stationery,Individual,Kolkata,West Bengal,2026-02-11 02:12:30,8602198402,ACTIVE,1659.94,SINGLETON,1.0,1,No duplicates
MCH9853,Dhar-Raval,5912,Pharmacy,Sole Proprietor,Kolkata,West Bengal,,,ACTIVE,795.17,SINGLETON,1.0,1,No duplicates
MCH9855,Samra-Manda,4814,Telecom,Private_Limited,Chennai,Tamil Nadu,2025-02-01 00:00:00,PEIX9794404707965,ACTIVE,1167.22,SINGLETON,1.0,1,No duplicates
MCH9856,"Gala, Nadig And Borra",5411,Grocery,Partnership,Lucknow,Uttar Pradesh,2025-10-13 23:24:00,DZVT3507500653540,ACTIVE,1744.37,SINGLETON,1.0,1,No duplicates
MCH9857,Mitra-Bala,5311,Department Store,Partnership,Bengaluru,Karnataka,2024-01-15 00:21:39,7322976024,ACTIVE,507.74,SINGLETON,1.0,1,No duplicates
MCH9858,"Memon, Mohanty And Ghosh",4131,Transportation,Sole Proprietor,Mumbai,Maharashtra,2025-12-11 20:43:32,WBRG3053362542372,ACTIVE,911.0,CONFLICTING_MERCHANT_RECORD,0.55,4,"Conflicting Names: ['Memon, Mohanty And Ghosh', 'Kapur, Doshi And Nayak', 'Devi, Thaker And Master', 'Nayar Group']; Conflicting Categories: ['Transport', 'Restaurant', 'Hotel']; Conflicting Cities: ['Mumbai', 'Delhi', 'Amritsar', 'Poona']"
MCH9859,Mukherjee-Agate,5999,Miscellaneous Retail,Sole Proprietor,Jalandar,Punjab,,,ACTIVE,158.0,SINGLETON,1.0,1,No duplicates
MCH9861,"Mukherjee, Murthy And Jani",4131,Transportation,Private-Limited,Ludhiana,Punjab,2025-06-22 00:00:00,,ACTIVE,719.77,SINGLETON,1.0,1,No duplicates
MCH9865,Minhas Plc,5942,Books & Stationery,Private_Limited,Dilli,Delhi,2025-11-29 00:00:00,,ACTIVE,334.0,SINGLETON,1.0,1,No duplicates
MCH9866,Sane-Dar,4814,Telecom,Partnership,Lko,Uttar Pradesh,2024-04-11 00:00:00,,ACTIVE,910.27,CONFLICTING_MERCHANT_RECORD,0.55,2,"Conflicting Names: ['Sane-Dar', 'Lad,Shereandkarpe']; Conflicting Categories: ['Phone Service', 'Food_Services']"
MCH9867,Loyal And Sons,5699,Apparel,Partnership,Pune,Maharashtra,2023-05-16 14:57:33,,ACTIVE,1984.39,CONFLICTING_MERCHANT_RECORD,0.55,2,"Conflicting Names: ['Loyal And Sons', 'Tripathiltd']; Conflicting Categories: ['Apparel', 'Books_Stationery']; Conflicting Cities: ['Pune', 'Hyderabad']"
MCH9868,"Bedi, Konda And Kant",5912,Pharmacy,Individual,Jaipur,Rajasthan,2023-01-02 06:58:00,XXXX9285,ACTIVE,444.97,CONFLICTING_MERCHANT_RECORD,0.55,2,"Conflicting Names: ['Bedi, Konda And Kant', 'Narain, Dada And Panchal']; Conflicting Categories: ['Medical_Store', 'Telecom']; Conflicting Cities: ['Jaipur', 'Pune']"
MCH9877,Borra And Sons,4814,Telecom,Individual,Bengaluru,Karnataka,2023-04-12 21:37:32,YYFP6378402221168,ACTIVE,416.84,CONFLICTING_MERCHANT_RECORD,0.55,2,"Conflicting Names: ['Borra And Sons', 'Garde, Sabharwal And Prashad']; Conflicting Categories: ['Telecom', 'Stationery']; Conflicting Cities: ['Bengaluru', 'Hyd']"
MCH9879,Venkataraman-Tata,4814,Telecom,Individual,Ldh,Punjab,2024-01-04 00:00:00,5404250897,INACTIVE,2839.66,SINGLETON,1.0,1,No duplicates
MCH9881,Kalla-Tara,5411,Grocery,Private_Limited,Delhi,Delhi,2025-04-10 00:00:00,,ACTIVE,1174.86,SINGLETON,1.0,1,No duplicates
MCH9882,Joshi Plc,4814,Telecom,Sole_Proprietor,Jpr,Rajasthan,,,ACTIVE,320.23,SINGLETON,1.0,1,No duplicates
MCH9883,Modi Plc,5411,Grocery,Sole_Proprietor,Delhi,Delhi,2024-08-25 00:00:00,XXXX9460,ACTIVE,492.1,CONFLICTING_MERCHANT_RECORD,0.55,2,"Conflicting Names: ['K0Rpa1, Bera And Sachdeva', 'Modi Plc']; Conflicting Categories: ['Phone Service', 'Kirana']; Conflicting Cities: ['Blr', 'Delhi']"
MCH9884,Sidhu Group,7011,Hotel & Lodging,Partnership,Chennai,Tamil Nadu,2023-10-27 00:00:00,PILQ9149941231060,ACTIVE,1570.58,SINGLETON,1.0,1,No duplicates
MCH9888,"Contractor, Mohanty And Devi",5912,Pharmacy,Sole-Proprietor,Madras,Tamil Nadu,2025-09-23 23:00:00,XXXX3253,ACTIVE,1367.96,CONFLICTING_MERCHANT_RECORD,0.55,4,"Conflicting Names: ['Majumdar, Sama And Narayanan', 'Contractor, Mohanty And Devi', 'Lalla-Cherian']; Conflicting Categories: ['Mobile Recharge', 'Pharmacy', 'Kirana']; Conflicting Cities: ['Kolkata', 'Madras', 'Mumbai']"
MCH9896,Dave-Vasa,5311,Department Store,Partnership,Poona,Maharashtra,2023-09-30 00:00:00,XXXX8599,ACTIVE,3148.67,CONFLICTING_MERCHANT_RECORD,0.55,2,"Conflicting Names: ['Dave-Vasa', 'Wali Group']; Conflicting Categories: ['Retail', 'Telecom']; Conflicting Cities: ['Poona', 'Pune']"
MCH9897,Modi Plc,5699,Apparel,Individual,New Delhi,Delhi,2023-06-01 00:00:00,,ACTIVE,1453.4,SINGLETON,1.0,1,No duplicates
MCH9901,Oommen Ltd,7011,Hotel & Lodging,Sole Proprietor,Hyd,Telangana,2025-10-01 18:50:10,XXXX3340,INACTIVE,538.3,SINGLETON,1.0,1,No duplicates
MCH9905,Pate1-S00D,7011,Hotel & Lodging,Sole Proprietor,Jaipur,Rajasthan,2025-11-21 00:00:00,ZWIP5852637363100,ACTIVE,,SINGLETON,1.0,1,No duplicates
MCH9906,"Raj, Goda And Rastogi",5912,Pharmacy,Private Limited,Pune,Maharashtra,2025-01-31 00:00:00,2812012011,ACTIVE,543.33,CONFLICTING_MERCHANT_RECORD,0.55,2,"Conflicting Names: ['Sani-Tailor', 'Raj, Goda And Rastogi']; Conflicting Categories: ['Department Stores', 'Pharmacy']; Conflicting Cities: ['Chennai', 'Pune']"
MCH9909,Char-Mohanty,5999,Miscellaneous Retail,Partnership,Delhi,Delhi,2023-02-18 05:54:00,4229797435,ACTIVE,1739.69,CONFLICTING_MERCHANT_RECORD,0.55,2,"Conflicting Names: ['Char-Mohanty', 'Gade, Tiwari And Solanki']; Conflicting Categories: ['Retail Other', 'Cloths']; Conflicting Cities: ['Delhi', 'Pune']"
MCH9910,"Karan, Ram And Sengupta",5311,Department Store,Individual,Delhi,Delhi,2025-10-14 00:00:00,IIRT4821012999661,ACTIVE,191.17,SINGLETON,1.0,1,No duplicates
MCH9911,"Pal, Dash And Nagi",4131,Transportation,Individual,Mumbai,Maharashtra,2024-11-28 00:00:00,XXXX9114,ACTIVE,1474.73,SINGLETON,1.0,1,No duplicates
MCH9912,"Gade, Bajaj And Zachariah",7011,Hotel & Lodging,Sole Proprietor,Ldh,Punjab,2023-02-22 18:06:00,,ACTIVE,564.0,SINGLETON,1.0,1,No duplicates
MCH9913,Das Ltd,4814,Telecom,Partnership,Lucknow,Uttar Pradesh,2024-08-10 00:00:00,,ACTIVE,442.64,SINGLETON,1.0,1,No duplicates
MCH9914,Nayar Group,5311,Department Store,Individual,Amritsar,Punjab,2024-05-26 03:30:00,PBUY1561698017263,ACTIVE,5811.91,CONFLICTING_MERCHANT_RECORD,0.55,2,"Conflicting Names: ['Nayar Group', 'Parmar, Sekhon And Kakar']; Conflicting Categories: ['Dept_Store', 'Bus/Taxi']"
MCH9916,"Sur, Palla And Goyal",4814,Telecom,Private-Limited,Pune,Maharashtra,2023-09-04 08:24:31,7186592814,ACTIVE,282.0,SINGLETON,1.0,1,No duplicates
MCH9918,"Jha, Kumer And Srivastava",5699,Apparel,Sole_Proprietor,Bengaluru,Karnataka,2024-01-16 02:34:09,UOAA2292690080709,INACTIVE,902.09,CONFLICTING_MERCHANT_RECORD,0.55,2,"Conflicting Names: ['Jha, Kumer And Srivastava', 'Lanka-Oommen']; Conflicting Categories: ['Cloths', 'Grocery']; Conflicting Cities: ['Bengaluru', 'Amritsar']"
MCH9919,"Ramaswamy,Pallandbahri",5912,Pharmacy,Private_Limited,Mumbai,Maharashtra,2026-02-09 00:00:00,,ACTIVE,1346.24,SINGLETON,1.0,1,No duplicates
MCH9920,Oommen-Mitra,5411,Grocery,Private Limited,Jaipur,Rajasthan,2024-01-17 00:00:00,7684049085,ACTIVE,767.57,SINGLETON,1.0,1,No duplicates
MCH9921,"Datta, Chatterjee And Khalsa",4131,Transportation,Private-Limited,Bengaluru,Karnataka,2024-02-22 00:00:00,XXXX9256,ACTIVE,2964.42,SINGLETON,1.0,1,No duplicates
MCH9922,Chand-Jain,5411,Grocery,Partnership,Madras,Tamil Nadu,2023-09-10 00:00:00,XXXX1121,ACTIVE,1800.0,SINGLETON,1.0,1,No duplicates
MCH9927,"Lall, Bali And Varughese",5812,Restaurant,Sole-Proprietor,Lucknow,Uttar Pradesh,2025-12-09 00:00:00,IDZP0771497763313,ACTIVE,1410.0,SINGLETON,1.0,1,No duplicates
MCH9928,Krishnaninc,,Hotel & Lodging,Private-Limited,Jpr,Rajasthan,2025-05-06 06:23:57,8263891927,ACTIVE,477.53,CONFLICTING_MERCHANT_RECORD,0.55,2,"Conflicting Names: ['Krishnaninc', 'Kalita-Dave']; Conflicting Categories: ['Hospitality', 'Miscellaneous']; Conflicting Cities: ['Jpr', 'Mumbay']"
MCH9930,Kale Llc,5699,Apparel,Sole_Proprietor,Jaipur,Rajasthan,,,ACTIVE,1917.92,SINGLETON,1.0,1,No duplicates
MCH9931,Ray Ltd,5912,Pharmacy,Private Limited,Chennai,Tamil Nadu,2023-06-28 07:48:26,8013465643,ACTIVE,7044.3,CONFLICTING_MERCHANT_RECORD,0.55,2,"Conflicting Names: ['Wadhwa, Loyal And Bhat', 'Ray Ltd']; Conflicting Categories: ['Telecom', 'Medical_Store']; Conflicting Cities: ['Lko', 'Chennai']"
MCH9933,Bali-Zachariah,5411,Grocery,Sole_Proprietor,Jpr,Rajasthan,2023-06-07 00:00:00,TWPF4694358713410,ACTIVE,1549.0,SINGLETON,1.0,1,No duplicates
MCH9935,Sahni-Barad,5999,Miscellaneous Retail,Partnership,Delhi,Delhi,2023-06-12 00:00:00,,ACTIVE,1444.0,SINGLETON,1.0,1,No duplicates
MCH9937,"Sant, Dada And Biswas",4814,Telecom,Partnership,Hyd,Telangana,2023-08-09 00:00:00,,INACTIVE,663.0,SINGLETON,1.0,1,No duplicates
MCH9940,"Thakur, Chokshi And Char",5699,Apparel,Sole_Proprietor,Jalandhar,Punjab,2023-01-16 00:00:00,,ACTIVE,1656.0,CONFLICTING_MERCHANT_RECORD,0.55,2,"Conflicting Names: ['Thakur, Chokshi And Char', 'Mutti-Chakraborty']; Conflicting Categories: ['Garments', 'Restaurants']; Conflicting Cities: ['Jalandhar', 'Jaipur']"
MCH9941,Bava And Sons,5999,Miscellaneous Retail,Private_Limited,Hyd,Telangana,2024-12-02 03:24:00,8632655432,ACTIVE,2534.64,CONFLICTING_MERCHANT_RECORD,0.55,2,"Conflicting Names: ['Bava And Sons', 'Prakash, Ramakrishnan And Shukla']; Conflicting Categories: ['Other', 'Telecom']; Conflicting Cities: ['Hyd', 'Ludhiana']"
MCH9942,"Joshi,Pradhanandbawa",5311,Department Store,Partnership,Mumbai,Maharashtra,2023-08-22 00:00:00,7937476711,ACTIVE,289.38,CONFLICTING_MERCHANT_RECORD,0.55,4,"Conflicting Names: ['Joshi,Pradhanandbawa', 'Sarma, Butala And Ganguly', 'Srinivas And Sons', 'Choudhry-Shenoy']; Conflicting Categories: ['Department Stores', 'Medical_Store', 'Hotels', 'Telecom']; Conflicting Cities: ['Mumbai', 'Lko', 'Amritsar', 'Asr']"
MCH9943,Mukhopadhyay-Kale,5699,Apparel,Private_Limited,Amritsar,Punjab,2025-11-30 15:51:23,HLRA9462438432419,ACTIVE,2114.46,SINGLETON,1.0,1,No duplicates
MCH9944,"Parikh, Mutti And Saha",4131,Transportation,Partnership,Jalandhar,Punjab,2025-08-03 12:22:46,YTTI1528625741410,ACTIVE,1826.64,SINGLETON,1.0,1,No duplicates
MCH9945,"Pant, Hayre And Pathak",4814,Telecom,Private-Limited,Jalandhar,Punjab,2025-07-14 00:56:49,XXXX5088,ACTIVE,789.57,SINGLETON,1.0,1,No duplicates
MCH9946,Jain Llc,5912,Pharmacy,Partnership,Pune,Maharashtra,2024-12-10 16:23:14,WESP3308956963595,ACTIVE,1421.0,CONFLICTING_MERCHANT_RECORD,0.55,2,"Conflicting Names: ['Jain Llc', 'Koshy Group']; Conflicting Categories: ['Medical', 'Stationery']; Conflicting Cities: ['Pune', 'Hyderabad']"
MCH9947,Sarkar Ltd,5311,Department Store,Individual,Ludhiana,Punjab,2023-06-25 00:00:00,GOFP4316530582610,ACTIVE,,SINGLETON,1.0,1,No duplicates
MCH9949,Balan Llc,5411,Grocery,Private_Limited,Asr,Punjab,2024-06-27 00:00:00,XXXX7461,ACTIVE,2493.77,CONFLICTING_MERCHANT_RECORD,0.55,2,"Conflicting Names: ['Lanka Ltd', 'Balan Llc']; Conflicting Categories: ['Travel', 'Groceries']; Conflicting Cities: ['Ludhiana', 'Asr']"
MCH9951,Natt Group,5912,Pharmacy,Partnership,Madras,Tamil Nadu,2024-02-05 00:00:00,TSMH8783182679043,ACTIVE,1765.37,SINGLETON,1.0,1,No duplicates
MCH9952,Vig-Doctor,,Transportation,Private_Limited,Lucknow,Uttar Pradesh,2024-10-27 00:00:00,XXXX8487,ACTIVE,856.86,SINGLETON,1.0,1,No duplicates
MCH9954,"Dutta, J0Ha1 And Char",5699,Apparel,Sole Proprietor,Delhi,Delhi,2025-12-23 00:00:00,ERMO2255417001428,ACTIVE,3148.72,CONFLICTING_MERCHANT_RECORD,0.55,2,"Conflicting Names: ['Dutta, J0Ha1 And Char', 'Mitra Llc']; Conflicting Categories: ['Apparel', 'Medical']; Conflicting Cities: ['Delhi', 'Lucknow']"
MCH9955,Nori-Nazareth,5699,Apparel,Sole_Proprietor,Delhi,Delhi,2024-05-22 02:32:54,,SUSPENDED,673.27,CONFLICTING_MERCHANT_RECORD,0.55,2,"Conflicting Names: ['Bumb Ltd', 'Nori-Nazareth']; Conflicting Categories: ['Chemist', 'Fashion']; Conflicting Cities: ['Bangalore', 'Delhi']"
MCH9956,Khatri Inc,7011,Hotel & Lodging,Sole Proprietor,Poona,Maharashtra,2023-05-19 18:45:01,5037831406,SUSPENDED,2099.08,CONFLICTING_MERCHANT_RECORD,0.55,2,"Conflicting Names: ['Khatri Inc', 'Sanghvi, Ghose And Din']; Conflicting Categories: ['Hotel', 'Department Stores']; Conflicting Cities: ['Poona', 'Delhi']"
MCH9957,"Chatterjee, Goda And Saraf",4814,Telecom,Sole_Proprietor,Ludhiana,Punjab,2025-05-10 05:24:35,XXXX6546,ACTIVE,533.81,CONFLICTING_MERCHANT_RECORD,0.55,2,"Conflicting Names: ['Choudhury, Doctor And Das', 'Chatterjee, Goda And Saraf']; Conflicting Categories: ['Books', 'Telecom']; Conflicting Cities: ['Jalandhar', 'Ludhiana']"
MCH9963,Mahajan And S0Ns,5942,Books & Stationery,Partnership,Jpr,Rajasthan,2025-01-19 07:33:36,7503956758,ACTIVE,7342.46,SINGLETON,1.0,1,No duplicates
MCH9964,Dua Inc,4131,Transportation,Sole-Proprietor,Mumbay,Maharashtra,2023-02-06 00:00:00,,INACTIVE,794.67,SINGLETON,1.0,1,No duplicates
MCH9966,"Kara, Chanda And Hayre",4131,Transportation,Individual,Kolkata,West Bengal,2024-01-16 20:22:00,XXXX6108,ACTIVE,3566.37,CONFLICTING_MERCHANT_RECORD,0.55,2,"Conflicting Names: ['Kara, Chanda And Hayre', 'Toor Group']; Conflicting Categories: ['Transportation', 'Retail Other']"
MCH9967,Kaul Llc,5812,Restaurant,Individual,Lucknow,Uttar Pradesh,2023-12-23 00:00:00,HXGW3877013830442,ACTIVE,4200.0,SINGLETON,1.0,1,No duplicates
MCH9968,Kata-Bawa,5311,Department Store,Private Limited,Lucknow,Uttar Pradesh,2025-09-01 12:08:34,,ACTIVE,2070.31,CONFLICTING_MERCHANT_RECORD,0.55,2,"Conflicting Names: ['Swamy-Was0N', 'Kata-Bawa']; Conflicting Categories: ['Department Store', 'Department Stores']; Conflicting Cities: ['Mumbai', 'Lucknow']"
MCH9969,Tiwari And Sons,5942,Books & Stationery,Private_Limited,Ludhiana,Punjab,2023-01-15 00:00:00,3536281860,INACTIVE,1542.28,SINGLETON,1.0,1,No duplicates
MCH9972,"Bakshi, Tata And Parmer",5311,Department Store,Sole_Proprietor,Hyd,Telangana,2024-08-14 00:00:00,ATOC5117985834296,ACTIVE,1398.48,SINGLETON,1.0,1,No duplicates
MCH9973,"Parsa, Loyal And Pai",4814,Telecom,Partnership,Lko,Uttar Pradesh,2024-04-19 00:00:00,VRDN2962805644016,ACTIVE,1836.29,SINGLETON,1.0,1,No duplicates
MCH9975,Nadkarni-Sane,5999,Miscellaneous Retail,Sole-Proprietor,New Delhi,Delhi,2025-08-02 00:00:00,XXXX7415,ACTIVE,4465.19,FORMATTING_DUPLICATE,0.85,2,2 records with formatting variations consolidated
MCH9977,Mohanty-Desai,4814,Telecom,Sole_Proprietor,Mumbai,Maharashtra,2023-02-13 00:00:00,0069594001,ACTIVE,845.52,SINGLETON,1.0,1,No duplicates
MCH9979,"Bandi, Gupta And Sarma",4131,Transportation,Private_Limited,Ludhiana,Punjab,2023-04-13 00:00:00,,SUSPENDED,979.52,SINGLETON,1.0,1,No duplicates
MCH9983,Bhagat Group,5411,Grocery,Individual,Pune,Maharashtra,2025-11-27 00:00:00,XXXX2568,ACTIVE,3669.57,SINGLETON,1.0,1,No duplicates
MCH9984,"Dash, Radhakrishnan And Singh",4131,Transportation,Sole_Proprietor,Asr,Punjab,2025-11-01 00:00:00,4065235597,ACTIVE,956.87,CONFLICTING_MERCHANT_RECORD,0.55,2,"Conflicting Names: ['Dash, Radhakrishnan And Singh', 'Samra And Sons']; Conflicting Categories: ['Transport', 'Stationery']; Conflicting Cities: ['Asr', 'Ludhiana']"
MCH9986,Tak Ltd,4131,Transportation,Partnership,Delhi,Delhi,2025-01-21 00:00:00,PVFQ1310778139722,ACTIVE,1750.99,SINGLETON,1.0,1,No duplicates
MCH9988,"Johal, Padmanabhan And Sagar",,Pharmacy,Individual,Dilli,Delhi,2026-02-02 00:00:00,,ACTIVE,1620.14,SINGLETON,1.0,1,No duplicates
MCH9990,Mishra Inc,5912,Pharmacy,Private_Limited,Mumbay,Maharashtra,2023-02-18 00:00:00,XXXX3137,ACTIVE,970.05,SINGLETON,1.0,1,No duplicates
MCH9992,Rajagopalan Plc,7011,Hotel & Lodging,Sole Proprietor,Bengaluru,Karnataka,2024-02-07 00:00:00,5652803993,ACTIVE,577.93,FORMATTING_DUPLICATE,0.85,2,2 records with formatting variations consolidated
MCH9993,Chadha-Tailor,5942,Books & Stationery,Private_Limited,Ludhiana,Punjab,2026-01-05 00:00:00,,INACTIVE,2368.65,SINGLETON,1.0,1,No duplicates
MCH9994,"Barad, Lall And Shetty",5942,Books & Stationery,Partnership,Delhi,Delhi,2026-01-13 00:00:00,5940602579,ACTIVE,1588.48,SINGLETON,1.0,1,No duplicates
MCH9995,Ben-Krish,,Department Store,Sole_Proprietor,Pune,Maharashtra,2025-09-11 20:22:00,FLBG6350605755281,ACTIVE,2919.94,SINGLETON,1.0,1,No duplicates
MCH9996,Kala-Nadkarni,5699,Apparel,Private-Limited,Dilli,Delhi,2023-01-03 00:00:00,XXXX7769,ACTIVE,628.11,SINGLETON,1.0,1,No duplicates
MCH9997,"Kalita, Dass And Balay",5999,Miscellaneous Retail,Individual,Ludhiana,Punjab,2023-07-12 00:00:00,XXXX2557,ACTIVE,2233.91,FORMATTING_DUPLICATE,0.85,2,2 records with formatting variations consolidated
MCH9999,"Konda, Subramanian And Rau",5999,Miscellaneous Retail,Individual,Mumbai,Maharashtra,2024-01-16 20:59:00,,ACTIVE,510.0,SINGLETON,1.0,1,No duplicates
